# Blender 5.1.1
# www.blender.org
mtllib baseball_01_4k.mtl
o baseball_01
v 0.031276 0.020930 0.000513
v 0.027873 0.018108 0.018143
v 0.024739 0.015466 -0.023886
v 0.016063 0.024500 0.023770
v 0.020189 0.031693 0.002900
v 0.018254 0.027482 -0.018736
v 0.020787 0.022945 0.022457
v 0.024636 0.029363 0.002185
v 0.020116 0.025421 -0.020502
v 0.030820 0.020810 0.006135
v 0.029907 0.020193 0.011109
v 0.028777 0.019143 0.015365
v 0.004553 0.010665 -0.035781
v 0.008867 0.011046 -0.034877
v 0.012897 0.011671 -0.033404
v 0.017150 0.012645 -0.031065
v 0.021239 0.013898 -0.027860
v 0.025598 0.012270 -0.024737
v 0.026242 0.008774 -0.025488
v 0.026627 0.005505 -0.025983
v 0.026817 0.002556 -0.026241
v 0.027954 0.015628 0.020046
v 0.028071 0.011696 0.022224
v 0.028169 0.007255 0.023836
v 0.028229 0.003584 0.024569
v 0.027429 0.017141 -0.019354
v 0.029432 0.018708 -0.014277
v 0.030602 0.019825 -0.009572
v 0.033174 0.017318 0.000499
v 0.034914 0.012649 0.000545
v 0.036104 0.007661 0.000592
v 0.036616 0.003730 0.000614
v 0.025894 0.019952 0.020036
v 0.026866 0.018926 0.018971
v 0.027831 0.026344 0.001175
v 0.026880 0.027090 0.001488
v 0.023191 0.020209 -0.022589
v 0.023857 0.018114 -0.023094
v 0.023862 0.021231 0.021223
v 0.025001 0.020654 0.020731
v 0.029653 0.023488 0.000656
v 0.028643 0.025297 0.000905
v 0.021716 0.022718 -0.021796
v 0.022585 0.021554 -0.022295
v 0.003630 0.037286 0.003636
v 0.007064 0.036767 0.003577
v 0.010314 0.035961 0.003488
v 0.013791 0.034771 0.003347
v 0.017186 0.033290 0.003158
v 0.013234 0.025283 0.024652
v 0.010330 0.025878 0.025381
v 0.007519 0.026313 0.025907
v 0.005052 0.026572 0.026232
v 0.002563 0.026701 0.026449
v 0.014530 0.020210 0.028277
v 0.013112 0.014848 0.031950
v 0.012067 0.009124 0.034412
v 0.011600 0.004496 0.035496
v 0.019585 0.031013 0.008670
v 0.018669 0.029631 0.013998
v 0.017451 0.027443 0.019110
v 0.019004 0.028636 -0.015932
v 0.019846 0.030047 -0.011500
v 0.020291 0.031082 -0.007040
v 0.003646 0.027186 -0.025804
v 0.007080 0.027168 -0.025160
v 0.010252 0.027157 -0.024123
v 0.013506 0.027171 -0.022532
v 0.016380 0.027282 -0.020540
v 0.026088 0.027610 0.001699
v 0.025602 0.028456 0.001925
v 0.018862 0.023543 0.022857
v 0.022918 0.030161 0.002545
v 0.019163 0.026391 -0.019607
v 0.021001 0.023405 -0.021260
v 0.020691 0.024364 -0.021015
v 0.017325 0.024326 -0.024037
v 0.014036 0.023511 -0.026810
v 0.010563 0.022922 -0.028821
v 0.007264 0.022580 -0.030066
v 0.003720 0.022372 -0.030815
v 0.024314 0.028775 -0.007276
v 0.023564 0.027888 -0.011624
v 0.022170 0.026690 -0.016360
v 0.022117 0.025662 0.017835
v 0.023333 0.027599 0.012873
v 0.024160 0.028756 0.007721
v 0.016397 0.004234 0.034089
v 0.016863 0.008604 0.033003
v 0.017930 0.013986 0.030608
v 0.019333 0.018998 0.026970
v 0.022824 0.021650 0.021497
v 0.022028 0.022270 0.022005
v 0.035923 0.003808 0.007689
v 0.035410 0.007782 0.007512
v 0.034245 0.012753 0.007114
v 0.032591 0.017328 0.006582
v 0.034130 0.003800 0.014263
v 0.033688 0.007722 0.013887
v 0.032713 0.012547 0.013069
v 0.031366 0.016913 0.012004
v 0.031328 0.003705 0.020152
v 0.031054 0.007497 0.019571
v 0.030479 0.012099 0.018308
v 0.029692 0.016197 0.016678
v 0.004644 0.001626 -0.037264
v 0.004644 0.003735 -0.037112
v 0.004634 0.005731 -0.036862
v 0.004609 0.008130 -0.036415
v 0.009091 0.001706 -0.036457
v 0.009082 0.003897 -0.036292
v 0.009055 0.005974 -0.036020
v 0.008990 0.008457 -0.035542
v 0.013348 0.001827 -0.035129
v 0.013315 0.004122 -0.034949
v 0.013249 0.006357 -0.034643
v 0.013112 0.008985 -0.034116
v 0.017935 0.002012 -0.033017
v 0.017861 0.004475 -0.032815
v 0.017726 0.006983 -0.032453
v 0.017494 0.009836 -0.031845
v 0.022506 0.002233 -0.030070
v 0.022393 0.004903 -0.029836
v 0.022167 0.007774 -0.029398
v 0.021783 0.010916 -0.028701
v 0.030469 0.002888 -0.021726
v 0.030177 0.006164 -0.021463
v 0.029572 0.009889 -0.020952
v 0.028603 0.013766 -0.020195
v 0.033381 0.003192 -0.016522
v 0.032998 0.006716 -0.016289
v 0.032167 0.010933 -0.015807
v 0.030899 0.015159 -0.015085
v 0.035252 0.003418 -0.011344
v 0.034812 0.007086 -0.011173
v 0.033806 0.011694 -0.010793
v 0.032300 0.016178 -0.010221
v 0.026027 0.023154 0.016384
v 0.026911 0.024916 0.011612
v 0.027534 0.025909 0.006625
v 0.024968 0.023785 0.016756
v 0.025894 0.025602 0.011918
v 0.026557 0.026643 0.006899
v 0.019459 0.020116 -0.026287
v 0.015780 0.018991 -0.029390
v 0.011907 0.018111 -0.031607
v 0.008173 0.017584 -0.033029
v 0.004192 0.017247 -0.033870
v 0.018735 0.021363 -0.025670
v 0.015196 0.020372 -0.028666
v 0.011448 0.019604 -0.030813
v 0.007855 0.019154 -0.032183
v 0.004028 0.018873 -0.033014
v 0.021727 0.003727 0.031245
v 0.022089 0.007615 0.030344
v 0.022819 0.012415 0.028157
v 0.023836 0.016960 0.024844
v 0.020333 0.003811 0.032049
v 0.020713 0.007812 0.031117
v 0.021509 0.012792 0.028863
v 0.022636 0.017455 0.025461
v 0.027351 0.025634 -0.008443
v 0.026513 0.024628 -0.012891
v 0.024917 0.023152 -0.017797
v 0.026396 0.026514 -0.008084
v 0.025547 0.025594 -0.012495
v 0.023973 0.024215 -0.017341
v 0.029093 0.022551 -0.009012
v 0.028075 0.021452 -0.013581
v 0.026303 0.019848 -0.018586
v 0.028121 0.024485 -0.008693
v 0.027223 0.023436 -0.013180
v 0.025553 0.021889 -0.018110
v 0.025157 0.003533 0.027901
v 0.025304 0.007164 0.027066
v 0.025651 0.011622 0.025173
v 0.026167 0.015733 0.022381
v 0.023029 0.003621 0.030052
v 0.023321 0.007357 0.029157
v 0.023954 0.011997 0.027087
v 0.024844 0.016400 0.023937
v 0.020590 0.016487 -0.027079
v 0.016682 0.015184 -0.030298
v 0.012574 0.014184 -0.032642
v 0.008657 0.013550 -0.034126
v 0.004448 0.013153 -0.035038
v 0.020004 0.018651 -0.026620
v 0.016208 0.017382 -0.029804
v 0.012228 0.016416 -0.032073
v 0.008412 0.015833 -0.033529
v 0.004317 0.015464 -0.034404
v 0.027670 0.021004 0.015238
v 0.028527 0.022532 0.010868
v 0.029290 0.023283 0.006039
v 0.026842 0.022339 0.015863
v 0.027697 0.024039 0.011230
v 0.028337 0.024950 0.006318
v 0.016709 0.029372 -0.016919
v 0.013736 0.029956 -0.018299
v 0.010461 0.030434 -0.019488
v 0.007239 0.030785 -0.020275
v 0.003738 0.031020 -0.020770
v 0.017231 0.031257 -0.012196
v 0.014079 0.032340 -0.013109
v 0.010689 0.033219 -0.013909
v 0.007387 0.033832 -0.014452
v 0.003814 0.034235 -0.014794
v 0.017501 0.032542 -0.007442
v 0.014231 0.033907 -0.007960
v 0.010771 0.035024 -0.008423
v 0.007441 0.035799 -0.008749
v 0.003850 0.036306 -0.008959
v 0.009257 0.004567 0.036165
v 0.009672 0.009294 0.035111
v 0.010586 0.015166 0.032717
v 0.011830 0.020741 0.029107
v 0.007070 0.004607 0.036643
v 0.007401 0.009397 0.035623
v 0.008135 0.015381 0.033302
v 0.009166 0.021117 0.029773
v 0.005064 0.004634 0.036969
v 0.005311 0.009465 0.035974
v 0.005859 0.015531 0.033706
v 0.006640 0.021391 0.030241
v 0.003369 0.004649 0.037159
v 0.003538 0.009502 0.036181
v 0.003908 0.015617 0.033947
v 0.004433 0.021554 0.030527
v 0.001702 0.004657 0.037269
v 0.001787 0.009520 0.036302
v 0.001972 0.015663 0.034089
v 0.002236 0.021636 0.030705
v 0.016538 0.032501 0.009229
v 0.013158 0.033829 0.009695
v 0.009757 0.034856 0.010059
v 0.006633 0.035530 0.010291
v 0.003389 0.035952 0.010436
v 0.015655 0.030910 0.014769
v 0.012360 0.032009 0.015412
v 0.009103 0.032829 0.015901
v 0.006157 0.033352 0.016203
v 0.003135 0.033670 0.016388
v 0.014515 0.028507 0.019972
v 0.011390 0.029341 0.020710
v 0.008338 0.029949 0.021257
v 0.005615 0.030331 0.021586
v 0.002850 0.030547 0.021795
v 0.020682 0.018399 0.026445
v 0.019393 0.013526 0.029999
v 0.018462 0.008304 0.032395
v 0.018048 0.004078 0.033480
v 0.021550 0.017833 0.025815
v 0.020358 0.013059 0.029284
v 0.019510 0.007992 0.031621
v 0.019128 0.003915 0.032638
v 0.025193 0.027938 0.007416
v 0.024442 0.026832 0.012518
v 0.023308 0.024951 0.017432
v 0.025745 0.027155 0.007127
v 0.025051 0.026088 0.012154
v 0.024024 0.024243 0.017003
v 0.022852 0.025773 -0.016725
v 0.024327 0.027042 -0.011939
v 0.025141 0.027882 -0.007569
v 0.023206 0.024855 -0.016911
v 0.024768 0.026207 -0.012143
v 0.025606 0.027064 -0.007780
v 0.003826 0.021112 -0.031625
v 0.007469 0.021324 -0.030860
v 0.010849 0.021683 -0.029583
v 0.014422 0.022330 -0.027554
v 0.017830 0.023189 -0.024680
v 0.003894 0.019923 -0.032066
v 0.007586 0.020157 -0.031261
v 0.011040 0.020557 -0.029960
v 0.014685 0.021269 -0.027915
v 0.018135 0.022172 -0.025008
v 0.003605 0.023863 -0.029212
v 0.007050 0.024042 -0.028461
v 0.010276 0.024341 -0.027225
v 0.013675 0.024778 -0.025291
v 0.016687 0.025455 -0.022765
v 0.020868 0.027531 -0.015922
v 0.022113 0.028736 -0.011314
v 0.022763 0.029629 -0.006966
v 0.022384 0.029514 0.008085
v 0.021487 0.028271 0.013233
v 0.020211 0.026241 0.018196
v 0.017331 0.019523 0.027400
v 0.015857 0.014360 0.031075
v 0.014764 0.008830 0.033536
v 0.014279 0.004357 0.034627
v 0.031186 0.020541 -0.004929
v 0.020406 0.031647 -0.002510
v 0.024593 0.029260 -0.002991
v 0.033032 0.016876 -0.005317
v 0.034696 0.012250 -0.005640
v 0.035818 0.007397 -0.005849
v 0.036299 0.003590 -0.005937
v 0.026797 0.027001 -0.003704
v 0.027749 0.026198 -0.004115
v 0.028552 0.025092 -0.004365
v 0.029588 0.023203 -0.004566
v 0.003799 0.037338 -0.003129
v 0.007352 0.036787 -0.003050
v 0.010669 0.035943 -0.002926
v 0.014157 0.034721 -0.002763
v 0.017502 0.033230 -0.002597
v 0.025499 0.028309 -0.003235
v 0.025982 0.027488 -0.003436
v 0.022999 0.030127 -0.002635
v -0.031245 0.020970 0.000521
v -0.027869 0.018117 0.018149
v -0.024744 0.015469 -0.023890
v 0.000000 0.026745 0.026523
v -0.000000 0.027173 -0.026046
v -0.016053 0.024486 0.023753
v -0.020169 0.031671 0.002898
v -0.018253 0.027481 -0.018735
v -0.020760 0.022917 0.022461
v -0.024559 0.029272 0.002252
v -0.020119 0.025425 -0.020505
v -0.030779 0.020832 0.006141
v -0.029890 0.020209 0.011122
v -0.028765 0.019169 0.015382
v -0.004553 0.010665 -0.035780
v -0.008866 0.011045 -0.034874
v -0.012896 0.011670 -0.033402
v -0.017150 0.012645 -0.031064
v -0.021240 0.013898 -0.027861
v -0.025598 0.012271 -0.024737
v -0.026242 0.008774 -0.025488
v -0.026627 0.005505 -0.025983
v -0.026817 0.002556 -0.026241
v -0.027957 0.015630 0.020049
v -0.028071 0.011697 0.022227
v -0.028169 0.007255 0.023837
v -0.028230 0.003584 0.024571
v -0.027430 0.017152 -0.019356
v -0.029410 0.018747 -0.014268
v -0.030564 0.019864 -0.009560
v -0.033174 0.017318 0.000499
v -0.034914 0.012649 0.000545
v -0.036104 0.007661 0.000592
v -0.036616 0.003730 0.000615
v -0.025863 0.019938 0.020020
v -0.026851 0.018948 0.018982
v -0.027830 0.026343 0.001222
v -0.026864 0.027081 0.001498
v -0.023182 0.020199 -0.022577
v -0.023857 0.018114 -0.023094
v -0.023857 0.021225 0.021217
v -0.024973 0.020629 0.020709
v -0.029526 0.023648 0.000697
v -0.028607 0.025330 0.000961
v -0.021741 0.022741 -0.021820
v -0.022600 0.021563 -0.022307
v -0.000000 0.013009 -0.035365
v -0.000000 0.015335 -0.034726
v -0.003630 0.037286 0.003637
v -0.007064 0.036767 0.003577
v -0.010314 0.035961 0.003488
v -0.013791 0.034771 0.003347
v -0.017186 0.033290 0.003158
v -0.013233 0.025283 0.024651
v -0.010330 0.025877 0.025380
v -0.007519 0.026314 0.025907
v -0.005052 0.026572 0.026232
v -0.002563 0.026700 0.026448
v -0.000000 0.031101 -0.020952
v 0.000000 0.034379 -0.014920
v -0.000000 0.036489 -0.009040
v 0.000000 0.021661 0.030768
v 0.000000 0.015677 0.034139
v 0.000000 0.009525 0.036344
v -0.000000 0.004659 0.037307
v 0.000000 0.036101 0.010490
v 0.000000 0.033781 0.016451
v 0.000000 0.030621 0.021864
v -0.014519 0.020197 0.028259
v -0.013107 0.014843 0.031940
v -0.012069 0.009124 0.034416
v -0.011602 0.004497 0.035498
v -0.019575 0.030999 0.008667
v -0.018679 0.029632 0.014000
v -0.017469 0.027459 0.019119
v -0.019002 0.028634 -0.015931
v -0.019844 0.030045 -0.011500
v -0.020286 0.031076 -0.007040
v -0.003647 0.027187 -0.025805
v -0.007080 0.027169 -0.025161
v -0.010252 0.027157 -0.024123
v -0.013505 0.027171 -0.022532
v -0.016380 0.027281 -0.020540
v -0.026054 0.027529 0.001714
v -0.025595 0.028356 0.001964
v -0.018816 0.023486 0.022789
v -0.022824 0.030061 0.002555
v -0.019161 0.026388 -0.019605
v 0.000007 0.021045 -0.031901
v 0.000027 0.019849 -0.032338
v -0.021013 0.023417 -0.021271
v -0.020692 0.024366 -0.021016
v -0.017325 0.024327 -0.024038
v -0.014036 0.023511 -0.026810
v -0.010563 0.022923 -0.028823
v -0.007266 0.022586 -0.030075
v -0.003720 0.022378 -0.030823
v -0.024399 0.028754 -0.007268
v -0.023572 0.027871 -0.011618
v -0.022166 0.026684 -0.016358
v -0.022129 0.025668 0.017848
v -0.023323 0.027569 0.012854
v -0.024157 0.028742 0.007714
v -0.016441 0.004257 0.034218
v -0.016881 0.008611 0.033054
v -0.017890 0.013960 0.030554
v -0.019261 0.018942 0.026892
v -0.022822 0.021644 0.021528
v -0.022018 0.022245 0.022133
v -0.035922 0.003808 0.007689
v -0.035410 0.007782 0.007512
v -0.034245 0.012753 0.007114
v -0.032591 0.017328 0.006582
v -0.034129 0.003800 0.014263
v -0.033687 0.007722 0.013887
v -0.032713 0.012547 0.013069
v -0.031366 0.016914 0.012004
v -0.031327 0.003705 0.020152
v -0.031054 0.007497 0.019571
v -0.030479 0.012099 0.018308
v -0.029692 0.016198 0.016679
v -0.004644 0.001626 -0.037264
v -0.004644 0.003735 -0.037111
v -0.004634 0.005730 -0.036859
v -0.004609 0.008129 -0.036411
v -0.009091 0.001706 -0.036457
v -0.009082 0.003897 -0.036291
v -0.009055 0.005974 -0.036018
v -0.008989 0.008456 -0.035538
v -0.013348 0.001827 -0.035129
v -0.013315 0.004122 -0.034949
v -0.013249 0.006357 -0.034642
v -0.013112 0.008984 -0.034115
v -0.017935 0.002012 -0.033017
v -0.017861 0.004475 -0.032815
v -0.017726 0.006983 -0.032452
v -0.017494 0.009836 -0.031845
v -0.022506 0.002233 -0.030070
v -0.022393 0.004903 -0.029836
v -0.022167 0.007774 -0.029398
v -0.021783 0.010916 -0.028701
v -0.030469 0.002888 -0.021726
v -0.030177 0.006164 -0.021463
v -0.029572 0.009889 -0.020952
v -0.028604 0.013766 -0.020196
v -0.033381 0.003192 -0.016522
v -0.032998 0.006715 -0.016289
v -0.032166 0.010933 -0.015807
v -0.030899 0.015159 -0.015085
v -0.035252 0.003418 -0.011344
v -0.034812 0.007086 -0.011173
v -0.033805 0.011694 -0.010793
v -0.032300 0.016178 -0.010221
v -0.025999 0.023127 0.016364
v -0.026902 0.024906 0.011607
v -0.027530 0.025904 0.006624
v -0.024964 0.023778 0.016752
v -0.025889 0.025597 0.011915
v -0.026550 0.026638 0.006898
v -0.019431 0.020083 -0.026246
v -0.015757 0.018962 -0.029347
v -0.011894 0.018091 -0.031572
v -0.008168 0.017574 -0.033009
v -0.004192 0.017247 -0.033870
v -0.018734 0.021358 -0.025667
v -0.015190 0.020359 -0.028653
v -0.011447 0.019600 -0.030811
v -0.007862 0.019167 -0.032208
v -0.004029 0.018889 -0.033044
v -0.021750 0.003731 0.031283
v -0.022078 0.007613 0.030333
v -0.022818 0.012416 0.028156
v -0.023851 0.016971 0.024862
v -0.020348 0.003814 0.032076
v -0.020713 0.007812 0.031118
v -0.021511 0.012794 0.028866
v -0.022637 0.017457 0.025463
v -0.027342 0.025625 -0.008392
v -0.026509 0.024625 -0.012890
v -0.024929 0.023160 -0.017805
v -0.026384 0.026517 -0.008078
v -0.025539 0.025598 -0.012501
v -0.023978 0.024224 -0.017348
v -0.028932 0.022698 -0.008949
v -0.027977 0.021597 -0.013540
v -0.026286 0.019878 -0.018579
v -0.028046 0.024488 -0.008618
v -0.027182 0.023454 -0.013161
v -0.025557 0.021900 -0.018112
v -0.025174 0.003536 0.027922
v -0.025309 0.007166 0.027072
v -0.025662 0.011629 0.025185
v -0.026185 0.015743 0.022398
v -0.023071 0.003628 0.030109
v -0.023325 0.007359 0.029165
v -0.023954 0.011998 0.027087
v -0.024868 0.016417 0.023962
v -0.020584 0.016481 -0.027070
v -0.016678 0.015181 -0.030292
v -0.012572 0.014183 -0.032638
v -0.008656 0.013550 -0.034125
v -0.004450 0.013160 -0.035056
v -0.019971 0.018622 -0.026577
v -0.016191 0.017369 -0.029777
v -0.012220 0.016408 -0.032053
v -0.008408 0.015830 -0.033519
v -0.004320 0.015476 -0.034432
v -0.027618 0.021106 0.015299
v -0.028457 0.022594 0.010916
v -0.029122 0.023365 0.006061
v -0.026804 0.022346 0.015863
v -0.027668 0.024043 0.011237
v -0.028287 0.024956 0.006320
v -0.016708 0.029372 -0.016919
v -0.013736 0.029956 -0.018299
v -0.010461 0.030434 -0.019488
v -0.007239 0.030785 -0.020275
v -0.003738 0.031020 -0.020770
v -0.017231 0.031257 -0.012195
v -0.014079 0.032340 -0.013109
v -0.010689 0.033219 -0.013909
v -0.007387 0.033832 -0.014452
v -0.003814 0.034235 -0.014794
v -0.017501 0.032542 -0.007442
v -0.014231 0.033907 -0.007960
v -0.010771 0.035024 -0.008423
v -0.007441 0.035798 -0.008749
v -0.003850 0.036306 -0.008959
v -0.009256 0.004567 0.036160
v -0.009672 0.009293 0.035110
v -0.010586 0.015166 0.032717
v -0.011830 0.020741 0.029107
v -0.007069 0.004607 0.036642
v -0.007401 0.009397 0.035622
v -0.008135 0.015381 0.033302
v -0.009166 0.021117 0.029773
v -0.005064 0.004634 0.036968
v -0.005311 0.009465 0.035974
v -0.005859 0.015531 0.033706
v -0.006640 0.021391 0.030241
v -0.003369 0.004649 0.037159
v -0.003538 0.009502 0.036181
v -0.003908 0.015617 0.033947
v -0.004433 0.021554 0.030527
v -0.001702 0.004657 0.037269
v -0.001787 0.009520 0.036302
v -0.001972 0.015663 0.034089
v -0.002236 0.021636 0.030705
v -0.016538 0.032501 0.009229
v -0.013158 0.033829 0.009695
v -0.009757 0.034856 0.010059
v -0.006633 0.035530 0.010291
v -0.003389 0.035952 0.010436
v -0.015655 0.030909 0.014769
v -0.012360 0.032008 0.015412
v -0.009103 0.032830 0.015901
v -0.006157 0.033352 0.016203
v -0.003134 0.033668 0.016387
v -0.014515 0.028505 0.019971
v -0.011389 0.029339 0.020708
v -0.008339 0.029951 0.021258
v -0.005614 0.030329 0.021585
v -0.002849 0.030542 0.021792
v -0.020641 0.018379 0.026451
v -0.019381 0.013535 0.030003
v -0.018465 0.008304 0.032405
v -0.018078 0.004083 0.033533
v -0.021537 0.017826 0.025814
v -0.020356 0.013062 0.029287
v -0.019508 0.007991 0.031618
v -0.019137 0.003916 0.032652
v -0.025206 0.027899 0.007414
v -0.024418 0.026794 0.012499
v -0.023301 0.024937 0.017461
v -0.025738 0.027116 0.007125
v -0.025036 0.026066 0.012146
v -0.024021 0.024237 0.017009
v -0.022845 0.025761 -0.016721
v -0.024336 0.027006 -0.011933
v -0.025256 0.027851 -0.007563
v -0.023206 0.024846 -0.016915
v -0.024768 0.026152 -0.012148
v -0.025621 0.026994 -0.007769
v -0.003823 0.021116 -0.031631
v -0.007470 0.021328 -0.030867
v -0.010850 0.021684 -0.029584
v -0.014422 0.022330 -0.027554
v -0.017830 0.023190 -0.024680
v -0.003883 0.019932 -0.032082
v -0.007590 0.020165 -0.031276
v -0.011041 0.020558 -0.029963
v -0.014685 0.021267 -0.027913
v -0.018138 0.022174 -0.025010
v -0.003606 0.023867 -0.029217
v -0.007051 0.024047 -0.028468
v -0.010276 0.024342 -0.027226
v -0.013674 0.024777 -0.025290
v -0.016686 0.025454 -0.022764
v -0.020863 0.027524 -0.015918
v -0.022109 0.028725 -0.011311
v -0.022760 0.029603 -0.006961
v -0.022345 0.029460 0.008074
v -0.021523 0.028271 0.013236
v -0.020283 0.026306 0.018232
v -0.017273 0.019461 0.027314
v -0.015825 0.014330 0.031019
v -0.014775 0.008834 0.033567
v -0.014300 0.004367 0.034686
v 0.000000 0.010526 -0.036098
v 0.000000 0.008010 -0.036720
v 0.000000 0.005640 -0.037155
v 0.000000 0.003673 -0.037398
v 0.000000 0.001597 -0.037545
v 0.000000 0.017144 -0.034186
v 0.000007 0.018793 -0.033339
v 0.000000 0.037473 0.003660
v -0.000000 0.023742 -0.029497
v 0.000000 0.022276 -0.031073
v -0.031150 0.020581 -0.004917
v -0.020395 0.031638 -0.002510
v -0.024649 0.029235 -0.002968
v -0.033032 0.016876 -0.005317
v -0.034696 0.012250 -0.005640
v -0.035818 0.007397 -0.005849
v -0.036299 0.003590 -0.005937
v -0.026779 0.027008 -0.003667
v -0.027744 0.026197 -0.003924
v -0.028495 0.025116 -0.004157
v -0.029438 0.023361 -0.004481
v -0.003799 0.037338 -0.003129
v -0.007352 0.036787 -0.003049
v -0.010669 0.035943 -0.002926
v -0.014157 0.034721 -0.002763
v -0.017502 0.033229 -0.002597
v -0.025625 0.028280 -0.003226
v -0.025984 0.027441 -0.003415
v -0.022963 0.030086 -0.002632
v 0.000000 0.037538 -0.003159
v 0.026872 0.000000 -0.026313
v 0.028249 0.000000 0.024783
v 0.031261 -0.020919 0.000513
v 0.027873 -0.018109 0.018143
v 0.024739 -0.015466 -0.023886
v 0.011461 -0.000000 0.035810
v 0.016066 -0.024504 0.023771
v 0.020187 -0.031689 0.002900
v 0.018274 -0.027513 -0.018756
v 0.020782 -0.022939 0.022446
v 0.024595 -0.029332 0.002182
v 0.020152 -0.025462 -0.020535
v 0.030812 -0.020804 0.006133
v 0.029890 -0.020179 0.011103
v 0.028777 -0.019143 0.015367
v 0.004553 -0.010665 -0.035782
v 0.008867 -0.011046 -0.034878
v 0.012897 -0.011671 -0.033404
v 0.017150 -0.012645 -0.031066
v 0.021240 -0.013898 -0.027861
v 0.025598 -0.012271 -0.024737
v 0.026242 -0.008774 -0.025488
v 0.026627 -0.005505 -0.025983
v 0.026817 -0.002556 -0.026241
v 0.027951 -0.015627 0.020044
v 0.028068 -0.011695 0.022224
v 0.028169 -0.007255 0.023837
v 0.028229 -0.003584 0.024569
v 0.027431 -0.017142 -0.019355
v 0.029440 -0.018714 -0.014280
v 0.030604 -0.019826 -0.009573
v 0.030551 0.000000 -0.021802
v 0.033488 0.000000 -0.016590
v 0.035375 0.000000 -0.011392
v 0.033174 -0.017318 0.000499
v 0.034914 -0.012649 0.000545
v 0.036104 -0.007661 0.000592
v 0.036616 -0.003730 0.000615
v 0.021647 0.000001 0.031535
v 0.020229 0.000000 0.032334
v 0.025875 -0.019936 0.020020
v 0.026863 -0.018925 0.018967
v 0.027832 -0.026342 0.001175
v 0.026881 -0.027088 0.001487
v 0.023196 -0.020215 -0.022594
v 0.023858 -0.018115 -0.023095
v 0.023864 -0.021229 0.021221
v 0.024991 -0.020642 0.020721
v 0.029594 -0.023445 0.000656
v 0.028631 -0.025285 0.000906
v 0.021693 -0.022727 -0.021793
v 0.022578 -0.021558 -0.022294
v 0.003630 -0.037286 0.003636
v 0.007064 -0.036767 0.003577
v 0.010314 -0.035961 0.003488
v 0.013791 -0.034771 0.003347
v 0.017186 -0.033290 0.003158
v 0.013233 -0.025283 0.024651
v 0.010330 -0.025878 0.025381
v 0.007519 -0.026313 0.025907
v 0.005052 -0.026572 0.026232
v 0.002563 -0.026702 0.026449
v 0.009139 0.000000 0.036469
v 0.006975 0.000000 0.036937
v 0.004991 0.000000 0.037255
v 0.003319 0.000000 0.037440
v 0.001676 0.000000 0.037547
v 0.014524 -0.020202 0.028266
v 0.013111 -0.014847 0.031948
v 0.012068 -0.009124 0.034413
v 0.011600 -0.004496 0.035496
v 0.019585 -0.031013 0.008670
v 0.018671 -0.029634 0.014001
v 0.017466 -0.027465 0.019125
v 0.019015 -0.028653 -0.015942
v 0.019850 -0.030052 -0.011503
v 0.020291 -0.031081 -0.007041
v 0.003648 -0.027194 -0.025814
v 0.007084 -0.027183 -0.025176
v 0.010257 -0.027169 -0.024134
v 0.013519 -0.027197 -0.022555
v 0.016391 -0.027301 -0.020555
v 0.026070 -0.027623 0.001695
v 0.025574 -0.028464 0.001920
v 0.018870 -0.023557 0.022860
v 0.022901 -0.030140 0.002545
v 0.019182 -0.026418 -0.019626
v 0.021022 -0.023436 -0.021286
v 0.020727 -0.024390 -0.021046
v 0.018991 -0.000000 0.032888
v 0.017898 -0.000000 0.033719
v 0.017383 -0.024408 -0.024119
v 0.014085 -0.023593 -0.026901
v 0.010576 -0.022944 -0.028853
v 0.007275 -0.022610 -0.030112
v 0.003727 -0.022411 -0.030873
v 0.024329 -0.028811 -0.007286
v 0.023619 -0.027956 -0.011652
v 0.022232 -0.026762 -0.016402
v 0.022149 -0.025703 0.017864
v 0.023331 -0.027603 0.012875
v 0.024159 -0.028764 0.007722
v 0.016395 -0.004233 0.034085
v 0.016849 -0.008595 0.032975
v 0.017890 -0.013954 0.030542
v 0.019270 -0.018939 0.026882
v 0.022829 -0.021656 0.021500
v 0.022027 -0.022274 0.022004
v 0.035922 -0.003808 0.007689
v 0.035410 -0.007782 0.007512
v 0.034245 -0.012753 0.007114
v 0.032591 -0.017329 0.006582
v 0.034129 -0.003800 0.014263
v 0.033687 -0.007722 0.013887
v 0.032713 -0.012547 0.013069
v 0.031366 -0.016914 0.012004
v 0.031327 -0.003705 0.020152
v 0.031054 -0.007497 0.019571
v 0.030479 -0.012099 0.018308
v 0.029693 -0.016198 0.016679
v 0.004644 -0.001626 -0.037264
v 0.004644 -0.003735 -0.037113
v 0.004634 -0.005731 -0.036862
v 0.004609 -0.008130 -0.036415
v 0.009091 -0.001706 -0.036457
v 0.009082 -0.003897 -0.036292
v 0.009055 -0.005974 -0.036020
v 0.008990 -0.008457 -0.035542
v 0.013348 -0.001827 -0.035129
v 0.013315 -0.004122 -0.034949
v 0.013249 -0.006357 -0.034643
v 0.013112 -0.008985 -0.034117
v 0.017935 -0.002012 -0.033017
v 0.017861 -0.004475 -0.032815
v 0.017726 -0.006983 -0.032453
v 0.017494 -0.009836 -0.031845
v 0.022506 -0.002233 -0.030070
v 0.022393 -0.004903 -0.029836
v 0.022167 -0.007774 -0.029398
v 0.021783 -0.010916 -0.028701
v 0.030469 -0.002888 -0.021726
v 0.030177 -0.006164 -0.021463
v 0.029572 -0.009889 -0.020952
v 0.028605 -0.013766 -0.020196
v 0.033381 -0.003192 -0.016522
v 0.032998 -0.006715 -0.016289
v 0.032167 -0.010933 -0.015807
v 0.030900 -0.015160 -0.015086
v 0.035252 -0.003418 -0.011344
v 0.034812 -0.007086 -0.011173
v 0.033806 -0.011694 -0.010793
v 0.032301 -0.016178 -0.010221
v 0.026013 -0.023136 0.016372
v 0.026906 -0.024906 0.011608
v 0.027539 -0.025910 0.006626
v 0.024977 -0.023784 0.016758
v 0.025906 -0.025604 0.011920
v 0.026568 -0.026648 0.006901
v 0.019461 -0.020122 -0.026292
v 0.015793 -0.019008 -0.029413
v 0.011905 -0.018111 -0.031602
v 0.008169 -0.017579 -0.033014
v 0.004186 -0.017227 -0.033826
v 0.018731 -0.021367 -0.025672
v 0.015198 -0.020376 -0.028670
v 0.011447 -0.019603 -0.030811
v 0.007854 -0.019150 -0.032180
v 0.004024 -0.018860 -0.032995
v 0.021782 -0.003736 0.031323
v 0.022103 -0.007620 0.030363
v 0.022819 -0.012415 0.028156
v 0.023834 -0.016958 0.024842
v 0.020376 -0.003819 0.032121
v 0.020722 -0.007816 0.031135
v 0.021507 -0.012793 0.028862
v 0.022634 -0.017454 0.025459
v 0.027354 -0.025635 -0.008443
v 0.026526 -0.024642 -0.012898
v 0.024919 -0.023159 -0.017800
v 0.026406 -0.026518 -0.008086
v 0.025553 -0.025598 -0.012497
v 0.023970 -0.024219 -0.017341
v 0.029095 -0.022552 -0.009013
v 0.028096 -0.021468 -0.013590
v 0.026307 -0.019852 -0.018588
v 0.028123 -0.024487 -0.008693
v 0.027251 -0.023461 -0.013193
v 0.025566 -0.021902 -0.018119
v 0.025160 -0.003534 0.027905
v 0.025304 -0.007164 0.027066
v 0.025648 -0.011621 0.025171
v 0.026156 -0.015726 0.022371
v 0.023056 -0.003624 0.030082
v 0.023328 -0.007359 0.029163
v 0.023954 -0.011996 0.027086
v 0.024837 -0.016394 0.023929
v 0.020592 -0.016488 -0.027081
v 0.016689 -0.015191 -0.030310
v 0.012577 -0.014188 -0.032650
v 0.008658 -0.013553 -0.034131
v 0.004448 -0.013154 -0.035039
v 0.020011 -0.018658 -0.026630
v 0.016230 -0.017406 -0.029844
v 0.012237 -0.016428 -0.032095
v 0.008413 -0.015839 -0.033537
v 0.004315 -0.015460 -0.034391
v 0.027668 -0.021001 0.015240
v 0.028453 -0.022471 0.010841
v 0.029257 -0.023257 0.006032
v 0.026824 -0.022321 0.015852
v 0.027667 -0.024008 0.011217
v 0.028338 -0.024946 0.006317
v 0.016713 -0.029379 -0.016923
v 0.013737 -0.029958 -0.018300
v 0.010460 -0.030433 -0.019487
v 0.007239 -0.030785 -0.020275
v 0.003738 -0.031019 -0.020770
v 0.017231 -0.031257 -0.012196
v 0.014079 -0.032340 -0.013109
v 0.010689 -0.033219 -0.013909
v 0.007387 -0.033832 -0.014452
v 0.003814 -0.034235 -0.014794
v 0.017501 -0.032542 -0.007442
v 0.014231 -0.033907 -0.007960
v 0.010771 -0.035024 -0.008423
v 0.007441 -0.035798 -0.008749
v 0.003850 -0.036306 -0.008959
v 0.009257 -0.004567 0.036165
v 0.009672 -0.009294 0.035112
v 0.010586 -0.015166 0.032718
v 0.011830 -0.020741 0.029107
v 0.007070 -0.004607 0.036643
v 0.007401 -0.009397 0.035623
v 0.008135 -0.015381 0.033302
v 0.009166 -0.021117 0.029773
v 0.005064 -0.004634 0.036969
v 0.005311 -0.009465 0.035974
v 0.005859 -0.015531 0.033706
v 0.006640 -0.021391 0.030241
v 0.003369 -0.004649 0.037159
v 0.003538 -0.009502 0.036181
v 0.003908 -0.015617 0.033947
v 0.004433 -0.021554 0.030527
v 0.001702 -0.004657 0.037269
v 0.001787 -0.009520 0.036302
v 0.001972 -0.015663 0.034089
v 0.002236 -0.021636 0.030705
v 0.016538 -0.032501 0.009229
v 0.013158 -0.033829 0.009695
v 0.009757 -0.034856 0.010059
v 0.006633 -0.035530 0.010291
v 0.003389 -0.035952 0.010436
v 0.015655 -0.030910 0.014769
v 0.012360 -0.032009 0.015412
v 0.009103 -0.032829 0.015901
v 0.006157 -0.033352 0.016203
v 0.003135 -0.033670 0.016388
v 0.014515 -0.028507 0.019972
v 0.011390 -0.029341 0.020710
v 0.008338 -0.029949 0.021257
v 0.005615 -0.030331 0.021586
v 0.002850 -0.030548 0.021796
v 0.020634 -0.018363 0.026390
v 0.019369 -0.013514 0.029970
v 0.018444 -0.008298 0.032367
v 0.018045 -0.004078 0.033475
v 0.021535 -0.017822 0.025798
v 0.020352 -0.013057 0.029278
v 0.019506 -0.007991 0.031617
v 0.019138 -0.003917 0.032657
v 0.025223 -0.027984 0.007428
v 0.024476 -0.026878 0.012538
v 0.023361 -0.025012 0.017474
v 0.025776 -0.027195 0.007138
v 0.025090 -0.026129 0.012173
v 0.024064 -0.024284 0.017031
v 0.022903 -0.025819 -0.016757
v 0.024380 -0.027093 -0.011963
v 0.025186 -0.027947 -0.007590
v 0.023223 -0.024874 -0.016925
v 0.024790 -0.026227 -0.012152
v 0.025641 -0.027101 -0.007791
v 0.003829 -0.021131 -0.031661
v 0.007473 -0.021332 -0.030879
v 0.010853 -0.021689 -0.029594
v 0.014446 -0.022375 -0.027601
v 0.017888 -0.023259 -0.024757
v 0.003888 -0.019921 -0.032074
v 0.007587 -0.020158 -0.031265
v 0.011041 -0.020559 -0.029963
v 0.014692 -0.021282 -0.027927
v 0.018158 -0.022203 -0.025039
v 0.003613 -0.023912 -0.029271
v 0.007064 -0.024096 -0.028524
v 0.010294 -0.024381 -0.027269
v 0.013724 -0.024869 -0.025381
v 0.016718 -0.025507 -0.022813
v 0.020893 -0.027563 -0.015939
v 0.022137 -0.028767 -0.011327
v 0.022764 -0.029633 -0.006969
v 0.022382 -0.029512 0.008084
v 0.021494 -0.028283 0.013243
v 0.020275 -0.026332 0.018258
v 0.017293 -0.019482 0.027340
v 0.015840 -0.014344 0.031047
v 0.014761 -0.008828 0.033530
v 0.014279 -0.004357 0.034627
v 0.014136 -0.000000 0.034941
v 0.016260 -0.000000 0.034382
v 0.022962 0.000001 0.030322
v 0.025117 0.000000 0.028145
v 0.031410 0.000000 0.020322
v 0.034259 0.000000 0.014372
v 0.036069 -0.000000 0.007739
v 0.036759 -0.000000 0.000621
v 0.022541 0.000000 -0.030134
v 0.017959 0.000000 -0.033072
v 0.013359 -0.000000 -0.035179
v 0.009096 -0.000000 -0.036503
v 0.004644 -0.000000 -0.037306
v 0.031181 -0.020537 -0.004928
v 0.020402 -0.031641 -0.002509
v 0.036433 0.000000 -0.005961
v 0.024572 -0.029267 -0.002996
v 0.033032 -0.016876 -0.005317
v 0.034696 -0.012250 -0.005640
v 0.035818 -0.007397 -0.005849
v 0.036299 -0.003590 -0.005937
v 0.026809 -0.027006 -0.003707
v 0.027749 -0.026194 -0.004115
v 0.028543 -0.025083 -0.004363
v 0.029566 -0.023187 -0.004565
v 0.003799 -0.037338 -0.003129
v 0.007352 -0.036786 -0.003050
v 0.010669 -0.035943 -0.002926
v 0.014157 -0.034721 -0.002763
v 0.017502 -0.033229 -0.002597
v 0.025508 -0.028397 -0.003262
v 0.026013 -0.027546 -0.003451
v 0.022978 -0.030100 -0.002634
v -0.026872 -0.000000 -0.026313
v -0.028248 0.000000 0.024783
v -0.031279 -0.020932 0.000514
v -0.027873 -0.018108 0.018144
v -0.024740 -0.015467 -0.023886
v 0.000000 -0.026746 0.026523
v -0.000000 0.000000 0.037584
v -0.000000 -0.027178 -0.026052
v -0.011462 0.000000 0.035810
v -0.016060 -0.024498 0.023765
v -0.020186 -0.031688 0.002899
v -0.018257 -0.027486 -0.018738
v -0.020788 -0.022964 0.022460
v -0.024569 -0.029271 0.002179
v -0.020134 -0.025444 -0.020517
v -0.030837 -0.020822 0.006139
v -0.029929 -0.020207 0.011116
v -0.028777 -0.019143 0.015365
v -0.004554 -0.010666 -0.035784
v -0.008867 -0.011046 -0.034878
v -0.012897 -0.011671 -0.033404
v -0.017150 -0.012645 -0.031065
v -0.021239 -0.013898 -0.027860
v -0.025598 -0.012271 -0.024737
v -0.026242 -0.008774 -0.025488
v -0.026627 -0.005505 -0.025983
v -0.026817 -0.002556 -0.026241
v -0.027960 -0.015632 0.020051
v -0.028068 -0.011696 0.022224
v -0.028169 -0.007255 0.023837
v -0.028229 -0.003584 0.024570
v -0.027432 -0.017143 -0.019356
v -0.029440 -0.018713 -0.014281
v -0.030599 -0.019822 -0.009572
v -0.030551 0.000000 -0.021802
v -0.033488 -0.000000 -0.016590
v -0.035375 -0.000000 -0.011392
v -0.033176 -0.017319 0.000500
v -0.034911 -0.012648 0.000545
v -0.036103 -0.007660 0.000592
v -0.036616 -0.003730 0.000615
v -0.021668 -0.000000 0.031572
v -0.020228 0.000000 0.032335
v -0.025875 -0.019937 0.020022
v -0.026863 -0.018923 0.018971
v -0.027827 -0.026346 0.001175
v -0.026839 -0.027070 0.001487
v -0.023196 -0.020215 -0.022594
v -0.023858 -0.018116 -0.023095
v -0.023862 -0.021229 0.021221
v -0.024990 -0.020643 0.020722
v -0.029662 -0.023495 0.000658
v -0.028643 -0.025298 0.000905
v -0.021724 -0.022721 -0.021803
v -0.022585 -0.021554 -0.022296
v -0.000000 -0.013010 -0.035366
v -0.000001 -0.015336 -0.034728
v -0.003631 -0.037287 0.003637
v -0.007064 -0.036767 0.003577
v -0.010314 -0.035961 0.003488
v -0.013791 -0.034771 0.003347
v -0.017186 -0.033290 0.003158
v -0.013233 -0.025283 0.024651
v -0.010330 -0.025876 0.025379
v -0.007519 -0.026313 0.025906
v -0.005052 -0.026572 0.026232
v -0.002563 -0.026702 0.026449
v -0.009138 -0.000000 0.036468
v -0.006975 -0.000000 0.036936
v -0.004991 -0.000000 0.037255
v -0.003319 -0.000000 0.037440
v -0.001676 -0.000000 0.037547
v -0.000000 -0.031101 -0.020952
v -0.000000 -0.034379 -0.014920
v -0.000000 -0.036489 -0.009040
v 0.000000 -0.021661 0.030768
v 0.000000 -0.015677 0.034139
v 0.000000 -0.009525 0.036344
v -0.000000 -0.004659 0.037307
v -0.000000 -0.036101 0.010490
v 0.000000 -0.033781 0.016452
v 0.000000 -0.030624 0.021866
v -0.014527 -0.020206 0.028272
v -0.013111 -0.014847 0.031949
v -0.012068 -0.009124 0.034412
v -0.011600 -0.004496 0.035496
v -0.019584 -0.031011 0.008669
v -0.018670 -0.029633 0.014000
v -0.017462 -0.027464 0.019123
v -0.019015 -0.028652 -0.015940
v -0.019859 -0.030065 -0.011507
v -0.020301 -0.031095 -0.007043
v -0.003648 -0.027197 -0.025816
v -0.007081 -0.027171 -0.025163
v -0.010253 -0.027159 -0.024124
v -0.013509 -0.027178 -0.022538
v -0.016381 -0.027283 -0.020542
v -0.025957 -0.027474 0.001695
v -0.025491 -0.028323 0.001917
v -0.018849 -0.023537 0.022840
v -0.022895 -0.030127 0.002542
v -0.019175 -0.026405 -0.019616
v 0.000000 -0.021044 -0.031914
v 0.000000 -0.019826 -0.032345
v -0.021023 -0.023433 -0.021282
v -0.020696 -0.024386 -0.021024
v -0.019000 0.000000 0.032899
v -0.017946 0.000001 0.033787
v -0.017337 -0.024344 -0.024056
v -0.014076 -0.023579 -0.026885
v -0.010571 -0.022938 -0.028842
v -0.007265 -0.022583 -0.030074
v -0.003723 -0.022391 -0.030844
v -0.024380 -0.028848 -0.007293
v -0.023675 -0.028015 -0.011676
v -0.022254 -0.026786 -0.016416
v -0.022155 -0.025713 0.017871
v -0.023301 -0.027558 0.012856
v -0.024145 -0.028731 0.007716
v -0.016417 -0.004233 0.034112
v -0.016851 -0.008595 0.032983
v -0.017899 -0.013962 0.030586
v -0.019293 -0.018967 0.026933
v -0.022829 -0.021658 0.021501
v -0.022037 -0.022296 0.022017
v -0.035923 -0.003808 0.007689
v -0.035409 -0.007782 0.007512
v -0.034244 -0.012753 0.007114
v -0.032593 -0.017330 0.006582
v -0.034130 -0.003800 0.014263
v -0.033687 -0.007722 0.013887
v -0.032713 -0.012547 0.013069
v -0.031369 -0.016915 0.012005
v -0.031327 -0.003705 0.020152
v -0.031054 -0.007497 0.019571
v -0.030477 -0.012098 0.018307
v -0.029691 -0.016196 0.016677
v -0.004644 -0.001626 -0.037264
v -0.004644 -0.003735 -0.037113
v -0.004634 -0.005731 -0.036862
v -0.004609 -0.008130 -0.036415
v -0.009091 -0.001706 -0.036457
v -0.009082 -0.003897 -0.036292
v -0.009055 -0.005974 -0.036020
v -0.008990 -0.008457 -0.035542
v -0.013348 -0.001827 -0.035129
v -0.013315 -0.004122 -0.034949
v -0.013249 -0.006357 -0.034643
v -0.013112 -0.008985 -0.034116
v -0.017935 -0.002012 -0.033017
v -0.017861 -0.004475 -0.032814
v -0.017726 -0.006983 -0.032452
v -0.017494 -0.009836 -0.031845
v -0.022506 -0.002233 -0.030070
v -0.022393 -0.004903 -0.029836
v -0.022167 -0.007774 -0.029398
v -0.021783 -0.010916 -0.028701
v -0.030469 -0.002888 -0.021726
v -0.030177 -0.006164 -0.021463
v -0.029572 -0.009889 -0.020952
v -0.028605 -0.013766 -0.020196
v -0.033381 -0.003192 -0.016522
v -0.032998 -0.006716 -0.016289
v -0.032167 -0.010933 -0.015807
v -0.030901 -0.015160 -0.015086
v -0.035252 -0.003418 -0.011344
v -0.034812 -0.007086 -0.011173
v -0.033806 -0.011694 -0.010793
v -0.032301 -0.016178 -0.010221
v -0.026012 -0.023138 0.016373
v -0.026904 -0.024910 0.011609
v -0.027529 -0.025908 0.006624
v -0.024967 -0.023782 0.016755
v -0.025889 -0.025600 0.011916
v -0.026541 -0.026640 0.006897
v -0.019438 -0.020091 -0.026258
v -0.015741 -0.018935 -0.029316
v -0.011879 -0.018055 -0.031528
v -0.008165 -0.017556 -0.032988
v -0.004194 -0.017254 -0.033886
v -0.018733 -0.021355 -0.025665
v -0.015188 -0.020354 -0.028649
v -0.011447 -0.019593 -0.030807
v -0.007858 -0.019152 -0.032188
v -0.004027 -0.018871 -0.033015
v -0.021760 -0.003733 0.031296
v -0.022076 -0.007612 0.030328
v -0.022814 -0.012413 0.028151
v -0.023835 -0.016959 0.024844
v -0.020351 -0.003815 0.032081
v -0.020712 -0.007812 0.031116
v -0.021507 -0.012791 0.028860
v -0.022634 -0.017454 0.025459
v -0.027351 -0.025633 -0.008442
v -0.026517 -0.024630 -0.012893
v -0.024917 -0.023153 -0.017798
v -0.026401 -0.026518 -0.008085
v -0.025561 -0.025602 -0.012499
v -0.023980 -0.024216 -0.017344
v -0.029073 -0.022536 -0.009007
v -0.028081 -0.021456 -0.013584
v -0.026307 -0.019852 -0.018589
v -0.028113 -0.024478 -0.008690
v -0.027231 -0.023443 -0.013184
v -0.025561 -0.021898 -0.018116
v -0.025162 -0.003534 0.027908
v -0.025305 -0.007164 0.027067
v -0.025658 -0.011628 0.025181
v -0.026200 -0.015752 0.022411
v -0.023052 -0.003625 0.030082
v -0.023320 -0.007358 0.029158
v -0.023955 -0.011999 0.027090
v -0.024851 -0.016405 0.023945
v -0.020585 -0.016483 -0.027072
v -0.016666 -0.015169 -0.030269
v -0.012556 -0.014162 -0.032597
v -0.008651 -0.013540 -0.034105
v -0.004450 -0.013159 -0.035053
v -0.019981 -0.018630 -0.026588
v -0.016142 -0.017313 -0.029682
v -0.012153 -0.016320 -0.031884
v -0.008385 -0.015788 -0.033432
v -0.004321 -0.015479 -0.034441
v -0.027657 -0.020995 0.015230
v -0.028555 -0.022554 0.010876
v -0.029319 -0.023306 0.006045
v -0.026822 -0.022323 0.015851
v -0.027695 -0.024039 0.011230
v -0.028340 -0.024954 0.006318
v -0.016709 -0.029372 -0.016919
v -0.013736 -0.029956 -0.018299
v -0.010461 -0.030434 -0.019488
v -0.007239 -0.030785 -0.020275
v -0.003738 -0.031020 -0.020771
v -0.017231 -0.031257 -0.012196
v -0.014079 -0.032340 -0.013109
v -0.010689 -0.033219 -0.013909
v -0.007387 -0.033832 -0.014452
v -0.003814 -0.034235 -0.014794
v -0.017501 -0.032542 -0.007443
v -0.014231 -0.033907 -0.007960
v -0.010771 -0.035024 -0.008423
v -0.007441 -0.035799 -0.008749
v -0.003850 -0.036306 -0.008959
v -0.009257 -0.004567 0.036165
v -0.009672 -0.009294 0.035112
v -0.010586 -0.015166 0.032717
v -0.011829 -0.020740 0.029107
v -0.007070 -0.004607 0.036643
v -0.007401 -0.009397 0.035623
v -0.008135 -0.015381 0.033302
v -0.009166 -0.021117 0.029773
v -0.005064 -0.004634 0.036969
v -0.005311 -0.009465 0.035974
v -0.005859 -0.015531 0.033706
v -0.006640 -0.021391 0.030241
v -0.003369 -0.004649 0.037159
v -0.003538 -0.009502 0.036181
v -0.003908 -0.015617 0.033947
v -0.004433 -0.021554 0.030527
v -0.001702 -0.004657 0.037269
v -0.001787 -0.009520 0.036302
v -0.001972 -0.015663 0.034089
v -0.002236 -0.021636 0.030705
v -0.016538 -0.032501 0.009229
v -0.013158 -0.033829 0.009695
v -0.009757 -0.034856 0.010059
v -0.006633 -0.035530 0.010291
v -0.003389 -0.035952 0.010436
v -0.015655 -0.030910 0.014769
v -0.012360 -0.032009 0.015412
v -0.009103 -0.032829 0.015901
v -0.006157 -0.033352 0.016203
v -0.003135 -0.033670 0.016388
v -0.014515 -0.028507 0.019972
v -0.011390 -0.029341 0.020709
v -0.008338 -0.029949 0.021257
v -0.005615 -0.030331 0.021586
v -0.002850 -0.030548 0.021796
v -0.020645 -0.018375 0.026418
v -0.019377 -0.013517 0.030007
v -0.018448 -0.008297 0.032374
v -0.018071 -0.004077 0.033502
v -0.021537 -0.017824 0.025803
v -0.020353 -0.013057 0.029285
v -0.019505 -0.007990 0.031614
v -0.019136 -0.003916 0.032650
v -0.025151 -0.027889 0.007406
v -0.024408 -0.026794 0.012501
v -0.023340 -0.024987 0.017458
v -0.025703 -0.027113 0.007121
v -0.025036 -0.026072 0.012148
v -0.024036 -0.024255 0.017012
v -0.022901 -0.025823 -0.016756
v -0.024429 -0.027141 -0.011982
v -0.025211 -0.027940 -0.007585
v -0.023229 -0.024878 -0.016926
v -0.024826 -0.026264 -0.012167
v -0.025637 -0.027092 -0.007791
v -0.003825 -0.021115 -0.031633
v -0.007470 -0.021328 -0.030867
v -0.010852 -0.021690 -0.029591
v -0.014432 -0.022357 -0.027577
v -0.017833 -0.023199 -0.024687
v -0.003889 -0.019920 -0.032073
v -0.007592 -0.020170 -0.031284
v -0.011042 -0.020561 -0.029966
v -0.014685 -0.021271 -0.027915
v -0.018140 -0.022179 -0.025013
v -0.003610 -0.023904 -0.029261
v -0.007051 -0.024052 -0.028474
v -0.010281 -0.024351 -0.027236
v -0.013698 -0.024819 -0.025333
v -0.016692 -0.025465 -0.022775
v -0.020930 -0.027609 -0.015963
v -0.022186 -0.028829 -0.011350
v -0.022812 -0.029697 -0.006981
v -0.022376 -0.029501 0.008082
v -0.021483 -0.028270 0.013237
v -0.020261 -0.026330 0.018253
v -0.017313 -0.019503 0.027378
v -0.015846 -0.014347 0.031060
v -0.014761 -0.008827 0.033531
v -0.014283 -0.004357 0.034632
v -0.000000 -0.000000 -0.037585
v -0.000000 -0.010527 -0.036101
v -0.000000 -0.008010 -0.036722
v -0.000000 -0.005640 -0.037157
v -0.000000 -0.003673 -0.037399
v -0.000000 -0.001597 -0.037545
v -0.000001 -0.017143 -0.034181
v 0.000000 -0.018782 -0.033331
v -0.014146 0.000002 0.034963
v -0.016301 0.000005 0.034457
v -0.022991 0.000000 0.030363
v -0.000000 -0.037473 0.003660
v -0.025125 0.000000 0.028156
v -0.031410 -0.000000 0.020322
v -0.034259 -0.000000 0.014372
v -0.036069 -0.000000 0.007739
v -0.036759 -0.000000 0.000621
v -0.000000 -0.023767 -0.029527
v -0.000000 -0.022291 -0.031099
v -0.022541 -0.000000 -0.030134
v -0.017959 -0.000000 -0.033072
v -0.013359 0.000000 -0.035179
v -0.009096 -0.000000 -0.036503
v -0.004644 -0.000000 -0.037306
v -0.031181 -0.020537 -0.004928
v -0.020411 -0.031655 -0.002511
v -0.036433 -0.000000 -0.005961
v -0.024627 -0.029290 -0.002995
v -0.033032 -0.016876 -0.005316
v -0.034694 -0.012249 -0.005640
v -0.035817 -0.007397 -0.005849
v -0.036299 -0.003590 -0.005937
v -0.026767 -0.026985 -0.003701
v -0.027746 -0.026198 -0.004115
v -0.028542 -0.025084 -0.004363
v -0.029567 -0.023189 -0.004562
v -0.003799 -0.037338 -0.003129
v -0.007352 -0.036787 -0.003050
v -0.010669 -0.035943 -0.002926
v -0.014157 -0.034721 -0.002763
v -0.017502 -0.033229 -0.002597
v -0.025500 -0.028287 -0.003235
v -0.025900 -0.027400 -0.003430
v -0.023025 -0.030164 -0.002640
v -0.000000 -0.037538 -0.003159
v 0.031114 0.020936 0.003368
v 0.030409 0.020564 0.008709
v 0.029345 0.019701 0.013359
v 0.028259 0.018579 0.017019
v 0.002291 0.010562 -0.036018
v 0.006756 0.010828 -0.035396
v 0.010880 0.011319 -0.034230
v 0.015005 0.012118 -0.032348
v 0.019246 0.013233 -0.029568
v 0.023085 0.014653 -0.025951
v 0.025187 0.013932 -0.024315
v 0.025952 0.010523 -0.025136
v 0.026464 0.007100 -0.025769
v 0.026741 0.003982 -0.026139
v 0.026859 0.001245 -0.026297
v 0.027911 0.017141 0.018947
v 0.028010 0.013789 0.021171
v 0.028124 0.009438 0.023133
v 0.028204 0.005345 0.024295
v 0.028244 0.001806 0.024729
v 0.002334 -0.000000 -0.037515
v 0.006906 -0.000000 -0.036965
v 0.011212 -0.000000 -0.035922
v 0.015629 -0.000000 -0.034229
v 0.020268 0.000000 -0.031714
v 0.024765 0.000000 -0.028320
v 0.036550 -0.000000 0.004191
v 0.035311 0.000000 0.011126
v 0.032919 0.000000 0.017489
v 0.029851 0.000000 0.022726
v 0.026176 0.016301 -0.021701
v 0.028526 0.017962 -0.016826
v 0.030110 0.019327 -0.011866
v 0.031296 0.020787 -0.002295
v 0.032219 0.019267 0.000494
v 0.034090 0.015095 0.000519
v 0.035596 0.010083 0.000570
v 0.036428 0.005593 0.000606
v 0.036723 0.001874 0.000619
v 0.000000 0.009268 -0.036430
v 0.000000 0.006776 -0.036963
v 0.000000 0.004646 -0.037294
v 0.000000 0.002616 -0.037483
v 0.000000 0.000745 -0.037577
v 0.026351 0.019453 0.019525
v 0.027430 0.018466 0.018476
v 0.028245 0.025887 0.001034
v 0.027364 0.026752 0.001336
v 0.023497 0.019255 -0.022799
v 0.024282 0.016854 -0.023467
v 0.000000 0.016277 -0.034468
v 0.000001 0.018021 -0.033814
v 0.000840 0.000000 0.037575
v 0.002503 0.000000 0.037502
v 0.004131 0.000000 0.037361
v 0.026619 0.000000 0.026598
v 0.023894 0.000001 0.029382
v 0.024450 0.020961 0.021007
v 0.025466 0.020337 0.020425
v 0.030398 0.022318 0.000568
v 0.029087 0.024490 0.000775
v 0.022169 0.022179 -0.022075
v 0.022909 0.020934 -0.022444
v 0.005946 0.000000 0.037114
v 0.008047 0.000000 0.036721
v 0.010252 -0.000000 0.036176
v 0.001828 0.037425 0.003654
v 0.005381 0.037063 0.003610
v 0.008682 0.036406 0.003538
v 0.012030 0.035413 0.003424
v 0.015531 0.034053 0.003259
v 0.018719 0.032507 0.003041
v 0.014641 0.024926 0.024233
v 0.011791 0.025599 0.025037
v 0.008888 0.026117 0.025672
v 0.006261 0.026463 0.026088
v 0.003821 0.026649 0.026354
v 0.001286 0.026734 0.026505
v 0.020950 0.000000 0.031978
v 0.022269 0.000001 0.031010
v 0.034557 0.000000 -0.013975
v 0.032134 0.000000 -0.019240
v 0.019569 -0.000000 0.032601
v 0.015302 0.022521 0.026074
v 0.013791 0.017640 0.030249
v 0.012523 0.011915 0.033355
v 0.011774 0.006708 0.035093
v 0.011497 0.002266 0.035730
v 0.019931 0.031442 0.005807
v 0.019166 0.030419 0.011379
v 0.018089 0.028626 0.016597
v 0.016778 0.026105 0.021473
v 0.018576 0.027984 -0.017617
v 0.019453 0.029354 -0.013812
v 0.020121 0.030626 -0.009238
v 0.020344 0.031750 0.000091
v 0.001836 0.027179 -0.025982
v 0.005403 0.027180 -0.025527
v 0.008672 0.027160 -0.024703
v 0.011884 0.027159 -0.023392
v 0.015026 0.027204 -0.021574
v 0.017502 0.027407 -0.019496
v 0.026437 0.027342 0.001602
v 0.025852 0.027992 0.001808
v 0.025201 0.028936 0.002045
v 0.036704 -0.000000 -0.002806
v 0.028799 -0.000000 -0.024153
v 0.015275 -0.000000 0.034636
v 0.012810 -0.000000 0.035363
v 0.019937 0.023219 0.022617
v 0.017521 0.024002 0.023273
v 0.023901 0.029713 0.002356
v 0.021635 0.030860 0.002731
v 0.019671 0.025883 -0.020091
v 0.018646 0.027001 -0.019103
v -0.000000 0.025259 -0.028017
v -0.000000 0.022847 -0.030452
v 0.021305 0.023080 -0.021499
v 0.020832 0.023841 -0.021129
v 0.020459 0.024908 -0.020812
v 0.018802 0.024841 -0.022351
v 0.015727 0.023887 -0.025521
v 0.012289 0.023186 -0.027915
v 0.008913 0.022725 -0.029523
v 0.005529 0.022464 -0.030498
v 0.001869 0.022303 -0.031007
v 0.024489 0.029061 -0.005200
v 0.024015 0.028381 -0.009388
v 0.022948 0.027314 -0.014005
v 0.021233 0.026047 -0.018520
v 0.021464 0.024430 0.020166
v 0.022757 0.026725 0.015389
v 0.023793 0.028259 0.010338
v 0.024456 0.029139 0.004971
v 0.016296 0.002132 0.034312
v 0.016568 0.006323 0.033682
v 0.017330 0.011231 0.031975
v 0.018610 0.016604 0.028933
v 0.020070 0.021127 0.024765
v 0.023304 0.021439 0.021356
v 0.022436 0.021933 0.021729
v 0.021483 0.022622 0.022256
v 0.035732 0.005699 0.007623
v 0.034908 0.010205 0.007339
v 0.033456 0.015161 0.006853
v 0.035170 0.003815 0.011048
v 0.034680 0.007776 0.010776
v 0.033585 0.012688 0.010176
v 0.032051 0.017171 0.009382
v 0.033964 0.005674 0.014122
v 0.033265 0.010083 0.013529
v 0.032067 0.014855 0.012545
v 0.032810 0.003760 0.017349
v 0.032442 0.007622 0.016867
v 0.031648 0.012338 0.015821
v 0.030556 0.016571 0.014472
v 0.031223 0.005523 0.019935
v 0.030803 0.009757 0.019017
v 0.030102 0.014275 0.017505
v 0.036404 0.003779 0.004165
v 0.035886 0.007743 0.004071
v 0.034693 0.012741 0.003860
v 0.032972 0.017381 0.003581
v 0.031700 0.019209 0.006330
v 0.030645 0.018685 0.011501
v 0.029262 0.017824 0.015915
v 0.028833 0.015856 0.018522
v 0.029291 0.011873 0.020418
v 0.029629 0.007368 0.021867
v 0.029798 0.003642 0.022532
v 0.031389 0.001867 0.020279
v 0.034226 0.001913 0.014345
v 0.036032 0.001915 0.007726
v 0.004644 0.002663 -0.037200
v 0.004641 0.004723 -0.037005
v 0.004624 0.006882 -0.036664
v 0.006904 0.001661 -0.036921
v 0.006902 0.003808 -0.036763
v 0.006885 0.005837 -0.036504
v 0.006843 0.008271 -0.036043
v 0.009088 0.002783 -0.036388
v 0.009073 0.004924 -0.036176
v 0.009028 0.007169 -0.035808
v 0.011205 0.001759 -0.035875
v 0.011187 0.003997 -0.035702
v 0.011144 0.006140 -0.035416
v 0.011046 0.008686 -0.034916
v 0.013334 0.002953 -0.035054
v 0.013289 0.005224 -0.034818
v 0.013190 0.007628 -0.034408
v 0.015611 0.001914 -0.034177
v 0.015558 0.004287 -0.033987
v 0.015460 0.006644 -0.033656
v 0.015279 0.009375 -0.033093
v 0.017904 0.003214 -0.032934
v 0.017803 0.005707 -0.032660
v 0.017623 0.008379 -0.032178
v 0.020239 0.002113 -0.031655
v 0.020147 0.004673 -0.031436
v 0.019972 0.007356 -0.031037
v 0.019676 0.010345 -0.030383
v 0.022461 0.003526 -0.029976
v 0.022297 0.006308 -0.029647
v 0.021996 0.009332 -0.029078
v 0.002334 0.001604 -0.037474
v 0.002335 0.003689 -0.037326
v 0.002330 0.005663 -0.037081
v 0.002319 0.008041 -0.036643
v 0.004587 0.009399 -0.036119
v 0.008938 0.009758 -0.035230
v 0.013017 0.010343 -0.033778
v 0.017338 0.011269 -0.031468
v 0.021530 0.012451 -0.028289
v 0.023778 0.011563 -0.026802
v 0.024279 0.008251 -0.027532
v 0.024574 0.005185 -0.028003
v 0.024721 0.002386 -0.028251
v 0.022533 0.001076 -0.030120
v 0.017953 0.000959 -0.033060
v 0.013356 0.000862 -0.035168
v 0.009094 0.000799 -0.036493
v 0.004644 0.000759 -0.037297
v 0.030355 0.004466 -0.021622
v 0.029920 0.007979 -0.021242
v 0.029126 0.011851 -0.020595
v 0.032039 0.003047 -0.019167
v 0.031698 0.006462 -0.018914
v 0.030976 0.010437 -0.018410
v 0.029852 0.014496 -0.017661
v 0.033235 0.004876 -0.016431
v 0.032644 0.008765 -0.016081
v 0.031575 0.013098 -0.015468
v 0.034441 0.003315 -0.013916
v 0.034026 0.006917 -0.013711
v 0.033099 0.011348 -0.013271
v 0.031703 0.015717 -0.012610
v 0.035088 0.005159 -0.011279
v 0.034383 0.009317 -0.011011
v 0.033099 0.014014 -0.010525
v 0.028731 0.002724 -0.024078
v 0.028491 0.005838 -0.023814
v 0.028001 0.009327 -0.023306
v 0.027196 0.013014 -0.022547
v 0.028029 0.015537 -0.019776
v 0.030175 0.017036 -0.014681
v 0.031453 0.018120 -0.009897
v 0.032737 0.016558 -0.007843
v 0.034331 0.011990 -0.008304
v 0.035402 0.007244 -0.008608
v 0.035863 0.003509 -0.008739
v 0.035344 0.001709 -0.011380
v 0.033462 0.001580 -0.016573
v 0.030532 0.001415 -0.021784
v 0.026492 0.024124 0.014037
v 0.027260 0.025497 0.009162
v 0.025513 0.023493 0.016591
v 0.026412 0.025285 0.011777
v 0.027054 0.026305 0.006769
v 0.025458 0.024781 0.014371
v 0.026263 0.026212 0.009446
v 0.027728 0.026196 0.003942
v 0.026768 0.026935 0.004222
v 0.024436 0.022634 0.019022
v 0.025534 0.022028 0.018595
v 0.017669 0.019519 -0.027957
v 0.013836 0.018512 -0.030605
v 0.010042 0.017812 -0.032404
v 0.006221 0.017392 -0.033513
v 0.019109 0.020782 -0.026013
v 0.015501 0.019729 -0.029064
v 0.011690 0.018909 -0.031253
v 0.008020 0.018421 -0.032653
v 0.004112 0.018110 -0.033488
v 0.017018 0.020830 -0.027281
v 0.013314 0.019955 -0.029843
v 0.009652 0.019347 -0.031581
v 0.005978 0.018993 -0.032658
v 0.002110 0.017167 -0.034101
v 0.002031 0.018809 -0.033248
v 0.020310 0.022003 -0.023824
v 0.021111 0.020800 -0.024376
v 0.021865 0.005583 0.030918
v 0.022411 0.009954 0.029415
v 0.023297 0.014771 0.026626
v 0.021040 0.003770 0.031687
v 0.021416 0.007722 0.030777
v 0.022179 0.012618 0.028554
v 0.023253 0.017221 0.025192
v 0.020479 0.005715 0.031711
v 0.021059 0.010241 0.030157
v 0.022044 0.015216 0.027291
v 0.024420 0.018947 0.022844
v 0.023253 0.019486 0.023401
v 0.020249 0.001915 0.032249
v 0.021656 0.001874 0.031446
v 0.027010 0.025194 -0.010596
v 0.025811 0.023931 -0.015341
v 0.026885 0.026113 -0.008270
v 0.026044 0.025148 -0.012703
v 0.024466 0.023725 -0.017586
v 0.026048 0.026116 -0.010231
v 0.024850 0.024944 -0.014911
v 0.023848 0.022347 -0.020111
v 0.022933 0.023464 -0.019639
v 0.026638 0.026805 -0.005960
v 0.027591 0.025965 -0.006351
v 0.028668 0.022068 -0.011229
v 0.027279 0.020693 -0.016087
v 0.028549 0.023624 -0.008827
v 0.027595 0.022551 -0.013348
v 0.025884 0.020970 -0.018311
v 0.027754 0.024026 -0.010862
v 0.026481 0.022706 -0.015648
v 0.029793 0.021292 -0.009267
v 0.028707 0.020175 -0.013899
v 0.026833 0.018573 -0.018945
v 0.025172 0.018980 -0.020916
v 0.024466 0.021046 -0.020414
v 0.025259 0.022576 -0.017956
v 0.026888 0.024091 -0.013041
v 0.027746 0.025122 -0.008576
v 0.028380 0.024836 -0.006597
v 0.029396 0.022923 -0.006846
v 0.025210 0.005271 0.027590
v 0.025453 0.009344 0.026252
v 0.025887 0.013773 0.023874
v 0.023951 0.003566 0.029124
v 0.024180 0.007235 0.028252
v 0.024696 0.011777 0.026260
v 0.025438 0.016043 0.023252
v 0.023137 0.005405 0.029720
v 0.023598 0.009614 0.028275
v 0.024370 0.014281 0.025631
v 0.026632 0.003543 0.026368
v 0.026680 0.007177 0.025579
v 0.026816 0.011601 0.023816
v 0.027036 0.015585 0.021320
v 0.026497 0.017471 0.020725
v 0.025367 0.018315 0.022041
v 0.024341 0.016699 0.024445
v 0.023373 0.012210 0.027692
v 0.022677 0.007490 0.029827
v 0.022342 0.003677 0.030728
v 0.022973 0.001824 0.030248
v 0.025126 0.001781 0.028083
v 0.018694 0.015795 -0.028795
v 0.014614 0.014641 -0.031584
v 0.010617 0.013828 -0.033473
v 0.006598 0.013325 -0.034649
v 0.020284 0.017649 -0.026811
v 0.016436 0.016350 -0.030018
v 0.012396 0.015360 -0.032328
v 0.008533 0.014749 -0.033801
v 0.004382 0.014363 -0.034698
v 0.018159 0.017980 -0.028331
v 0.014206 0.016853 -0.031049
v 0.010323 0.016086 -0.032888
v 0.006407 0.015624 -0.034033
v 0.020917 0.015238 -0.027441
v 0.016926 0.013948 -0.030660
v 0.012746 0.012951 -0.033012
v 0.008771 0.012311 -0.034497
v 0.004507 0.011916 -0.035410
v 0.002239 0.013046 -0.035279
v 0.002172 0.015365 -0.034638
v 0.004257 0.016393 -0.034152
v 0.008298 0.016748 -0.033297
v 0.012076 0.017305 -0.031858
v 0.016003 0.018234 -0.029617
v 0.019745 0.019439 -0.026469
v 0.021695 0.019401 -0.024680
v 0.022323 0.017270 -0.025161
v 0.028096 0.021844 0.013124
v 0.028941 0.022997 0.008520
v 0.027224 0.021735 0.015520
v 0.028061 0.023384 0.011011
v 0.028757 0.024217 0.006153
v 0.027286 0.023276 0.013593
v 0.028052 0.024582 0.008824
v 0.028216 0.020170 0.015155
v 0.029168 0.021471 0.010894
v 0.029994 0.022157 0.006033
v 0.029528 0.023447 0.003389
v 0.028538 0.025191 0.003656
v 0.027950 0.025485 0.006476
v 0.027332 0.024523 0.011433
v 0.026461 0.022791 0.016149
v 0.026383 0.021263 0.017993
v 0.027258 0.020067 0.017164
v 0.015296 0.029673 -0.017604
v 0.012101 0.030211 -0.018939
v 0.008860 0.030624 -0.019927
v 0.005531 0.030919 -0.020557
v 0.016982 0.030370 -0.014625
v 0.013918 0.031234 -0.015755
v 0.010586 0.031930 -0.016745
v 0.007321 0.032424 -0.017408
v 0.003780 0.032751 -0.017825
v 0.015716 0.031815 -0.012647
v 0.012381 0.032812 -0.013538
v 0.009045 0.033555 -0.014210
v 0.005643 0.034062 -0.014647
v 0.017403 0.031980 -0.009795
v 0.014183 0.033227 -0.010504
v 0.010751 0.034245 -0.011129
v 0.007429 0.034951 -0.011559
v 0.003840 0.035413 -0.011833
v 0.015920 0.033242 -0.007699
v 0.012492 0.034507 -0.008206
v 0.009110 0.035450 -0.008603
v 0.005689 0.036087 -0.008868
v 0.016482 0.028327 -0.018909
v 0.013581 0.028574 -0.020585
v 0.010339 0.028810 -0.021974
v 0.007154 0.028998 -0.022887
v 0.003692 0.029130 -0.023458
v 0.001885 0.031081 -0.020905
v 0.001923 0.034342 -0.014887
v 0.001943 0.036442 -0.009019
v 0.003838 0.036946 -0.006119
v 0.007419 0.036409 -0.005973
v 0.010748 0.035588 -0.005747
v 0.014226 0.034402 -0.005434
v 0.017536 0.032957 -0.005093
v 0.018938 0.031828 -0.007214
v 0.018589 0.030676 -0.011799
v 0.017928 0.029050 -0.016325
v 0.009412 0.006824 0.035773
v 0.010072 0.012151 0.034086
v 0.011176 0.018058 0.031048
v 0.008153 0.004589 0.036423
v 0.008528 0.009350 0.035386
v 0.009355 0.015281 0.033030
v 0.010497 0.020943 0.029462
v 0.007193 0.006891 0.036263
v 0.007720 0.012304 0.034631
v 0.008622 0.018346 0.031675
v 0.006029 0.004622 0.036825
v 0.006317 0.009436 0.035819
v 0.006958 0.015464 0.033527
v 0.007867 0.021268 0.030033
v 0.005156 0.006935 0.036598
v 0.005548 0.012407 0.035006
v 0.006228 0.018553 0.032110
v 0.004192 0.004643 0.037077
v 0.004401 0.009487 0.036092
v 0.004860 0.015581 0.033843
v 0.005512 0.021485 0.030401
v 0.003433 0.006958 0.036795
v 0.003699 0.012465 0.035228
v 0.004153 0.018675 0.032373
v 0.002541 0.004654 0.037223
v 0.002669 0.009513 0.036251
v 0.002948 0.015645 0.034029
v 0.003343 0.021603 0.030629
v 0.001734 0.006970 0.036909
v 0.001868 0.012495 0.035358
v 0.002094 0.018738 0.032531
v 0.010382 0.004540 0.035866
v 0.010827 0.009225 0.034795
v 0.011816 0.015031 0.032363
v 0.013156 0.020502 0.028715
v 0.012531 0.023172 0.026935
v 0.009749 0.023653 0.027637
v 0.007079 0.024005 0.028135
v 0.004742 0.024213 0.028444
v 0.002399 0.024315 0.028645
v 0.001120 0.021655 0.030752
v 0.000988 0.015674 0.034126
v 0.000896 0.009524 0.036333
v 0.000853 0.004659 0.037297
v 0.001682 0.002342 0.037477
v 0.003331 0.002338 0.037369
v 0.005010 0.002331 0.037182
v 0.006999 0.002318 0.036862
v 0.009169 0.002299 0.036392
v 0.014882 0.033190 0.009473
v 0.011428 0.034388 0.009892
v 0.008182 0.035231 0.010189
v 0.005037 0.035772 0.010374
v 0.016128 0.031807 0.012059
v 0.012780 0.033027 0.012624
v 0.009443 0.033953 0.013060
v 0.006402 0.034551 0.013335
v 0.003264 0.034921 0.013503
v 0.014034 0.031484 0.015107
v 0.010696 0.032459 0.015680
v 0.007612 0.033122 0.016071
v 0.004667 0.033535 0.016309
v 0.015110 0.029802 0.017425
v 0.011891 0.030769 0.018128
v 0.008730 0.031479 0.018656
v 0.005891 0.031930 0.018975
v 0.002994 0.032197 0.019173
v 0.012969 0.028950 0.020357
v 0.009828 0.029675 0.021012
v 0.006954 0.030164 0.021443
v 0.004248 0.030457 0.021705
v 0.016896 0.033001 0.006225
v 0.013500 0.034420 0.006565
v 0.010053 0.035540 0.006831
v 0.006858 0.036287 0.007002
v 0.003514 0.036762 0.007112
v 0.001704 0.036063 0.010476
v 0.001574 0.033753 0.016436
v 0.001430 0.030603 0.021848
v 0.002710 0.028748 0.024193
v 0.005339 0.028579 0.023975
v 0.007937 0.028262 0.023643
v 0.010874 0.027743 0.023098
v 0.013893 0.027033 0.022354
v 0.015997 0.028014 0.019564
v 0.017181 0.030302 0.014399
v 0.018087 0.031782 0.008962
v 0.020083 0.018711 0.026740
v 0.018737 0.013772 0.030340
v 0.017734 0.008465 0.032733
v 0.017293 0.004161 0.033823
v 0.020014 0.016068 0.028360
v 0.018864 0.010851 0.031358
v 0.018206 0.006096 0.033081
v 0.021131 0.018093 0.026107
v 0.019896 0.013272 0.029616
v 0.019016 0.008136 0.031991
v 0.018622 0.003992 0.033050
v 0.020928 0.015542 0.027681
v 0.019875 0.010460 0.030615
v 0.019274 0.005859 0.032269
v 0.017940 0.002052 0.033669
v 0.019028 0.001969 0.032828
v 0.019690 0.003857 0.032333
v 0.020070 0.007892 0.031361
v 0.020892 0.012919 0.029068
v 0.022053 0.017640 0.025633
v 0.022189 0.019891 0.023713
v 0.021359 0.020482 0.024281
v 0.024757 0.028372 0.007569
v 0.023969 0.027243 0.012708
v 0.022793 0.025337 0.017656
v 0.024863 0.027469 0.010008
v 0.023911 0.025987 0.015009
v 0.025481 0.027513 0.007265
v 0.024762 0.026428 0.012323
v 0.023679 0.024567 0.017199
v 0.025441 0.026710 0.009681
v 0.024571 0.025255 0.014612
v 0.022678 0.023736 0.019741
v 0.023439 0.023072 0.019277
v 0.024457 0.024008 0.016874
v 0.025428 0.025841 0.012031
v 0.026107 0.026896 0.007012
v 0.025970 0.027458 0.004436
v 0.025454 0.028279 0.004690
v 0.022583 0.026253 -0.016572
v 0.024016 0.027481 -0.011801
v 0.024801 0.028345 -0.007438
v 0.023676 0.026448 -0.014334
v 0.024808 0.027522 -0.009695
v 0.023017 0.025279 -0.016812
v 0.024541 0.026596 -0.012038
v 0.025370 0.027435 -0.007673
v 0.024075 0.025572 -0.014523
v 0.025266 0.026702 -0.009907
v 0.025356 0.028131 -0.005466
v 0.025832 0.027315 -0.005671
v 0.025953 0.026795 -0.007917
v 0.025106 0.025911 -0.012299
v 0.023531 0.024547 -0.017098
v 0.022183 0.024118 -0.019160
v 0.021859 0.025060 -0.018953
v 0.003781 0.021760 -0.031292
v 0.007381 0.021967 -0.030541
v 0.010722 0.022313 -0.029284
v 0.014243 0.022932 -0.027262
v 0.017612 0.023769 -0.024426
v 0.005686 0.021202 -0.031301
v 0.009160 0.021474 -0.030300
v 0.012620 0.021975 -0.028672
v 0.016176 0.022729 -0.026223
v 0.003858 0.020484 -0.031826
v 0.007522 0.020704 -0.031042
v 0.010936 0.021083 -0.029754
v 0.014546 0.021763 -0.027724
v 0.017975 0.022642 -0.024833
v 0.005776 0.020022 -0.031724
v 0.009312 0.020324 -0.030686
v 0.012850 0.020882 -0.029042
v 0.016466 0.021689 -0.026573
v 0.019343 0.023735 -0.022932
v 0.019651 0.022748 -0.023222
v 0.018394 0.021788 -0.025305
v 0.014909 0.020847 -0.028250
v 0.011218 0.020112 -0.030341
v 0.007702 0.019689 -0.031674
v 0.003952 0.019435 -0.032494
v 0.001975 0.019865 -0.032269
v 0.001927 0.021061 -0.031829
v 0.005362 0.023945 -0.028890
v 0.008657 0.024174 -0.027920
v 0.011981 0.024537 -0.026340
v 0.015244 0.025083 -0.024107
v 0.003609 0.025336 -0.027745
v 0.007036 0.025431 -0.027036
v 0.010226 0.025599 -0.025879
v 0.013548 0.025851 -0.024093
v 0.016461 0.026291 -0.021805
v 0.018012 0.025893 -0.021248
v 0.016996 0.024843 -0.023495
v 0.013842 0.024059 -0.026174
v 0.010400 0.023518 -0.028171
v 0.007138 0.023175 -0.029423
v 0.003651 0.022967 -0.030180
v 0.001811 0.023781 -0.029421
v 0.021553 0.028149 -0.013667
v 0.022508 0.029232 -0.009086
v 0.019992 0.028088 -0.015823
v 0.021050 0.029361 -0.011334
v 0.021604 0.030306 -0.006950
v 0.022920 0.029928 -0.004867
v 0.023655 0.029158 -0.007096
v 0.022945 0.028272 -0.011436
v 0.021598 0.027086 -0.016125
v 0.020094 0.026939 -0.017873
v 0.021986 0.028982 0.010701
v 0.020875 0.027340 0.015745
v 0.021066 0.030202 0.008362
v 0.020152 0.028899 0.013581
v 0.018896 0.026797 0.018611
v 0.019550 0.025015 0.020545
v 0.021274 0.025910 0.017972
v 0.022531 0.027886 0.013020
v 0.023397 0.029080 0.007880
v 0.022703 0.029916 0.005333
v 0.015976 0.019862 0.027804
v 0.014511 0.014605 0.031484
v 0.016567 0.017057 0.029376
v 0.015240 0.011526 0.032478
v 0.014458 0.006496 0.034220
v 0.013434 0.008979 0.033957
v 0.012953 0.004429 0.035048
v 0.014173 0.002196 0.034862
v 0.015413 0.004295 0.034328
v 0.015894 0.008714 0.033240
v 0.016988 0.014166 0.030815
v 0.018438 0.019250 0.027153
v 0.018112 0.021704 0.025182
v 0.017149 -0.000000 0.034086
v 0.018475 -0.000000 0.033287
v 0.000019 0.019358 -0.032793
v -0.000000 0.011772 -0.035733
v -0.000001 0.014225 -0.035024
v -0.000000 0.029169 -0.023669
v 0.000000 0.032866 -0.017978
v -0.000000 0.035579 -0.011936
v 0.000000 0.037665 0.000161
v -0.000000 0.002343 0.037514
v 0.000000 0.024348 0.028715
v 0.000000 0.018757 0.032587
v 0.000000 0.012504 0.035403
v 0.000000 0.006973 0.036948
v 0.000000 0.036931 0.007155
v 0.000000 0.035050 0.013563
v 0.000000 0.032288 0.019238
v 0.000000 0.028805 0.024265
v 0.000001 0.021684 -0.031557
v 0.000020 0.020415 -0.032097
v 0.030955 0.020223 -0.007313
v 0.020386 0.031422 -0.004846
v 0.035992 0.000000 -0.008776
v 0.024662 0.029383 -0.000508
v 0.033186 0.017139 -0.002510
v 0.034902 0.012477 -0.002666
v 0.036067 0.007541 -0.002759
v 0.036565 0.003666 -0.002796
v 0.026884 0.027104 -0.001196
v 0.027834 0.026335 -0.001568
v 0.028643 0.025255 -0.001826
v 0.029673 0.023399 -0.002039
v 0.003728 0.037467 0.000163
v 0.007232 0.036922 0.000170
v 0.010523 0.036083 0.000184
v 0.014012 0.034859 0.000191
v 0.017387 0.033354 0.000176
v 0.025599 0.028442 -0.000752
v 0.026080 0.027603 -0.000960
v 0.023008 0.030219 -0.000146
v -0.000000 0.037141 -0.006176
v 0.023915 0.029650 -0.002807
v 0.021786 0.030828 -0.002537
v 0.026342 0.027244 -0.003550
v 0.025743 0.027851 -0.003334
v 0.025120 0.028803 -0.003129
v 0.001916 0.037487 -0.003151
v 0.005617 0.037100 -0.003095
v 0.009010 0.036407 -0.002993
v 0.012398 0.035378 -0.002848
v 0.018991 0.032451 -0.002536
v 0.015879 0.033995 -0.002676
v 0.028155 0.025711 -0.004262
v 0.030327 0.021980 -0.004732
v 0.029009 0.024251 -0.004453
v 0.027285 0.026641 -0.003911
v 0.036400 0.001802 -0.005955
v 0.033912 0.014660 -0.005490
v 0.035340 0.009748 -0.005761
v 0.036122 0.005393 -0.005905
v 0.032106 0.018841 -0.005127
v -0.031076 0.020968 0.003374
v -0.030379 0.020580 0.008717
v -0.029333 0.019724 0.013375
v -0.028251 0.018597 0.017029
v -0.002291 0.010562 -0.036018
v -0.006755 0.010827 -0.035393
v -0.010880 0.011318 -0.034227
v -0.015005 0.012118 -0.032347
v -0.019246 0.013233 -0.029568
v -0.023087 0.014654 -0.025954
v -0.025189 0.013933 -0.024318
v -0.025952 0.010523 -0.025136
v -0.026464 0.007100 -0.025769
v -0.026742 0.003982 -0.026139
v -0.026859 0.001245 -0.026297
v -0.027912 0.017143 0.018949
v -0.028012 0.013791 0.021174
v -0.028124 0.009438 0.023135
v -0.028205 0.005345 0.024296
v -0.028244 0.001806 0.024729
v -0.002334 -0.000000 -0.037515
v -0.006906 -0.000000 -0.036965
v -0.011212 -0.000000 -0.035922
v -0.015629 -0.000000 -0.034229
v -0.020268 -0.000000 -0.031714
v -0.024765 -0.000000 -0.028320
v -0.036550 -0.000000 0.004191
v -0.035311 -0.000000 0.011126
v -0.032919 -0.000000 0.017489
v -0.029850 0.000000 0.022725
v -0.026182 0.016306 -0.021706
v -0.028517 0.017988 -0.016822
v -0.030079 0.019368 -0.011854
v -0.031265 0.020830 -0.002285
v -0.032215 0.019272 0.000495
v -0.034090 0.015095 0.000519
v -0.035596 0.010083 0.000570
v -0.036428 0.005593 0.000606
v -0.036723 0.001874 0.000619
v -0.026327 0.019459 0.019524
v -0.027422 0.018484 0.018487
v -0.028239 0.025886 0.001090
v -0.027358 0.026754 0.001364
v -0.023489 0.019247 -0.022791
v -0.024287 0.016857 -0.023471
v -0.000840 0.000000 0.037575
v -0.002503 -0.000000 0.037502
v -0.004131 -0.000000 0.037361
v -0.026621 0.000000 0.026600
v -0.023913 0.000000 0.029408
v -0.024434 0.020945 0.020993
v -0.025433 0.020312 0.020401
v -0.030308 0.022434 0.000591
v -0.028993 0.024601 0.000825
v -0.022192 0.022199 -0.022096
v -0.022910 0.020932 -0.022442
v -0.005946 -0.000000 0.037114
v -0.008046 -0.000000 0.036720
v -0.010252 -0.000000 0.036174
v -0.001828 0.037426 0.003654
v -0.005381 0.037063 0.003611
v -0.008682 0.036406 0.003538
v -0.012030 0.035413 0.003424
v -0.015531 0.034053 0.003259
v -0.018716 0.032504 0.003040
v -0.014640 0.024924 0.024231
v -0.011791 0.025598 0.025036
v -0.008888 0.026117 0.025672
v -0.006261 0.026463 0.026088
v -0.003821 0.026648 0.026354
v -0.001286 0.026733 0.026504
v -0.020959 -0.000000 0.031997
v -0.022298 0.000000 0.031055
v -0.034557 -0.000000 -0.013975
v -0.032134 -0.000000 -0.019240
v -0.019567 0.000000 0.032599
v -0.015288 0.022503 0.026053
v -0.013782 0.017631 0.030235
v -0.012522 0.011913 0.033353
v -0.011776 0.006709 0.035097
v -0.011498 0.002266 0.035731
v -0.019914 0.031422 0.005805
v -0.019166 0.030411 0.011377
v -0.018107 0.028639 0.016606
v -0.016782 0.026108 0.021470
v -0.018575 0.027982 -0.017616
v -0.019451 0.029352 -0.013811
v -0.020118 0.030622 -0.009237
v -0.020328 0.031733 0.000090
v -0.001837 0.027179 -0.025983
v -0.005403 0.027181 -0.025528
v -0.008672 0.027161 -0.024704
v -0.011884 0.027159 -0.023392
v -0.015026 0.027203 -0.021574
v -0.017502 0.027407 -0.019495
v -0.026405 0.027298 0.001609
v -0.025837 0.027893 0.001832
v -0.025166 0.028844 0.002106
v -0.036704 -0.000000 -0.002806
v -0.028799 -0.000000 -0.024153
v -0.015300 0.000004 0.034686
v -0.012813 0.000001 0.035370
v -0.019896 0.023172 0.022565
v -0.017491 0.023962 0.023225
v -0.023800 0.029612 0.002398
v -0.021576 0.030796 0.002729
v -0.019672 0.025884 -0.020092
v -0.018645 0.026998 -0.019101
v -0.021325 0.023100 -0.021518
v -0.020837 0.023846 -0.021133
v -0.020461 0.024911 -0.020814
v -0.018804 0.024844 -0.022353
v -0.015726 0.023886 -0.025521
v -0.012289 0.023186 -0.027915
v -0.008915 0.022730 -0.029529
v -0.005530 0.022472 -0.030507
v -0.001870 0.022306 -0.031012
v -0.024583 0.029047 -0.005191
v -0.024061 0.028359 -0.009381
v -0.022942 0.027302 -0.014001
v -0.021234 0.026048 -0.018521
v -0.021464 0.024426 0.020186
v -0.022757 0.026711 0.015385
v -0.023794 0.028242 0.010313
v -0.024405 0.029084 0.005007
v -0.016341 0.002147 0.034423
v -0.016603 0.006343 0.033786
v -0.017320 0.011223 0.031969
v -0.018545 0.016558 0.028850
v -0.020013 0.021078 0.024725
v -0.023303 0.021437 0.021358
v -0.022431 0.021916 0.021822
v -0.021466 0.022599 0.022340
v -0.035732 0.005699 0.007623
v -0.034908 0.010205 0.007339
v -0.033456 0.015161 0.006853
v -0.035169 0.003815 0.011048
v -0.034680 0.007775 0.010776
v -0.033585 0.012688 0.010176
v -0.032052 0.017171 0.009383
v -0.033963 0.005674 0.014122
v -0.033264 0.010083 0.013528
v -0.032067 0.014855 0.012545
v -0.032810 0.003760 0.017349
v -0.032442 0.007622 0.016866
v -0.031648 0.012338 0.015821
v -0.030557 0.016572 0.014472
v -0.031222 0.005523 0.019934
v -0.030802 0.009757 0.019017
v -0.030101 0.014276 0.017506
v -0.036404 0.003779 0.004165
v -0.035886 0.007743 0.004071
v -0.034693 0.012741 0.003860
v -0.032972 0.017381 0.003581
v -0.031695 0.019212 0.006331
v -0.030643 0.018687 0.011503
v -0.029261 0.017827 0.015917
v -0.028833 0.015856 0.018523
v -0.029289 0.011873 0.020418
v -0.029629 0.007368 0.021867
v -0.029798 0.003642 0.022532
v -0.031389 0.001867 0.020279
v -0.034226 0.001913 0.014345
v -0.036032 0.001915 0.007726
v -0.004644 0.002662 -0.037199
v -0.004640 0.004722 -0.037003
v -0.004624 0.006881 -0.036661
v -0.006904 0.001661 -0.036921
v -0.006901 0.003808 -0.036762
v -0.006884 0.005836 -0.036501
v -0.006842 0.008270 -0.036038
v -0.009088 0.002783 -0.036387
v -0.009072 0.004924 -0.036174
v -0.009027 0.007168 -0.035805
v -0.011205 0.001759 -0.035875
v -0.011186 0.003997 -0.035702
v -0.011144 0.006140 -0.035414
v -0.011045 0.008685 -0.034914
v -0.013334 0.002953 -0.035054
v -0.013289 0.005224 -0.034817
v -0.013190 0.007628 -0.034407
v -0.015611 0.001914 -0.034177
v -0.015558 0.004287 -0.033987
v -0.015460 0.006644 -0.033656
v -0.015279 0.009374 -0.033092
v -0.017904 0.003214 -0.032934
v -0.017803 0.005707 -0.032660
v -0.017623 0.008379 -0.032178
v -0.020239 0.002113 -0.031655
v -0.020147 0.004673 -0.031436
v -0.019972 0.007356 -0.031037
v -0.019676 0.010345 -0.030383
v -0.022461 0.003526 -0.029976
v -0.022297 0.006308 -0.029647
v -0.021996 0.009332 -0.029078
v -0.002334 0.001604 -0.037474
v -0.002335 0.003689 -0.037325
v -0.002330 0.005663 -0.037080
v -0.002319 0.008040 -0.036641
v -0.004586 0.009399 -0.036115
v -0.008937 0.009757 -0.035226
v -0.013016 0.010343 -0.033776
v -0.017338 0.011269 -0.031468
v -0.021531 0.012451 -0.028289
v -0.023778 0.011563 -0.026803
v -0.024279 0.008251 -0.027532
v -0.024574 0.005185 -0.028003
v -0.024721 0.002386 -0.028251
v -0.022533 0.001076 -0.030120
v -0.017953 0.000959 -0.033060
v -0.013356 0.000862 -0.035168
v -0.009094 0.000799 -0.036493
v -0.004644 0.000759 -0.037297
v -0.030355 0.004466 -0.021622
v -0.029920 0.007979 -0.021242
v -0.029126 0.011851 -0.020595
v -0.032039 0.003047 -0.019167
v -0.031698 0.006462 -0.018914
v -0.030976 0.010437 -0.018410
v -0.029852 0.014496 -0.017661
v -0.033235 0.004876 -0.016431
v -0.032643 0.008765 -0.016081
v -0.031574 0.013098 -0.015468
v -0.034441 0.003314 -0.013916
v -0.034026 0.006917 -0.013711
v -0.033099 0.011348 -0.013271
v -0.031703 0.015717 -0.012610
v -0.035088 0.005158 -0.011279
v -0.034383 0.009317 -0.011011
v -0.033098 0.014014 -0.010525
v -0.028731 0.002724 -0.024078
v -0.028491 0.005838 -0.023814
v -0.028001 0.009327 -0.023306
v -0.027197 0.013014 -0.022548
v -0.028033 0.015541 -0.019779
v -0.030172 0.017041 -0.014680
v -0.031449 0.018125 -0.009896
v -0.032737 0.016558 -0.007843
v -0.034331 0.011990 -0.008304
v -0.035401 0.007244 -0.008608
v -0.035863 0.003508 -0.008739
v -0.035344 0.001709 -0.011380
v -0.033462 0.001580 -0.016573
v -0.030532 0.001415 -0.021784
v -0.026475 0.024106 0.014027
v -0.027255 0.025491 0.009160
v -0.025497 0.023476 0.016579
v -0.026406 0.025280 0.011774
v -0.027050 0.026305 0.006768
v -0.025454 0.024776 0.014368
v -0.026258 0.026208 0.009445
v -0.027726 0.026193 0.003947
v -0.026756 0.026927 0.004224
v -0.024430 0.022627 0.019017
v -0.025500 0.021997 0.018569
v -0.017638 0.019484 -0.027909
v -0.013819 0.018488 -0.030566
v -0.010033 0.017796 -0.032375
v -0.006220 0.017387 -0.033504
v -0.019095 0.020763 -0.025992
v -0.015486 0.019706 -0.029035
v -0.011683 0.018895 -0.031233
v -0.008021 0.018422 -0.032656
v -0.004114 0.018117 -0.033501
v -0.017012 0.020818 -0.027270
v -0.013310 0.019945 -0.029833
v -0.009655 0.019351 -0.031592
v -0.005984 0.019010 -0.032690
v -0.002109 0.017168 -0.034103
v -0.002022 0.018818 -0.033266
v -0.020325 0.022015 -0.023838
v -0.021104 0.020788 -0.024361
v -0.021870 0.005585 0.030929
v -0.022399 0.009951 0.029401
v -0.023310 0.014782 0.026641
v -0.021057 0.003774 0.031718
v -0.021409 0.007721 0.030770
v -0.022180 0.012621 0.028557
v -0.023261 0.017227 0.025203
v -0.020487 0.005717 0.031727
v -0.021058 0.010242 0.030156
v -0.022046 0.015219 0.027296
v -0.024415 0.018941 0.022843
v -0.023251 0.019484 0.023399
v -0.020260 0.001916 0.032271
v -0.021686 0.001876 0.031495
v -0.027002 0.025186 -0.010587
v -0.025814 0.023933 -0.015343
v -0.026878 0.026122 -0.008245
v -0.026040 0.025157 -0.012706
v -0.024474 0.023736 -0.017594
v -0.026038 0.026118 -0.010235
v -0.024847 0.024949 -0.014916
v -0.023867 0.022362 -0.020127
v -0.022951 0.023483 -0.019657
v -0.026623 0.026812 -0.005934
v -0.027583 0.025960 -0.006212
v -0.028531 0.022225 -0.011177
v -0.027226 0.020784 -0.016063
v -0.028413 0.023711 -0.008753
v -0.027515 0.022645 -0.013314
v -0.025875 0.020993 -0.018307
v -0.027690 0.024035 -0.010830
v -0.026467 0.022724 -0.015641
v -0.029684 0.021403 -0.009230
v -0.028640 0.020282 -0.013871
v -0.026824 0.018597 -0.018941
v -0.025171 0.018984 -0.020916
v -0.024470 0.021048 -0.020415
v -0.025270 0.022583 -0.017963
v -0.026875 0.024081 -0.013033
v -0.027716 0.025099 -0.008509
v -0.028309 0.024846 -0.006437
v -0.029232 0.023071 -0.006767
v -0.025222 0.005273 0.027605
v -0.025459 0.009347 0.026259
v -0.025905 0.013784 0.023892
v -0.023983 0.003571 0.029167
v -0.024187 0.007238 0.028262
v -0.024703 0.011782 0.026266
v -0.025461 0.016058 0.023275
v -0.023162 0.005412 0.029755
v -0.023592 0.009613 0.028270
v -0.024388 0.014294 0.025649
v -0.026639 0.003544 0.026376
v -0.026683 0.007178 0.025582
v -0.026824 0.011605 0.023825
v -0.027046 0.015591 0.021329
v -0.026503 0.017478 0.020734
v -0.025367 0.018316 0.022047
v -0.024362 0.016714 0.024469
v -0.023371 0.012211 0.027689
v -0.022673 0.007490 0.029825
v -0.022377 0.003683 0.030780
v -0.023015 0.001828 0.030306
v -0.025140 0.001782 0.028100
v -0.018688 0.015790 -0.028787
v -0.014612 0.014640 -0.031579
v -0.010615 0.013826 -0.033468
v -0.006599 0.013329 -0.034659
v -0.020263 0.017632 -0.026784
v -0.016427 0.016344 -0.030003
v -0.012392 0.015357 -0.032318
v -0.008532 0.014749 -0.033797
v -0.004386 0.014376 -0.034726
v -0.018131 0.017956 -0.028292
v -0.014195 0.016845 -0.031028
v -0.010317 0.016079 -0.032868
v -0.006408 0.015630 -0.034045
v -0.020918 0.015238 -0.027441
v -0.016925 0.013947 -0.030658
v -0.012745 0.012950 -0.033010
v -0.008770 0.012310 -0.034495
v -0.004507 0.011919 -0.035417
v -0.002240 0.013050 -0.035292
v -0.002174 0.015375 -0.034660
v -0.004258 0.016398 -0.034163
v -0.008292 0.016739 -0.033276
v -0.012064 0.017288 -0.031826
v -0.015980 0.018211 -0.029578
v -0.019709 0.019403 -0.026420
v -0.021670 0.019378 -0.024650
v -0.022320 0.017267 -0.025157
v -0.028044 0.021934 0.013186
v -0.028816 0.023055 0.008552
v -0.027175 0.021799 0.015557
v -0.028005 0.023423 0.011043
v -0.028631 0.024268 0.006167
v -0.027256 0.023285 0.013599
v -0.028012 0.024584 0.008828
v -0.028182 0.020245 0.015200
v -0.029120 0.021517 0.010929
v -0.029875 0.022218 0.006049
v -0.029373 0.023571 0.003413
v -0.028494 0.025211 0.003667
v -0.027938 0.025476 0.006475
v -0.027318 0.024512 0.011428
v -0.026427 0.022768 0.016131
v -0.026340 0.021256 0.017980
v -0.027220 0.020133 0.017200
v -0.015295 0.029673 -0.017604
v -0.012101 0.030211 -0.018939
v -0.008860 0.030624 -0.019927
v -0.005531 0.030919 -0.020557
v -0.016982 0.030369 -0.014624
v -0.013918 0.031234 -0.015755
v -0.010586 0.031930 -0.016745
v -0.007321 0.032424 -0.017408
v -0.003780 0.032751 -0.017825
v -0.015716 0.031815 -0.012647
v -0.012381 0.032812 -0.013537
v -0.009045 0.033555 -0.014210
v -0.005643 0.034061 -0.014647
v -0.017403 0.031980 -0.009795
v -0.014183 0.033227 -0.010504
v -0.010751 0.034245 -0.011129
v -0.007429 0.034950 -0.011559
v -0.003840 0.035413 -0.011833
v -0.015920 0.033242 -0.007699
v -0.012492 0.034507 -0.008206
v -0.009110 0.035450 -0.008603
v -0.005689 0.036087 -0.008868
v -0.016482 0.028327 -0.018909
v -0.013581 0.028574 -0.020585
v -0.010339 0.028810 -0.021974
v -0.007154 0.028998 -0.022887
v -0.003692 0.029130 -0.023458
v -0.001885 0.031081 -0.020905
v -0.001923 0.034342 -0.014887
v -0.001943 0.036442 -0.009019
v -0.003838 0.036946 -0.006119
v -0.007419 0.036409 -0.005973
v -0.010748 0.035588 -0.005747
v -0.014226 0.034402 -0.005434
v -0.017536 0.032957 -0.005093
v -0.018938 0.031827 -0.007214
v -0.018589 0.030676 -0.011799
v -0.017928 0.029049 -0.016324
v -0.009411 0.006824 0.035769
v -0.010072 0.012151 0.034086
v -0.011176 0.018058 0.031049
v -0.008152 0.004589 0.036420
v -0.008528 0.009350 0.035386
v -0.009355 0.015281 0.033031
v -0.010497 0.020943 0.029462
v -0.007193 0.006891 0.036262
v -0.007720 0.012304 0.034631
v -0.008622 0.018346 0.031675
v -0.006029 0.004622 0.036825
v -0.006317 0.009436 0.035819
v -0.006958 0.015464 0.033527
v -0.007867 0.021268 0.030033
v -0.005156 0.006935 0.036598
v -0.005548 0.012407 0.035006
v -0.006228 0.018553 0.032111
v -0.004192 0.004643 0.037077
v -0.004401 0.009487 0.036092
v -0.004860 0.015581 0.033843
v -0.005512 0.021485 0.030401
v -0.003432 0.006958 0.036795
v -0.003699 0.012465 0.035228
v -0.004153 0.018675 0.032373
v -0.002541 0.004654 0.037223
v -0.002669 0.009513 0.036251
v -0.002948 0.015645 0.034029
v -0.003343 0.021603 0.030629
v -0.001734 0.006970 0.036909
v -0.001868 0.012495 0.035358
v -0.002094 0.018738 0.032531
v -0.010380 0.004539 0.035861
v -0.010827 0.009225 0.034795
v -0.011816 0.015030 0.032362
v -0.013155 0.020500 0.028713
v -0.012531 0.023172 0.026935
v -0.009749 0.023653 0.027636
v -0.007079 0.024005 0.028135
v -0.004742 0.024213 0.028444
v -0.002399 0.024315 0.028645
v -0.001120 0.021655 0.030752
v -0.000988 0.015674 0.034126
v -0.000896 0.009524 0.036333
v -0.000853 0.004659 0.037297
v -0.001682 0.002342 0.037477
v -0.003331 0.002338 0.037369
v -0.005010 0.002331 0.037182
v -0.006999 0.002318 0.036862
v -0.009168 0.002299 0.036388
v -0.014882 0.033190 0.009473
v -0.011428 0.034388 0.009892
v -0.008182 0.035231 0.010189
v -0.005037 0.035772 0.010374
v -0.016128 0.031807 0.012059
v -0.012780 0.033027 0.012624
v -0.009443 0.033954 0.013060
v -0.006402 0.034551 0.013335
v -0.003264 0.034921 0.013503
v -0.014034 0.031484 0.015107
v -0.010696 0.032459 0.015680
v -0.007612 0.033122 0.016072
v -0.004667 0.033534 0.016308
v -0.015110 0.029801 0.017425
v -0.011890 0.030767 0.018127
v -0.008731 0.031481 0.018656
v -0.005891 0.031929 0.018974
v -0.002993 0.032193 0.019170
v -0.012968 0.028947 0.020355
v -0.009827 0.029675 0.021012
v -0.006955 0.030165 0.021443
v -0.004248 0.030453 0.021702
v -0.016896 0.033001 0.006225
v -0.013500 0.034420 0.006565
v -0.010053 0.035540 0.006831
v -0.006858 0.036287 0.007003
v -0.003513 0.036762 0.007113
v -0.001704 0.036063 0.010476
v -0.001574 0.033752 0.016435
v -0.001430 0.030599 0.021845
v -0.002710 0.028744 0.024190
v -0.005339 0.028578 0.023974
v -0.007937 0.028263 0.023644
v -0.010873 0.027742 0.023097
v -0.013893 0.027031 0.022353
v -0.015999 0.028015 0.019565
v -0.017183 0.030301 0.014399
v -0.018086 0.031780 0.008962
v -0.020024 0.018673 0.026707
v -0.018710 0.013764 0.030316
v -0.017745 0.008470 0.032766
v -0.017333 0.004177 0.033924
v -0.019983 0.016064 0.028350
v -0.018861 0.010858 0.031365
v -0.018221 0.006097 0.033111
v -0.021107 0.018082 0.026117
v -0.019892 0.013282 0.029625
v -0.019015 0.008135 0.031990
v -0.018639 0.003993 0.033073
v -0.020920 0.015541 0.027679
v -0.019874 0.010462 0.030615
v -0.019278 0.005858 0.032273
v -0.017984 0.002056 0.033738
v -0.019039 0.001970 0.032844
v -0.019700 0.003859 0.032351
v -0.020070 0.007892 0.031362
v -0.020892 0.012920 0.029070
v -0.022049 0.017636 0.025629
v -0.022180 0.019882 0.023729
v -0.021330 0.020455 0.024356
v -0.024768 0.028351 0.007565
v -0.023946 0.027205 0.012685
v -0.022788 0.025325 0.017675
v -0.024861 0.027436 0.009992
v -0.023889 0.025960 0.015000
v -0.025484 0.027466 0.007263
v -0.024742 0.026396 0.012310
v -0.023673 0.024557 0.017219
v -0.025432 0.026684 0.009674
v -0.024559 0.025241 0.014607
v -0.022676 0.023720 0.019836
v -0.023438 0.023067 0.019301
v -0.024456 0.024005 0.016873
v -0.025419 0.025830 0.012026
v -0.026097 0.026874 0.007011
v -0.025947 0.027393 0.004443
v -0.025448 0.028203 0.004714
v -0.022577 0.026245 -0.016568
v -0.024026 0.027457 -0.011794
v -0.024919 0.028327 -0.007432
v -0.023666 0.026422 -0.014328
v -0.024868 0.027484 -0.009689
v -0.023013 0.025267 -0.016811
v -0.024546 0.026543 -0.012037
v -0.025440 0.027376 -0.007664
v -0.024072 0.025541 -0.014528
v -0.025275 0.026633 -0.009905
v -0.025501 0.028110 -0.005463
v -0.025846 0.027261 -0.005653
v -0.025943 0.026758 -0.007911
v -0.025101 0.025884 -0.012306
v -0.023534 0.024548 -0.017104
v -0.022190 0.024125 -0.019167
v -0.021858 0.025057 -0.018952
v -0.003781 0.021765 -0.031299
v -0.007383 0.021973 -0.030549
v -0.010723 0.022314 -0.029285
v -0.014243 0.022932 -0.027262
v -0.017613 0.023770 -0.024427
v -0.005687 0.021207 -0.031308
v -0.009161 0.021477 -0.030304
v -0.012621 0.021975 -0.028672
v -0.016175 0.022729 -0.026223
v -0.003849 0.020489 -0.031834
v -0.007524 0.020709 -0.031050
v -0.010936 0.021084 -0.029755
v -0.014546 0.021763 -0.027723
v -0.017976 0.022644 -0.024835
v -0.005777 0.020032 -0.031742
v -0.009314 0.020329 -0.030694
v -0.012850 0.020880 -0.029041
v -0.016466 0.021688 -0.026572
v -0.019344 0.023737 -0.022934
v -0.019660 0.022756 -0.023231
v -0.018399 0.021790 -0.025309
v -0.014908 0.020842 -0.028246
v -0.011220 0.020112 -0.030345
v -0.007708 0.019702 -0.031699
v -0.003946 0.019450 -0.032522
v -0.001936 0.019871 -0.032278
v -0.001917 0.021063 -0.031832
v -0.005363 0.023951 -0.028897
v -0.008658 0.024178 -0.027925
v -0.011981 0.024536 -0.026340
v -0.015243 0.025082 -0.024105
v -0.003610 0.025338 -0.027748
v -0.007037 0.025435 -0.027040
v -0.010226 0.025600 -0.025880
v -0.013548 0.025850 -0.024092
v -0.016460 0.026289 -0.021804
v -0.018011 0.025892 -0.021247
v -0.016996 0.024842 -0.023494
v -0.013842 0.024058 -0.026173
v -0.010400 0.023520 -0.028172
v -0.007140 0.023182 -0.029432
v -0.003651 0.022972 -0.030187
v -0.001811 0.023784 -0.029424
v -0.021547 0.028142 -0.013663
v -0.022505 0.029213 -0.009081
v -0.019988 0.028083 -0.015820
v -0.021045 0.029355 -0.011332
v -0.021592 0.030289 -0.006947
v -0.022907 0.029899 -0.004864
v -0.023691 0.029132 -0.007089
v -0.022946 0.028258 -0.011431
v -0.021594 0.027080 -0.016122
v -0.020090 0.026934 -0.017870
v -0.021984 0.028951 0.010688
v -0.020946 0.027387 0.015777
v -0.021038 0.030162 0.008354
v -0.020180 0.028902 0.013586
v -0.018949 0.026845 0.018638
v -0.019567 0.025025 0.020534
v -0.021323 0.025951 0.017998
v -0.022548 0.027871 0.013012
v -0.023371 0.029045 0.007870
v -0.022625 0.029830 0.005333
v -0.015942 0.019823 0.027751
v -0.014494 0.014588 0.031451
v -0.016519 0.017011 0.029299
v -0.015231 0.011514 0.032464
v -0.014480 0.006507 0.034276
v -0.013439 0.008981 0.033972
v -0.012963 0.004433 0.035070
v -0.014189 0.002202 0.034904
v -0.015449 0.004315 0.034434
v -0.015911 0.008721 0.033287
v -0.016947 0.014132 0.030749
v -0.018366 0.019183 0.027056
v -0.018046 0.021629 0.025092
v -0.017200 0.000004 0.034168
v -0.018505 0.000000 0.033326
v -0.030917 0.020262 -0.007300
v -0.020379 0.031415 -0.004846
v -0.035992 -0.000000 -0.008776
v -0.024638 0.029317 -0.000455
v -0.033186 0.017139 -0.002510
v -0.034902 0.012477 -0.002666
v -0.036067 0.007541 -0.002759
v -0.036565 0.003666 -0.002796
v -0.026865 0.027103 -0.001168
v -0.027831 0.026335 -0.001431
v -0.028602 0.025288 -0.001677
v -0.029543 0.023566 -0.001972
v -0.003728 0.037467 0.000163
v -0.007232 0.036922 0.000170
v -0.010523 0.036083 0.000184
v -0.014012 0.034859 0.000191
v -0.017387 0.033354 0.000176
v -0.025654 0.028371 -0.000724
v -0.026059 0.027538 -0.000940
v -0.022936 0.030144 -0.000138
v -0.023912 0.029614 -0.002791
v -0.021755 0.030800 -0.002538
v -0.026319 0.027224 -0.003534
v -0.025813 0.027806 -0.003319
v -0.025233 0.028782 -0.003113
v -0.001916 0.037487 -0.003151
v -0.005617 0.037100 -0.003095
v -0.009010 0.036407 -0.002993
v -0.012398 0.035378 -0.002848
v -0.018990 0.032450 -0.002536
v -0.015879 0.033995 -0.002676
v -0.028137 0.025703 -0.004037
v -0.030222 0.022095 -0.004694
v -0.028890 0.024355 -0.004302
v -0.027277 0.026652 -0.003799
v -0.036399 0.001802 -0.005955
v -0.033912 0.014660 -0.005490
v -0.035340 0.009748 -0.005761
v -0.036122 0.005393 -0.005905
v -0.032101 0.018846 -0.005126
v 0.031103 -0.020928 0.003368
v 0.030396 -0.020553 0.008704
v 0.029335 -0.019693 0.013356
v 0.028262 -0.018582 0.017020
v 0.002291 -0.010563 -0.036020
v 0.006756 -0.010828 -0.035396
v 0.010881 -0.011320 -0.034231
v 0.015006 -0.012119 -0.032349
v 0.019246 -0.013233 -0.029569
v 0.023085 -0.014653 -0.025951
v 0.025187 -0.013932 -0.024315
v 0.025953 -0.010523 -0.025136
v 0.026464 -0.007100 -0.025769
v 0.026741 -0.003982 -0.026139
v 0.026859 -0.001245 -0.026297
v 0.027909 -0.017140 0.018945
v 0.028007 -0.013788 0.021170
v 0.028123 -0.009437 0.023134
v 0.028204 -0.005345 0.024295
v 0.028244 -0.001806 0.024729
v 0.026177 -0.016302 -0.021702
v 0.028532 -0.017966 -0.016828
v 0.030116 -0.019331 -0.011868
v 0.031285 -0.020779 -0.002295
v 0.032218 -0.019266 0.000494
v 0.034090 -0.015095 0.000519
v 0.035596 -0.010083 0.000570
v 0.036428 -0.005593 0.000606
v 0.036723 -0.001874 0.000619
v -0.000000 -0.009269 -0.036433
v -0.000000 -0.006776 -0.036965
v -0.000000 -0.004646 -0.037296
v 0.000000 -0.002616 -0.037483
v -0.000000 -0.000745 -0.037577
v 0.026338 -0.019443 0.019514
v 0.027430 -0.018467 0.018476
v 0.028245 -0.025884 0.001035
v 0.027366 -0.026748 0.001336
v 0.023500 -0.019258 -0.022803
v 0.024282 -0.016854 -0.023467
v -0.000001 -0.016278 -0.034467
v 0.000000 -0.018016 -0.033805
v 0.024447 -0.020954 0.021002
v 0.025448 -0.020321 0.020409
v 0.030355 -0.022287 0.000567
v 0.029046 -0.024458 0.000775
v 0.022148 -0.022183 -0.022069
v 0.022912 -0.020940 -0.022448
v 0.001828 -0.037425 0.003654
v 0.005381 -0.037063 0.003610
v 0.008682 -0.036406 0.003538
v 0.012030 -0.035413 0.003424
v 0.015531 -0.034053 0.003259
v 0.018719 -0.032507 0.003041
v 0.014641 -0.024926 0.024233
v 0.011791 -0.025599 0.025037
v 0.008888 -0.026117 0.025672
v 0.006261 -0.026463 0.026088
v 0.003821 -0.026649 0.026354
v 0.001286 -0.026734 0.026505
v 0.015298 -0.022516 0.026066
v 0.013786 -0.017635 0.030242
v 0.012523 -0.011915 0.033356
v 0.011774 -0.006708 0.035093
v 0.011497 -0.002266 0.035730
v 0.019930 -0.031441 0.005807
v 0.019166 -0.030418 0.011379
v 0.018099 -0.028640 0.016607
v 0.016789 -0.026121 0.021484
v 0.018594 -0.028011 -0.017634
v 0.019459 -0.029364 -0.013817
v 0.020123 -0.030629 -0.009239
v 0.020341 -0.031744 0.000091
v 0.001837 -0.027184 -0.025989
v 0.005406 -0.027193 -0.025542
v 0.008675 -0.027172 -0.024716
v 0.011894 -0.027178 -0.023410
v 0.015038 -0.027225 -0.021593
v 0.017519 -0.027434 -0.019514
v 0.026428 -0.027347 0.001599
v 0.025830 -0.028008 0.001803
v 0.025165 -0.028923 0.002041
v 0.019939 -0.023223 0.022613
v 0.017528 -0.024014 0.023276
v 0.023870 -0.029682 0.002355
v 0.021628 -0.030850 0.002731
v 0.019698 -0.025918 -0.020117
v 0.018666 -0.027031 -0.019123
v -0.000000 -0.025275 -0.028035
v -0.000000 -0.022869 -0.030483
v 0.021301 -0.023103 -0.021510
v 0.020865 -0.023870 -0.021160
v 0.020497 -0.024943 -0.020846
v 0.018846 -0.024898 -0.022405
v 0.015787 -0.023980 -0.025619
v 0.012318 -0.023237 -0.027975
v 0.008922 -0.022744 -0.029554
v 0.005539 -0.022504 -0.030555
v 0.001873 -0.022330 -0.031049
v 0.024485 -0.029085 -0.005207
v 0.024050 -0.028433 -0.009405
v 0.023013 -0.027391 -0.014043
v 0.021280 -0.026100 -0.018555
v 0.021487 -0.024457 0.020187
v 0.022774 -0.026749 0.015406
v 0.023792 -0.028264 0.010336
v 0.024435 -0.029126 0.004971
v 0.016296 -0.002132 0.034311
v 0.016561 -0.006320 0.033668
v 0.017305 -0.011214 0.031930
v 0.018551 -0.016552 0.028846
v 0.020029 -0.021087 0.024709
v 0.023308 -0.021441 0.021357
v 0.022439 -0.021940 0.021731
v 0.021477 -0.022619 0.022249
v 0.035732 -0.005699 0.007623
v 0.034908 -0.010205 0.007339
v 0.033456 -0.015161 0.006853
v 0.035169 -0.003815 0.011048
v 0.034680 -0.007775 0.010776
v 0.033585 -0.012688 0.010176
v 0.032052 -0.017171 0.009383
v 0.033963 -0.005674 0.014122
v 0.033264 -0.010083 0.013528
v 0.032067 -0.014855 0.012545
v 0.032810 -0.003760 0.017349
v 0.032442 -0.007622 0.016867
v 0.031648 -0.012338 0.015821
v 0.030557 -0.016572 0.014472
v 0.031223 -0.005523 0.019935
v 0.030802 -0.009757 0.019017
v 0.030102 -0.014276 0.017506
v 0.036404 -0.003779 0.004165
v 0.035886 -0.007743 0.004071
v 0.034693 -0.012741 0.003860
v 0.032972 -0.017381 0.003581
v 0.031699 -0.019208 0.006330
v 0.030643 -0.018683 0.011500
v 0.029263 -0.017824 0.015915
v 0.028833 -0.015856 0.018522
v 0.029289 -0.011873 0.020418
v 0.029629 -0.007368 0.021868
v 0.029798 -0.003642 0.022532
v 0.031389 -0.001867 0.020279
v 0.034226 -0.001913 0.014345
v 0.036032 -0.001915 0.007726
v 0.004644 -0.002663 -0.037200
v 0.004641 -0.004723 -0.037006
v 0.004624 -0.006882 -0.036665
v 0.006904 -0.001661 -0.036921
v 0.006902 -0.003808 -0.036763
v 0.006885 -0.005837 -0.036504
v 0.006843 -0.008271 -0.036043
v 0.009088 -0.002783 -0.036388
v 0.009073 -0.004924 -0.036176
v 0.009028 -0.007169 -0.035808
v 0.011205 -0.001759 -0.035875
v 0.011187 -0.003997 -0.035702
v 0.011144 -0.006140 -0.035416
v 0.011046 -0.008686 -0.034916
v 0.013334 -0.002953 -0.035054
v 0.013289 -0.005225 -0.034818
v 0.013190 -0.007628 -0.034408
v 0.015611 -0.001914 -0.034177
v 0.015558 -0.004287 -0.033987
v 0.015460 -0.006644 -0.033656
v 0.015279 -0.009375 -0.033093
v 0.017904 -0.003214 -0.032934
v 0.017803 -0.005707 -0.032660
v 0.017623 -0.008379 -0.032178
v 0.020239 -0.002113 -0.031655
v 0.020147 -0.004673 -0.031436
v 0.019972 -0.007356 -0.031037
v 0.019676 -0.010345 -0.030383
v 0.022461 -0.003526 -0.029976
v 0.022297 -0.006308 -0.029647
v 0.021996 -0.009332 -0.029078
v 0.002334 -0.001604 -0.037474
v 0.002335 -0.003689 -0.037327
v 0.002330 -0.005663 -0.037082
v 0.002319 -0.008041 -0.036645
v 0.004587 -0.009400 -0.036120
v 0.008938 -0.009758 -0.035230
v 0.013017 -0.010343 -0.033778
v 0.017338 -0.011269 -0.031468
v 0.021530 -0.012451 -0.028289
v 0.023778 -0.011563 -0.026802
v 0.024279 -0.008251 -0.027532
v 0.024574 -0.005185 -0.028003
v 0.024721 -0.002386 -0.028251
v 0.022533 -0.001076 -0.030120
v 0.017953 -0.000959 -0.033060
v 0.013356 -0.000862 -0.035168
v 0.009094 -0.000799 -0.036493
v 0.004644 -0.000759 -0.037297
v 0.030355 -0.004466 -0.021622
v 0.029921 -0.007979 -0.021242
v 0.029127 -0.011851 -0.020596
v 0.032039 -0.003047 -0.019167
v 0.031698 -0.006462 -0.018914
v 0.030977 -0.010437 -0.018410
v 0.029853 -0.014497 -0.017662
v 0.033235 -0.004876 -0.016431
v 0.032643 -0.008765 -0.016081
v 0.031575 -0.013098 -0.015468
v 0.034441 -0.003314 -0.013916
v 0.034026 -0.006917 -0.013711
v 0.033099 -0.011348 -0.013271
v 0.031704 -0.015718 -0.012610
v 0.035088 -0.005158 -0.011279
v 0.034383 -0.009317 -0.011011
v 0.033099 -0.014014 -0.010525
v 0.028731 -0.002724 -0.024078
v 0.028491 -0.005838 -0.023814
v 0.028001 -0.009327 -0.023306
v 0.027197 -0.013014 -0.022548
v 0.028031 -0.015538 -0.019777
v 0.030178 -0.017038 -0.014682
v 0.031455 -0.018121 -0.009898
v 0.032737 -0.016558 -0.007843
v 0.034331 -0.011990 -0.008304
v 0.035401 -0.007244 -0.008608
v 0.035863 -0.003508 -0.008739
v 0.035344 -0.001709 -0.011380
v 0.033462 -0.001580 -0.016573
v 0.030532 -0.001415 -0.021784
v 0.026482 -0.024109 0.014029
v 0.027262 -0.025494 0.009161
v 0.025509 -0.023481 0.016584
v 0.026414 -0.025279 0.011775
v 0.027060 -0.026305 0.006769
v 0.025469 -0.024782 0.014374
v 0.026276 -0.026216 0.009449
v 0.027732 -0.026197 0.003943
v 0.026772 -0.026936 0.004223
v 0.024441 -0.022632 0.019023
v 0.025521 -0.022012 0.018583
v 0.017679 -0.019533 -0.027975
v 0.013842 -0.018522 -0.030616
v 0.010037 -0.017809 -0.032395
v 0.006216 -0.017378 -0.033481
v 0.019105 -0.020785 -0.026015
v 0.015508 -0.019738 -0.029076
v 0.011687 -0.018907 -0.031247
v 0.008017 -0.018415 -0.032641
v 0.004108 -0.018092 -0.033452
v 0.017020 -0.020834 -0.027286
v 0.013314 -0.019956 -0.029844
v 0.009650 -0.019345 -0.031580
v 0.005977 -0.018984 -0.032645
v 0.002106 -0.017154 -0.034071
v 0.002024 -0.018796 -0.033236
v 0.020295 -0.022010 -0.023822
v 0.021107 -0.020804 -0.024375
v 0.021906 -0.005592 0.030974
v 0.022413 -0.009957 0.029416
v 0.023297 -0.014771 0.026625
v 0.021094 -0.003780 0.031771
v 0.021429 -0.007728 0.030798
v 0.022179 -0.012619 0.028555
v 0.023252 -0.017220 0.025191
v 0.020509 -0.005723 0.031763
v 0.021059 -0.010243 0.030159
v 0.022042 -0.015215 0.027290
v 0.024415 -0.018940 0.022838
v 0.023252 -0.019484 0.023399
v 0.020278 -0.001918 0.032299
v 0.021694 -0.001877 0.031500
v 0.027019 -0.025203 -0.010599
v 0.025821 -0.023943 -0.015347
v 0.026889 -0.026113 -0.008271
v 0.026051 -0.025155 -0.012706
v 0.024463 -0.023728 -0.017586
v 0.026056 -0.026120 -0.010233
v 0.024855 -0.024947 -0.014913
v 0.023844 -0.022352 -0.020112
v 0.022917 -0.023471 -0.019637
v 0.026650 -0.026811 -0.005962
v 0.027591 -0.025962 -0.006351
v 0.028682 -0.022079 -0.011235
v 0.027293 -0.020704 -0.016094
v 0.028551 -0.023626 -0.008828
v 0.027622 -0.022573 -0.013361
v 0.025894 -0.020979 -0.018317
v 0.027771 -0.024041 -0.010870
v 0.026504 -0.022728 -0.015660
v 0.029795 -0.021293 -0.009269
v 0.028721 -0.020185 -0.013905
v 0.026836 -0.018575 -0.018946
v 0.025173 -0.018981 -0.020917
v 0.024474 -0.021054 -0.020420
v 0.025268 -0.022588 -0.017964
v 0.026910 -0.024113 -0.013051
v 0.027748 -0.025124 -0.008577
v 0.028374 -0.024831 -0.006595
v 0.029389 -0.022918 -0.006845
v 0.025212 -0.005271 0.027592
v 0.025452 -0.009344 0.026251
v 0.025879 -0.013769 0.023867
v 0.023964 -0.003567 0.029137
v 0.024183 -0.007236 0.028253
v 0.024695 -0.011776 0.026257
v 0.025428 -0.016036 0.023242
v 0.023157 -0.005409 0.029741
v 0.023599 -0.009615 0.028274
v 0.024368 -0.014279 0.025628
v 0.026633 -0.003543 0.026368
v 0.026680 -0.007177 0.025579
v 0.026813 -0.011599 0.023814
v 0.027028 -0.015580 0.021313
v 0.026487 -0.017464 0.020715
v 0.025352 -0.018303 0.022028
v 0.024337 -0.016695 0.024441
v 0.023374 -0.012210 0.027691
v 0.022689 -0.007494 0.029840
v 0.022386 -0.003683 0.030784
v 0.022991 -0.001825 0.030269
v 0.025129 -0.001781 0.028085
v 0.018698 -0.015799 -0.028803
v 0.014620 -0.014647 -0.031595
v 0.010619 -0.013831 -0.033480
v 0.006599 -0.013326 -0.034652
v 0.020288 -0.017653 -0.026817
v 0.016452 -0.016366 -0.030046
v 0.012404 -0.015370 -0.032347
v 0.008535 -0.014755 -0.033810
v 0.004382 -0.014364 -0.034695
v 0.018175 -0.017996 -0.028358
v 0.014223 -0.016873 -0.031084
v 0.010327 -0.016095 -0.032903
v 0.006407 -0.015625 -0.034029
v 0.020918 -0.015238 -0.027442
v 0.016928 -0.013950 -0.030663
v 0.012747 -0.012952 -0.033014
v 0.008772 -0.012311 -0.034499
v 0.004507 -0.011916 -0.035411
v 0.002239 -0.013046 -0.035279
v 0.002171 -0.015362 -0.034628
v 0.004253 -0.016381 -0.034121
v 0.008296 -0.016749 -0.033293
v 0.012080 -0.017312 -0.031867
v 0.016023 -0.018258 -0.029654
v 0.019751 -0.019447 -0.026478
v 0.021699 -0.019405 -0.024684
v 0.022324 -0.017271 -0.025162
v 0.028053 -0.021808 0.013111
v 0.028884 -0.022950 0.008500
v 0.027214 -0.021724 0.015516
v 0.028002 -0.023332 0.010989
v 0.028738 -0.024199 0.006148
v 0.027259 -0.023249 0.013580
v 0.028038 -0.024565 0.008817
v 0.028217 -0.020170 0.015158
v 0.029117 -0.021430 0.010876
v 0.029969 -0.022138 0.006027
v 0.029485 -0.023415 0.003388
v 0.028536 -0.025185 0.003657
v 0.027956 -0.025486 0.006477
v 0.027319 -0.024507 0.011426
v 0.026441 -0.022771 0.016136
v 0.026365 -0.021247 0.017979
v 0.027265 -0.020072 0.017168
v 0.015297 -0.029676 -0.017606
v 0.012101 -0.030211 -0.018939
v 0.008860 -0.030623 -0.019926
v 0.005531 -0.030919 -0.020557
v 0.016983 -0.030372 -0.014626
v 0.013918 -0.031234 -0.015755
v 0.010585 -0.031929 -0.016745
v 0.007321 -0.032424 -0.017408
v 0.003780 -0.032750 -0.017825
v 0.015716 -0.031815 -0.012647
v 0.012381 -0.032812 -0.013537
v 0.009045 -0.033555 -0.014210
v 0.005643 -0.034061 -0.014647
v 0.017403 -0.031979 -0.009795
v 0.014183 -0.033227 -0.010504
v 0.010751 -0.034245 -0.011129
v 0.007429 -0.034950 -0.011559
v 0.003840 -0.035413 -0.011833
v 0.015920 -0.033242 -0.007699
v 0.012492 -0.034507 -0.008206
v 0.009110 -0.035450 -0.008603
v 0.005689 -0.036087 -0.008868
v 0.016488 -0.028338 -0.018916
v 0.013584 -0.028581 -0.020591
v 0.010340 -0.028812 -0.021976
v 0.007155 -0.029001 -0.022890
v 0.003692 -0.029129 -0.023458
v 0.001885 -0.031080 -0.020904
v 0.001923 -0.034342 -0.014887
v 0.001943 -0.036442 -0.009019
v 0.003838 -0.036946 -0.006119
v 0.007419 -0.036409 -0.005973
v 0.010748 -0.035588 -0.005747
v 0.014226 -0.034402 -0.005434
v 0.017536 -0.032957 -0.005093
v 0.018938 -0.031828 -0.007214
v 0.018590 -0.030678 -0.011800
v 0.017935 -0.029062 -0.016331
v 0.009412 -0.006824 0.035773
v 0.010072 -0.012151 0.034087
v 0.011176 -0.018058 0.031049
v 0.008153 -0.004589 0.036423
v 0.008528 -0.009350 0.035386
v 0.009355 -0.015281 0.033031
v 0.010497 -0.020943 0.029462
v 0.007193 -0.006891 0.036263
v 0.007720 -0.012304 0.034631
v 0.008622 -0.018346 0.031675
v 0.006029 -0.004622 0.036825
v 0.006317 -0.009436 0.035819
v 0.006958 -0.015464 0.033527
v 0.007867 -0.021268 0.030033
v 0.005156 -0.006935 0.036598
v 0.005548 -0.012407 0.035006
v 0.006228 -0.018553 0.032110
v 0.004192 -0.004643 0.037077
v 0.004401 -0.009487 0.036092
v 0.004860 -0.015581 0.033843
v 0.005512 -0.021485 0.030401
v 0.003433 -0.006958 0.036795
v 0.003699 -0.012465 0.035228
v 0.004153 -0.018675 0.032373
v 0.002541 -0.004654 0.037223
v 0.002669 -0.009513 0.036251
v 0.002948 -0.015645 0.034029
v 0.003343 -0.021603 0.030629
v 0.001734 -0.006970 0.036909
v 0.001868 -0.012495 0.035358
v 0.002094 -0.018738 0.032531
v 0.010382 -0.004540 0.035866
v 0.010828 -0.009225 0.034796
v 0.011816 -0.015031 0.032363
v 0.013155 -0.020501 0.028714
v 0.012531 -0.023172 0.026935
v 0.009749 -0.023653 0.027637
v 0.007079 -0.024005 0.028135
v 0.004742 -0.024213 0.028444
v 0.002399 -0.024315 0.028645
v 0.001120 -0.021655 0.030752
v 0.000988 -0.015674 0.034126
v 0.000896 -0.009524 0.036333
v 0.000853 -0.004659 0.037297
v 0.001682 -0.002342 0.037477
v 0.003331 -0.002338 0.037369
v 0.005010 -0.002331 0.037182
v 0.006999 -0.002318 0.036862
v 0.009169 -0.002299 0.036392
v 0.014882 -0.033190 0.009473
v 0.011428 -0.034388 0.009892
v 0.008182 -0.035231 0.010189
v 0.005037 -0.035772 0.010374
v 0.016128 -0.031807 0.012059
v 0.012780 -0.033027 0.012624
v 0.009443 -0.033954 0.013060
v 0.006402 -0.034551 0.013335
v 0.003264 -0.034921 0.013503
v 0.014034 -0.031484 0.015107
v 0.010696 -0.032459 0.015680
v 0.007612 -0.033122 0.016071
v 0.004667 -0.033535 0.016309
v 0.015110 -0.029802 0.017425
v 0.011891 -0.030769 0.018128
v 0.008730 -0.031479 0.018656
v 0.005891 -0.031930 0.018975
v 0.002994 -0.032197 0.019173
v 0.012969 -0.028950 0.020357
v 0.009828 -0.029675 0.021012
v 0.006954 -0.030164 0.021443
v 0.004248 -0.030457 0.021705
v 0.016896 -0.033001 0.006225
v 0.013500 -0.034420 0.006565
v 0.010053 -0.035540 0.006831
v 0.006858 -0.036287 0.007002
v 0.003513 -0.036762 0.007112
v 0.001704 -0.036063 0.010476
v 0.001574 -0.033753 0.016436
v 0.001430 -0.030604 0.021849
v 0.002710 -0.028748 0.024193
v 0.005339 -0.028579 0.023975
v 0.007937 -0.028262 0.023643
v 0.010874 -0.027743 0.023098
v 0.013893 -0.027032 0.022354
v 0.015999 -0.028017 0.019566
v 0.017182 -0.030302 0.014400
v 0.018087 -0.031782 0.008962
v 0.020023 -0.018660 0.026664
v 0.018701 -0.013747 0.030287
v 0.017715 -0.008457 0.032701
v 0.017289 -0.004160 0.033817
v 0.019974 -0.016041 0.028314
v 0.018845 -0.010845 0.031331
v 0.018195 -0.006093 0.033064
v 0.021101 -0.018072 0.026074
v 0.019883 -0.013267 0.029603
v 0.019004 -0.008133 0.031974
v 0.018623 -0.003993 0.033053
v 0.020917 -0.015535 0.027669
v 0.019870 -0.010459 0.030609
v 0.019279 -0.005860 0.032277
v 0.017940 -0.002053 0.033670
v 0.019036 -0.001971 0.032843
v 0.019716 -0.003862 0.032379
v 0.020073 -0.007894 0.031370
v 0.020889 -0.012918 0.029066
v 0.022048 -0.017635 0.025626
v 0.022180 -0.019884 0.023701
v 0.021326 -0.020458 0.024245
v 0.024771 -0.028399 0.007576
v 0.023983 -0.027266 0.012717
v 0.022832 -0.025382 0.017687
v 0.024898 -0.027518 0.010022
v 0.023957 -0.026043 0.015043
v 0.025516 -0.027563 0.007278
v 0.024805 -0.026479 0.012346
v 0.023731 -0.024625 0.017238
v 0.025481 -0.026754 0.009696
v 0.024613 -0.025298 0.014637
v 0.022711 -0.023775 0.019769
v 0.023464 -0.023097 0.019295
v 0.024481 -0.024027 0.016888
v 0.025455 -0.025862 0.012042
v 0.026127 -0.026917 0.007018
v 0.025971 -0.027480 0.004440
v 0.025453 -0.028298 0.004696
v 0.022646 -0.026319 -0.016613
v 0.024074 -0.027546 -0.011829
v 0.024832 -0.028401 -0.007455
v 0.023730 -0.026499 -0.014363
v 0.024859 -0.027575 -0.009715
v 0.023052 -0.025310 -0.016834
v 0.024580 -0.026630 -0.012054
v 0.025416 -0.027492 -0.007691
v 0.024094 -0.025590 -0.014534
v 0.025294 -0.026728 -0.009916
v 0.025387 -0.028218 -0.005492
v 0.025872 -0.027370 -0.005685
v 0.025974 -0.026812 -0.007922
v 0.025117 -0.025920 -0.012303
v 0.023536 -0.024556 -0.017104
v 0.022201 -0.024143 -0.019179
v 0.021900 -0.025091 -0.018980
v 0.003786 -0.021789 -0.031340
v 0.007389 -0.021984 -0.030572
v 0.010730 -0.022325 -0.029305
v 0.014281 -0.022996 -0.027333
v 0.017676 -0.023850 -0.024512
v 0.005691 -0.021219 -0.031331
v 0.009163 -0.021477 -0.030310
v 0.012631 -0.021997 -0.028697
v 0.016222 -0.022794 -0.026294
v 0.003856 -0.020492 -0.031848
v 0.007525 -0.020708 -0.031051
v 0.010938 -0.021086 -0.029759
v 0.014560 -0.021791 -0.027751
v 0.018018 -0.022693 -0.024890
v 0.005776 -0.020025 -0.031730
v 0.009313 -0.020325 -0.030688
v 0.012852 -0.020888 -0.029047
v 0.016482 -0.021712 -0.026596
v 0.019391 -0.023782 -0.022989
v 0.019675 -0.022781 -0.023254
v 0.018401 -0.021802 -0.025318
v 0.014912 -0.020852 -0.028255
v 0.011218 -0.020112 -0.030342
v 0.007702 -0.019688 -0.031675
v 0.003947 -0.019427 -0.032490
v 0.001955 -0.019852 -0.032279
v 0.001924 -0.021070 -0.031856
v 0.005375 -0.024003 -0.028958
v 0.008670 -0.024216 -0.027968
v 0.012016 -0.024604 -0.026408
v 0.015289 -0.025162 -0.024183
v 0.003614 -0.025366 -0.027781
v 0.007046 -0.025469 -0.027078
v 0.010239 -0.025628 -0.025909
v 0.013580 -0.025911 -0.024150
v 0.016480 -0.026323 -0.021833
v 0.018034 -0.025927 -0.021276
v 0.017043 -0.024913 -0.023562
v 0.013896 -0.024154 -0.026274
v 0.010417 -0.023554 -0.028213
v 0.007153 -0.023223 -0.029484
v 0.003659 -0.023016 -0.030244
v 0.001814 -0.023814 -0.029461
v 0.021580 -0.028184 -0.013683
v 0.022522 -0.029253 -0.009093
v 0.020006 -0.028109 -0.015834
v 0.021061 -0.029376 -0.011339
v 0.021604 -0.030305 -0.006951
v 0.022907 -0.029913 -0.004867
v 0.023660 -0.029175 -0.007101
v 0.022985 -0.028325 -0.011457
v 0.021643 -0.027142 -0.016156
v 0.020115 -0.026967 -0.017890
v 0.021982 -0.028978 0.010699
v 0.020916 -0.027398 0.015786
v 0.021066 -0.030202 0.008361
v 0.020159 -0.028908 0.013589
v 0.018942 -0.026862 0.018655
v 0.019597 -0.025082 0.020590
v 0.021325 -0.025979 0.018021
v 0.022531 -0.027890 0.013025
v 0.023392 -0.029079 0.007880
v 0.022695 -0.029907 0.005333
v 0.015955 -0.019839 0.027770
v 0.014505 -0.014599 0.031473
v 0.016535 -0.017025 0.029326
v 0.015233 -0.011520 0.032465
v 0.014458 -0.006496 0.034218
v 0.013434 -0.008979 0.033957
v 0.012954 -0.004429 0.035048
v 0.014173 -0.002196 0.034862
v 0.015413 -0.004295 0.034326
v 0.015886 -0.008709 0.033223
v 0.016957 -0.014139 0.030762
v 0.018384 -0.019195 0.027072
v 0.018088 -0.021679 0.025144
v 0.000000 -0.019338 -0.032792
v -0.000000 -0.011773 -0.035735
v -0.000001 -0.014226 -0.035026
v -0.000000 -0.029169 -0.023669
v -0.000000 -0.032866 -0.017978
v 0.000000 -0.035579 -0.011936
v -0.000000 -0.037665 0.000161
v -0.000000 -0.002343 0.037514
v 0.000000 -0.024348 0.028715
v 0.000000 -0.018757 0.032587
v 0.000000 -0.012504 0.035403
v 0.000000 -0.006973 0.036949
v -0.000000 -0.036931 0.007155
v -0.000000 -0.035050 0.013563
v 0.000000 -0.032291 0.019240
v 0.000000 -0.028807 0.024267
v -0.000000 -0.021692 -0.031576
v 0.000000 -0.020401 -0.032108
v 0.030954 -0.020222 -0.007313
v 0.020383 -0.031417 -0.004846
v 0.024624 -0.029365 -0.000512
v 0.033186 -0.017140 -0.002510
v 0.034902 -0.012477 -0.002666
v 0.036067 -0.007541 -0.002759
v 0.036565 -0.003666 -0.002796
v 0.026889 -0.027105 -0.001198
v 0.027833 -0.026331 -0.001568
v 0.028631 -0.025243 -0.001825
v 0.029627 -0.023365 -0.002038
v 0.003728 -0.037467 0.000163
v 0.007232 -0.036922 0.000170
v 0.010523 -0.036083 0.000184
v 0.014012 -0.034859 0.000191
v 0.017387 -0.033354 0.000176
v 0.025580 -0.028488 -0.000771
v 0.026081 -0.027637 -0.000972
v 0.022986 -0.030191 -0.000146
v -0.000000 -0.037141 -0.006176
v 0.023889 -0.029630 -0.002806
v 0.021774 -0.030809 -0.002536
v 0.026366 -0.027272 -0.003558
v 0.025767 -0.027936 -0.003359
v 0.025111 -0.028856 -0.003147
v 0.001916 -0.037487 -0.003151
v 0.005617 -0.037100 -0.003095
v 0.009010 -0.036407 -0.002993
v 0.012398 -0.035378 -0.002848
v 0.018991 -0.032450 -0.002536
v 0.015879 -0.033995 -0.002676
v 0.028151 -0.025706 -0.004261
v 0.030312 -0.021969 -0.004731
v 0.028992 -0.024236 -0.004452
v 0.027289 -0.026638 -0.003911
v 0.036400 -0.001802 -0.005955
v 0.033912 -0.014660 -0.005490
v 0.035340 -0.009748 -0.005761
v 0.036122 -0.005393 -0.005905
v 0.032105 -0.018841 -0.005127
v -0.031124 -0.020942 0.003370
v -0.030432 -0.020579 0.008715
v -0.029357 -0.019708 0.013362
v -0.028256 -0.018577 0.017017
v -0.002292 -0.010563 -0.036021
v -0.006756 -0.010828 -0.035397
v -0.010880 -0.011319 -0.034230
v -0.015005 -0.012118 -0.032348
v -0.019246 -0.013233 -0.029568
v -0.023085 -0.014653 -0.025951
v -0.025187 -0.013932 -0.024315
v -0.025953 -0.010523 -0.025136
v -0.026464 -0.007100 -0.025769
v -0.026742 -0.003982 -0.026139
v -0.026859 -0.001245 -0.026297
v -0.027915 -0.017143 0.018950
v -0.028012 -0.013791 0.021174
v -0.028122 -0.009437 0.023133
v -0.028205 -0.005345 0.024296
v -0.028243 -0.001806 0.024728
v -0.026178 -0.016302 -0.021702
v -0.028533 -0.017967 -0.016829
v -0.030114 -0.019329 -0.011868
v -0.031294 -0.020786 -0.002294
v -0.032221 -0.019268 0.000494
v -0.034089 -0.015095 0.000519
v -0.035593 -0.010082 0.000571
v -0.036427 -0.005593 0.000606
v -0.036723 -0.001874 0.000619
v -0.026339 -0.019444 0.019517
v -0.027430 -0.018465 0.018478
v -0.028243 -0.025886 0.001034
v -0.027350 -0.026754 0.001336
v -0.023501 -0.019259 -0.022803
v -0.024283 -0.016855 -0.023467
v -0.024446 -0.020955 0.021002
v -0.025448 -0.020322 0.020411
v -0.030405 -0.022323 0.000569
v -0.029092 -0.024495 0.000776
v -0.022170 -0.022178 -0.022076
v -0.022912 -0.020938 -0.022448
v -0.001829 -0.037426 0.003654
v -0.005381 -0.037063 0.003611
v -0.008682 -0.036406 0.003538
v -0.012030 -0.035413 0.003424
v -0.015531 -0.034053 0.003259
v -0.018718 -0.032507 0.003041
v -0.014641 -0.024925 0.024232
v -0.011791 -0.025598 0.025035
v -0.008887 -0.026116 0.025670
v -0.006261 -0.026463 0.026088
v -0.003821 -0.026649 0.026354
v -0.001286 -0.026734 0.026505
v -0.015297 -0.022514 0.026066
v -0.013789 -0.017638 0.030247
v -0.012523 -0.011914 0.033355
v -0.011774 -0.006708 0.035093
v -0.011497 -0.002266 0.035730
v -0.019928 -0.031438 0.005807
v -0.019165 -0.030417 0.011378
v -0.018097 -0.028640 0.016607
v -0.016783 -0.026116 0.021478
v -0.018583 -0.027993 -0.017622
v -0.019466 -0.029372 -0.013820
v -0.020132 -0.030642 -0.009242
v -0.020345 -0.031751 0.000090
v -0.001837 -0.027188 -0.025992
v -0.005404 -0.027188 -0.025536
v -0.008672 -0.027161 -0.024704
v -0.011887 -0.027164 -0.023397
v -0.015029 -0.027208 -0.021579
v -0.017503 -0.027408 -0.019496
v -0.026346 -0.027262 0.001599
v -0.025720 -0.027843 0.001802
v -0.025113 -0.028822 0.002038
v -0.019930 -0.023224 0.022608
v -0.017511 -0.023995 0.023259
v -0.023857 -0.029651 0.002351
v -0.021625 -0.030846 0.002730
v -0.019689 -0.025903 -0.020105
v -0.018653 -0.027009 -0.019107
v -0.021323 -0.023097 -0.021515
v -0.020845 -0.023869 -0.021145
v -0.020469 -0.024930 -0.020823
v -0.018808 -0.024848 -0.022358
v -0.015756 -0.023935 -0.025575
v -0.012316 -0.023235 -0.027969
v -0.008914 -0.022727 -0.029528
v -0.005532 -0.022477 -0.030518
v -0.001872 -0.022320 -0.031034
v -0.024546 -0.029121 -0.005208
v -0.024104 -0.028483 -0.009422
v -0.023056 -0.027438 -0.014065
v -0.021282 -0.026105 -0.018557
v -0.021496 -0.024480 0.020196
v -0.022759 -0.026728 0.015399
v -0.023770 -0.028225 0.010321
v -0.024409 -0.029074 0.004968
v -0.016328 -0.002131 0.034358
v -0.016571 -0.006320 0.033680
v -0.017307 -0.011215 0.031953
v -0.018570 -0.016571 0.028900
v -0.020043 -0.021115 0.024741
v -0.023306 -0.021441 0.021357
v -0.022444 -0.021950 0.021738
v -0.021490 -0.022649 0.022267
v -0.035732 -0.005698 0.007623
v -0.034907 -0.010205 0.007339
v -0.033455 -0.015161 0.006853
v -0.035170 -0.003815 0.011048
v -0.034680 -0.007775 0.010776
v -0.033584 -0.012688 0.010176
v -0.032054 -0.017172 0.009383
v -0.033964 -0.005674 0.014122
v -0.033264 -0.010083 0.013528
v -0.032067 -0.014855 0.012545
v -0.032810 -0.003760 0.017349
v -0.032442 -0.007622 0.016866
v -0.031647 -0.012338 0.015820
v -0.030558 -0.016572 0.014472
v -0.031223 -0.005523 0.019935
v -0.030801 -0.009757 0.019016
v -0.030099 -0.014274 0.017504
v -0.036404 -0.003778 0.004165
v -0.035885 -0.007742 0.004072
v -0.034690 -0.012740 0.003860
v -0.032973 -0.017382 0.003581
v -0.031707 -0.019214 0.006332
v -0.030656 -0.018692 0.011505
v -0.029263 -0.017824 0.015914
v -0.028832 -0.015855 0.018521
v -0.029287 -0.011872 0.020417
v -0.029629 -0.007368 0.021868
v -0.029798 -0.003642 0.022532
v -0.031389 -0.001867 0.020279
v -0.034226 -0.001913 0.014345
v -0.036032 -0.001915 0.007726
v -0.004644 -0.002663 -0.037200
v -0.004641 -0.004723 -0.037006
v -0.004624 -0.006882 -0.036665
v -0.006904 -0.001661 -0.036921
v -0.006902 -0.003808 -0.036763
v -0.006885 -0.005837 -0.036504
v -0.006843 -0.008271 -0.036043
v -0.009088 -0.002783 -0.036388
v -0.009073 -0.004924 -0.036176
v -0.009028 -0.007169 -0.035808
v -0.011205 -0.001759 -0.035875
v -0.011187 -0.003997 -0.035702
v -0.011144 -0.006140 -0.035416
v -0.011046 -0.008686 -0.034916
v -0.013334 -0.002953 -0.035054
v -0.013289 -0.005225 -0.034818
v -0.013190 -0.007628 -0.034408
v -0.015611 -0.001914 -0.034177
v -0.015558 -0.004287 -0.033987
v -0.015460 -0.006644 -0.033656
v -0.015279 -0.009375 -0.033093
v -0.017904 -0.003214 -0.032934
v -0.017803 -0.005707 -0.032660
v -0.017623 -0.008379 -0.032178
v -0.020239 -0.002113 -0.031655
v -0.020147 -0.004673 -0.031436
v -0.019972 -0.007356 -0.031037
v -0.019676 -0.010345 -0.030383
v -0.022461 -0.003526 -0.029976
v -0.022297 -0.006308 -0.029647
v -0.021996 -0.009332 -0.029078
v -0.002334 -0.001604 -0.037474
v -0.002335 -0.003689 -0.037327
v -0.002330 -0.005663 -0.037082
v -0.002319 -0.008041 -0.036645
v -0.004587 -0.009400 -0.036120
v -0.008938 -0.009758 -0.035230
v -0.013017 -0.010343 -0.033778
v -0.017338 -0.011269 -0.031468
v -0.021530 -0.012451 -0.028289
v -0.023778 -0.011563 -0.026802
v -0.024279 -0.008251 -0.027532
v -0.024574 -0.005185 -0.028003
v -0.024721 -0.002386 -0.028252
v -0.022533 -0.001076 -0.030120
v -0.017953 -0.000959 -0.033060
v -0.013356 -0.000862 -0.035168
v -0.009094 -0.000799 -0.036493
v -0.004644 -0.000759 -0.037297
v -0.030355 -0.004466 -0.021622
v -0.029920 -0.007979 -0.021242
v -0.029127 -0.011851 -0.020596
v -0.032039 -0.003047 -0.019167
v -0.031698 -0.006462 -0.018914
v -0.030976 -0.010437 -0.018410
v -0.029854 -0.014497 -0.017662
v -0.033235 -0.004876 -0.016432
v -0.032644 -0.008765 -0.016081
v -0.031575 -0.013098 -0.015468
v -0.034441 -0.003315 -0.013916
v -0.034026 -0.006917 -0.013711
v -0.033099 -0.011348 -0.013271
v -0.031705 -0.015718 -0.012611
v -0.035088 -0.005158 -0.011280
v -0.034383 -0.009317 -0.011011
v -0.033099 -0.014014 -0.010525
v -0.028731 -0.002724 -0.024078
v -0.028491 -0.005838 -0.023814
v -0.028001 -0.009327 -0.023306
v -0.027197 -0.013014 -0.022548
v -0.028032 -0.015539 -0.019778
v -0.030180 -0.017039 -0.014683
v -0.031455 -0.018121 -0.009898
v -0.032737 -0.016558 -0.007843
v -0.034331 -0.011990 -0.008304
v -0.035401 -0.007244 -0.008608
v -0.035863 -0.003509 -0.008740
v -0.035344 -0.001709 -0.011380
v -0.033462 -0.001580 -0.016573
v -0.030532 -0.001415 -0.021784
v -0.026481 -0.024113 0.014031
v -0.027255 -0.025495 0.009160
v -0.025505 -0.023483 0.016584
v -0.026407 -0.025282 0.011775
v -0.027046 -0.026307 0.006767
v -0.025456 -0.024778 0.014369
v -0.026255 -0.026211 0.009445
v -0.027724 -0.026197 0.003941
v -0.026738 -0.026924 0.004220
v -0.024435 -0.022631 0.019021
v -0.025520 -0.022013 0.018584
v -0.017637 -0.019477 -0.027904
v -0.013799 -0.018452 -0.030522
v -0.010024 -0.017768 -0.032339
v -0.006221 -0.017384 -0.033505
v -0.019097 -0.020764 -0.025997
v -0.015481 -0.019693 -0.029025
v -0.011681 -0.018880 -0.031224
v -0.008020 -0.018407 -0.032641
v -0.004114 -0.018112 -0.033494
v -0.017011 -0.020815 -0.027269
v -0.013309 -0.019939 -0.029829
v -0.009654 -0.019341 -0.031582
v -0.005980 -0.018992 -0.032662
v -0.002111 -0.017175 -0.034117
v -0.002025 -0.018804 -0.033249
v -0.020314 -0.022002 -0.023827
v -0.021104 -0.020791 -0.024366
v -0.021875 -0.005585 0.030933
v -0.022397 -0.009951 0.029396
v -0.023297 -0.014771 0.026626
v -0.021067 -0.003775 0.031732
v -0.021407 -0.007720 0.030767
v -0.022175 -0.012617 0.028549
v -0.023252 -0.017220 0.025191
v -0.020488 -0.005717 0.031729
v -0.021055 -0.010240 0.030151
v -0.022042 -0.015215 0.027290
v -0.024415 -0.018942 0.022839
v -0.023252 -0.019485 0.023399
v -0.020262 -0.001917 0.032274
v -0.021694 -0.001877 0.031504
v -0.027013 -0.025195 -0.010596
v -0.025813 -0.023933 -0.015342
v -0.026886 -0.026113 -0.008269
v -0.026049 -0.025148 -0.012704
v -0.024467 -0.023723 -0.017586
v -0.026062 -0.026124 -0.010234
v -0.024861 -0.024948 -0.014914
v -0.023849 -0.022349 -0.020114
v -0.022940 -0.023466 -0.019644
v -0.026626 -0.026800 -0.005958
v -0.027589 -0.025963 -0.006351
v -0.028661 -0.022064 -0.011228
v -0.027286 -0.020699 -0.016091
v -0.028532 -0.023611 -0.008823
v -0.027602 -0.022557 -0.013352
v -0.025891 -0.020977 -0.018316
v -0.027754 -0.024026 -0.010863
v -0.026491 -0.022715 -0.015653
v -0.029781 -0.021283 -0.009265
v -0.028714 -0.020179 -0.013902
v -0.026837 -0.018575 -0.018946
v -0.025175 -0.018982 -0.020918
v -0.024475 -0.021055 -0.020421
v -0.025263 -0.022582 -0.017960
v -0.026895 -0.024097 -0.013043
v -0.027744 -0.025119 -0.008575
v -0.028369 -0.024826 -0.006594
v -0.029370 -0.022905 -0.006841
v -0.025214 -0.005272 0.027594
v -0.025454 -0.009345 0.026254
v -0.025911 -0.013788 0.023896
v -0.023965 -0.003568 0.029140
v -0.024182 -0.007236 0.028255
v -0.024702 -0.011782 0.026267
v -0.025462 -0.016057 0.023275
v -0.023148 -0.005409 0.029734
v -0.023595 -0.009615 0.028273
v -0.024377 -0.014287 0.025640
v -0.026634 -0.003543 0.026370
v -0.026680 -0.007177 0.025580
v -0.026820 -0.011603 0.023820
v -0.027059 -0.015598 0.021340
v -0.026517 -0.017482 0.020743
v -0.025362 -0.018311 0.022039
v -0.024341 -0.016699 0.024446
v -0.023370 -0.012210 0.027689
v -0.022670 -0.007488 0.029818
v -0.022373 -0.003682 0.030771
v -0.023002 -0.001826 0.030287
v -0.025133 -0.001781 0.028091
v -0.018683 -0.015785 -0.028778
v -0.014595 -0.014621 -0.031543
v -0.010604 -0.013810 -0.033435
v -0.006597 -0.013324 -0.034650
v -0.020269 -0.017637 -0.026790
v -0.016392 -0.016306 -0.029937
v -0.012344 -0.015296 -0.032197
v -0.008515 -0.014719 -0.033735
v -0.004386 -0.014375 -0.034727
v -0.018114 -0.017936 -0.028258
v -0.014128 -0.016764 -0.030880
v -0.010269 -0.016008 -0.032726
v -0.006401 -0.015615 -0.034016
v -0.020917 -0.015237 -0.027440
v -0.016924 -0.013946 -0.030655
v -0.012743 -0.012948 -0.033007
v -0.008770 -0.012310 -0.034496
v -0.004507 -0.011918 -0.035417
v -0.002240 -0.013051 -0.035292
v -0.002176 -0.015380 -0.034674
v -0.004261 -0.016406 -0.034182
v -0.008278 -0.016706 -0.033217
v -0.012017 -0.017218 -0.031703
v -0.015943 -0.018163 -0.029506
v -0.019720 -0.019413 -0.026434
v -0.021690 -0.019398 -0.024673
v -0.022322 -0.017270 -0.025160
v -0.028104 -0.021851 0.013124
v -0.028975 -0.023024 0.008530
v -0.027206 -0.021721 0.015509
v -0.028075 -0.023396 0.011016
v -0.028774 -0.024232 0.006156
v -0.027276 -0.023268 0.013587
v -0.028054 -0.024586 0.008825
v -0.028211 -0.020166 0.015150
v -0.029198 -0.021492 0.010903
v -0.030021 -0.022177 0.006038
v -0.029549 -0.023463 0.003392
v -0.028540 -0.025194 0.003656
v -0.027946 -0.025483 0.006476
v -0.027324 -0.024518 0.011430
v -0.026442 -0.022774 0.016137
v -0.026359 -0.021244 0.017976
v -0.027242 -0.020055 0.017155
v -0.015296 -0.029673 -0.017604
v -0.012101 -0.030211 -0.018939
v -0.008860 -0.030624 -0.019927
v -0.005531 -0.030919 -0.020558
v -0.016982 -0.030370 -0.014625
v -0.013918 -0.031234 -0.015755
v -0.010586 -0.031930 -0.016745
v -0.007321 -0.032424 -0.017408
v -0.003780 -0.032751 -0.017825
v -0.015716 -0.031815 -0.012647
v -0.012381 -0.032812 -0.013538
v -0.009045 -0.033555 -0.014210
v -0.005643 -0.034062 -0.014647
v -0.017403 -0.031980 -0.009795
v -0.014183 -0.033227 -0.010504
v -0.010751 -0.034245 -0.011129
v -0.007429 -0.034951 -0.011559
v -0.003840 -0.035413 -0.011833
v -0.015920 -0.033242 -0.007699
v -0.012492 -0.034507 -0.008206
v -0.009110 -0.035450 -0.008603
v -0.005689 -0.036087 -0.008868
v -0.016482 -0.028328 -0.018909
v -0.013581 -0.028575 -0.020586
v -0.010340 -0.028810 -0.021975
v -0.007154 -0.028999 -0.022887
v -0.003693 -0.029132 -0.023460
v -0.001885 -0.031081 -0.020905
v -0.001923 -0.034342 -0.014887
v -0.001943 -0.036442 -0.009019
v -0.003838 -0.036946 -0.006119
v -0.007419 -0.036409 -0.005973
v -0.010748 -0.035588 -0.005747
v -0.014226 -0.034402 -0.005434
v -0.017536 -0.032957 -0.005093
v -0.018939 -0.031830 -0.007214
v -0.018591 -0.030679 -0.011800
v -0.017930 -0.029052 -0.016326
v -0.009412 -0.006824 0.035773
v -0.010072 -0.012151 0.034087
v -0.011176 -0.018058 0.031049
v -0.008153 -0.004589 0.036423
v -0.008528 -0.009350 0.035386
v -0.009355 -0.015281 0.033031
v -0.010497 -0.020943 0.029462
v -0.007193 -0.006891 0.036263
v -0.007720 -0.012304 0.034631
v -0.008622 -0.018346 0.031675
v -0.006029 -0.004622 0.036825
v -0.006317 -0.009436 0.035819
v -0.006958 -0.015464 0.033527
v -0.007866 -0.021267 0.030033
v -0.005156 -0.006935 0.036598
v -0.005548 -0.012407 0.035006
v -0.006228 -0.018553 0.032111
v -0.004192 -0.004643 0.037077
v -0.004401 -0.009487 0.036092
v -0.004860 -0.015581 0.033843
v -0.005512 -0.021485 0.030401
v -0.003432 -0.006958 0.036795
v -0.003699 -0.012465 0.035228
v -0.004153 -0.018675 0.032373
v -0.002541 -0.004654 0.037223
v -0.002669 -0.009513 0.036251
v -0.002948 -0.015645 0.034029
v -0.003343 -0.021603 0.030629
v -0.001734 -0.006970 0.036909
v -0.001868 -0.012495 0.035358
v -0.002094 -0.018738 0.032531
v -0.010382 -0.004540 0.035866
v -0.010828 -0.009225 0.034796
v -0.011816 -0.015031 0.032363
v -0.013155 -0.020501 0.028714
v -0.012531 -0.023171 0.026934
v -0.009749 -0.023651 0.027635
v -0.007079 -0.024005 0.028135
v -0.004742 -0.024213 0.028444
v -0.002399 -0.024315 0.028645
v -0.001120 -0.021655 0.030752
v -0.000988 -0.015674 0.034126
v -0.000896 -0.009524 0.036333
v -0.000853 -0.004659 0.037297
v -0.001682 -0.002342 0.037477
v -0.003331 -0.002338 0.037369
v -0.005010 -0.002331 0.037182
v -0.006999 -0.002318 0.036862
v -0.009169 -0.002299 0.036392
v -0.014882 -0.033190 0.009473
v -0.011428 -0.034388 0.009892
v -0.008182 -0.035231 0.010189
v -0.005037 -0.035772 0.010374
v -0.016128 -0.031807 0.012059
v -0.012780 -0.033027 0.012624
v -0.009443 -0.033953 0.013060
v -0.006402 -0.034551 0.013335
v -0.003264 -0.034921 0.013503
v -0.014034 -0.031484 0.015107
v -0.010696 -0.032459 0.015680
v -0.007612 -0.033122 0.016071
v -0.004667 -0.033535 0.016309
v -0.015110 -0.029802 0.017425
v -0.011891 -0.030768 0.018128
v -0.008730 -0.031479 0.018656
v -0.005891 -0.031930 0.018975
v -0.002994 -0.032197 0.019173
v -0.012969 -0.028949 0.020357
v -0.009827 -0.029674 0.021012
v -0.006954 -0.030164 0.021443
v -0.004248 -0.030457 0.021705
v -0.016896 -0.033001 0.006225
v -0.013500 -0.034420 0.006565
v -0.010053 -0.035540 0.006831
v -0.006858 -0.036287 0.007003
v -0.003514 -0.036762 0.007113
v -0.001704 -0.036063 0.010476
v -0.001574 -0.033753 0.016436
v -0.001430 -0.030604 0.021849
v -0.002710 -0.028748 0.024193
v -0.005339 -0.028579 0.023975
v -0.007937 -0.028261 0.023643
v -0.010874 -0.027742 0.023097
v -0.013893 -0.027032 0.022353
v -0.015998 -0.028017 0.019565
v -0.017182 -0.030302 0.014399
v -0.018087 -0.031782 0.008962
v -0.020041 -0.018681 0.026705
v -0.018711 -0.013753 0.030333
v -0.017719 -0.008457 0.032710
v -0.017317 -0.004160 0.033849
v -0.019984 -0.016048 0.028351
v -0.018849 -0.010846 0.031353
v -0.018207 -0.006092 0.033074
v -0.021106 -0.018077 0.026088
v -0.019888 -0.013269 0.029624
v -0.019006 -0.008132 0.031977
v -0.018637 -0.003992 0.033066
v -0.020918 -0.015535 0.027675
v -0.019871 -0.010458 0.030612
v -0.019276 -0.005858 0.032269
v -0.017981 -0.002052 0.033721
v -0.019039 -0.001970 0.032843
v -0.019700 -0.003859 0.032351
v -0.020069 -0.007892 0.031360
v -0.020890 -0.012917 0.029066
v -0.022048 -0.017636 0.025627
v -0.022183 -0.019888 0.023706
v -0.021339 -0.020478 0.024266
v -0.024728 -0.028334 0.007561
v -0.023932 -0.027197 0.012687
v -0.022828 -0.025377 0.017684
v -0.024827 -0.027428 0.009990
v -0.023909 -0.025983 0.015013
v -0.025434 -0.027461 0.007256
v -0.024737 -0.026401 0.012312
v -0.023701 -0.024592 0.017217
v -0.025419 -0.026689 0.009673
v -0.024570 -0.025253 0.014613
v -0.022711 -0.023780 0.019769
v -0.023451 -0.023086 0.019287
v -0.024462 -0.024011 0.016877
v -0.025420 -0.025834 0.012028
v -0.026077 -0.026874 0.007008
v -0.025879 -0.027365 0.004430
v -0.025369 -0.028179 0.004682
v -0.022652 -0.026328 -0.016617
v -0.024127 -0.027598 -0.011850
v -0.024873 -0.028412 -0.007455
v -0.023757 -0.026528 -0.014375
v -0.024902 -0.027609 -0.009727
v -0.023051 -0.025314 -0.016833
v -0.024624 -0.026676 -0.012072
v -0.025424 -0.027479 -0.007687
v -0.024116 -0.025612 -0.014543
v -0.025324 -0.026758 -0.009928
v -0.025401 -0.028157 -0.005471
v -0.025810 -0.027288 -0.005671
v -0.025967 -0.026808 -0.007922
v -0.025140 -0.025940 -0.012313
v -0.023546 -0.024558 -0.017107
v -0.022203 -0.024143 -0.019179
v -0.021881 -0.025092 -0.018972
v -0.003782 -0.021768 -0.031308
v -0.007382 -0.021969 -0.030546
v -0.010728 -0.022324 -0.029299
v -0.014270 -0.022983 -0.027316
v -0.017620 -0.023783 -0.024440
v -0.005687 -0.021207 -0.031308
v -0.009161 -0.021477 -0.030305
v -0.012627 -0.021993 -0.028689
v -0.016183 -0.022748 -0.026239
v -0.003854 -0.020484 -0.031832
v -0.007526 -0.020714 -0.031057
v -0.010937 -0.021088 -0.029760
v -0.014548 -0.021774 -0.027730
v -0.017978 -0.022650 -0.024838
v -0.005779 -0.020031 -0.031740
v -0.009316 -0.020334 -0.030702
v -0.012849 -0.020884 -0.029042
v -0.016466 -0.021692 -0.026573
v -0.019343 -0.023748 -0.022937
v -0.019666 -0.022767 -0.023237
v -0.018398 -0.021789 -0.025308
v -0.014907 -0.020841 -0.028245
v -0.011220 -0.020111 -0.030345
v -0.007707 -0.019698 -0.031691
v -0.003948 -0.019432 -0.032498
v -0.001955 -0.019850 -0.032276
v -0.001922 -0.021059 -0.031837
v -0.005366 -0.023974 -0.028924
v -0.008658 -0.024177 -0.027924
v -0.011997 -0.024566 -0.026371
v -0.015260 -0.025112 -0.024137
v -0.003613 -0.025365 -0.027778
v -0.007037 -0.025439 -0.027045
v -0.010229 -0.025605 -0.025885
v -0.013559 -0.025872 -0.024113
v -0.016463 -0.026295 -0.021809
v -0.018014 -0.025895 -0.021250
v -0.017007 -0.024858 -0.023511
v -0.013878 -0.024120 -0.026241
v -0.010408 -0.023533 -0.028189
v -0.007140 -0.023183 -0.029435
v -0.003656 -0.023001 -0.030224
v -0.001815 -0.023815 -0.029461
v -0.021627 -0.028244 -0.013710
v -0.022569 -0.029314 -0.009110
v -0.020026 -0.028134 -0.015846
v -0.021090 -0.029415 -0.011354
v -0.021633 -0.030347 -0.006959
v -0.022961 -0.029985 -0.004876
v -0.023716 -0.029234 -0.007113
v -0.023042 -0.028391 -0.011483
v -0.021679 -0.027183 -0.016178
v -0.020130 -0.026984 -0.017898
v -0.021975 -0.028967 0.010695
v -0.020905 -0.027393 0.015783
v -0.021061 -0.030195 0.008360
v -0.020153 -0.028904 0.013587
v -0.018930 -0.026858 0.018649
v -0.019575 -0.025067 0.020570
v -0.021323 -0.025987 0.018023
v -0.022513 -0.027865 0.013014
v -0.023387 -0.029062 0.007877
v -0.022684 -0.029888 0.005331
v -0.015967 -0.019851 0.027791
v -0.014508 -0.014600 0.031477
v -0.016553 -0.017042 0.029359
v -0.015233 -0.011518 0.032468
v -0.014459 -0.006496 0.034220
v -0.013433 -0.008978 0.033956
v -0.012954 -0.004429 0.035049
v -0.014179 -0.002196 0.034872
v -0.015425 -0.004295 0.034342
v -0.015886 -0.008708 0.033228
v -0.016965 -0.014145 0.030791
v -0.018407 -0.019223 0.027121
v -0.018088 -0.021679 0.025153
v -0.030950 -0.020219 -0.007312
v -0.020394 -0.031433 -0.004848
v -0.024637 -0.029341 -0.000514
v -0.033187 -0.017140 -0.002510
v -0.034900 -0.012476 -0.002666
v -0.036065 -0.007540 -0.002759
v -0.036565 -0.003666 -0.002796
v -0.026843 -0.027082 -0.001194
v -0.027830 -0.026336 -0.001568
v -0.028639 -0.025251 -0.001825
v -0.029666 -0.023394 -0.002037
v -0.003728 -0.037467 0.000163
v -0.007232 -0.036922 0.000170
v -0.010523 -0.036083 0.000184
v -0.014012 -0.034859 0.000191
v -0.017387 -0.033354 0.000176
v -0.025532 -0.028349 -0.000756
v -0.025955 -0.027471 -0.000958
v -0.023006 -0.030216 -0.000150
v -0.023948 -0.029689 -0.002812
v -0.021801 -0.030851 -0.002540
v -0.026276 -0.027185 -0.003545
v -0.025694 -0.027784 -0.003331
v -0.025148 -0.028814 -0.003132
v -0.001916 -0.037487 -0.003151
v -0.005617 -0.037100 -0.003095
v -0.009010 -0.036407 -0.002993
v -0.012398 -0.035378 -0.002848
v -0.018992 -0.032452 -0.002536
v -0.015879 -0.033995 -0.002676
v -0.028151 -0.025707 -0.004262
v -0.030313 -0.021970 -0.004729
v -0.028992 -0.024237 -0.004450
v -0.027276 -0.026642 -0.003910
v -0.036400 -0.001802 -0.005955
v -0.033911 -0.014660 -0.005490
v -0.035339 -0.009747 -0.005761
v -0.036122 -0.005393 -0.005905
v -0.032105 -0.018841 -0.005127
v 0.033875 0.015177 0.003722
v 0.032036 0.019301 0.003455
v 0.028584 0.017402 0.017623
v 0.034987 0.005704 0.010946
v 0.032851 0.015053 0.009787
v 0.031230 0.019001 0.009005
v 0.032096 0.009935 0.016407
v 0.032671 0.005610 0.017168
v 0.031124 0.014580 0.015156
v 0.029967 0.018275 0.013838
v 0.035374 0.010175 0.003979
v 0.029732 0.005430 0.022283
v 0.006896 0.004812 -0.036652
v 0.029480 0.009583 0.021233
v 0.029070 0.013995 0.019489
v 0.028636 0.004228 -0.023973
v 0.029838 0.001836 0.022677
v 0.032892 0.001895 0.017454
v 0.035275 0.001920 0.011107
v 0.036514 0.001899 0.004185
v 0.006904 0.002716 -0.036855
v 0.006868 0.007006 -0.036300
v 0.006807 0.009553 -0.035740
v 0.011171 0.005056 -0.035579
v 0.011197 0.002858 -0.035802
v 0.011102 0.007368 -0.035194
v 0.010974 0.010013 -0.034592
v 0.015517 0.005447 -0.033845
v 0.015588 0.003076 -0.034098
v 0.015381 0.007972 -0.033404
v 0.015157 0.010768 -0.032736
v 0.020073 0.005989 -0.031265
v 0.019840 0.008829 -0.030739
v 0.019479 0.011825 -0.029986
v 0.002333 0.004666 -0.037222
v 0.024663 0.003740 -0.028152
v 0.031391 0.008397 -0.018696
v 0.024449 0.006683 -0.027800
v 0.024055 0.009900 -0.027193
v 0.002334 0.000748 -0.037506
v 0.002335 0.002628 -0.037412
v 0.002326 0.006803 -0.036888
v 0.002308 0.009302 -0.036352
v 0.023450 0.013161 -0.026382
v 0.024754 0.001157 -0.028304
v 0.020261 0.001013 -0.031701
v 0.020725 0.021444 -0.024133
v 0.015624 0.000908 -0.034217
v 0.011210 0.000826 -0.035912
v 0.006906 0.000776 -0.036956
v 0.027635 0.011181 -0.022949
v 0.026702 0.014731 -0.022127
v 0.032236 0.019102 -0.002410
v 0.031908 0.004686 -0.019068
v 0.030454 0.012504 -0.018058
v 0.029200 0.016323 -0.017244
v 0.033631 0.009066 -0.013523
v 0.034285 0.005030 -0.013838
v 0.032445 0.013599 -0.012961
v 0.030913 0.017633 -0.012238
v 0.028283 0.007540 -0.023594
v 0.036382 0.005501 -0.002783
v 0.021750 0.010110 0.029832
v 0.035570 0.009934 -0.002721
v 0.034092 0.014913 -0.002596
v 0.025003 0.022352 0.018834
v 0.036669 0.001841 -0.002804
v 0.034529 0.001650 -0.013961
v 0.032112 0.001500 -0.019222
v 0.028783 0.001331 -0.024135
v 0.025987 0.024478 0.014220
v 0.026770 0.025882 0.009313
v 0.027256 0.026597 0.004088
v 0.027369 0.026758 -0.001379
v 0.024973 0.025012 0.014485
v 0.025807 0.026458 0.009560
v 0.026323 0.027191 0.004331
v 0.021612 0.025573 -0.018778
v 0.017356 0.020219 -0.027655
v 0.021990 0.018423 -0.024879
v 0.013589 0.019284 -0.030263
v 0.009856 0.018632 -0.032039
v 0.006104 0.018243 -0.033131
v 0.016707 0.021283 -0.026890
v 0.001815 0.025285 -0.027945
v 0.013053 0.020448 -0.029399
v 0.009459 0.019868 -0.031086
v 0.005863 0.019543 -0.032144
v 0.002070 0.018039 -0.033724
v 0.002000 0.019374 -0.032713
v 0.021185 0.005653 0.031357
v 0.022686 0.015008 0.027001
v 0.023855 0.019232 0.023158
v 0.024404 0.009449 0.027400
v 0.019836 0.005778 0.031980
v 0.021446 0.015373 0.027480
v 0.022682 0.019686 0.023552
v 0.019598 0.001939 0.032528
v 0.020962 0.001894 0.031888
v 0.026541 0.025692 -0.010421
v 0.025349 0.024476 -0.015138
v 0.023411 0.022949 -0.019899
v 0.029097 0.024427 -0.001929
v 0.025608 0.026417 -0.010053
v 0.024408 0.025269 -0.014693
v 0.022501 0.023807 -0.019370
v 0.019552 0.027933 0.016131
v 0.026169 0.023376 -0.015499
v 0.029338 0.020798 -0.011519
v 0.027862 0.019414 -0.016428
v 0.025650 0.017712 -0.021286
v 0.024180 0.021751 -0.020264
v 0.028154 0.023154 -0.011016
v 0.026830 0.021805 -0.015833
v 0.024783 0.020111 -0.020625
v 0.030421 0.022201 -0.002165
v 0.027398 0.024671 -0.010734
v 0.028244 0.025863 -0.001713
v 0.026795 0.020703 0.017569
v 0.023827 0.014536 0.026191
v 0.026648 0.005284 0.026074
v 0.026913 0.013705 0.022634
v 0.027198 0.017194 0.019921
v 0.024904 0.018657 0.022490
v 0.024035 0.005319 0.028799
v 0.025040 0.013996 0.024869
v 0.025887 0.017885 0.021442
v 0.026738 0.009347 0.024816
v 0.022984 0.009787 0.028919
v 0.008889 0.012233 0.034379
v 0.022468 0.005498 0.030397
v 0.022278 0.001851 0.030927
v 0.002142 0.016304 -0.034383
v 0.023905 0.001797 0.029314
v 0.026623 0.001785 0.026539
v 0.018978 0.014552 -0.029155
v 0.017925 0.018802 -0.028164
v 0.014820 0.013408 -0.031950
v 0.010759 0.012591 -0.033844
v 0.006685 0.012085 -0.035021
v 0.018416 0.016960 -0.028527
v 0.022698 0.016016 -0.025530
v 0.014403 0.015810 -0.031286
v 0.010467 0.015016 -0.033152
v 0.006502 0.014531 -0.034316
v 0.002268 0.011809 -0.035650
v 0.002205 0.014259 -0.034936
v 0.006318 0.016547 -0.033790
v 0.010190 0.016989 -0.032664
v 0.014030 0.017727 -0.030846
v 0.021421 0.020156 -0.024537
v 0.018276 0.029894 -0.014149
v 0.027678 0.025089 0.009001
v 0.028689 0.020876 0.013122
v 0.029618 0.021891 0.008541
v 0.030256 0.022301 0.003343
v 0.028143 0.025755 0.003800
v 0.027649 0.022645 0.013320
v 0.028442 0.023892 0.008639
v 0.028974 0.024417 0.003506
v 0.027782 0.019403 0.016923
v 0.036213 0.005661 0.004130
v 0.026917 0.023745 0.013833
v 0.025982 0.021685 0.018328
v 0.015112 0.028444 -0.019760
v 0.015746 0.034127 0.000189
v 0.011964 0.028697 -0.021335
v 0.008756 0.028910 -0.022483
v 0.005465 0.029074 -0.023212
v 0.015516 0.030817 -0.015181
v 0.018807 0.031323 -0.009481
v 0.012252 0.031607 -0.016287
v 0.008962 0.032200 -0.017114
v 0.005592 0.032610 -0.017646
v 0.015850 0.032621 -0.010147
v 0.017630 0.028218 -0.018118
v 0.012461 0.033774 -0.010838
v 0.009096 0.034632 -0.011367
v 0.005677 0.035214 -0.011715
v 0.010548 0.006778 0.035467
v 0.018900 0.032565 0.000148
v 0.012249 0.035518 0.000189
v 0.008874 0.036545 0.000177
v 0.005518 0.037232 0.000165
v 0.001861 0.029160 -0.023614
v 0.015236 0.033735 0.006404
v 0.001906 0.032837 -0.017938
v 0.001937 0.035537 -0.011909
v 0.001879 0.037614 0.000161
v 0.012455 0.017874 0.030675
v 0.013900 0.022877 0.026526
v 0.001203 0.024340 0.028698
v 0.008293 0.006860 0.036036
v 0.009895 0.018213 0.031383
v 0.011144 0.023429 0.027308
v 0.006595 0.012362 0.034840
v 0.006137 0.006916 0.036450
v 0.007387 0.018460 0.031917
v 0.008378 0.023846 0.027913
v 0.004600 0.012441 0.035132
v 0.004271 0.006949 0.036710
v 0.005167 0.018623 0.032259
v 0.005886 0.024126 0.028307
v 0.002791 0.012483 0.035303
v 0.002590 0.006965 0.036861
v 0.003131 0.018713 0.032464
v 0.003581 0.024274 0.028558
v 0.011260 0.012053 0.033753
v 0.017669 0.031141 0.011733
v 0.008073 0.002309 0.036646
v 0.001049 0.018753 0.032573
v 0.000936 0.012502 0.035391
v 0.020789 0.020816 0.024551
v 0.000869 0.006972 0.036939
v 0.000843 0.002343 0.037504
v 0.002513 0.002341 0.037431
v 0.004147 0.002335 0.037289
v 0.005967 0.002325 0.037041
v 0.010285 0.002287 0.036097
v 0.012397 0.027410 0.022745
v 0.011751 0.035027 0.006710
v 0.008445 0.035954 0.006927
v 0.005216 0.036558 0.007065
v 0.014484 0.032442 0.012356
v 0.016617 0.029250 0.017031
v 0.011079 0.033534 0.012862
v 0.007906 0.034287 0.013215
v 0.004856 0.034763 0.013431
v 0.013522 0.030311 0.017793
v 0.018442 0.032242 0.006027
v 0.010275 0.031159 0.018418
v 0.007291 0.031732 0.018836
v 0.004460 0.032084 0.019088
v 0.015974 0.023319 -0.025947
v 0.015340 0.026607 0.021937
v 0.009369 0.028028 0.023400
v 0.006615 0.028443 0.023829
v 0.004040 0.028679 0.024098
v 0.001768 0.036888 0.007143
v 0.025037 0.028736 0.004826
v 0.001640 0.035017 0.013548
v 0.001503 0.032266 0.019223
v 0.001360 0.028791 0.024248
v 0.018170 0.011055 0.031701
v 0.021786 0.020162 0.023975
v 0.017457 0.006218 0.033418
v 0.017188 0.002094 0.034028
v 0.019388 0.016350 0.028682
v 0.019395 0.010639 0.030964
v 0.020425 0.010341 0.030380
v 0.018774 0.005970 0.032664
v 0.018517 0.002009 0.033236
v 0.023416 0.026386 0.015216
v 0.020489 0.015784 0.027995
v 0.025166 0.027057 0.009835
v 0.024409 0.027889 0.010179
v 0.022149 0.024106 0.019977
v 0.025722 0.027832 0.004557
v 0.024256 0.025590 0.014794
v 0.023069 0.023375 0.019488
v 0.023898 0.022849 0.019145
v 0.024482 0.027967 -0.009558
v 0.023867 0.025981 -0.014424
v 0.023384 0.026900 -0.014192
v 0.024996 0.028613 -0.005350
v 0.022007 0.024549 -0.019049
v 0.025033 0.027081 -0.009799
v 0.025844 0.027976 -0.000857
v 0.026434 0.027348 -0.001063
v 0.009053 0.022112 -0.029992
v 0.005727 0.020578 -0.031493
v 0.005619 0.021850 -0.030974
v 0.012468 0.022591 -0.028376
v 0.019118 0.024300 -0.022704
v 0.016314 0.022172 -0.026388
v 0.001901 0.021703 -0.031489
v 0.009229 0.020863 -0.030474
v 0.012726 0.021392 -0.028843
v 0.019486 0.023199 -0.023068
v 0.019934 0.022395 -0.023493
v 0.008765 0.023325 -0.028876
v 0.001951 0.020431 -0.032028
v 0.011895 0.025710 -0.025059
v 0.015081 0.026040 -0.023010
v 0.017668 0.026612 -0.020483
v 0.020565 0.028735 -0.013656
v 0.005430 0.023061 -0.029857
v 0.012119 0.023761 -0.027264
v 0.034207 0.010175 0.010514
v 0.015472 0.024418 -0.024925
v 0.001834 0.022883 -0.030381
v 0.021388 0.029888 -0.009098
v 0.018414 0.025335 -0.021867
v 0.020721 0.026473 -0.018203
v 0.021734 0.030619 -0.004812
v 0.019378 0.027501 -0.017606
v 0.020655 0.029644 0.011014
v 0.013903 0.011722 0.032894
v 0.022345 0.027699 -0.013806
v 0.023374 0.028763 -0.009206
v 0.023822 0.029451 -0.005018
v 0.023705 0.029475 0.005136
v 0.018226 0.025527 0.020967
v 0.021399 0.030614 0.005566
v 0.015214 0.017348 0.029780
v 0.023014 0.028567 0.010492
v 0.021931 0.026986 0.015528
v 0.020618 0.024688 0.020313
v 0.019201 0.021399 0.024937
v 0.013132 0.006605 0.034642
v 0.012847 0.002233 0.035283
v 0.016760 0.022102 0.025590
v 0.017689 0.016823 0.029126
v 0.015590 0.006409 0.033920
v 0.016372 0.011373 0.032199
v 0.015311 0.002164 0.034559
v 0.008630 0.025505 -0.026528
v 0.020202 0.003357 -0.031566
v 0.005359 0.025381 -0.027440
v 0.023956 0.029756 -0.000329
v 0.021760 0.030921 -0.000005
v 0.026187 0.027063 -0.005797
v 0.025593 0.027678 -0.005567
v 0.025209 0.028935 -0.000644
v 0.001937 0.037091 -0.006161
v 0.005672 0.036714 -0.006056
v 0.009085 0.036039 -0.005871
v 0.012475 0.035039 -0.005599
v 0.019001 0.032203 -0.004948
v 0.015933 0.033698 -0.005261
v 0.027991 0.025465 -0.006491
v 0.030119 0.021679 -0.007057
v 0.028828 0.023985 -0.006702
v 0.027126 0.026426 -0.006160
v 0.035960 0.001759 -0.008767
v 0.033581 0.014363 -0.008089
v 0.034946 0.009542 -0.008479
v 0.035693 0.005278 -0.008690
v 0.031846 0.018517 -0.007580
v -0.033875 0.015177 0.003722
v -0.032031 0.019306 0.003456
v -0.028584 0.017405 0.017625
v -0.034987 0.005704 0.010946
v -0.032851 0.015053 0.009787
v -0.031227 0.019003 0.009007
v -0.032096 0.009935 0.016407
v -0.032671 0.005610 0.017168
v -0.031124 0.014581 0.015156
v -0.029966 0.018278 0.013841
v -0.035374 0.010175 0.003980
v -0.029732 0.005430 0.022283
v -0.006895 0.004812 -0.036650
v -0.029479 0.009583 0.021233
v -0.029069 0.013995 0.019490
v -0.028636 0.004228 -0.023973
v -0.029837 0.001836 0.022676
v -0.032891 0.001895 0.017454
v -0.035275 0.001920 0.011107
v -0.036513 0.001899 0.004185
v -0.006904 0.002716 -0.036854
v -0.006867 0.007005 -0.036296
v -0.006806 0.009552 -0.035735
v -0.011170 0.005056 -0.035578
v -0.011197 0.002858 -0.035802
v -0.011102 0.007367 -0.035191
v -0.010974 0.010012 -0.034589
v -0.015517 0.005447 -0.033845
v -0.015588 0.003076 -0.034098
v -0.015380 0.007972 -0.033403
v -0.015156 0.010768 -0.032735
v -0.020073 0.005989 -0.031265
v -0.019840 0.008829 -0.030739
v -0.019479 0.011825 -0.029986
v -0.002333 0.004666 -0.037220
v -0.024663 0.003740 -0.028152
v -0.031391 0.008397 -0.018696
v -0.024449 0.006683 -0.027800
v -0.024055 0.009900 -0.027193
v -0.002334 0.000748 -0.037506
v -0.002335 0.002628 -0.037411
v -0.002326 0.006803 -0.036886
v -0.002308 0.009302 -0.036350
v -0.023452 0.013162 -0.026384
v -0.024754 0.001157 -0.028304
v -0.020261 0.001013 -0.031701
v -0.020732 0.021446 -0.024135
v -0.015624 0.000908 -0.034217
v -0.011210 0.000826 -0.035912
v -0.006906 0.000776 -0.036956
v -0.027635 0.011181 -0.022949
v -0.026706 0.014734 -0.022130
v -0.032233 0.019108 -0.002409
v -0.031908 0.004686 -0.019067
v -0.030454 0.012504 -0.018057
v -0.029201 0.016327 -0.017245
v -0.033630 0.009066 -0.013523
v -0.034285 0.005029 -0.013838
v -0.032445 0.013599 -0.012961
v -0.030909 0.017638 -0.012236
v -0.028283 0.007540 -0.023594
v -0.036382 0.005501 -0.002783
v -0.021744 0.010110 0.029825
v -0.035570 0.009934 -0.002721
v -0.034092 0.014913 -0.002596
v -0.024983 0.022333 0.018818
v -0.036669 0.001841 -0.002804
v -0.034528 0.001650 -0.013961
v -0.032111 0.001500 -0.019222
v -0.028783 0.001331 -0.024135
v -0.025977 0.024466 0.014214
v -0.026767 0.025880 0.009312
v -0.027251 0.026598 0.004091
v -0.027362 0.026766 -0.001299
v -0.024967 0.025005 0.014482
v -0.025799 0.026444 0.009556
v -0.026302 0.027155 0.004334
v -0.021612 0.025572 -0.018778
v -0.017337 0.020194 -0.027624
v -0.021974 0.018409 -0.024860
v -0.013577 0.019265 -0.030237
v -0.009854 0.018625 -0.032029
v -0.006106 0.018249 -0.033143
v -0.016706 0.021279 -0.026888
v -0.001815 0.025286 -0.027946
v -0.013053 0.020443 -0.029397
v -0.009463 0.019875 -0.031100
v -0.005867 0.019560 -0.032174
v -0.002069 0.018044 -0.033733
v -0.001973 0.019383 -0.032729
v -0.021190 0.005655 0.031369
v -0.022695 0.015015 0.027012
v -0.023851 0.019228 0.023156
v -0.024406 0.009450 0.027402
v -0.019842 0.005779 0.031991
v -0.021443 0.015373 0.027480
v -0.022678 0.019683 0.023551
v -0.019605 0.001940 0.032541
v -0.020982 0.001896 0.031923
v -0.026535 0.025701 -0.010421
v -0.025349 0.024484 -0.015142
v -0.023432 0.022968 -0.019918
v -0.028998 0.024542 -0.001817
v -0.025601 0.026381 -0.010056
v -0.024405 0.025255 -0.014699
v -0.022514 0.023821 -0.019384
v -0.019605 0.027970 0.016156
v -0.026170 0.023376 -0.015499
v -0.029245 0.020915 -0.011485
v -0.027827 0.019482 -0.016412
v -0.025653 0.017717 -0.021289
v -0.024193 0.021758 -0.020272
v -0.028038 0.023250 -0.010969
v -0.026790 0.021867 -0.015815
v -0.024783 0.020113 -0.020624
v -0.030329 0.022323 -0.002134
v -0.027372 0.024651 -0.010715
v -0.028234 0.025861 -0.001553
v -0.026751 0.020740 0.017584
v -0.023843 0.014549 0.026208
v -0.026653 0.005285 0.026079
v -0.026923 0.013711 0.022645
v -0.027203 0.017200 0.019927
v -0.024900 0.018654 0.022492
v -0.024056 0.005324 0.028828
v -0.025060 0.014009 0.024888
v -0.025891 0.017890 0.021451
v -0.026741 0.009349 0.024821
v -0.022973 0.009784 0.028907
v -0.008889 0.012233 0.034379
v -0.022484 0.005502 0.030422
v -0.022318 0.001854 0.030986
v -0.002143 0.016308 -0.034393
v -0.023936 0.001800 0.029353
v -0.026627 0.001786 0.026545
v -0.018977 0.014552 -0.029153
v -0.017891 0.018769 -0.028114
v -0.014820 0.013408 -0.031948
v -0.010758 0.012590 -0.033842
v -0.006685 0.012087 -0.035024
v -0.018399 0.016948 -0.028504
v -0.022700 0.016018 -0.025533
v -0.014398 0.015807 -0.031275
v -0.010464 0.015013 -0.033142
v -0.006504 0.014538 -0.034331
v -0.002269 0.011811 -0.035655
v -0.002208 0.014267 -0.034957
v -0.006316 0.016545 -0.033787
v -0.010181 0.016975 -0.032634
v -0.014014 0.017709 -0.030812
v -0.021400 0.020134 -0.024509
v -0.018275 0.029894 -0.014149
v -0.027666 0.025079 0.008999
v -0.028654 0.020942 0.013168
v -0.029530 0.021935 0.008565
v -0.030146 0.022392 0.003359
v -0.028135 0.025750 0.003807
v -0.027604 0.022703 0.013361
v -0.028347 0.023927 0.008660
v -0.028859 0.024500 0.003526
v -0.027760 0.019453 0.016951
v -0.036213 0.005661 0.004131
v -0.026896 0.023730 0.013824
v -0.025940 0.021656 0.018300
v -0.015112 0.028444 -0.019760
v -0.015746 0.034127 0.000189
v -0.011964 0.028697 -0.021335
v -0.008756 0.028910 -0.022484
v -0.005465 0.029074 -0.023212
v -0.015516 0.030817 -0.015181
v -0.018807 0.031322 -0.009481
v -0.012252 0.031607 -0.016287
v -0.008962 0.032200 -0.017114
v -0.005592 0.032610 -0.017646
v -0.015850 0.032621 -0.010147
v -0.017630 0.028218 -0.018118
v -0.012461 0.033774 -0.010838
v -0.009096 0.034632 -0.011367
v -0.005677 0.035214 -0.011715
v -0.010547 0.006778 0.035464
v -0.018898 0.032563 0.000148
v -0.012249 0.035518 0.000189
v -0.008874 0.036545 0.000177
v -0.005518 0.037232 0.000166
v -0.001861 0.029160 -0.023614
v -0.015236 0.033735 0.006404
v -0.001906 0.032837 -0.017938
v -0.001937 0.035537 -0.011909
v -0.001879 0.037614 0.000162
v -0.012454 0.017873 0.030673
v -0.013898 0.022874 0.026523
v -0.001203 0.024339 0.028698
v -0.008292 0.006860 0.036034
v -0.009895 0.018213 0.031383
v -0.011144 0.023428 0.027307
v -0.006595 0.012362 0.034840
v -0.006137 0.006916 0.036450
v -0.007387 0.018460 0.031917
v -0.008378 0.023846 0.027913
v -0.004600 0.012441 0.035132
v -0.004271 0.006948 0.036710
v -0.005167 0.018623 0.032259
v -0.005886 0.024126 0.028307
v -0.002791 0.012483 0.035303
v -0.002590 0.006965 0.036861
v -0.003131 0.018713 0.032464
v -0.003581 0.024274 0.028558
v -0.011260 0.012053 0.033753
v -0.017669 0.031140 0.011732
v -0.008073 0.002309 0.036644
v -0.001049 0.018753 0.032573
v -0.000936 0.012502 0.035391
v -0.020747 0.020781 0.024582
v -0.000869 0.006972 0.036939
v -0.000843 0.002343 0.037504
v -0.002513 0.002341 0.037431
v -0.004147 0.002335 0.037289
v -0.005967 0.002325 0.037041
v -0.010284 0.002286 0.036093
v -0.012396 0.027409 0.022743
v -0.011751 0.035027 0.006710
v -0.008445 0.035954 0.006927
v -0.005216 0.036559 0.007065
v -0.014484 0.032442 0.012356
v -0.016619 0.029251 0.017032
v -0.011079 0.033534 0.012862
v -0.007906 0.034287 0.013215
v -0.004856 0.034763 0.013431
v -0.013521 0.030309 0.017792
v -0.018440 0.032240 0.006027
v -0.010275 0.031159 0.018418
v -0.007291 0.031733 0.018836
v -0.004460 0.032081 0.019086
v -0.015974 0.023319 -0.025947
v -0.015340 0.026607 0.021936
v -0.009368 0.028028 0.023400
v -0.006615 0.028444 0.023829
v -0.004040 0.028676 0.024096
v -0.001768 0.036888 0.007144
v -0.025015 0.028675 0.004861
v -0.001640 0.035017 0.013548
v -0.001503 0.032263 0.019221
v -0.001360 0.028788 0.024246
v -0.018164 0.011056 0.031704
v -0.021769 0.020144 0.024032
v -0.017484 0.006230 0.033491
v -0.017238 0.002105 0.034129
v -0.019338 0.016326 0.028636
v -0.019393 0.010645 0.030969
v -0.020425 0.010342 0.030380
v -0.018780 0.005968 0.032671
v -0.018543 0.002010 0.033273
v -0.023396 0.026358 0.015206
v -0.020472 0.015785 0.027996
v -0.025160 0.027022 0.009824
v -0.024409 0.027866 0.010156
v -0.022146 0.024094 0.020045
v -0.025710 0.027753 0.004571
v -0.024238 0.025569 0.014788
v -0.023068 0.023364 0.019557
v -0.023898 0.022847 0.019147
v -0.024545 0.027943 -0.009551
v -0.023860 0.025947 -0.014423
v -0.023375 0.026883 -0.014186
v -0.025138 0.028603 -0.005345
v -0.022009 0.024549 -0.019051
v -0.025069 0.027018 -0.009794
v -0.025868 0.027901 -0.000835
v -0.026403 0.027316 -0.001049
v -0.009055 0.022116 -0.029997
v -0.005728 0.020583 -0.031503
v -0.005621 0.021856 -0.030982
v -0.012468 0.022591 -0.028376
v -0.019120 0.024303 -0.022706
v -0.016314 0.022172 -0.026388
v -0.001899 0.021705 -0.031493
v -0.009230 0.020865 -0.030478
v -0.012726 0.021392 -0.028842
v -0.019490 0.023204 -0.023072
v -0.019948 0.022408 -0.023507
v -0.008766 0.023329 -0.028882
v -0.001923 0.020434 -0.032032
v -0.011894 0.025710 -0.025059
v -0.015080 0.026038 -0.023009
v -0.017667 0.026610 -0.020482
v -0.020562 0.028730 -0.013654
v -0.005431 0.023068 -0.029866
v -0.012119 0.023761 -0.027263
v -0.034206 0.010175 0.010514
v -0.015471 0.024417 -0.024924
v -0.001834 0.022887 -0.030385
v -0.021381 0.029876 -0.009095
v -0.018415 0.025335 -0.021868
v -0.020720 0.026471 -0.018202
v -0.021714 0.030600 -0.004811
v -0.019375 0.027497 -0.017604
v -0.020653 0.029622 0.011008
v -0.013898 0.011715 0.032886
v -0.022340 0.027690 -0.013803
v -0.023394 0.028741 -0.009199
v -0.023854 0.029427 -0.005010
v -0.023630 0.029400 0.005155
v -0.018239 0.025535 0.020959
v -0.021348 0.030556 0.005561
v -0.015188 0.017320 0.029735
v -0.023013 0.028543 0.010471
v -0.021974 0.027007 0.015545
v -0.020628 0.024693 0.020307
v -0.019133 0.021330 0.024854
v -0.013142 0.006610 0.034667
v -0.012853 0.002235 0.035298
v -0.016718 0.022052 0.025531
v -0.017627 0.016769 0.029033
v -0.015622 0.006427 0.034012
v -0.016361 0.011361 0.032187
v -0.015342 0.002176 0.034643
v -0.008631 0.025507 -0.026531
v -0.020202 0.003357 -0.031566
v -0.005360 0.025384 -0.027444
v -0.023893 0.029680 -0.000294
v -0.021711 0.030872 -0.000006
v -0.026171 0.027037 -0.005784
v -0.025678 0.027634 -0.005555
v -0.025238 0.028871 -0.000599
v -0.001937 0.037091 -0.006161
v -0.005672 0.036714 -0.006056
v -0.009085 0.036039 -0.005871
v -0.012475 0.035039 -0.005599
v -0.019000 0.032202 -0.004948
v -0.015933 0.033698 -0.005261
v -0.027965 0.025448 -0.006324
v -0.030006 0.021790 -0.007018
v -0.028693 0.024076 -0.006577
v -0.027118 0.026437 -0.006081
v -0.035960 0.001758 -0.008767
v -0.033581 0.014363 -0.008088
v -0.034946 0.009542 -0.008479
v -0.035692 0.005278 -0.008690
v -0.031841 0.018522 -0.007579
v 0.033875 -0.015177 0.003722
v 0.032035 -0.019301 0.003455
v 0.028584 -0.017403 0.017623
v 0.034987 -0.005704 0.010946
v 0.032851 -0.015053 0.009787
v 0.031229 -0.019000 0.009005
v 0.032096 -0.009935 0.016407
v 0.032671 -0.005610 0.017168
v 0.031124 -0.014581 0.015156
v 0.029967 -0.018274 0.013838
v 0.035374 -0.010175 0.003979
v 0.029732 -0.005430 0.022283
v 0.006896 -0.004812 -0.036652
v 0.029480 -0.009583 0.021233
v 0.029069 -0.013995 0.019489
v 0.028636 -0.004228 -0.023973
v 0.029837 -0.001836 0.022676
v 0.032891 -0.001895 0.017454
v 0.035275 -0.001920 0.011107
v 0.036513 -0.001899 0.004185
v 0.006904 -0.002716 -0.036855
v 0.006868 -0.007006 -0.036300
v 0.006807 -0.009553 -0.035740
v 0.011171 -0.005056 -0.035579
v 0.011197 -0.002858 -0.035803
v 0.011102 -0.007368 -0.035194
v 0.010974 -0.010013 -0.034592
v 0.015517 -0.005447 -0.033845
v 0.015588 -0.003076 -0.034098
v 0.015381 -0.007972 -0.033404
v 0.015157 -0.010768 -0.032736
v 0.020073 -0.005989 -0.031265
v 0.019840 -0.008829 -0.030739
v 0.019479 -0.011825 -0.029986
v 0.002333 -0.004666 -0.037222
v 0.024663 -0.003740 -0.028152
v 0.031391 -0.008397 -0.018696
v 0.024449 -0.006683 -0.027800
v 0.024055 -0.009900 -0.027193
v 0.002334 -0.000748 -0.037506
v 0.002335 -0.002628 -0.037412
v 0.002326 -0.006803 -0.036889
v 0.002308 -0.009303 -0.036353
v 0.023450 -0.013161 -0.026382
v 0.024754 -0.001157 -0.028304
v 0.020261 -0.001013 -0.031701
v 0.020711 -0.021447 -0.024129
v 0.015624 -0.000908 -0.034217
v 0.011210 -0.000826 -0.035912
v 0.006906 -0.000776 -0.036956
v 0.027635 -0.011182 -0.022949
v 0.026703 -0.014732 -0.022128
v 0.032236 -0.019101 -0.002410
v 0.031908 -0.004686 -0.019068
v 0.030455 -0.012504 -0.018058
v 0.029204 -0.016325 -0.017245
v 0.033630 -0.009066 -0.013523
v 0.034285 -0.005029 -0.013838
v 0.032445 -0.013599 -0.012961
v 0.030916 -0.017635 -0.012239
v 0.028283 -0.007540 -0.023594
v 0.036382 -0.005501 -0.002783
v 0.021751 -0.010113 0.029835
v 0.035570 -0.009934 -0.002721
v 0.034092 -0.014913 -0.002596
v 0.024998 -0.022342 0.018828
v 0.036669 -0.001841 -0.002804
v 0.034528 -0.001650 -0.013961
v 0.032111 -0.001500 -0.019222
v 0.028783 -0.001331 -0.024135
v 0.025986 -0.024468 0.014216
v 0.026775 -0.025879 0.009313
v 0.027260 -0.026596 0.004088
v 0.027371 -0.026755 -0.001380
v 0.025000 -0.025033 0.014499
v 0.025834 -0.026481 0.009569
v 0.026325 -0.027201 0.004334
v 0.021659 -0.025618 -0.018811
v 0.017360 -0.020227 -0.027664
v 0.021993 -0.018425 -0.024882
v 0.013590 -0.019288 -0.030266
v 0.009852 -0.018628 -0.032031
v 0.006100 -0.018229 -0.033105
v 0.016713 -0.021292 -0.026899
v 0.001817 -0.025305 -0.027968
v 0.013053 -0.020450 -0.029401
v 0.009459 -0.019868 -0.031087
v 0.005862 -0.019540 -0.032141
v 0.002067 -0.018026 -0.033700
v 0.001985 -0.019359 -0.032712
v 0.021223 -0.005663 0.031418
v 0.022686 -0.015008 0.027001
v 0.023853 -0.019228 0.023155
v 0.024405 -0.009449 0.027399
v 0.019853 -0.005782 0.032012
v 0.021441 -0.015371 0.027476
v 0.022679 -0.019683 0.023548
v 0.019616 -0.001941 0.032560
v 0.021000 -0.001898 0.031946
v 0.026547 -0.025696 -0.010423
v 0.025353 -0.024482 -0.015141
v 0.023397 -0.022952 -0.019895
v 0.029063 -0.024400 -0.001928
v 0.025624 -0.026429 -0.010057
v 0.024416 -0.025276 -0.014697
v 0.022499 -0.023823 -0.019379
v 0.019581 -0.027975 0.016161
v 0.026187 -0.023395 -0.015509
v 0.029348 -0.020805 -0.011524
v 0.027872 -0.019421 -0.016432
v 0.025650 -0.017712 -0.021286
v 0.024185 -0.021758 -0.020269
v 0.028171 -0.023168 -0.011024
v 0.026851 -0.021823 -0.015844
v 0.024788 -0.020116 -0.020629
v 0.030388 -0.022177 -0.002165
v 0.027411 -0.024684 -0.010740
v 0.028241 -0.025857 -0.001713
v 0.026790 -0.020698 0.017564
v 0.023827 -0.014535 0.026190
v 0.026648 -0.005284 0.026074
v 0.026907 -0.013702 0.022630
v 0.027193 -0.017191 0.019916
v 0.024893 -0.018648 0.022480
v 0.024044 -0.005321 0.028807
v 0.025035 -0.013993 0.024864
v 0.025873 -0.017875 0.021430
v 0.026737 -0.009346 0.024815
v 0.022986 -0.009789 0.028919
v 0.008889 -0.012233 0.034379
v 0.022501 -0.005504 0.030437
v 0.022308 -0.001852 0.030966
v 0.002140 -0.016295 -0.034361
v 0.023914 -0.001797 0.029323
v 0.026623 -0.001785 0.026540
v 0.018979 -0.014554 -0.029157
v 0.017940 -0.018819 -0.028189
v 0.014822 -0.013410 -0.031953
v 0.010759 -0.012592 -0.033847
v 0.006685 -0.012086 -0.035022
v 0.018427 -0.016971 -0.028546
v 0.022698 -0.016016 -0.025531
v 0.014416 -0.015824 -0.031312
v 0.010471 -0.015023 -0.033166
v 0.006503 -0.014534 -0.034319
v 0.002268 -0.011810 -0.035652
v 0.002205 -0.014258 -0.034933
v 0.006315 -0.016540 -0.033770
v 0.010189 -0.016993 -0.032667
v 0.014043 -0.017744 -0.030872
v 0.021423 -0.020160 -0.024539
v 0.018279 -0.029899 -0.014152
v 0.027676 -0.025082 0.008998
v 0.028661 -0.020853 0.013114
v 0.029578 -0.021858 0.008527
v 0.030224 -0.022277 0.003342
v 0.028149 -0.025756 0.003802
v 0.027610 -0.022609 0.013305
v 0.028401 -0.023855 0.008623
v 0.028948 -0.024395 0.003506
v 0.027790 -0.019409 0.016927
v 0.036213 -0.005661 0.004131
v 0.026900 -0.023725 0.013823
v 0.025962 -0.021667 0.018312
v 0.015116 -0.028451 -0.019766
v 0.015746 -0.034127 0.000189
v 0.011966 -0.028702 -0.021339
v 0.008757 -0.028912 -0.022486
v 0.005465 -0.029075 -0.023214
v 0.015517 -0.030819 -0.015182
v 0.018807 -0.031323 -0.009481
v 0.012251 -0.031606 -0.016286
v 0.008962 -0.032199 -0.017114
v 0.005592 -0.032610 -0.017646
v 0.015850 -0.032620 -0.010147
v 0.017643 -0.028239 -0.018131
v 0.012461 -0.033774 -0.010837
v 0.009096 -0.034632 -0.011367
v 0.005677 -0.035214 -0.011715
v 0.010548 -0.006778 0.035467
v 0.018900 -0.032564 0.000148
v 0.012249 -0.035518 0.000189
v 0.008874 -0.036545 0.000177
v 0.005518 -0.037232 0.000165
v 0.001861 -0.029159 -0.023614
v 0.015236 -0.033735 0.006404
v 0.001906 -0.032837 -0.017938
v 0.001937 -0.035537 -0.011909
v 0.001879 -0.037614 0.000161
v 0.012454 -0.017874 0.030674
v 0.013899 -0.022876 0.026525
v 0.001203 -0.024340 0.028698
v 0.008293 -0.006860 0.036036
v 0.009895 -0.018213 0.031383
v 0.011144 -0.023428 0.027307
v 0.006595 -0.012362 0.034840
v 0.006137 -0.006916 0.036450
v 0.007387 -0.018460 0.031917
v 0.008378 -0.023846 0.027913
v 0.004600 -0.012441 0.035132
v 0.004271 -0.006948 0.036710
v 0.005167 -0.018623 0.032259
v 0.005886 -0.024126 0.028307
v 0.002791 -0.012483 0.035303
v 0.002590 -0.006965 0.036861
v 0.003131 -0.018713 0.032464
v 0.003581 -0.024274 0.028558
v 0.011260 -0.012053 0.033753
v 0.017669 -0.031141 0.011733
v 0.008073 -0.002309 0.036646
v 0.001049 -0.018753 0.032573
v 0.000936 -0.012502 0.035391
v 0.020749 -0.020782 0.024503
v 0.000869 -0.006972 0.036939
v 0.000843 -0.002343 0.037504
v 0.002513 -0.002341 0.037431
v 0.004147 -0.002335 0.037289
v 0.005967 -0.002325 0.037041
v 0.010285 -0.002287 0.036097
v 0.012397 -0.027410 0.022745
v 0.011751 -0.035027 0.006710
v 0.008445 -0.035954 0.006927
v 0.005216 -0.036558 0.007065
v 0.014485 -0.032442 0.012356
v 0.016619 -0.029251 0.017032
v 0.011079 -0.033534 0.012862
v 0.007906 -0.034287 0.013215
v 0.004856 -0.034763 0.013431
v 0.013522 -0.030311 0.017793
v 0.018442 -0.032242 0.006028
v 0.010275 -0.031159 0.018418
v 0.007291 -0.031732 0.018836
v 0.004460 -0.032084 0.019088
v 0.016031 -0.023402 -0.026036
v 0.015341 -0.026609 0.021938
v 0.009369 -0.028028 0.023400
v 0.006615 -0.028443 0.023829
v 0.004040 -0.028679 0.024098
v 0.001768 -0.036888 0.007143
v 0.025025 -0.028737 0.004829
v 0.001640 -0.035018 0.013548
v 0.001503 -0.032267 0.019224
v 0.001360 -0.028792 0.024249
v 0.018145 -0.011042 0.031660
v 0.021765 -0.020147 0.023952
v 0.017447 -0.006214 0.033399
v 0.017188 -0.002094 0.034027
v 0.019334 -0.016308 0.028610
v 0.019383 -0.010636 0.030949
v 0.020423 -0.010342 0.030379
v 0.018768 -0.005968 0.032656
v 0.018519 -0.002009 0.033241
v 0.023444 -0.026422 0.015239
v 0.020465 -0.015769 0.027970
v 0.025210 -0.027111 0.009852
v 0.024425 -0.027917 0.010185
v 0.022174 -0.024135 0.019999
v 0.025723 -0.027858 0.004563
v 0.024307 -0.025647 0.014829
v 0.023102 -0.023412 0.019515
v 0.023914 -0.022860 0.019154
v 0.024530 -0.028025 -0.009579
v 0.023903 -0.026013 -0.014443
v 0.023450 -0.026971 -0.014230
v 0.025009 -0.028674 -0.005367
v 0.022039 -0.024576 -0.019073
v 0.025075 -0.027121 -0.009814
v 0.025837 -0.028026 -0.000875
v 0.026439 -0.027364 -0.001069
v 0.009059 -0.022121 -0.030011
v 0.005730 -0.020586 -0.031511
v 0.005627 -0.021876 -0.031018
v 0.012487 -0.022626 -0.028418
v 0.019168 -0.024356 -0.022763
v 0.016345 -0.022216 -0.026434
v 0.001903 -0.021722 -0.031524
v 0.009230 -0.020864 -0.030479
v 0.012731 -0.021404 -0.028855
v 0.019527 -0.023241 -0.023115
v 0.019935 -0.022415 -0.023506
v 0.008778 -0.023359 -0.028921
v 0.001938 -0.020427 -0.032047
v 0.011918 -0.025757 -0.025105
v 0.015108 -0.026089 -0.023057
v 0.017687 -0.026641 -0.020505
v 0.020579 -0.028753 -0.013665
v 0.005442 -0.023116 -0.029927
v 0.012155 -0.023827 -0.027336
v 0.034206 -0.010175 0.010514
v 0.015528 -0.024511 -0.025019
v 0.001838 -0.022918 -0.030427
v 0.021395 -0.029897 -0.009101
v 0.018447 -0.025381 -0.021908
v 0.020755 -0.026515 -0.018230
v 0.021726 -0.030608 -0.004811
v 0.019396 -0.027528 -0.017623
v 0.020653 -0.029643 0.011013
v 0.013902 -0.011721 0.032892
v 0.022393 -0.027760 -0.013835
v 0.023398 -0.028801 -0.009218
v 0.023810 -0.029448 -0.005018
v 0.023687 -0.029460 0.005136
v 0.018259 -0.025574 0.020999
v 0.021396 -0.030610 0.005566
v 0.015199 -0.017331 0.029755
v 0.023007 -0.028564 0.010488
v 0.021960 -0.027027 0.015558
v 0.020655 -0.024738 0.020348
v 0.019167 -0.021363 0.024886
v 0.013132 -0.006605 0.034642
v 0.012847 -0.002233 0.035283
v 0.016747 -0.022088 0.025568
v 0.017640 -0.016776 0.029050
v 0.015587 -0.006407 0.033913
v 0.016355 -0.011360 0.032167
v 0.015311 -0.002164 0.034559
v 0.008639 -0.025535 -0.026561
v 0.020202 -0.003357 -0.031566
v 0.005368 -0.025419 -0.027484
v 0.023923 -0.029724 -0.000329
v 0.021748 -0.030903 -0.000004
v 0.026215 -0.027089 -0.005804
v 0.025635 -0.027759 -0.005590
v 0.025178 -0.028951 -0.000656
v 0.001937 -0.037091 -0.006161
v 0.005672 -0.036714 -0.006056
v 0.009085 -0.036039 -0.005871
v 0.012475 -0.035039 -0.005599
v 0.019000 -0.032203 -0.004948
v 0.015933 -0.033698 -0.005261
v 0.027989 -0.025461 -0.006490
v 0.030115 -0.021676 -0.007057
v 0.028821 -0.023978 -0.006700
v 0.027130 -0.026424 -0.006160
v 0.035960 -0.001758 -0.008767
v 0.033581 -0.014363 -0.008089
v 0.034946 -0.009542 -0.008479
v 0.035692 -0.005278 -0.008690
v 0.031846 -0.018517 -0.007580
v -0.033874 -0.015177 0.003721
v -0.032040 -0.019304 0.003456
v -0.028584 -0.017401 0.017622
v -0.034987 -0.005704 0.010946
v -0.032850 -0.015053 0.009787
v -0.031242 -0.019008 0.009009
v -0.032096 -0.009934 0.016407
v -0.032671 -0.005610 0.017168
v -0.031123 -0.014580 0.015155
v -0.029974 -0.018279 0.013840
v -0.035372 -0.010174 0.003980
v -0.029733 -0.005430 0.022283
v -0.006896 -0.004812 -0.036652
v -0.029478 -0.009582 0.021232
v -0.029067 -0.013993 0.019487
v -0.028636 -0.004228 -0.023973
v -0.029837 -0.001836 0.022676
v -0.032891 -0.001895 0.017454
v -0.035275 -0.001920 0.011107
v -0.036514 -0.001899 0.004185
v -0.006904 -0.002716 -0.036855
v -0.006868 -0.007006 -0.036300
v -0.006807 -0.009553 -0.035740
v -0.011171 -0.005056 -0.035579
v -0.011197 -0.002858 -0.035803
v -0.011102 -0.007368 -0.035194
v -0.010974 -0.010013 -0.034592
v -0.015517 -0.005447 -0.033845
v -0.015588 -0.003076 -0.034098
v -0.015381 -0.007972 -0.033404
v -0.015157 -0.010768 -0.032736
v -0.020073 -0.005989 -0.031265
v -0.019840 -0.008829 -0.030739
v -0.019479 -0.011825 -0.029986
v -0.002333 -0.004666 -0.037222
v -0.024663 -0.003740 -0.028152
v -0.031391 -0.008397 -0.018696
v -0.024449 -0.006683 -0.027800
v -0.024055 -0.009900 -0.027193
v -0.002334 -0.000748 -0.037506
v -0.002335 -0.002628 -0.037412
v -0.002326 -0.006803 -0.036889
v -0.002308 -0.009303 -0.036354
v -0.023450 -0.013161 -0.026382
v -0.024754 -0.001157 -0.028304
v -0.020261 -0.001013 -0.031701
v -0.020722 -0.021437 -0.024128
v -0.015624 -0.000908 -0.034217
v -0.011210 -0.000826 -0.035912
v -0.006906 -0.000776 -0.036956
v -0.027635 -0.011182 -0.022949
v -0.026703 -0.014732 -0.022128
v -0.032237 -0.019102 -0.002410
v -0.031908 -0.004686 -0.019068
v -0.030455 -0.012504 -0.018058
v -0.029205 -0.016325 -0.017246
v -0.033631 -0.009066 -0.013523
v -0.034285 -0.005030 -0.013838
v -0.032445 -0.013599 -0.012961
v -0.030917 -0.017635 -0.012239
v -0.028283 -0.007540 -0.023594
v -0.036381 -0.005500 -0.002782
v -0.021740 -0.010108 0.029819
v -0.035568 -0.009933 -0.002720
v -0.034091 -0.014913 -0.002596
v -0.024996 -0.022343 0.018828
v -0.036669 -0.001841 -0.002804
v -0.034528 -0.001650 -0.013961
v -0.032111 -0.001500 -0.019222
v -0.028783 -0.001331 -0.024135
v -0.025981 -0.024471 0.014216
v -0.026765 -0.025882 0.009311
v -0.027245 -0.026600 0.004087
v -0.027356 -0.026760 -0.001379
v -0.024972 -0.025011 0.014485
v -0.025793 -0.026449 0.009556
v -0.026260 -0.027138 0.004328
v -0.021647 -0.025619 -0.018806
v -0.017337 -0.020191 -0.027624
v -0.021987 -0.018421 -0.024876
v -0.013573 -0.019249 -0.030226
v -0.009853 -0.018610 -0.032017
v -0.006105 -0.018238 -0.033130
v -0.016705 -0.021279 -0.026887
v -0.001818 -0.025308 -0.027972
v -0.013052 -0.020443 -0.029396
v -0.009463 -0.019873 -0.031099
v -0.005866 -0.019549 -0.032155
v -0.002069 -0.018041 -0.033729
v -0.001985 -0.019362 -0.032716
v -0.021194 -0.005656 0.031375
v -0.022685 -0.015007 0.027001
v -0.023852 -0.019229 0.023155
v -0.024405 -0.009450 0.027402
v -0.019841 -0.005779 0.031990
v -0.021442 -0.015370 0.027476
v -0.022679 -0.019684 0.023549
v -0.019604 -0.001940 0.032541
v -0.020989 -0.001897 0.031933
v -0.026546 -0.025693 -0.010422
v -0.025352 -0.024475 -0.015139
v -0.023413 -0.022948 -0.019900
v -0.029090 -0.024422 -0.001927
v -0.025642 -0.026447 -0.010064
v -0.024432 -0.025288 -0.014703
v -0.022516 -0.023820 -0.019383
v -0.019574 -0.027973 0.016159
v -0.026175 -0.023382 -0.015502
v -0.029336 -0.020796 -0.011520
v -0.027870 -0.019419 -0.016431
v -0.025651 -0.017713 -0.021286
v -0.024186 -0.021757 -0.020270
v -0.028150 -0.023151 -0.011016
v -0.026839 -0.021813 -0.015838
v -0.024790 -0.020117 -0.020631
v -0.030415 -0.022198 -0.002164
v -0.027400 -0.024672 -0.010735
v -0.028242 -0.025860 -0.001713
v -0.026773 -0.020687 0.017555
v -0.023828 -0.014538 0.026194
v -0.026650 -0.005285 0.026075
v -0.026928 -0.013715 0.022649
v -0.027214 -0.017203 0.019934
v -0.024895 -0.018651 0.022484
v -0.024043 -0.005322 0.028809
v -0.025059 -0.014008 0.024888
v -0.025896 -0.017890 0.021452
v -0.026737 -0.009346 0.024816
v -0.022974 -0.009785 0.028907
v -0.008889 -0.012233 0.034379
v -0.022479 -0.005501 0.030412
v -0.022316 -0.001854 0.030982
v -0.002145 -0.016317 -0.034412
v -0.023923 -0.001798 0.029335
v -0.026624 -0.001785 0.026541
v -0.018976 -0.014551 -0.029152
v -0.017880 -0.018753 -0.028092
v -0.014818 -0.013406 -0.031944
v -0.010757 -0.012589 -0.033840
v -0.006685 -0.012086 -0.035024
v -0.018386 -0.016933 -0.028480
v -0.022698 -0.016016 -0.025530
v -0.014350 -0.015751 -0.031170
v -0.010429 -0.014963 -0.033040
v -0.006498 -0.014526 -0.034307
v -0.002269 -0.011811 -0.035656
v -0.002209 -0.014270 -0.034963
v -0.006314 -0.016537 -0.033775
v -0.010148 -0.016919 -0.032533
v -0.013964 -0.017641 -0.030702
v -0.021413 -0.020148 -0.024527
v -0.018277 -0.029897 -0.014150
v -0.027673 -0.025087 0.009000
v -0.028702 -0.020885 0.013125
v -0.029652 -0.021915 0.008550
v -0.030274 -0.022314 0.003345
v -0.028141 -0.025755 0.003800
v -0.027647 -0.022644 0.013317
v -0.028462 -0.023909 0.008645
v -0.028987 -0.024428 0.003508
v -0.027774 -0.019396 0.016918
v -0.036213 -0.005660 0.004131
v -0.026904 -0.023734 0.013826
v -0.025961 -0.021667 0.018312
v -0.015113 -0.028444 -0.019761
v -0.015746 -0.034127 0.000189
v -0.011964 -0.028698 -0.021336
v -0.008756 -0.028910 -0.022484
v -0.005465 -0.029075 -0.023214
v -0.015516 -0.030817 -0.015181
v -0.018809 -0.031325 -0.009482
v -0.012252 -0.031607 -0.016287
v -0.008962 -0.032200 -0.017114
v -0.005592 -0.032610 -0.017646
v -0.015850 -0.032621 -0.010147
v -0.017631 -0.028220 -0.018119
v -0.012461 -0.033774 -0.010838
v -0.009096 -0.034632 -0.011367
v -0.005677 -0.035214 -0.011715
v -0.010548 -0.006778 0.035467
v -0.018900 -0.032565 0.000148
v -0.012249 -0.035518 0.000189
v -0.008874 -0.036545 0.000177
v -0.005518 -0.037232 0.000166
v -0.001861 -0.029162 -0.023616
v -0.015236 -0.033735 0.006404
v -0.001906 -0.032837 -0.017938
v -0.001937 -0.035537 -0.011909
v -0.001879 -0.037614 0.000162
v -0.012454 -0.017874 0.030674
v -0.013899 -0.022875 0.026524
v -0.001203 -0.024340 0.028698
v -0.008293 -0.006860 0.036036
v -0.009895 -0.018213 0.031383
v -0.011144 -0.023427 0.027306
v -0.006595 -0.012362 0.034840
v -0.006137 -0.006916 0.036450
v -0.007387 -0.018460 0.031917
v -0.008377 -0.023846 0.027912
v -0.004600 -0.012441 0.035132
v -0.004271 -0.006948 0.036710
v -0.005167 -0.018623 0.032259
v -0.005886 -0.024126 0.028307
v -0.002791 -0.012483 0.035303
v -0.002590 -0.006965 0.036861
v -0.003131 -0.018713 0.032464
v -0.003581 -0.024274 0.028558
v -0.011260 -0.012053 0.033753
v -0.017669 -0.031140 0.011732
v -0.008073 -0.002309 0.036645
v -0.001049 -0.018753 0.032573
v -0.000936 -0.012502 0.035391
v -0.020765 -0.020810 0.024533
v -0.000869 -0.006972 0.036939
v -0.000843 -0.002343 0.037504
v -0.002513 -0.002341 0.037431
v -0.004147 -0.002335 0.037289
v -0.005967 -0.002325 0.037041
v -0.010285 -0.002287 0.036097
v -0.012396 -0.027409 0.022743
v -0.011751 -0.035027 0.006710
v -0.008445 -0.035954 0.006927
v -0.005216 -0.036559 0.007065
v -0.014485 -0.032442 0.012356
v -0.016618 -0.029251 0.017032
v -0.011079 -0.033534 0.012862
v -0.007906 -0.034287 0.013215
v -0.004856 -0.034763 0.013431
v -0.013522 -0.030311 0.017793
v -0.018442 -0.032242 0.006027
v -0.010275 -0.031159 0.018418
v -0.007291 -0.031732 0.018836
v -0.004460 -0.032084 0.019088
v -0.015995 -0.023356 -0.025985
v -0.015340 -0.026608 0.021937
v -0.009368 -0.028027 0.023399
v -0.006615 -0.028443 0.023829
v -0.004040 -0.028679 0.024098
v -0.001768 -0.036888 0.007144
v -0.024971 -0.028651 0.004820
v -0.001640 -0.035018 0.013548
v -0.001503 -0.032267 0.019224
v -0.001360 -0.028792 0.024249
v -0.018149 -0.011044 0.031687
v -0.021773 -0.020159 0.023964
v -0.017459 -0.006213 0.033412
v -0.017230 -0.002094 0.034084
v -0.019349 -0.016321 0.028660
v -0.019386 -0.010637 0.030962
v -0.020423 -0.010341 0.030376
v -0.018774 -0.005967 0.032659
v -0.018543 -0.002009 0.033269
v -0.023413 -0.026380 0.015220
v -0.020470 -0.015771 0.027990
v -0.025135 -0.027023 0.009822
v -0.024377 -0.027849 0.010160
v -0.022183 -0.024155 0.020008
v -0.025625 -0.027725 0.004550
v -0.024255 -0.025588 0.014797
v -0.023093 -0.023406 0.019508
v -0.023904 -0.022853 0.019149
v -0.024578 -0.028064 -0.009593
v -0.023928 -0.026039 -0.014453
v -0.023483 -0.027006 -0.014245
v -0.025054 -0.028661 -0.005356
v -0.022027 -0.024577 -0.019067
v -0.025113 -0.027155 -0.009827
v -0.025737 -0.027850 -0.000857
v -0.026342 -0.027266 -0.001060
v -0.009054 -0.022113 -0.029995
v -0.005729 -0.020585 -0.031505
v -0.005621 -0.021856 -0.030985
v -0.012487 -0.022627 -0.028415
v -0.019120 -0.024310 -0.022708
v -0.016316 -0.022181 -0.026393
v -0.001902 -0.021710 -0.031505
v -0.009231 -0.020870 -0.030485
v -0.012727 -0.021400 -0.028848
v -0.019494 -0.023218 -0.023078
v -0.019946 -0.022406 -0.023504
v -0.008766 -0.023327 -0.028881
v -0.001937 -0.020420 -0.032035
v -0.011902 -0.025725 -0.025074
v -0.015088 -0.026054 -0.023024
v -0.017668 -0.026613 -0.020484
v -0.020607 -0.028789 -0.013681
v -0.005434 -0.023085 -0.029888
v -0.012144 -0.023805 -0.027312
v -0.034206 -0.010175 0.010514
v -0.015498 -0.024462 -0.024972
v -0.001838 -0.022912 -0.030419
v -0.021423 -0.029936 -0.009112
v -0.018419 -0.025340 -0.021872
v -0.020768 -0.026530 -0.018238
v -0.021757 -0.030654 -0.004817
v -0.019398 -0.027528 -0.017620
v -0.020650 -0.029637 0.011011
v -0.013901 -0.011719 0.032891
v -0.022444 -0.027819 -0.013863
v -0.023454 -0.028862 -0.009237
v -0.023874 -0.029515 -0.005027
v -0.023673 -0.029429 0.005134
v -0.018241 -0.025560 0.020982
v -0.021390 -0.030600 0.005565
v -0.015209 -0.017341 0.029772
v -0.022997 -0.028543 0.010480
v -0.021950 -0.027018 0.015555
v -0.020648 -0.024742 0.020342
v -0.019174 -0.021378 0.024908
v -0.013132 -0.006605 0.034643
v -0.012848 -0.002233 0.035285
v -0.016745 -0.022085 0.025570
v -0.017661 -0.016797 0.029097
v -0.015592 -0.006407 0.033920
v -0.016356 -0.011360 0.032180
v -0.015329 -0.002164 0.034588
v -0.008630 -0.025507 -0.026530
v -0.020202 -0.003357 -0.031566
v -0.005362 -0.025401 -0.027464
v -0.023945 -0.029737 -0.000334
v -0.021760 -0.030923 -0.000007
v -0.026163 -0.027042 -0.005796
v -0.025602 -0.027673 -0.005569
v -0.025168 -0.028872 -0.000649
v -0.001937 -0.037092 -0.006161
v -0.005672 -0.036714 -0.006056
v -0.009085 -0.036039 -0.005871
v -0.012475 -0.035039 -0.005599
v -0.019002 -0.032205 -0.004948
v -0.015933 -0.033698 -0.005261
v -0.027987 -0.025460 -0.006490
v -0.030102 -0.021667 -0.007054
v -0.028807 -0.023968 -0.006697
v -0.027122 -0.026427 -0.006159
v -0.035960 -0.001759 -0.008767
v -0.033581 -0.014363 -0.008089
v -0.034945 -0.009542 -0.008479
v -0.035692 -0.005278 -0.008691
v -0.031845 -0.018516 -0.007580
vn 0.8587 0.5123 0.0138
vn 0.7529 0.4553 0.4751
vn 0.6654 0.3912 -0.6358
vn 0.4194 0.6482 0.6356
vn 0.4969 0.8639 0.0821
vn 0.4430 0.7532 -0.4862
vn 0.4045 0.6826 0.6086
vn 0.5298 0.8463 0.0564
vn 0.4460 0.7330 -0.5136
vn 0.8487 0.5078 0.1481
vn 0.8205 0.4974 0.2817
vn 0.7883 0.4800 0.3850
vn 0.1171 0.2728 -0.9549
vn 0.2300 0.2825 -0.9313
vn 0.3467 0.2978 -0.8895
vn 0.4581 0.3213 -0.8288
vn 0.5694 0.3521 -0.7428
vn 0.6860 0.3128 -0.6570
vn 0.7014 0.2289 -0.6750
vn 0.7119 0.1443 -0.6873
vn 0.7168 0.0701 -0.6938
vn 0.7604 0.3767 0.5290
vn 0.7639 0.2822 0.5804
vn 0.7641 0.1876 0.6173
vn 0.7666 0.0864 0.6363
vn 0.7450 0.4331 -0.5073
vn 0.7971 0.4679 -0.3818
vn 0.8358 0.4884 -0.2509
vn 0.9119 0.4102 0.0153
vn 0.9574 0.2881 0.0185
vn 0.9834 0.1802 0.0201
vn 0.9966 0.0792 0.0210
vn 0.8119 0.3580 0.4611
vn 0.7976 0.3923 0.4582
vn 0.7061 0.7074 0.0307
vn 0.5394 0.8413 0.0366
vn 0.7054 0.3745 -0.6018
vn 0.6822 0.3931 -0.6165
vn 0.4559 0.6605 0.5966
vn 0.6451 0.5296 0.5508
vn 0.8586 0.5123 0.0178
vn 0.8545 0.5190 0.0224
vn 0.4182 0.7434 -0.5220
vn 0.6103 0.5340 -0.5851
vn 0.1019 0.9894 0.1031
vn 0.1955 0.9755 0.1008
vn 0.2841 0.9538 0.0975
vn 0.3631 0.9271 0.0925
vn 0.4390 0.8942 0.0873
vn 0.3437 0.6666 0.6614
vn 0.2698 0.6824 0.6794
vn 0.1998 0.6933 0.6924
vn 0.1302 0.7017 0.7005
vn 0.0653 0.7059 0.7053
vn 0.3694 0.5358 0.7593
vn 0.3400 0.3891 0.8562
vn 0.3177 0.2556 0.9131
vn 0.3054 0.1166 0.9451
vn 0.4904 0.8424 0.2232
vn 0.4795 0.7945 0.3726
vn 0.4661 0.7286 0.5019
vn 0.4674 0.7902 -0.3964
vn 0.4923 0.8176 -0.2986
vn 0.5008 0.8459 -0.1837
vn 0.0845 0.7438 -0.6630
vn 0.1679 0.7437 -0.6470
vn 0.2528 0.7422 -0.6206
vn 0.3268 0.7438 -0.5831
vn 0.3899 0.7495 -0.5350
vn 0.7416 0.6700 0.0333
vn 0.8282 0.5591 0.0389
vn 0.3849 0.6896 0.6134
vn 0.4575 0.8862 0.0737
vn 0.3890 0.7848 -0.4825
vn 0.5569 0.6152 -0.5580
vn 0.7016 0.4139 -0.5800
vn 0.3805 0.7170 -0.5841
vn 0.2996 0.7095 -0.6379
vn 0.2321 0.6896 -0.6860
vn 0.1539 0.6821 -0.7149
vn 0.0728 0.6779 -0.7315
vn 0.5381 0.8207 -0.1921
vn 0.5057 0.8082 -0.3018
vn 0.4858 0.7757 -0.4028
vn 0.4062 0.7761 0.4824
vn 0.4494 0.8249 0.3429
vn 0.4934 0.8465 0.2000
vn 0.2700 0.1255 0.9546
vn 0.2901 0.2728 0.9173
vn 0.3258 0.4065 0.8536
vn 0.3724 0.5613 0.7391
vn 0.5856 0.5722 0.5742
vn 0.6713 0.4966 0.5502
vn 0.9809 0.0822 0.1763
vn 0.9672 0.1852 0.1739
vn 0.9414 0.2922 0.1683
vn 0.8979 0.4109 0.1581
vn 0.9327 0.0854 0.3503
vn 0.9202 0.1890 0.3428
vn 0.8989 0.2922 0.3265
vn 0.8639 0.4033 0.3017
vn 0.8593 0.0864 0.5041
vn 0.8510 0.1881 0.4903
vn 0.8402 0.2846 0.4616
vn 0.8225 0.3838 0.4198
vn 0.1195 0.0496 -0.9916
vn 0.1196 0.0944 -0.9883
vn 0.1188 0.1550 -0.9807
vn 0.1183 0.2120 -0.9701
vn 0.2354 0.0513 -0.9705
vn 0.2354 0.0981 -0.9669
vn 0.2340 0.1609 -0.9588
vn 0.2327 0.2198 -0.9474
vn 0.3564 0.0538 -0.9328
vn 0.3563 0.1044 -0.9285
vn 0.3539 0.1706 -0.9196
vn 0.3513 0.2334 -0.9067
vn 0.4754 0.0585 -0.8778
vn 0.4747 0.1155 -0.8726
vn 0.4708 0.1865 -0.8623
vn 0.4656 0.2546 -0.8476
vn 0.6007 0.0636 -0.7970
vn 0.5981 0.1287 -0.7910
vn 0.5916 0.2055 -0.7796
vn 0.5824 0.2804 -0.7630
vn 0.8244 0.0764 -0.5608
vn 0.8164 0.1600 -0.5549
vn 0.8001 0.2538 -0.5436
vn 0.7751 0.3483 -0.5271
vn 0.9055 0.0794 -0.4169
vn 0.8942 0.1714 -0.4135
vn 0.8723 0.2717 -0.4066
vn 0.8372 0.3770 -0.3963
vn 0.9606 0.0789 -0.2667
vn 0.9477 0.1756 -0.2663
vn 0.9230 0.2795 -0.2644
vn 0.8817 0.3938 -0.2600
vn 0.6588 0.6212 0.4245
vn 0.6750 0.6755 0.2967
vn 0.6947 0.7019 0.1571
vn 0.4845 0.7483 0.4531
vn 0.5240 0.7914 0.3149
vn 0.5474 0.8201 0.1667
vn 0.5371 0.4841 -0.6908
vn 0.4311 0.4352 -0.7904
vn 0.3311 0.4000 -0.8547
vn 0.2198 0.3803 -0.8984
vn 0.1132 0.3640 -0.9245
vn 0.3821 0.7009 -0.6022
vn 0.3096 0.6668 -0.6779
vn 0.2346 0.6481 -0.7245
vn 0.1613 0.6316 -0.7584
vn 0.0881 0.6116 -0.7862
vn 0.5951 0.0807 0.7996
vn 0.6107 0.1859 0.7697
vn 0.6248 0.3008 0.7205
vn 0.6404 0.4138 0.6470
vn 0.4279 0.1011 0.8981
vn 0.4111 0.2464 0.8777
vn 0.4149 0.3914 0.8214
vn 0.4425 0.5322 0.7217
vn 0.7024 0.6774 -0.2186
vn 0.6807 0.6474 -0.3427
vn 0.6534 0.5960 -0.4667
vn 0.5198 0.8293 -0.2050
vn 0.5004 0.8013 -0.3279
vn 0.4544 0.7801 -0.4302
vn 0.8403 0.4891 -0.2339
vn 0.8110 0.4605 -0.3607
vn 0.7614 0.4290 -0.4861
vn 0.8431 0.4921 -0.2170
vn 0.8240 0.4517 -0.3421
vn 0.7794 0.4114 -0.4725
vn 0.7150 0.0807 0.6944
vn 0.7219 0.1740 0.6698
vn 0.7392 0.2597 0.6214
vn 0.7636 0.3383 0.5499
vn 0.7078 0.0707 0.7029
vn 0.7269 0.1490 0.6704
vn 0.7475 0.2303 0.6231
vn 0.7757 0.3032 0.5535
vn 0.5886 0.3475 -0.7299
vn 0.4714 0.3170 -0.8230
vn 0.3548 0.3022 -0.8847
vn 0.2355 0.2889 -0.9280
vn 0.1194 0.2829 -0.9517
vn 0.6125 0.3248 -0.7207
vn 0.4852 0.2888 -0.8254
vn 0.3658 0.2749 -0.8891
vn 0.2421 0.2651 -0.9333
vn 0.1210 0.2638 -0.9569
vn 0.8246 0.4349 0.3618
vn 0.8430 0.4659 0.2688
vn 0.8545 0.4997 0.1415
vn 0.8404 0.4069 0.3580
vn 0.8495 0.4582 0.2615
vn 0.8496 0.5083 0.1407
vn 0.4014 0.8070 -0.4331
vn 0.3344 0.8150 -0.4732
vn 0.2579 0.8238 -0.5048
vn 0.1736 0.8321 -0.5267
vn 0.0887 0.8368 -0.5402
vn 0.4286 0.8454 -0.3188
vn 0.3515 0.8695 -0.3471
vn 0.2716 0.8874 -0.3725
vn 0.1844 0.9015 -0.3916
vn 0.0949 0.9099 -0.4038
vn 0.4416 0.8759 -0.1944
vn 0.3650 0.9064 -0.2127
vn 0.2851 0.9302 -0.2313
vn 0.1958 0.9491 -0.2467
vn 0.1016 0.9611 -0.2570
vn 0.2432 0.1188 0.9627
vn 0.2543 0.2601 0.9315
vn 0.2781 0.3975 0.8744
vn 0.3094 0.5453 0.7791
vn 0.1863 0.1199 0.9751
vn 0.1954 0.2626 0.9449
vn 0.2151 0.4029 0.8896
vn 0.2413 0.5551 0.7960
vn 0.1360 0.1204 0.9834
vn 0.1429 0.2641 0.9539
vn 0.1574 0.4065 0.9000
vn 0.1778 0.5619 0.8079
vn 0.0881 0.1209 0.9887
vn 0.0925 0.2654 0.9597
vn 0.1023 0.4092 0.9067
vn 0.1164 0.5668 0.8156
vn 0.0444 0.1210 0.9917
vn 0.0466 0.2660 0.9629
vn 0.0518 0.4102 0.9105
vn 0.0590 0.5690 0.8203
vn 0.4222 0.8753 0.2359
vn 0.3437 0.9052 0.2499
vn 0.2640 0.9280 0.2630
vn 0.1788 0.9453 0.2730
vn 0.0923 0.9556 0.2798
vn 0.3997 0.8312 0.3864
vn 0.3192 0.8576 0.4032
vn 0.2406 0.8762 0.4177
vn 0.1597 0.8897 0.4278
vn 0.0812 0.8970 0.4345
vn 0.3737 0.7661 0.5229
vn 0.2945 0.7882 0.5404
vn 0.2192 0.8033 0.5537
vn 0.1431 0.8145 0.5623
vn 0.0714 0.8199 0.5680
vn 0.6391 0.4075 0.6523
vn 0.5945 0.2974 0.7470
vn 0.5376 0.2166 0.8149
vn 0.5151 0.0905 0.8523
vn 0.5732 0.4553 0.6813
vn 0.5461 0.3296 0.7702
vn 0.5427 0.2166 0.8115
vn 0.5583 0.0828 0.8255
vn 0.7896 0.5872 0.1782
vn 0.7537 0.5774 0.3139
vn 0.7110 0.5451 0.4441
vn 0.7283 0.6638 0.1699
vn 0.6990 0.6428 0.3133
vn 0.6386 0.6253 0.4486
vn 0.7736 0.4545 -0.4416
vn 0.7835 0.5359 -0.3146
vn 0.8131 0.5521 -0.1846
vn 0.6334 0.6263 -0.4545
vn 0.6660 0.6677 -0.3325
vn 0.6874 0.6999 -0.1939
vn 0.1140 0.3836 -0.9164
vn 0.2301 0.3756 -0.8978
vn 0.3455 0.3838 -0.8564
vn 0.4527 0.4180 -0.7876
vn 0.5830 0.4271 -0.6911
vn 0.0978 0.5395 -0.8363
vn 0.1932 0.5414 -0.8183
vn 0.2778 0.5525 -0.7858
vn 0.3733 0.5677 -0.7337
vn 0.4777 0.5947 -0.6466
vn 0.0708 0.7191 -0.6913
vn 0.1480 0.7257 -0.6719
vn 0.2238 0.7338 -0.6414
vn 0.2841 0.7493 -0.5982
vn 0.3394 0.7661 -0.5458
vn 0.4337 0.8144 -0.3855
vn 0.4587 0.8390 -0.2926
vn 0.4664 0.8646 -0.1867
vn 0.4517 0.8668 0.2115
vn 0.4304 0.8270 0.3616
vn 0.4105 0.7705 0.4877
vn 0.3383 0.5661 0.7517
vn 0.3043 0.4090 0.8603
vn 0.2938 0.2680 0.9175
vn 0.2842 0.1228 0.9509
vn 0.8570 0.5021 -0.1161
vn 0.5009 0.8638 -0.0550
vn 0.5587 0.8256 -0.0785
vn 0.9068 0.4036 -0.1218
vn 0.9511 0.2836 -0.1223
vn 0.9766 0.1772 -0.1218
vn 0.9896 0.0781 -0.1208
vn 0.5149 0.8534 -0.0815
vn 0.7100 0.6981 -0.0926
vn 0.8520 0.5151 -0.0942
vn 0.8561 0.5067 -0.1017
vn 0.1048 0.9911 -0.0823
vn 0.2012 0.9765 -0.0774
vn 0.2911 0.9541 -0.0705
vn 0.3701 0.9268 -0.0631
vn 0.4453 0.8936 -0.0566
vn 0.8310 0.5506 -0.0792
vn 0.7011 0.7084 -0.0812
vn 0.4704 0.8801 -0.0644
vn -0.8554 0.5177 0.0159
vn -0.7559 0.4502 0.4753
vn -0.6651 0.3908 -0.6363
vn -0.0005 0.7076 0.7066
vn 0.0002 0.7425 -0.6698
vn -0.4346 0.6352 0.6385
vn -0.5162 0.8524 0.0835
vn -0.4452 0.7520 -0.4861
vn -0.3567 0.6958 0.6235
vn -0.5036 0.8619 0.0589
vn -0.4456 0.7340 -0.5125
vn -0.8405 0.5212 0.1482
vn -0.8208 0.4999 0.2764
vn -0.7931 0.4724 0.3845
vn -0.1180 0.2694 -0.9558
vn -0.2305 0.2814 -0.9315
vn -0.3462 0.2980 -0.8895
vn -0.4577 0.3219 -0.8288
vn -0.5687 0.3523 -0.7433
vn -0.6863 0.3117 -0.6572
vn -0.7014 0.2290 -0.6750
vn -0.7119 0.1443 -0.6873
vn -0.7168 0.0701 -0.6938
vn -0.7632 0.3752 0.5260
vn -0.7663 0.2801 0.5782
vn -0.7648 0.1876 0.6163
vn -0.7677 0.0862 0.6349
vn -0.7449 0.4342 -0.5065
vn -0.7960 0.4716 -0.3794
vn -0.8305 0.4978 -0.2497
vn -0.9118 0.4104 0.0154
vn -0.9574 0.2881 0.0184
vn -0.9834 0.1802 0.0201
vn -0.9966 0.0792 0.0210
vn -0.8021 0.3778 0.4626
vn -0.7912 0.4007 0.4621
vn -0.7091 0.7044 0.0318
vn -0.5005 0.8650 0.0372
vn -0.7025 0.3692 -0.6085
vn -0.6767 0.4001 -0.6181
vn -0.4694 0.6538 0.5934
vn -0.6546 0.5272 0.5417
vn -0.8584 0.5125 0.0245
vn -0.8633 0.5041 0.0249
vn -0.4164 0.7432 -0.5237
vn -0.6194 0.5131 -0.5942
vn 0.0030 0.2776 -0.9607
vn 0.0047 0.2634 -0.9647
vn -0.1019 0.9894 0.1030
vn -0.1956 0.9755 0.1008
vn -0.2841 0.9538 0.0975
vn -0.3632 0.9271 0.0925
vn -0.4399 0.8938 0.0873
vn -0.3443 0.6664 0.6614
vn -0.2701 0.6824 0.6792
vn -0.2000 0.6931 0.6925
vn -0.1294 0.7020 0.7003
vn -0.0655 0.7063 0.7048
vn -0.0000 0.8383 -0.5452
vn -0.0000 0.9128 -0.4084
vn -0.0000 0.9654 -0.2609
vn -0.0000 0.5697 0.8219
vn -0.0000 0.4104 0.9119
vn -0.0000 0.2661 0.9639
vn -0.0000 0.1211 0.9926
vn 0.0001 0.9593 0.2824
vn -0.0004 0.8993 0.4372
vn -0.0013 0.8217 0.5700
vn -0.3903 0.5278 0.7544
vn -0.3517 0.3876 0.8521
vn -0.3133 0.2587 0.9137
vn -0.2959 0.1165 0.9481
vn -0.5020 0.8366 0.2194
vn -0.4738 0.8007 0.3665
vn -0.4524 0.7338 0.5068
vn -0.4696 0.7889 -0.3963
vn -0.4950 0.8162 -0.2980
vn -0.5064 0.8428 -0.1823
vn -0.0840 0.7443 -0.6626
vn -0.1680 0.7443 -0.6464
vn -0.2532 0.7423 -0.6204
vn -0.3271 0.7435 -0.5833
vn -0.3904 0.7490 -0.5354
vn -0.7308 0.6816 0.0356
vn -0.8300 0.5557 0.0475
vn -0.3879 0.6728 0.6300
vn -0.4689 0.8800 0.0755
vn -0.3877 0.7863 -0.4811
vn 0.0010 0.3861 -0.9225
vn 0.0032 0.5460 -0.8378
vn -0.5422 0.6318 -0.5539
vn -0.7005 0.4171 -0.5790
vn -0.3788 0.7179 -0.5841
vn -0.2994 0.7100 -0.6374
vn -0.2340 0.6894 -0.6855
vn -0.1553 0.6815 -0.7151
vn -0.0711 0.6773 -0.7323
vn -0.5091 0.8375 -0.1985
vn -0.5040 0.8078 -0.3055
vn -0.4898 0.7743 -0.4007
vn -0.4318 0.7638 0.4798
vn -0.4703 0.8143 0.3402
vn -0.4783 0.8572 0.1909
vn -0.2715 0.1279 0.9539
vn -0.2955 0.2918 0.9097
vn -0.3042 0.4273 0.8514
vn -0.3314 0.5761 0.7471
vn -0.6092 0.5524 0.5690
vn -0.6605 0.5005 0.5597
vn -0.9809 0.0823 0.1763
vn -0.9672 0.1851 0.1739
vn -0.9414 0.2922 0.1683
vn -0.8976 0.4115 0.1581
vn -0.9327 0.0854 0.3503
vn -0.9202 0.1890 0.3428
vn -0.8989 0.2921 0.3265
vn -0.8639 0.4034 0.3015
vn -0.8593 0.0863 0.5041
vn -0.8510 0.1882 0.4904
vn -0.8401 0.2845 0.4618
vn -0.8226 0.3834 0.4199
vn -0.1195 0.0500 -0.9916
vn -0.1197 0.0950 -0.9883
vn -0.1191 0.1554 -0.9806
vn -0.1187 0.2121 -0.9700
vn -0.2353 0.0516 -0.9705
vn -0.2352 0.0987 -0.9669
vn -0.2336 0.1614 -0.9588
vn -0.2323 0.2202 -0.9474
vn -0.3564 0.0539 -0.9328
vn -0.3561 0.1046 -0.9286
vn -0.3536 0.1709 -0.9197
vn -0.3509 0.2336 -0.9068
vn -0.4754 0.0585 -0.8778
vn -0.4746 0.1156 -0.8726
vn -0.4707 0.1865 -0.8623
vn -0.4655 0.2546 -0.8476
vn -0.6007 0.0636 -0.7970
vn -0.5981 0.1287 -0.7910
vn -0.5916 0.2055 -0.7796
vn -0.5824 0.2801 -0.7631
vn -0.8244 0.0764 -0.5608
vn -0.8164 0.1600 -0.5549
vn -0.8001 0.2538 -0.5436
vn -0.7758 0.3470 -0.5269
vn -0.9055 0.0794 -0.4169
vn -0.8943 0.1714 -0.4135
vn -0.8723 0.2718 -0.4066
vn -0.8374 0.3768 -0.3959
vn -0.9606 0.0789 -0.2667
vn -0.9477 0.1757 -0.2663
vn -0.9230 0.2796 -0.2644
vn -0.8815 0.3942 -0.2600
vn -0.6691 0.6088 0.4262
vn -0.6811 0.6684 0.2989
vn -0.7009 0.6956 0.1577
vn -0.4991 0.7390 0.4525
vn -0.5197 0.7940 0.3154
vn -0.5285 0.8328 0.1647
vn -0.5434 0.4623 -0.7007
vn -0.4376 0.4287 -0.7904
vn -0.3364 0.3935 -0.8556
vn -0.2285 0.3692 -0.9008
vn -0.1156 0.3622 -0.9249
vn -0.3904 0.6843 -0.6159
vn -0.3217 0.6504 -0.6881
vn -0.2469 0.6351 -0.7319
vn -0.1708 0.6204 -0.7654
vn -0.0859 0.6047 -0.7918
vn -0.5826 0.0930 0.8074
vn -0.6083 0.1938 0.7697
vn -0.6256 0.2945 0.7225
vn -0.6334 0.4226 0.6482
vn -0.4190 0.1049 0.9019
vn -0.4151 0.2492 0.8750
vn -0.4134 0.3908 0.8224
vn -0.4332 0.5382 0.7230
vn -0.7279 0.6521 -0.2119
vn -0.6941 0.6351 -0.3388
vn -0.6590 0.5928 -0.4629
vn -0.4928 0.8462 -0.2028
vn -0.4810 0.8145 -0.3244
vn -0.4489 0.7865 -0.4241
vn -0.8350 0.5007 -0.2284
vn -0.8117 0.4656 -0.3528
vn -0.7619 0.4299 -0.4844
vn -0.8570 0.4715 -0.2079
vn -0.8347 0.4402 -0.3309
vn -0.7855 0.4032 -0.4694
vn -0.7224 0.0811 0.6867
vn -0.7235 0.1766 0.6674
vn -0.7400 0.2558 0.6221
vn -0.7671 0.3382 0.5451
vn -0.7088 0.0782 0.7010
vn -0.7212 0.1618 0.6736
vn -0.7433 0.2270 0.6292
vn -0.7739 0.3092 0.5527
vn -0.5820 0.3596 -0.7293
vn -0.4700 0.3236 -0.8212
vn -0.3538 0.3056 -0.8840
vn -0.2392 0.2887 -0.9271
vn -0.1210 0.2756 -0.9536
vn -0.6047 0.3380 -0.7212
vn -0.4836 0.3048 -0.8205
vn -0.3630 0.2873 -0.8864
vn -0.2476 0.2752 -0.9289
vn -0.1227 0.2722 -0.9544
vn -0.8190 0.4418 0.3662
vn -0.8438 0.4721 0.2553
vn -0.8543 0.4999 0.1424
vn -0.8260 0.4258 0.3693
vn -0.8526 0.4546 0.2576
vn -0.8688 0.4751 0.1395
vn -0.4016 0.8070 -0.4330
vn -0.3344 0.8150 -0.4732
vn -0.2579 0.8238 -0.5048
vn -0.1736 0.8322 -0.5267
vn -0.0887 0.8368 -0.5402
vn -0.4288 0.8453 -0.3189
vn -0.3515 0.8695 -0.3471
vn -0.2715 0.8874 -0.3725
vn -0.1844 0.9015 -0.3916
vn -0.0949 0.9099 -0.4038
vn -0.4418 0.8758 -0.1943
vn -0.3650 0.9064 -0.2127
vn -0.2850 0.9302 -0.2313
vn -0.1958 0.9491 -0.2467
vn -0.1016 0.9611 -0.2570
vn -0.2440 0.1186 0.9625
vn -0.2544 0.2595 0.9316
vn -0.2784 0.3975 0.8744
vn -0.3104 0.5450 0.7789
vn -0.1874 0.1198 0.9749
vn -0.1958 0.2624 0.9449
vn -0.2151 0.4029 0.8896
vn -0.2413 0.5551 0.7960
vn -0.1361 0.1204 0.9833
vn -0.1429 0.2641 0.9539
vn -0.1575 0.4065 0.9000
vn -0.1778 0.5619 0.8079
vn -0.0882 0.1209 0.9887
vn -0.0925 0.2654 0.9597
vn -0.1023 0.4092 0.9067
vn -0.1164 0.5668 0.8156
vn -0.0444 0.1211 0.9917
vn -0.0466 0.2660 0.9629
vn -0.0518 0.4102 0.9105
vn -0.0590 0.5690 0.8202
vn -0.4228 0.8750 0.2358
vn -0.3437 0.9052 0.2499
vn -0.2640 0.9279 0.2630
vn -0.1789 0.9452 0.2730
vn -0.0923 0.9556 0.2799
vn -0.3993 0.8314 0.3865
vn -0.3195 0.8574 0.4034
vn -0.2407 0.8762 0.4175
vn -0.1590 0.8897 0.4280
vn -0.0812 0.8967 0.4351
vn -0.3725 0.7666 0.5230
vn -0.2952 0.7880 0.5403
vn -0.2196 0.8033 0.5537
vn -0.1410 0.8148 0.5623
vn -0.0717 0.8199 0.5680
vn -0.6069 0.4250 0.6717
vn -0.5741 0.3147 0.7559
vn -0.5562 0.2175 0.8021
vn -0.5555 0.0945 0.8261
vn -0.5737 0.4533 0.6823
vn -0.5471 0.3303 0.7692
vn -0.5413 0.2186 0.8119
vn -0.5653 0.0862 0.8203
vn -0.7976 0.5778 0.1731
vn -0.7514 0.5793 0.3160
vn -0.7108 0.5526 0.4352
vn -0.7187 0.6754 0.1650
vn -0.6840 0.6584 0.3143
vn -0.6409 0.6266 0.4434
vn -0.7753 0.4547 -0.4383
vn -0.7919 0.5190 -0.3218
vn -0.8414 0.5028 -0.1981
vn -0.6222 0.6417 -0.4484
vn -0.6553 0.6794 -0.3302
vn -0.7124 0.6732 -0.1981
vn -0.1123 0.3838 -0.9166
vn -0.2311 0.3757 -0.8975
vn -0.3469 0.3835 -0.8559
vn -0.4529 0.4176 -0.7877
vn -0.5817 0.4282 -0.6916
vn -0.0925 0.5527 -0.8282
vn -0.1929 0.5537 -0.8101
vn -0.2802 0.5543 -0.7838
vn -0.3752 0.5643 -0.7354
vn -0.4722 0.5980 -0.6477
vn -0.0691 0.7202 -0.6903
vn -0.1485 0.7268 -0.6706
vn -0.2253 0.7340 -0.6407
vn -0.2845 0.7493 -0.5979
vn -0.3386 0.7667 -0.5455
vn -0.4344 0.8145 -0.3847
vn -0.4597 0.8389 -0.2914
vn -0.4611 0.8679 -0.1848
vn -0.4508 0.8701 0.1991
vn -0.4381 0.8299 0.3455
vn -0.4147 0.7621 0.4972
vn -0.3582 0.5605 0.7467
vn -0.3185 0.4149 0.8523
vn -0.2815 0.2845 0.9164
vn -0.2535 0.1232 0.9595
vn 0.0001 0.2680 -0.9634
vn -0.0005 0.2092 -0.9779
vn -0.0004 0.1530 -0.9882
vn -0.0002 0.0932 -0.9956
vn -0.0001 0.0491 -0.9988
vn 0.0015 0.3524 -0.9359
vn 0.0041 0.6093 -0.7930
vn 0.0001 0.9946 0.1038
vn 0.0010 0.7154 -0.6987
vn 0.0013 0.6830 -0.7304
vn -0.8520 0.5099 -0.1187
vn -0.5121 0.8574 -0.0512
vn -0.5244 0.8496 -0.0568
vn -0.9066 0.4040 -0.1219
vn -0.9511 0.2836 -0.1224
vn -0.9766 0.1772 -0.1218
vn -0.9896 0.0782 -0.1207
vn -0.4884 0.8689 -0.0803
vn -0.7261 0.6813 -0.0926
vn -0.8593 0.5016 -0.0998
vn -0.8500 0.5152 -0.1101
vn -0.1048 0.9911 -0.0824
vn -0.2012 0.9765 -0.0775
vn -0.2911 0.9541 -0.0705
vn -0.3701 0.9268 -0.0631
vn -0.4458 0.8934 -0.0565
vn -0.8584 0.5097 -0.0572
vn -0.7399 0.6688 -0.0728
vn -0.4711 0.8806 -0.0503
vn -0.0000 0.9964 -0.0843
vn 0.7186 -0.0000 -0.6954
vn 0.7671 -0.0000 0.6415
vn 0.8519 -0.5235 0.0133
vn 0.7529 -0.4524 0.4779
vn 0.6652 -0.3914 -0.6359
vn 0.3021 -0.0000 0.9533
vn 0.4155 -0.6456 0.6408
vn 0.4998 -0.8623 0.0810
vn 0.4387 -0.7571 -0.4841
vn 0.4088 -0.6654 0.6245
vn 0.5169 -0.8544 0.0540
vn 0.4424 -0.7381 -0.5094
vn 0.8426 -0.5175 0.1492
vn 0.8114 -0.5127 0.2808
vn 0.7895 -0.4815 0.3806
vn 0.1173 -0.2727 -0.9549
vn 0.2301 -0.2818 -0.9315
vn 0.3469 -0.2969 -0.8897
vn 0.4586 -0.3200 -0.8290
vn 0.5697 -0.3517 -0.7428
vn 0.6859 -0.3127 -0.6571
vn 0.7014 -0.2289 -0.6750
vn 0.7119 -0.1443 -0.6873
vn 0.7168 -0.0701 -0.6938
vn 0.7583 -0.3778 0.5313
vn 0.7631 -0.2832 0.5810
vn 0.7639 -0.1879 0.6174
vn 0.7667 -0.0863 0.6362
vn 0.7445 -0.4327 -0.5084
vn 0.7988 -0.4650 -0.3816
vn 0.8367 -0.4879 -0.2488
vn 0.8271 -0.0000 -0.5621
vn 0.9089 -0.0000 -0.4170
vn 0.9640 -0.0000 -0.2660
vn 0.9117 -0.4105 0.0153
vn 0.9574 -0.2881 0.0184
vn 0.9834 -0.1802 0.0201
vn 0.9966 -0.0792 0.0210
vn 0.5925 0.0168 0.8054
vn 0.4109 0.0141 0.9116
vn 0.8093 -0.3619 0.4626
vn 0.7914 -0.3963 0.4655
vn 0.7064 -0.7072 0.0296
vn 0.5457 -0.8371 0.0371
vn 0.7049 -0.3745 -0.6024
vn 0.6835 -0.3909 -0.6165
vn 0.4657 -0.6539 0.5963
vn 0.6554 -0.5223 0.5455
vn 0.8596 -0.5107 0.0170
vn 0.8675 -0.4970 0.0203
vn 0.4335 -0.7309 -0.5272
vn 0.6025 -0.5438 -0.5842
vn 0.1019 -0.9894 0.1030
vn 0.1955 -0.9755 0.1008
vn 0.2841 -0.9538 0.0975
vn 0.3631 -0.9271 0.0925
vn 0.4392 -0.8942 0.0872
vn 0.3436 -0.6665 0.6616
vn 0.2698 -0.6823 0.6794
vn 0.1999 -0.6933 0.6924
vn 0.1302 -0.7017 0.7005
vn 0.0656 -0.7058 0.7053
vn 0.2403 -0.0000 0.9707
vn 0.1838 -0.0000 0.9830
vn 0.1340 -0.0000 0.9910
vn 0.0867 -0.0000 0.9962
vn 0.0437 -0.0000 0.9990
vn 0.3803 -0.5307 0.7574
vn 0.3451 -0.3890 0.8541
vn 0.3181 -0.2556 0.9129
vn 0.3053 -0.1166 0.9451
vn 0.4910 -0.8421 0.2232
vn 0.4737 -0.8001 0.3681
vn 0.4463 -0.7404 0.5027
vn 0.4628 -0.7951 -0.3919
vn 0.4872 -0.8213 -0.2969
vn 0.5010 -0.8463 -0.1813
vn 0.0799 -0.7496 -0.6571
vn 0.1674 -0.7501 -0.6398
vn 0.2461 -0.7497 -0.6143
vn 0.3190 -0.7560 -0.5716
vn 0.3840 -0.7571 -0.5286
vn 0.7452 -0.6659 0.0348
vn 0.8134 -0.5804 0.0391
vn 0.3900 -0.6717 0.6299
vn 0.4661 -0.8820 0.0698
vn 0.3822 -0.7907 -0.4783
vn 0.5863 -0.5837 -0.5617
vn 0.7120 -0.4022 -0.5756
vn 0.5356 0.0046 0.8445
vn 0.5180 0.0003 0.8554
vn 0.3852 -0.7236 -0.5727
vn 0.2975 -0.6929 -0.6568
vn 0.2302 -0.6730 -0.7029
vn 0.1686 -0.6640 -0.7285
vn 0.0694 -0.6657 -0.7430
vn 0.5105 -0.8403 -0.1825
vn 0.4952 -0.8176 -0.2938
vn 0.4739 -0.7814 -0.4060
vn 0.4186 -0.7700 0.4816
vn 0.4363 -0.8345 0.3365
vn 0.4743 -0.8585 0.1950
vn 0.2730 -0.1285 0.9534
vn 0.2978 -0.2771 0.9135
vn 0.3270 -0.4145 0.8493
vn 0.3695 -0.5583 0.7428
vn 0.5874 -0.5628 0.5816
vn 0.6579 -0.4943 0.5682
vn 0.9809 -0.0823 0.1763
vn 0.9672 -0.1852 0.1739
vn 0.9414 -0.2922 0.1683
vn 0.8977 -0.4112 0.1581
vn 0.9327 -0.0854 0.3503
vn 0.9202 -0.1890 0.3428
vn 0.8989 -0.2921 0.3265
vn 0.8637 -0.4038 0.3016
vn 0.8593 -0.0863 0.5041
vn 0.8510 -0.1881 0.4902
vn 0.8401 -0.2846 0.4618
vn 0.8224 -0.3837 0.4200
vn 0.1195 -0.0495 -0.9916
vn 0.1197 -0.0943 -0.9883
vn 0.1190 -0.1548 -0.9807
vn 0.1186 -0.2118 -0.9701
vn 0.2354 -0.0513 -0.9705
vn 0.2354 -0.0982 -0.9669
vn 0.2340 -0.1609 -0.9588
vn 0.2327 -0.2198 -0.9474
vn 0.3564 -0.0538 -0.9328
vn 0.3563 -0.1044 -0.9285
vn 0.3539 -0.1706 -0.9196
vn 0.3513 -0.2334 -0.9067
vn 0.4754 -0.0584 -0.8778
vn 0.4747 -0.1155 -0.8726
vn 0.4708 -0.1865 -0.8623
vn 0.4657 -0.2545 -0.8476
vn 0.6007 -0.0636 -0.7970
vn 0.5981 -0.1287 -0.7910
vn 0.5916 -0.2055 -0.7796
vn 0.5824 -0.2804 -0.7630
vn 0.8244 -0.0764 -0.5608
vn 0.8164 -0.1600 -0.5549
vn 0.8001 -0.2536 -0.5436
vn 0.7752 -0.3478 -0.5273
vn 0.9055 -0.0794 -0.4169
vn 0.8943 -0.1714 -0.4135
vn 0.8723 -0.2716 -0.4065
vn 0.8377 -0.3761 -0.3961
vn 0.9606 -0.0789 -0.2667
vn 0.9477 -0.1757 -0.2663
vn 0.9230 -0.2795 -0.2644
vn 0.8819 -0.3934 -0.2597
vn 0.6697 -0.6106 0.4227
vn 0.6845 -0.6650 0.2987
vn 0.6949 -0.7016 0.1580
vn 0.5156 -0.7278 0.4521
vn 0.5534 -0.7711 0.3149
vn 0.5658 -0.8079 0.1647
vn 0.5358 -0.4929 -0.6856
vn 0.4229 -0.4500 -0.7865
vn 0.3221 -0.4102 -0.8532
vn 0.2128 -0.3855 -0.8978
vn 0.1131 -0.3673 -0.9232
vn 0.3909 -0.6930 -0.6057
vn 0.3069 -0.6687 -0.6773
vn 0.2344 -0.6452 -0.7272
vn 0.1604 -0.6240 -0.7648
vn 0.0894 -0.5991 -0.7957
vn 0.6069 -0.0780 0.7909
vn 0.6152 -0.1980 0.7631
vn 0.6252 -0.3013 0.7199
vn 0.6437 -0.4128 0.6444
vn 0.4032 -0.1035 0.9092
vn 0.3995 -0.2608 0.8789
vn 0.4118 -0.3934 0.8220
vn 0.4385 -0.5345 0.7226
vn 0.7026 -0.6782 -0.2154
vn 0.6711 -0.6577 -0.3421
vn 0.6432 -0.6052 -0.4690
vn 0.5376 -0.8175 -0.2067
vn 0.5048 -0.7981 -0.3288
vn 0.4615 -0.7744 -0.4328
vn 0.8423 -0.4884 -0.2280
vn 0.8145 -0.4552 -0.3598
vn 0.7621 -0.4248 -0.4885
vn 0.8449 -0.4918 -0.2104
vn 0.8229 -0.4547 -0.3407
vn 0.7771 -0.4118 -0.4759
vn 0.7179 -0.0804 0.6915
vn 0.7228 -0.1749 0.6686
vn 0.7392 -0.2613 0.6207
vn 0.7620 -0.3408 0.5507
vn 0.7226 -0.0676 0.6879
vn 0.7325 -0.1533 0.6633
vn 0.7486 -0.2305 0.6216
vn 0.7786 -0.3031 0.5495
vn 0.5919 -0.3437 -0.7290
vn 0.4760 -0.3066 -0.8243
vn 0.3556 -0.2945 -0.8870
vn 0.2349 -0.2857 -0.9291
vn 0.1187 -0.2838 -0.9515
vn 0.6168 -0.3237 -0.7174
vn 0.4873 -0.2859 -0.8251
vn 0.3597 -0.2789 -0.8904
vn 0.2360 -0.2731 -0.9326
vn 0.1184 -0.2766 -0.9537
vn 0.8225 -0.4466 0.3523
vn 0.8419 -0.4692 0.2668
vn 0.8557 -0.4968 0.1451
vn 0.8388 -0.4115 0.3566
vn 0.8659 -0.4281 0.2588
vn 0.8618 -0.4868 0.1428
vn 0.3966 -0.8105 -0.4310
vn 0.3328 -0.8164 -0.4720
vn 0.2573 -0.8244 -0.5041
vn 0.1736 -0.8325 -0.5262
vn 0.0884 -0.8369 -0.5402
vn 0.4278 -0.8461 -0.3180
vn 0.3513 -0.8696 -0.3470
vn 0.2716 -0.8873 -0.3727
vn 0.1845 -0.9014 -0.3917
vn 0.0950 -0.9099 -0.4039
vn 0.4416 -0.8759 -0.1945
vn 0.3651 -0.9063 -0.2128
vn 0.2850 -0.9302 -0.2313
vn 0.1958 -0.9491 -0.2467
vn 0.1016 -0.9611 -0.2570
vn 0.2431 -0.1188 0.9627
vn 0.2541 -0.2601 0.9316
vn 0.2780 -0.3976 0.8744
vn 0.3100 -0.5451 0.7789
vn 0.1863 -0.1199 0.9751
vn 0.1954 -0.2626 0.9449
vn 0.2151 -0.4030 0.8896
vn 0.2413 -0.5551 0.7960
vn 0.1360 -0.1204 0.9834
vn 0.1429 -0.2641 0.9539
vn 0.1574 -0.4065 0.9000
vn 0.1778 -0.5619 0.8079
vn 0.0881 -0.1209 0.9887
vn 0.0926 -0.2654 0.9597
vn 0.1023 -0.4092 0.9067
vn 0.1164 -0.5668 0.8156
vn 0.0444 -0.1210 0.9917
vn 0.0466 -0.2660 0.9629
vn 0.0518 -0.4102 0.9105
vn 0.0590 -0.5689 0.8203
vn 0.4223 -0.8752 0.2359
vn 0.3437 -0.9052 0.2499
vn 0.2640 -0.9280 0.2630
vn 0.1788 -0.9453 0.2730
vn 0.0923 -0.9556 0.2798
vn 0.3994 -0.8314 0.3863
vn 0.3192 -0.8576 0.4032
vn 0.2406 -0.8762 0.4177
vn 0.1597 -0.8897 0.4278
vn 0.0813 -0.8970 0.4344
vn 0.3728 -0.7666 0.5229
vn 0.2945 -0.7882 0.5404
vn 0.2192 -0.8034 0.5537
vn 0.1431 -0.8145 0.5623
vn 0.0719 -0.8199 0.5680
vn 0.6088 -0.4279 0.6680
vn 0.5693 -0.3164 0.7588
vn 0.5273 -0.2233 0.8198
vn 0.5103 -0.0962 0.8546
vn 0.5483 -0.4710 0.6910
vn 0.5323 -0.3381 0.7761
vn 0.5215 -0.2276 0.8223
vn 0.5295 -0.0893 0.8436
vn 0.7728 -0.6111 0.1713
vn 0.7327 -0.6036 0.3144
vn 0.6994 -0.5555 0.4497
vn 0.7479 -0.6440 0.1609
vn 0.7265 -0.6141 0.3085
vn 0.6726 -0.5908 0.4456
vn 0.7917 -0.4208 -0.4428
vn 0.8032 -0.5078 -0.3114
vn 0.8078 -0.5595 -0.1854
vn 0.6612 -0.5961 -0.4555
vn 0.6956 -0.6358 -0.3343
vn 0.7213 -0.6635 -0.1988
vn 0.1141 -0.3636 -0.9245
vn 0.2392 -0.3593 -0.9020
vn 0.3450 -0.3678 -0.8635
vn 0.4550 -0.3789 -0.8059
vn 0.6007 -0.3957 -0.6946
vn 0.0985 -0.5218 -0.8474
vn 0.1963 -0.5332 -0.8229
vn 0.2786 -0.5472 -0.7892
vn 0.3810 -0.5428 -0.7484
vn 0.5082 -0.5481 -0.6643
vn 0.0606 -0.7248 -0.6863
vn 0.1540 -0.7282 -0.6678
vn 0.2126 -0.7380 -0.6405
vn 0.2692 -0.7632 -0.5874
vn 0.3375 -0.7807 -0.5259
vn 0.4126 -0.8265 -0.3830
vn 0.4398 -0.8511 -0.2867
vn 0.4601 -0.8701 -0.1770
vn 0.4538 -0.8659 0.2105
vn 0.4334 -0.8309 0.3491
vn 0.4110 -0.7712 0.4862
vn 0.3595 -0.5545 0.7505
vn 0.3236 -0.4090 0.8532
vn 0.3015 -0.2687 0.9148
vn 0.2856 -0.1234 0.9504
vn 0.2813 -0.0000 0.9596
vn 0.2783 -0.0001 0.9605
vn 0.7084 0.0082 0.7058
vn 0.7146 0.0015 0.6995
vn 0.8615 -0.0001 0.5077
vn 0.9360 -0.0001 0.3521
vn 0.9843 -0.0000 0.1767
vn 0.9998 -0.0000 0.0212
vn 0.6020 -0.0000 -0.7985
vn 0.4762 -0.0000 -0.8794
vn 0.3569 -0.0000 -0.9341
vn 0.2357 -0.0000 -0.9718
vn 0.1196 -0.0000 -0.9928
vn 0.8545 -0.5069 -0.1134
vn 0.5061 -0.8608 -0.0543
vn 0.9928 -0.0000 -0.1202
vn 0.5238 -0.8491 -0.0676
vn 0.9068 -0.4037 -0.1218
vn 0.9511 -0.2836 -0.1224
vn 0.9766 -0.1772 -0.1218
vn 0.9896 -0.0782 -0.1208
vn 0.5408 -0.8373 -0.0801
vn 0.7135 -0.6946 -0.0922
vn 0.8582 -0.5052 -0.0909
vn 0.8567 -0.5073 -0.0933
vn 0.1048 -0.9911 -0.0823
vn 0.2011 -0.9765 -0.0774
vn 0.2911 -0.9541 -0.0705
vn 0.3701 -0.9268 -0.0631
vn 0.4455 -0.8935 -0.0566
vn 0.8118 -0.5800 -0.0672
vn 0.7306 -0.6789 -0.0724
vn 0.4733 -0.8788 -0.0602
vn -0.7186 -0.0000 -0.6954
vn -0.7676 -0.0006 0.6409
vn -0.8595 -0.5110 0.0111
vn -0.7542 -0.4584 0.4701
vn -0.6652 -0.3912 -0.6360
vn -0.0000 -0.7073 0.7069
vn -0.0000 -0.0000 1.0000
vn 0.0012 -0.7458 -0.6662
vn -0.2986 -0.0006 0.9544
vn -0.4213 -0.6438 0.6388
vn -0.5000 -0.8620 0.0836
vn -0.4318 -0.7572 -0.4902
vn -0.3926 -0.6767 0.6229
vn -0.5638 -0.8235 0.0629
vn -0.4398 -0.7285 -0.5253
vn -0.8527 -0.5017 0.1454
vn -0.8228 -0.4919 0.2846
vn -0.7849 -0.4820 0.3894
vn -0.1176 -0.2712 -0.9553
vn -0.2305 -0.2828 -0.9311
vn -0.3462 -0.3000 -0.8889
vn -0.4573 -0.3231 -0.8286
vn -0.5690 -0.3526 -0.7429
vn -0.6859 -0.3127 -0.6571
vn -0.7014 -0.2289 -0.6750
vn -0.7119 -0.1443 -0.6873
vn -0.7168 -0.0701 -0.6938
vn -0.7676 -0.3718 0.5220
vn -0.7666 -0.2790 0.5783
vn -0.7641 -0.1883 0.6170
vn -0.7669 -0.0860 0.6359
vn -0.7445 -0.4328 -0.5084
vn -0.7976 -0.4678 -0.3808
vn -0.8342 -0.4922 -0.2487
vn -0.8271 -0.0000 -0.5621
vn -0.9089 -0.0000 -0.4170
vn -0.9640 -0.0000 -0.2660
vn -0.9122 -0.4095 0.0151
vn -0.9575 -0.2877 0.0185
vn -0.9833 -0.1807 0.0200
vn -0.9966 -0.0793 0.0210
vn -0.5763 0.0023 0.8172
vn -0.3997 0.0013 0.9167
vn -0.8085 -0.3671 0.4600
vn -0.7925 -0.4063 0.4548
vn -0.7033 -0.7102 0.0307
vn -0.4577 -0.8885 0.0336
vn -0.7019 -0.3759 -0.6050
vn -0.6821 -0.3917 -0.6175
vn -0.4632 -0.6562 0.5957
vn -0.6541 -0.5238 0.5457
vn -0.8578 -0.5138 0.0121
vn -0.8520 -0.5232 0.0203
vn -0.4326 -0.7307 -0.5282
vn -0.6065 -0.5356 -0.5876
vn 0.0035 -0.2775 -0.9607
vn 0.0106 -0.2647 -0.9643
vn -0.1019 -0.9894 0.1031
vn -0.1956 -0.9755 0.1009
vn -0.2841 -0.9538 0.0975
vn -0.3632 -0.9271 0.0925
vn -0.4391 -0.8942 0.0873
vn -0.3434 -0.6666 0.6616
vn -0.2699 -0.6823 0.6794
vn -0.2004 -0.6931 0.6924
vn -0.1303 -0.7017 0.7005
vn -0.0656 -0.7058 0.7053
vn -0.2406 0.0007 0.9706
vn -0.1844 0.0002 0.9829
vn -0.1340 -0.0000 0.9910
vn -0.0867 -0.0000 0.9962
vn -0.0437 -0.0000 0.9990
vn 0.0004 -0.8383 -0.5452
vn -0.0000 -0.9128 -0.4084
vn -0.0000 -0.9654 -0.2609
vn -0.0000 -0.5697 0.8219
vn -0.0000 -0.4105 0.9119
vn -0.0000 -0.2661 0.9639
vn -0.0000 -0.1211 0.9926
vn -0.0000 -0.9593 0.2824
vn -0.0000 -0.8995 0.4369
vn -0.0000 -0.8217 0.5700
vn -0.3747 -0.5344 0.7576
vn -0.3428 -0.3886 0.8553
vn -0.3184 -0.2557 0.9128
vn -0.3048 -0.1167 0.9452
vn -0.4931 -0.8410 0.2229
vn -0.4754 -0.7991 0.3680
vn -0.4500 -0.7371 0.5041
vn -0.4461 -0.8011 -0.3990
vn -0.4720 -0.8298 -0.2978
vn -0.4869 -0.8542 -0.1825
vn -0.0844 -0.7481 -0.6582
vn -0.1712 -0.7448 -0.6449
vn -0.2496 -0.7443 -0.6195
vn -0.3245 -0.7481 -0.5788
vn -0.3910 -0.7504 -0.5329
vn -0.6906 -0.7228 0.0267
vn -0.8558 -0.5156 0.0412
vn -0.3805 -0.6801 0.6266
vn -0.4745 -0.8767 0.0788
vn -0.3693 -0.7900 -0.4894
vn -0.0052 -0.3744 -0.9272
vn -0.0011 -0.5369 -0.8436
vn -0.5595 -0.6109 -0.5601
vn -0.6966 -0.4152 -0.5851
vn -0.5670 -0.0003 0.8237
vn -0.5453 -0.0050 0.8383
vn -0.3942 -0.7148 -0.5777
vn -0.3051 -0.7014 -0.6441
vn -0.2177 -0.6861 -0.6942
vn -0.1611 -0.6768 -0.7184
vn -0.0773 -0.6625 -0.7450
vn -0.5427 -0.8206 -0.1793
vn -0.5079 -0.8091 -0.2955
vn -0.4905 -0.7632 -0.4206
vn -0.4259 -0.7707 0.4740
vn -0.4675 -0.8185 0.3338
vn -0.5112 -0.8373 0.1940
vn -0.2637 -0.1383 0.9546
vn -0.2935 -0.2770 0.9149
vn -0.3216 -0.4107 0.8532
vn -0.3713 -0.5597 0.7409
vn -0.5958 -0.5596 0.5761
vn -0.6724 -0.4845 0.5596
vn -0.9809 -0.0823 0.1763
vn -0.9672 -0.1854 0.1737
vn -0.9415 -0.2921 0.1681
vn -0.8989 -0.4088 0.1577
vn -0.9327 -0.0854 0.3503
vn -0.9202 -0.1891 0.3428
vn -0.8989 -0.2922 0.3266
vn -0.8650 -0.4004 0.3023
vn -0.8593 -0.0862 0.5041
vn -0.8509 -0.1885 0.4903
vn -0.8398 -0.2850 0.4620
vn -0.8225 -0.3828 0.4207
vn -0.1195 -0.0495 -0.9916
vn -0.1197 -0.0943 -0.9883
vn -0.1190 -0.1548 -0.9807
vn -0.1186 -0.2118 -0.9701
vn -0.2354 -0.0513 -0.9705
vn -0.2355 -0.0981 -0.9669
vn -0.2340 -0.1609 -0.9588
vn -0.2327 -0.2198 -0.9474
vn -0.3564 -0.0538 -0.9328
vn -0.3563 -0.1044 -0.9285
vn -0.3539 -0.1706 -0.9196
vn -0.3513 -0.2334 -0.9067
vn -0.4754 -0.0585 -0.8778
vn -0.4747 -0.1155 -0.8726
vn -0.4708 -0.1865 -0.8623
vn -0.4656 -0.2546 -0.8476
vn -0.6007 -0.0636 -0.7970
vn -0.5981 -0.1287 -0.7910
vn -0.5916 -0.2055 -0.7796
vn -0.5824 -0.2804 -0.7630
vn -0.8244 -0.0764 -0.5608
vn -0.8164 -0.1600 -0.5549
vn -0.8001 -0.2536 -0.5436
vn -0.7752 -0.3476 -0.5274
vn -0.9055 -0.0794 -0.4169
vn -0.8942 -0.1714 -0.4135
vn -0.8723 -0.2716 -0.4065
vn -0.8378 -0.3757 -0.3960
vn -0.9606 -0.0789 -0.2667
vn -0.9478 -0.1757 -0.2663
vn -0.9231 -0.2795 -0.2643
vn -0.8820 -0.3934 -0.2595
vn -0.6670 -0.6128 0.4238
vn -0.6774 -0.6723 0.2984
vn -0.6940 -0.7025 0.1574
vn -0.4969 -0.7409 0.4518
vn -0.5209 -0.7935 0.3146
vn -0.5171 -0.8405 0.1616
vn -0.5368 -0.4683 -0.7018
vn -0.4455 -0.3865 -0.8076
vn -0.3599 -0.3283 -0.8734
vn -0.2462 -0.3433 -0.9064
vn -0.1193 -0.3726 -0.9203
vn -0.3924 -0.6846 -0.6142
vn -0.3244 -0.6443 -0.6926
vn -0.2499 -0.6270 -0.7378
vn -0.1688 -0.6156 -0.7698
vn -0.0868 -0.6121 -0.7860
vn -0.5933 -0.0930 0.7996
vn -0.6106 -0.1947 0.7676
vn -0.6233 -0.2982 0.7228
vn -0.6403 -0.4151 0.6463
vn -0.4112 -0.1064 0.9053
vn -0.4148 -0.2511 0.8746
vn -0.4170 -0.3899 0.8210
vn -0.4392 -0.5339 0.7225
vn -0.7049 -0.6753 -0.2171
vn -0.6787 -0.6497 -0.3426
vn -0.6495 -0.6005 -0.4664
vn -0.5331 -0.8225 -0.1983
vn -0.5271 -0.7825 -0.3315
vn -0.4690 -0.7696 -0.4333
vn -0.8410 -0.4901 -0.2292
vn -0.8126 -0.4603 -0.3576
vn -0.7622 -0.4267 -0.4868
vn -0.8488 -0.4840 -0.2128
vn -0.8249 -0.4519 -0.3397
vn -0.7781 -0.4135 -0.4728
vn -0.7184 -0.0819 0.6908
vn -0.7227 -0.1749 0.6687
vn -0.7406 -0.2536 0.6223
vn -0.7632 -0.3405 0.5492
vn -0.7161 -0.0778 0.6936
vn -0.7228 -0.1559 0.6733
vn -0.7415 -0.2313 0.6299
vn -0.7654 -0.3160 0.5606
vn -0.5797 -0.3581 -0.7319
vn -0.4512 -0.3526 -0.8198
vn -0.3400 -0.3536 -0.8714
vn -0.2420 -0.3156 -0.9175
vn -0.1238 -0.2776 -0.9527
vn -0.5970 -0.3331 -0.7298
vn -0.4629 -0.3024 -0.8332
vn -0.3664 -0.2864 -0.8853
vn -0.2748 -0.2727 -0.9220
vn -0.1330 -0.2647 -0.9551
vn -0.8180 -0.4405 0.3700
vn -0.8371 -0.4723 0.2760
vn -0.8521 -0.5046 0.1386
vn -0.8382 -0.4076 0.3623
vn -0.8402 -0.4716 0.2676
vn -0.8408 -0.5227 0.1412
vn -0.4006 -0.8074 -0.4331
vn -0.3344 -0.8151 -0.4731
vn -0.2578 -0.8239 -0.5047
vn -0.1738 -0.8322 -0.5266
vn -0.0887 -0.8371 -0.5399
vn -0.4277 -0.8458 -0.3189
vn -0.3515 -0.8695 -0.3471
vn -0.2716 -0.8874 -0.3725
vn -0.1844 -0.9015 -0.3916
vn -0.0949 -0.9099 -0.4038
vn -0.4410 -0.8762 -0.1944
vn -0.3650 -0.9064 -0.2127
vn -0.2851 -0.9302 -0.2313
vn -0.1958 -0.9491 -0.2467
vn -0.1016 -0.9611 -0.2570
vn -0.2431 -0.1186 0.9627
vn -0.2541 -0.2601 0.9315
vn -0.2779 -0.3976 0.8744
vn -0.3098 -0.5453 0.7789
vn -0.1864 -0.1199 0.9751
vn -0.1954 -0.2626 0.9449
vn -0.2151 -0.4030 0.8896
vn -0.2413 -0.5553 0.7959
vn -0.1360 -0.1204 0.9834
vn -0.1428 -0.2641 0.9539
vn -0.1574 -0.4065 0.9000
vn -0.1780 -0.5619 0.8078
vn -0.0881 -0.1209 0.9887
vn -0.0925 -0.2654 0.9597
vn -0.1023 -0.4092 0.9067
vn -0.1164 -0.5668 0.8156
vn -0.0444 -0.1211 0.9917
vn -0.0466 -0.2660 0.9629
vn -0.0518 -0.4102 0.9105
vn -0.0590 -0.5689 0.8203
vn -0.4223 -0.8752 0.2359
vn -0.3437 -0.9052 0.2499
vn -0.2640 -0.9279 0.2630
vn -0.1789 -0.9452 0.2730
vn -0.0923 -0.9556 0.2799
vn -0.3995 -0.8314 0.3863
vn -0.3192 -0.8576 0.4032
vn -0.2406 -0.8762 0.4177
vn -0.1597 -0.8897 0.4278
vn -0.0813 -0.8970 0.4344
vn -0.3728 -0.7665 0.5230
vn -0.2945 -0.7881 0.5406
vn -0.2194 -0.8032 0.5538
vn -0.1431 -0.8145 0.5623
vn -0.0719 -0.8199 0.5680
vn -0.6254 -0.4162 0.6601
vn -0.5812 -0.3073 0.7535
vn -0.5324 -0.2206 0.8172
vn -0.5240 -0.1053 0.8452
vn -0.5592 -0.4640 0.6871
vn -0.5444 -0.3315 0.7705
vn -0.5335 -0.2213 0.8163
vn -0.5605 -0.0882 0.8234
vn -0.7990 -0.5784 0.1646
vn -0.7464 -0.5906 0.3068
vn -0.7205 -0.5422 0.4323
vn -0.6970 -0.7001 0.1550
vn -0.6827 -0.6617 0.3099
vn -0.6570 -0.6114 0.4410
vn -0.7903 -0.4137 -0.4520
vn -0.8084 -0.4983 -0.3133
vn -0.8389 -0.5191 -0.1640
vn -0.6546 -0.5997 -0.4603
vn -0.7152 -0.6129 -0.3359
vn -0.7332 -0.6587 -0.1691
vn -0.1138 -0.3775 -0.9190
vn -0.2298 -0.3825 -0.8949
vn -0.3440 -0.3737 -0.8614
vn -0.4676 -0.3798 -0.7982
vn -0.5904 -0.4172 -0.6909
vn -0.0929 -0.5377 -0.8380
vn -0.1929 -0.5419 -0.8180
vn -0.2832 -0.5489 -0.7865
vn -0.3797 -0.5560 -0.7394
vn -0.4778 -0.5892 -0.6516
vn -0.0726 -0.7203 -0.6899
vn -0.1581 -0.7253 -0.6701
vn -0.2097 -0.7400 -0.6391
vn -0.2732 -0.7641 -0.5844
vn -0.3427 -0.7714 -0.5362
vn -0.3976 -0.8295 -0.3922
vn -0.4266 -0.8582 -0.2855
vn -0.4496 -0.8751 -0.1792
vn -0.4589 -0.8635 0.2094
vn -0.4400 -0.8277 0.3482
vn -0.4055 -0.7728 0.4883
vn -0.3484 -0.5634 0.7491
vn -0.3143 -0.4071 0.8576
vn -0.2985 -0.2696 0.9155
vn -0.2786 -0.1265 0.9520
vn -0.0000 -0.0000 -1.0000
vn 0.0003 -0.2686 -0.9632
vn -0.0000 -0.2090 -0.9779
vn -0.0000 -0.1525 -0.9883
vn -0.0000 -0.0928 -0.9957
vn -0.0000 -0.0488 -0.9988
vn 0.0114 -0.3583 -0.9335
vn 0.0043 -0.6103 -0.7921
vn -0.2622 -0.0077 0.9650
vn -0.2626 -0.0138 0.9648
vn -0.7126 -0.0047 0.7016
vn 0.0001 -0.9946 0.1038
vn -0.7200 -0.0037 0.6939
vn -0.8615 -0.0000 0.5078
vn -0.9360 0.0001 0.3521
vn -0.9843 -0.0000 0.1767
vn -0.9998 -0.0000 0.0212
vn -0.0003 -0.7179 -0.6962
vn -0.0046 -0.6730 -0.7396
vn -0.6020 -0.0000 -0.7985
vn -0.4762 -0.0000 -0.8794
vn -0.3569 -0.0000 -0.9341
vn -0.2357 -0.0000 -0.9718
vn -0.1196 0.0001 -0.9928
vn -0.8544 -0.5061 -0.1175
vn -0.4947 -0.8675 -0.0519
vn -0.9928 -0.0000 -0.1202
vn -0.5805 -0.8126 -0.0516
vn -0.9068 -0.4035 -0.1219
vn -0.9512 -0.2834 -0.1220
vn -0.9766 -0.1775 -0.1216
vn -0.9896 -0.0782 -0.1207
vn -0.4585 -0.8857 -0.0730
vn -0.7102 -0.6979 -0.0925
vn -0.8562 -0.5077 -0.0958
vn -0.8550 -0.5078 -0.1058
vn -0.1048 -0.9911 -0.0824
vn -0.2012 -0.9765 -0.0775
vn -0.2911 -0.9541 -0.0705
vn -0.3701 -0.9268 -0.0631
vn -0.4450 -0.8937 -0.0565
vn -0.8782 -0.4761 -0.0449
vn -0.7077 -0.7046 -0.0519
vn -0.4679 -0.8824 -0.0491
vn 0.0001 -0.9964 -0.0843
vn 0.8555 0.5115 0.0802
vn 0.8365 0.5030 0.2171
vn 0.8039 0.4900 0.3371
vn 0.7702 0.4683 0.4330
vn 0.0589 0.2699 -0.9611
vn 0.1740 0.2770 -0.9450
vn 0.2884 0.2893 -0.9128
vn 0.4021 0.3085 -0.8620
vn 0.5148 0.3358 -0.7888
vn 0.6195 0.3707 -0.6919
vn 0.6756 0.3543 -0.6466
vn 0.6944 0.2710 -0.6666
vn 0.7074 0.1859 -0.6819
vn 0.7148 0.1059 -0.6913
vn 0.7181 0.0348 -0.6950
vn 0.7567 0.4190 0.5019
vn 0.7623 0.3318 0.5557
vn 0.7641 0.2341 0.6012
vn 0.7654 0.1364 0.6290
vn 0.7670 0.0425 0.6402
vn 0.0601 -0.0000 -0.9982
vn 0.1779 -0.0000 -0.9840
vn 0.2961 -0.0000 -0.9552
vn 0.4157 -0.0000 -0.9095
vn 0.5393 -0.0000 -0.8421
vn 0.6615 -0.0000 -0.7500
vn 0.9953 -0.0000 0.0966
vn 0.9646 -0.0001 0.2638
vn 0.9014 -0.0001 0.4329
vn 0.8147 -0.0000 0.5799
vn 0.7081 0.4124 -0.5731
vn 0.7734 0.4521 -0.4443
vn 0.8185 0.4797 -0.3163
vn 0.8595 0.5085 -0.0513
vn 0.8847 0.4660 0.0141
vn 0.9366 0.3499 0.0169
vn 0.9727 0.2314 0.0195
vn 0.9916 0.1277 0.0206
vn 0.9990 0.0385 0.0212
vn -0.0004 0.2398 -0.9708
vn -0.0004 0.1804 -0.9836
vn -0.0003 0.1226 -0.9925
vn -0.0001 0.0704 -0.9975
vn -0.0000 0.0246 -0.9997
vn 0.8323 0.3373 0.4399
vn 0.7531 0.4506 0.4793
vn 0.7901 0.6124 0.0259
vn 0.6230 0.7814 0.0350
vn 0.7036 0.3679 -0.6080
vn 0.6646 0.4086 -0.6256
vn 0.0029 0.2897 -0.9571
vn 0.0024 0.4578 -0.8890
vn 0.0220 -0.0000 0.9998
vn 0.0652 -0.0000 0.9979
vn 0.1099 -0.0000 0.9939
vn 0.7311 0.0003 0.6822
vn 0.7114 0.0040 0.7028
vn 0.5540 0.5994 0.5778
vn 0.7380 0.4424 0.5096
vn 0.8459 0.5331 0.0152
vn 0.8740 0.4854 0.0202
vn 0.5279 0.6371 -0.5616
vn 0.6736 0.4360 -0.5968
vn 0.1581 -0.0000 0.9874
vn 0.2112 -0.0000 0.9774
vn 0.2726 -0.0000 0.9621
vn 0.0517 0.9933 0.1036
vn 0.1499 0.9834 0.1021
vn 0.2407 0.9655 0.0994
vn 0.3240 0.9413 0.0951
vn 0.4017 0.9114 0.0899
vn 0.4732 0.8769 0.0847
vn 0.3832 0.6562 0.6500
vn 0.3064 0.6752 0.6710
vn 0.2343 0.6883 0.6866
vn 0.1646 0.6980 0.6970
vn 0.0979 0.7042 0.7032
vn 0.0324 0.7071 0.7064
vn 0.4908 0.0172 0.8711
vn 0.6760 0.0132 0.7367
vn 0.9403 -0.0000 -0.3405
vn 0.8714 -0.0000 -0.4906
vn 0.4146 0.0092 0.9100
vn 0.3920 0.5975 0.6995
vn 0.3528 0.4636 0.8128
vn 0.3282 0.3206 0.8885
vn 0.3101 0.1850 0.9325
vn 0.3029 0.0573 0.9513
vn 0.4946 0.8555 0.1533
vn 0.4845 0.8227 0.2974
vn 0.4755 0.7616 0.4403
vn 0.4464 0.6920 0.5674
vn 0.4534 0.7717 -0.4461
vn 0.4818 0.8039 -0.3487
vn 0.4981 0.8325 -0.2425
vn 0.4989 0.8666 0.0115
vn 0.0413 0.7430 -0.6680
vn 0.1273 0.7439 -0.6560
vn 0.2100 0.7432 -0.6353
vn 0.2915 0.7422 -0.6034
vn 0.3598 0.7465 -0.5597
vn 0.4181 0.7516 -0.5102
vn 0.5536 0.8320 0.0351
vn 0.8651 0.5005 0.0333
vn 0.6940 0.7184 0.0475
vn 0.9987 -0.0000 -0.0508
vn 0.7749 -0.0000 -0.6321
vn 0.2529 -0.0000 0.9675
vn 0.3091 0.0001 0.9510
vn 0.3445 0.7128 0.6110
vn 0.4276 0.6566 0.6213
vn 0.4359 0.8976 0.0654
vn 0.4961 0.8647 0.0791
vn 0.3657 0.7985 -0.4783
vn 0.4362 0.7529 -0.4929
vn 0.0006 0.7089 -0.7053
vn 0.0013 0.7326 -0.6807
vn 0.3794 0.7761 -0.5037
vn 0.7161 0.3880 -0.5802
vn 0.5860 0.5851 -0.5605
vn 0.4169 0.7221 -0.5520
vn 0.3394 0.7143 -0.6120
vn 0.2651 0.6997 -0.6635
vn 0.1943 0.6845 -0.7027
vn 0.1140 0.6791 -0.7252
vn 0.0339 0.6808 -0.7317
vn 0.5552 0.8215 -0.1298
vn 0.5190 0.8165 -0.2531
vn 0.4967 0.7955 -0.3471
vn 0.4688 0.7520 -0.4635
vn 0.4042 0.7345 0.5450
vn 0.4229 0.8040 0.4180
vn 0.4737 0.8398 0.2652
vn 0.5115 0.8484 0.1362
vn 0.2742 0.0570 0.9600
vn 0.2760 0.2025 0.9396
vn 0.3068 0.3357 0.8906
vn 0.3480 0.4851 0.8023
vn 0.3938 0.6267 0.6724
vn 0.4378 0.6697 0.5999
vn 0.7069 0.4640 0.5339
vn 0.5425 0.5988 0.5892
vn 0.9756 0.1319 0.1754
vn 0.9564 0.2363 0.1717
vn 0.9214 0.3526 0.1636
vn 0.9612 0.0840 0.2628
vn 0.9477 0.1876 0.2582
vn 0.9233 0.2932 0.2481
vn 0.8829 0.4086 0.2314
vn 0.9278 0.1359 0.3476
vn 0.9111 0.2389 0.3358
vn 0.8827 0.3490 0.3147
vn 0.8986 0.0861 0.4303
vn 0.8879 0.1889 0.4196
vn 0.8712 0.2888 0.3969
vn 0.8438 0.3945 0.3637
vn 0.8558 0.1364 0.4990
vn 0.8463 0.2353 0.4779
vn 0.8318 0.3359 0.4418
vn 0.9921 0.0806 0.0965
vn 0.9786 0.1826 0.0952
vn 0.9525 0.2903 0.0924
vn 0.9074 0.4113 0.0865
vn 0.8723 0.4645 0.1526
vn 0.8423 0.4545 0.2896
vn 0.8092 0.4318 0.3984
vn 0.7945 0.3764 0.4767
vn 0.8029 0.2825 0.5250
vn 0.8078 0.1879 0.5587
vn 0.8133 0.0866 0.5754
vn 0.8610 0.0424 0.5068
vn 0.9352 0.0418 0.3516
vn 0.9835 0.0401 0.1766
vn 0.1196 0.0712 -0.9903
vn 0.1192 0.1242 -0.9851
vn 0.1186 0.1828 -0.9760
vn 0.1777 0.0503 -0.9828
vn 0.1778 0.0960 -0.9794
vn 0.1767 0.1575 -0.9716
vn 0.1758 0.2153 -0.9606
vn 0.2355 0.0738 -0.9691
vn 0.2348 0.1291 -0.9634
vn 0.2334 0.1896 -0.9537
vn 0.2957 0.0524 -0.9539
vn 0.2956 0.1008 -0.9500
vn 0.2938 0.1651 -0.9415
vn 0.2920 0.2257 -0.9294
vn 0.3564 0.0782 -0.9311
vn 0.3553 0.1370 -0.9246
vn 0.3527 0.2015 -0.9138
vn 0.4151 0.0559 -0.9081
vn 0.4148 0.1094 -0.9033
vn 0.4118 0.1780 -0.8937
vn 0.4080 0.2432 -0.8800
vn 0.4751 0.0860 -0.8757
vn 0.4732 0.1505 -0.8680
vn 0.4685 0.2202 -0.8556
vn 0.5383 0.0610 -0.8406
vn 0.5367 0.1219 -0.8349
vn 0.5317 0.1956 -0.8240
vn 0.5247 0.2669 -0.8084
vn 0.5996 0.0950 -0.7947
vn 0.5954 0.1665 -0.7860
vn 0.5874 0.2430 -0.7720
vn 0.0600 0.0491 -0.9970
vn 0.0600 0.0934 -0.9938
vn 0.0595 0.1534 -0.9864
vn 0.0592 0.2099 -0.9759
vn 0.1177 0.2434 -0.9628
vn 0.2314 0.2523 -0.9396
vn 0.3491 0.2670 -0.8982
vn 0.4618 0.2898 -0.8383
vn 0.5759 0.3182 -0.7531
vn 0.6360 0.2958 -0.7128
vn 0.6479 0.2167 -0.7303
vn 0.6562 0.1362 -0.7422
vn 0.6599 0.0667 -0.7484
vn 0.6016 0.0316 -0.7981
vn 0.4759 0.0291 -0.8790
vn 0.3568 0.0269 -0.9338
vn 0.2356 0.0257 -0.9715
vn 0.1196 0.0248 -0.9925
vn 0.8212 0.1168 -0.5586
vn 0.8095 0.2059 -0.5498
vn 0.7886 0.3014 -0.5360
vn 0.8682 0.0784 -0.4899
vn 0.8585 0.1666 -0.4850
vn 0.8391 0.2641 -0.4756
vn 0.8088 0.3641 -0.4619
vn 0.9009 0.1238 -0.4160
vn 0.8851 0.2199 -0.4101
vn 0.8560 0.3250 -0.4021
vn 0.9367 0.0794 -0.3409
vn 0.9245 0.1742 -0.3392
vn 0.9008 0.2765 -0.3349
vn 0.8620 0.3866 -0.3278
vn 0.9555 0.1255 -0.2669
vn 0.9375 0.2253 -0.2653
vn 0.9039 0.3374 -0.2628
vn 0.7727 0.0736 -0.6305
vn 0.7664 0.1524 -0.6241
vn 0.7532 0.2416 -0.6118
vn 0.7333 0.3307 -0.5940
vn 0.7596 0.3940 -0.5175
vn 0.8164 0.4265 -0.3893
vn 0.8577 0.4459 -0.2559
vn 0.8967 0.3993 -0.1912
vn 0.9398 0.2817 -0.1934
vn 0.9651 0.1765 -0.1937
vn 0.9781 0.0784 -0.1930
vn 0.9632 0.0385 -0.2662
vn 0.9080 0.0390 -0.4170
vn 0.8264 0.0378 -0.5618
vn 0.6665 0.6506 0.3640
vn 0.6851 0.6930 0.2244
vn 0.5690 0.6936 0.4418
vn 0.5943 0.7432 0.3074
vn 0.6191 0.7682 0.1631
vn 0.5046 0.7718 0.3868
vn 0.5390 0.8079 0.2384
vn 0.7017 0.7062 0.0947
vn 0.5480 0.8304 0.1011
vn 0.4673 0.7126 0.5233
vn 0.6509 0.5821 0.4873
vn 0.4860 0.4590 -0.7437
vn 0.3787 0.4152 -0.8272
vn 0.2794 0.3889 -0.8779
vn 0.1626 0.3724 -0.9137
vn 0.4676 0.5936 -0.6550
vn 0.3772 0.5512 -0.7443
vn 0.2908 0.5180 -0.8044
vn 0.1957 0.4954 -0.8463
vn 0.1045 0.4724 -0.8752
vn 0.3507 0.6823 -0.6415
vn 0.2682 0.6556 -0.7059
vn 0.2010 0.6411 -0.7407
vn 0.1224 0.6199 -0.7750
vn 0.0622 0.3558 -0.9325
vn 0.0505 0.6097 -0.7910
vn 0.4031 0.7218 -0.5626
vn 0.5792 0.5084 -0.6372
vn 0.6027 0.1258 0.7880
vn 0.6174 0.2447 0.7476
vn 0.6337 0.3574 0.6861
vn 0.4990 0.0925 0.8617
vn 0.5007 0.2202 0.8371
vn 0.5189 0.3509 0.7795
vn 0.5456 0.4763 0.6895
vn 0.4219 0.1666 0.8912
vn 0.4074 0.3211 0.8549
vn 0.4293 0.4624 0.7758
vn 0.6429 0.4712 0.6039
vn 0.4498 0.5988 0.6626
vn 0.4218 0.0552 0.9050
vn 0.5910 0.0496 0.8051
vn 0.6934 0.6641 -0.2796
vn 0.6679 0.6247 -0.4046
vn 0.6150 0.7588 -0.2143
vn 0.5930 0.7312 -0.3372
vn 0.5628 0.6920 -0.4522
vn 0.5163 0.8134 -0.2679
vn 0.4778 0.7915 -0.3810
vn 0.6341 0.5641 -0.5288
vn 0.4340 0.7637 -0.4779
vn 0.5155 0.8451 -0.1415
vn 0.7076 0.6892 -0.1562
vn 0.8278 0.4759 -0.2970
vn 0.7898 0.4446 -0.4225
vn 0.8570 0.4649 -0.2226
vn 0.8338 0.4286 -0.3479
vn 0.7836 0.3986 -0.4765
vn 0.8361 0.4734 -0.2771
vn 0.8059 0.4301 -0.4069
vn 0.8265 0.5072 -0.2441
vn 0.7913 0.4846 -0.3728
vn 0.7422 0.4497 -0.4969
vn 0.7240 0.4125 -0.5529
vn 0.7440 0.3941 -0.5395
vn 0.7329 0.4895 -0.4724
vn 0.7668 0.5423 -0.3434
vn 0.7856 0.5790 -0.2181
vn 0.8481 0.5062 -0.1566
vn 0.8499 0.4992 -0.1686
vn 0.7174 0.1266 0.6851
vn 0.7295 0.2166 0.6488
vn 0.7501 0.3028 0.5879
vn 0.7113 0.0755 0.6988
vn 0.7246 0.1601 0.6703
vn 0.7499 0.2382 0.6172
vn 0.7863 0.3026 0.5387
vn 0.7163 0.1073 0.6895
vn 0.7370 0.1890 0.6489
vn 0.7601 0.2706 0.5907
vn 0.7314 0.0846 0.6767
vn 0.7327 0.1840 0.6552
vn 0.7389 0.2771 0.6142
vn 0.7444 0.3704 0.5556
vn 0.7801 0.3664 0.5072
vn 0.7935 0.3303 0.5112
vn 0.7227 0.3488 0.5967
vn 0.7090 0.2524 0.6585
vn 0.6972 0.1555 0.6998
vn 0.6759 0.0713 0.7336
vn 0.7050 0.0400 0.7080
vn 0.7141 0.0405 0.6989
vn 0.5317 0.3293 -0.7802
vn 0.4120 0.3089 -0.8572
vn 0.2957 0.2951 -0.9085
vn 0.1773 0.2851 -0.9420
vn 0.6086 0.3205 -0.7259
vn 0.4835 0.2907 -0.8257
vn 0.3631 0.2813 -0.8883
vn 0.2407 0.2705 -0.9321
vn 0.1211 0.2682 -0.9557
vn 0.5505 0.3031 -0.7778
vn 0.4229 0.2805 -0.8617
vn 0.3066 0.2694 -0.9129
vn 0.1792 0.2639 -0.9477
vn 0.5712 0.3663 -0.7346
vn 0.4599 0.3343 -0.8227
vn 0.3476 0.3129 -0.8839
vn 0.2307 0.2978 -0.9263
vn 0.1175 0.2888 -0.9502
vn 0.0613 0.2806 -0.9579
vn 0.0641 0.2628 -0.9627
vn 0.1185 0.2920 -0.9490
vn 0.2358 0.2981 -0.9250
vn 0.3567 0.3111 -0.8809
vn 0.4691 0.3370 -0.8164
vn 0.5890 0.3832 -0.7115
vn 0.6640 0.3505 -0.6605
vn 0.6384 0.3702 -0.6748
vn 0.8343 0.4495 0.3191
vn 0.8499 0.4842 0.2079
vn 0.8614 0.3735 0.3441
vn 0.8711 0.4183 0.2574
vn 0.8716 0.4702 0.1387
vn 0.8471 0.4294 0.3131
vn 0.8493 0.4878 0.2017
vn 0.7846 0.4914 0.3781
vn 0.8149 0.5088 0.2776
vn 0.8388 0.5248 0.1447
vn 0.8573 0.5089 0.0775
vn 0.8522 0.5169 0.0816
vn 0.7796 0.6083 0.1486
vn 0.7703 0.5728 0.2802
vn 0.7591 0.5175 0.3949
vn 0.8284 0.3850 0.4068
vn 0.8130 0.4165 0.4069
vn 0.3696 0.8107 -0.4540
vn 0.2968 0.8195 -0.4903
vn 0.2161 0.8283 -0.5169
vn 0.1317 0.8349 -0.5344
vn 0.4165 0.8275 -0.3765
vn 0.3426 0.8449 -0.4108
vn 0.2641 0.8587 -0.4392
vn 0.1784 0.8700 -0.4596
vn 0.0915 0.8767 -0.4723
vn 0.3906 0.8583 -0.3328
vn 0.3117 0.8791 -0.3605
vn 0.2286 0.8950 -0.3829
vn 0.1404 0.9063 -0.3986
vn 0.4364 0.8621 -0.2575
vn 0.3590 0.8901 -0.2806
vn 0.2788 0.9113 -0.3029
vn 0.1904 0.9279 -0.3205
vn 0.0984 0.9381 -0.3321
vn 0.4039 0.8920 -0.2032
vn 0.3254 0.9191 -0.2222
vn 0.2413 0.9404 -0.2395
vn 0.1498 0.9559 -0.2525
vn 0.3909 0.7798 -0.4891
vn 0.3291 0.7796 -0.5328
vn 0.2542 0.7833 -0.5673
vn 0.1702 0.7883 -0.5913
vn 0.0865 0.7908 -0.6059
vn 0.0446 0.8379 -0.5439
vn 0.0479 0.9121 -0.4072
vn 0.0514 0.9643 -0.2599
vn 0.1038 0.9794 -0.1732
vn 0.1997 0.9659 -0.1651
vn 0.2895 0.9448 -0.1533
vn 0.3689 0.9189 -0.1397
vn 0.4447 0.8867 -0.1269
vn 0.4763 0.8591 -0.1873
vn 0.4649 0.8305 -0.3067
vn 0.4350 0.8009 -0.4116
vn 0.2472 0.1881 0.9505
vn 0.2648 0.3270 0.9072
vn 0.2930 0.4730 0.8309
vn 0.2139 0.1194 0.9695
vn 0.2240 0.2616 0.9388
vn 0.2461 0.4005 0.8826
vn 0.2752 0.5506 0.7881
vn 0.1897 0.1899 0.9633
vn 0.2041 0.3307 0.9214
vn 0.2277 0.4804 0.8470
vn 0.1604 0.1202 0.9797
vn 0.1684 0.2634 0.9499
vn 0.1855 0.4049 0.8953
vn 0.2088 0.5588 0.8026
vn 0.1387 0.1908 0.9718
vn 0.1492 0.3330 0.9310
vn 0.1671 0.4855 0.8581
vn 0.1116 0.1207 0.9864
vn 0.1172 0.2648 0.9572
vn 0.1294 0.4080 0.9038
vn 0.1466 0.5646 0.8122
vn 0.0898 0.1916 0.9774
vn 0.0967 0.3349 0.9373
vn 0.1091 0.4891 0.8654
vn 0.0662 0.1210 0.9904
vn 0.0695 0.2657 0.9615
vn 0.0770 0.4098 0.9089
vn 0.0879 0.5681 0.8183
vn 0.0453 0.1919 0.9804
vn 0.0488 0.3357 0.9407
vn 0.0553 0.4906 0.8696
vn 0.2757 0.1176 0.9540
vn 0.2876 0.2578 0.9224
vn 0.3116 0.3932 0.8650
vn 0.3430 0.5394 0.7691
vn 0.3267 0.6093 0.7225
vn 0.2556 0.6220 0.7401
vn 0.1890 0.6307 0.7527
vn 0.1237 0.6373 0.7607
vn 0.0625 0.6405 0.7654
vn 0.0295 0.5695 0.8215
vn 0.0260 0.4104 0.9115
vn 0.0234 0.2661 0.9637
vn 0.0223 0.1211 0.9924
vn 0.0439 0.0594 0.9973
vn 0.0871 0.0594 0.9944
vn 0.1345 0.0592 0.9891
vn 0.1844 0.0589 0.9811
vn 0.2410 0.0584 0.9688
vn 0.3833 0.8911 0.2429
vn 0.3039 0.9175 0.2567
vn 0.2218 0.9374 0.2684
vn 0.1363 0.9512 0.2768
vn 0.4114 0.8563 0.3122
vn 0.3318 0.8844 0.3282
vn 0.2523 0.9050 0.3425
vn 0.1691 0.9202 0.3531
vn 0.0867 0.9288 0.3602
vn 0.3592 0.8456 0.3949
vn 0.2796 0.8677 0.4109
vn 0.2001 0.8836 0.4232
vn 0.1207 0.8940 0.4315
vn 0.3872 0.8018 0.4552
vn 0.3066 0.8264 0.4723
vn 0.2295 0.8432 0.4862
vn 0.1509 0.8554 0.4955
vn 0.0759 0.8617 0.5017
vn 0.3333 0.7784 0.5320
vn 0.2564 0.7965 0.5476
vn 0.1809 0.8096 0.5585
vn 0.1072 0.8178 0.5655
vn 0.4318 0.8873 0.1618
vn 0.3546 0.9190 0.1722
vn 0.2752 0.9439 0.1823
vn 0.1881 0.9636 0.1900
vn 0.0977 0.9759 0.1952
vn 0.0467 0.9584 0.2817
vn 0.0406 0.8988 0.4364
vn 0.0351 0.8213 0.5695
vn 0.0680 0.7673 0.6377
vn 0.1363 0.7625 0.6325
vn 0.2097 0.7525 0.6243
vn 0.2826 0.7393 0.6112
vn 0.3593 0.7204 0.5933
vn 0.4202 0.7487 0.5128
vn 0.4423 0.8131 0.3785
vn 0.4603 0.8577 0.2292
vn 0.5018 0.4970 0.7079
vn 0.4526 0.3611 0.8153
vn 0.3899 0.2538 0.8852
vn 0.3606 0.1134 0.9258
vn 0.6195 0.3490 0.7032
vn 0.5649 0.2562 0.7844
vn 0.5204 0.1609 0.8386
vn 0.6889 0.3686 0.6241
vn 0.6533 0.2681 0.7081
vn 0.6227 0.1895 0.7592
vn 0.6179 0.0729 0.7829
vn 0.5609 0.3896 0.7304
vn 0.5382 0.2743 0.7969
vn 0.5542 0.1495 0.8188
vn 0.5169 0.0328 0.8554
vn 0.5487 0.0343 0.8353
vn 0.4393 0.0998 0.8928
vn 0.4117 0.2508 0.8761
vn 0.4009 0.3945 0.8268
vn 0.4239 0.5406 0.7267
vn 0.5781 0.5197 0.6291
vn 0.6555 0.4593 0.5994
vn 0.6501 0.7349 0.1931
vn 0.6106 0.7179 0.3343
vn 0.5705 0.6716 0.4729
vn 0.7708 0.5895 0.2417
vn 0.7334 0.5612 0.3836
vn 0.8357 0.5233 0.1664
vn 0.8025 0.5159 0.2997
vn 0.7517 0.5023 0.4274
vn 0.7155 0.6565 0.2391
vn 0.6724 0.6328 0.3840
vn 0.6897 0.5243 0.4995
vn 0.6066 0.6077 0.5126
vn 0.4852 0.7446 0.4585
vn 0.5404 0.7784 0.3195
vn 0.5629 0.8090 0.1695
vn 0.7410 0.6634 0.1037
vn 0.8118 0.5726 0.1148
vn 0.6390 0.6369 -0.4313
vn 0.6538 0.6891 -0.3126
vn 0.6930 0.6953 -0.1907
vn 0.7821 0.4988 -0.3737
vn 0.7947 0.5518 -0.2530
vn 0.7959 0.4088 -0.4466
vn 0.8075 0.4959 -0.3194
vn 0.8311 0.5249 -0.1839
vn 0.6546 0.6447 -0.3949
vn 0.6778 0.6861 -0.2642
vn 0.8261 0.5500 -0.1230
vn 0.6917 0.7102 -0.1309
vn 0.5094 0.8377 -0.1970
vn 0.4903 0.8085 -0.3256
vn 0.4317 0.7954 -0.4254
vn 0.5972 0.6186 -0.5106
vn 0.7456 0.4235 -0.5145
vn 0.0946 0.5422 -0.8349
vn 0.1938 0.5408 -0.8185
vn 0.2934 0.5462 -0.7846
vn 0.3832 0.5713 -0.7258
vn 0.4922 0.5779 -0.6510
vn 0.1700 0.3795 -0.9094
vn 0.2915 0.3756 -0.8797
vn 0.3955 0.4004 -0.8266
vn 0.5168 0.4279 -0.7415
vn 0.1180 0.3508 -0.9290
vn 0.2371 0.3421 -0.9093
vn 0.3494 0.3548 -0.8672
vn 0.4612 0.3874 -0.7983
vn 0.5951 0.4040 -0.6948
vn 0.1456 0.5389 -0.8297
vn 0.2383 0.5467 -0.8027
vn 0.3200 0.5587 -0.7652
vn 0.4290 0.5804 -0.6921
vn 0.6464 0.4194 -0.6375
vn 0.5189 0.6074 -0.6015
vn 0.3528 0.7354 -0.5785
vn 0.2832 0.7059 -0.6492
vn 0.2080 0.6984 -0.6849
vn 0.1462 0.6884 -0.7105
vn 0.0780 0.6759 -0.7329
vn 0.0501 0.5422 -0.8388
vn 0.0585 0.3857 -0.9208
vn 0.1118 0.7223 -0.6825
vn 0.1849 0.7293 -0.6587
vn 0.2570 0.7407 -0.6208
vn 0.3112 0.7579 -0.5734
vn 0.0803 0.7120 -0.6976
vn 0.1629 0.7149 -0.6799
vn 0.2469 0.7179 -0.6510
vn 0.3176 0.7258 -0.6102
vn 0.3800 0.7388 -0.5566
vn 0.3654 0.7747 -0.5161
vn 0.3161 0.7815 -0.5380
vn 0.2582 0.7691 -0.5846
vn 0.2039 0.7505 -0.6286
vn 0.1358 0.7408 -0.6579
vn 0.0632 0.7337 -0.6765
vn 0.0317 0.7164 -0.6970
vn 0.4489 0.8275 -0.3373
vn 0.4633 0.8522 -0.2430
vn 0.4727 0.7898 -0.3909
vn 0.4944 0.8176 -0.2951
vn 0.5013 0.8454 -0.1843
vn 0.4705 0.8734 -0.1256
vn 0.4483 0.8736 -0.1892
vn 0.4335 0.8523 -0.2926
vn 0.4090 0.8282 -0.3832
vn 0.4129 0.7985 -0.4381
vn 0.4428 0.8511 0.2821
vn 0.4191 0.7983 0.4325
vn 0.4938 0.8418 0.2180
vn 0.4844 0.7933 0.3687
vn 0.4750 0.7289 0.4931
vn 0.4008 0.7363 0.5452
vn 0.3409 0.8071 0.4821
vn 0.3782 0.8573 0.3494
vn 0.4169 0.8857 0.2041
vn 0.4550 0.8784 0.1464
vn 0.3720 0.5429 0.7529
vn 0.3425 0.3924 0.8536
vn 0.3178 0.4883 0.8128
vn 0.2975 0.3362 0.8935
vn 0.2892 0.1947 0.9373
vn 0.3244 0.2581 0.9100
vn 0.3126 0.1178 0.9426
vn 0.2817 0.0599 0.9576
vn 0.2522 0.1275 0.9592
vn 0.2623 0.2765 0.9245
vn 0.2731 0.4217 0.8646
vn 0.3138 0.5828 0.7496
vn 0.3625 0.6336 0.6835
vn 0.3724 -0.0001 0.9281
vn 0.6064 0.0016 0.7952
vn 0.0043 0.6850 -0.7286
vn 0.0013 0.2831 -0.9591
vn 0.0046 0.2649 -0.9643
vn 0.0001 0.7912 -0.6116
vn -0.0000 0.8789 -0.4770
vn -0.0000 0.9417 -0.3364
vn 0.0001 1.0000 0.0082
vn -0.0000 0.0595 0.9982
vn -0.0001 0.6417 0.7669
vn -0.0000 0.4910 0.8712
vn -0.0000 0.3359 0.9419
vn -0.0000 0.1920 0.9814
vn 0.0001 0.9803 0.1973
vn -0.0001 0.9318 0.3630
vn -0.0010 0.8636 0.5042
vn -0.0010 0.7691 0.6391
vn 0.0011 0.5514 -0.8343
vn 0.0018 0.3483 -0.9374
vn 0.8489 0.4955 -0.1840
vn 0.5017 0.8566 -0.1208
vn 0.9813 -0.0000 -0.1924
vn 0.5474 0.8366 -0.0222
vn 0.9116 0.4074 -0.0544
vn 0.9568 0.2858 -0.0533
vn 0.9826 0.1784 -0.0522
vn 0.9956 0.0784 -0.0512
vn 0.5247 0.8509 -0.0247
vn 0.7091 0.7044 -0.0320
vn 0.8542 0.5187 -0.0358
vn 0.8584 0.5114 -0.0404
vn 0.1043 0.9945 0.0089
vn 0.1999 0.9798 0.0102
vn 0.2894 0.9571 0.0120
vn 0.3683 0.9296 0.0131
vn 0.4435 0.8962 0.0137
vn 0.8327 0.5528 -0.0322
vn 0.7229 0.6903 -0.0317
vn 0.4639 0.8859 -0.0000
vn -0.0000 0.9843 -0.1763
vn 0.4612 0.8844 -0.0718
vn 0.5012 0.8633 -0.0584
vn 0.5045 0.8597 -0.0795
vn 0.8510 0.5193 -0.0784
vn 0.7128 0.6967 -0.0808
vn 0.0531 0.9951 -0.0838
vn 0.1543 0.9848 -0.0802
vn 0.2472 0.9661 -0.0742
vn 0.3312 0.9412 -0.0668
vn 0.4785 0.8764 -0.0547
vn 0.4084 0.9109 -0.0596
vn 0.7928 0.6021 -0.0946
vn 0.8454 0.5227 -0.1097
vn 0.8693 0.4850 -0.0958
vn 0.6196 0.7800 -0.0875
vn 0.9920 0.0380 -0.1203
vn 0.9308 0.3443 -0.1225
vn 0.9661 0.2277 -0.1220
vn 0.9846 0.1257 -0.1213
vn 0.8808 0.4580 -0.1199
vn -0.8491 0.5216 0.0841
vn -0.8315 0.5133 0.2124
vn -0.8079 0.4855 0.3339
vn -0.7739 0.4611 0.4341
vn -0.0590 0.2675 -0.9617
vn -0.1751 0.2744 -0.9455
vn -0.2881 0.2891 -0.9129
vn -0.4018 0.3090 -0.8620
vn -0.5143 0.3364 -0.7889
vn -0.6189 0.3704 -0.6927
vn -0.6760 0.3527 -0.6470
vn -0.6945 0.2708 -0.6666
vn -0.7074 0.1859 -0.6819
vn -0.7148 0.1059 -0.6913
vn -0.7181 0.0348 -0.6950
vn -0.7590 0.4172 0.4998
vn -0.7654 0.3295 0.5528
vn -0.7655 0.2330 0.5998
vn -0.7662 0.1369 0.6279
vn -0.7680 0.0414 0.6391
vn -0.0601 0.0001 -0.9982
vn -0.1779 0.0001 -0.9840
vn -0.2961 -0.0000 -0.9552
vn -0.4157 -0.0000 -0.9095
vn -0.5393 -0.0000 -0.8421
vn -0.6615 -0.0000 -0.7500
vn -0.9953 -0.0000 0.0966
vn -0.9646 0.0001 0.2638
vn -0.9014 0.0001 0.4330
vn -0.8147 -0.0001 0.5798
vn -0.7081 0.4126 -0.5731
vn -0.7731 0.4541 -0.4427
vn -0.8155 0.4863 -0.3137
vn -0.8564 0.5135 -0.0528
vn -0.8835 0.4682 0.0145
vn -0.9366 0.3499 0.0169
vn -0.9727 0.2313 0.0195
vn -0.9916 0.1277 0.0206
vn -0.9990 0.0385 0.0212
vn -0.8217 0.3564 0.4448
vn -0.7541 0.4477 0.4805
vn -0.7963 0.6043 0.0271
vn -0.6142 0.7883 0.0360
vn -0.6964 0.3745 -0.6122
vn -0.6624 0.4114 -0.6261
vn -0.0220 -0.0000 0.9998
vn -0.0652 -0.0000 0.9979
vn -0.1099 -0.0000 0.9939
vn -0.7333 -0.0017 0.6799
vn -0.7191 -0.0054 0.6949
vn -0.5709 0.5908 0.5702
vn -0.7351 0.4527 0.5046
vn -0.8416 0.5397 0.0203
vn -0.8807 0.4729 0.0253
vn -0.5341 0.6258 -0.5684
vn -0.6788 0.4161 -0.6051
vn -0.1583 -0.0000 0.9874
vn -0.2120 0.0004 0.9773
vn -0.2716 0.0006 0.9624
vn -0.0516 0.9933 0.1036
vn -0.1500 0.9834 0.1021
vn -0.2408 0.9655 0.0993
vn -0.3240 0.9413 0.0951
vn -0.4017 0.9114 0.0899
vn -0.4801 0.8731 0.0851
vn -0.3891 0.6523 0.6505
vn -0.3063 0.6755 0.6708
vn -0.2348 0.6881 0.6866
vn -0.1640 0.6980 0.6970
vn -0.0973 0.7046 0.7029
vn -0.0331 0.7074 0.7061
vn -0.4709 0.0027 0.8822
vn -0.6704 -0.0011 0.7420
vn -0.9402 -0.0000 -0.3405
vn -0.8714 -0.0000 -0.4906
vn -0.4240 0.0002 0.9056
vn -0.4141 0.5862 0.6964
vn -0.3700 0.4585 0.8080
vn -0.3319 0.3227 0.8864
vn -0.3009 0.1865 0.9352
vn -0.2961 0.0566 0.9535
vn -0.5119 0.8456 0.1512
vn -0.4885 0.8222 0.2923
vn -0.4610 0.7722 0.4371
vn -0.4460 0.6852 0.5758
vn -0.4556 0.7705 -0.4458
vn -0.4839 0.8027 -0.3487
vn -0.5021 0.8305 -0.2412
vn -0.5153 0.8568 0.0157
vn -0.0409 0.7432 -0.6678
vn -0.1270 0.7445 -0.6554
vn -0.2104 0.7435 -0.6348
vn -0.2918 0.7421 -0.6034
vn -0.3601 0.7461 -0.5600
vn -0.4193 0.7507 -0.5105
vn -0.4979 0.8665 0.0352
vn -0.8785 0.4761 0.0394
vn -0.6757 0.7352 0.0540
vn -0.9987 -0.0000 -0.0508
vn -0.7749 -0.0000 -0.6321
vn -0.2272 -0.0123 0.9738
vn -0.3003 -0.0033 0.9538
vn -0.3186 0.7100 0.6280
vn -0.4454 0.6356 0.6305
vn -0.4210 0.9046 0.0663
vn -0.5218 0.8492 0.0812
vn -0.3622 0.8014 -0.4760
vn -0.4379 0.7520 -0.4926
vn -0.3666 0.7851 -0.4992
vn -0.7092 0.4016 -0.5794
vn -0.5881 0.5836 -0.5600
vn -0.4152 0.7232 -0.5519
vn -0.3385 0.7151 -0.6116
vn -0.2657 0.6998 -0.6631
vn -0.1969 0.6840 -0.7024
vn -0.1136 0.6784 -0.7259
vn -0.0315 0.6804 -0.7321
vn -0.5190 0.8455 -0.1257
vn -0.5040 0.8236 -0.2603
vn -0.5011 0.7928 -0.3470
vn -0.4704 0.7523 -0.4613
vn -0.3924 0.7348 0.5533
vn -0.4583 0.7890 0.4093
vn -0.4743 0.8389 0.2669
vn -0.4882 0.8644 0.1205
vn -0.2650 0.0467 0.9631
vn -0.2845 0.2173 0.9337
vn -0.2991 0.3559 0.8854
vn -0.3179 0.5032 0.8036
vn -0.3395 0.6424 0.6871
vn -0.4513 0.6620 0.5984
vn -0.7244 0.4422 0.5288
vn -0.4995 0.6195 0.6055
vn -0.9756 0.1319 0.1755
vn -0.9564 0.2363 0.1717
vn -0.9214 0.3526 0.1636
vn -0.9612 0.0840 0.2628
vn -0.9477 0.1875 0.2583
vn -0.9233 0.2931 0.2481
vn -0.8828 0.4090 0.2312
vn -0.9278 0.1358 0.3476
vn -0.9111 0.2389 0.3359
vn -0.8828 0.3489 0.3146
vn -0.8986 0.0861 0.4303
vn -0.8878 0.1889 0.4196
vn -0.8712 0.2887 0.3970
vn -0.8440 0.3943 0.3636
vn -0.8558 0.1364 0.4990
vn -0.8462 0.2354 0.4780
vn -0.8319 0.3357 0.4420
vn -0.9921 0.0806 0.0965
vn -0.9786 0.1825 0.0952
vn -0.9525 0.2903 0.0924
vn -0.9072 0.4118 0.0866
vn -0.8698 0.4693 0.1525
vn -0.8424 0.4553 0.2882
vn -0.8104 0.4295 0.3984
vn -0.7952 0.3757 0.4760
vn -0.8034 0.2819 0.5245
vn -0.8079 0.1880 0.5585
vn -0.8135 0.0864 0.5750
vn -0.8610 0.0424 0.5069
vn -0.9352 0.0419 0.3516
vn -0.9835 0.0401 0.1767
vn -0.1197 0.0717 -0.9902
vn -0.1195 0.1247 -0.9850
vn -0.1189 0.1832 -0.9759
vn -0.1777 0.0508 -0.9828
vn -0.1777 0.0967 -0.9793
vn -0.1766 0.1581 -0.9715
vn -0.1758 0.2156 -0.9605
vn -0.2353 0.0744 -0.9691
vn -0.2345 0.1296 -0.9634
vn -0.2330 0.1901 -0.9537
vn -0.2956 0.0526 -0.9539
vn -0.2954 0.1012 -0.9500
vn -0.2934 0.1654 -0.9416
vn -0.2914 0.2260 -0.9295
vn -0.3563 0.0783 -0.9311
vn -0.3551 0.1373 -0.9247
vn -0.3524 0.2017 -0.9139
vn -0.4151 0.0559 -0.9081
vn -0.4147 0.1095 -0.9033
vn -0.4116 0.1781 -0.8938
vn -0.4077 0.2433 -0.8801
vn -0.4751 0.0860 -0.8757
vn -0.4731 0.1505 -0.8680
vn -0.4684 0.2203 -0.8556
vn -0.5383 0.0610 -0.8406
vn -0.5367 0.1220 -0.8349
vn -0.5317 0.1956 -0.8240
vn -0.5247 0.2668 -0.8084
vn -0.5996 0.0950 -0.7947
vn -0.5954 0.1666 -0.7860
vn -0.5874 0.2429 -0.7720
vn -0.0601 0.0494 -0.9970
vn -0.0604 0.0938 -0.9938
vn -0.0602 0.1537 -0.9863
vn -0.0600 0.2100 -0.9759
vn -0.1182 0.2424 -0.9629
vn -0.2312 0.2521 -0.9397
vn -0.3486 0.2672 -0.8984
vn -0.4616 0.2900 -0.8384
vn -0.5757 0.3178 -0.7534
vn -0.6361 0.2951 -0.7129
vn -0.6479 0.2167 -0.7302
vn -0.6562 0.1362 -0.7422
vn -0.6599 0.0667 -0.7484
vn -0.6016 0.0316 -0.7981
vn -0.4759 0.0291 -0.8790
vn -0.3567 0.0269 -0.9338
vn -0.2355 0.0258 -0.9715
vn -0.1196 0.0250 -0.9925
vn -0.8212 0.1168 -0.5586
vn -0.8095 0.2059 -0.5498
vn -0.7888 0.3011 -0.5359
vn -0.8682 0.0785 -0.4899
vn -0.8585 0.1665 -0.4850
vn -0.8391 0.2642 -0.4756
vn -0.8094 0.3633 -0.4614
vn -0.9009 0.1238 -0.4159
vn -0.8851 0.2200 -0.4101
vn -0.8560 0.3249 -0.4021
vn -0.9367 0.0794 -0.3409
vn -0.9245 0.1742 -0.3391
vn -0.9008 0.2766 -0.3349
vn -0.8620 0.3869 -0.3277
vn -0.9555 0.1255 -0.2669
vn -0.9375 0.2253 -0.2653
vn -0.9039 0.3374 -0.2629
vn -0.7727 0.0736 -0.6304
vn -0.7664 0.1524 -0.6241
vn -0.7532 0.2417 -0.6118
vn -0.7339 0.3293 -0.5941
vn -0.7605 0.3928 -0.5170
vn -0.8164 0.4274 -0.3883
vn -0.8560 0.4494 -0.2557
vn -0.8965 0.3997 -0.1913
vn -0.9398 0.2817 -0.1934
vn -0.9651 0.1765 -0.1937
vn -0.9781 0.0784 -0.1930
vn -0.9632 0.0385 -0.2662
vn -0.9081 0.0390 -0.4170
vn -0.8264 0.0378 -0.5618
vn -0.6737 0.6413 0.3672
vn -0.6917 0.6862 0.2251
vn -0.5890 0.6769 0.4415
vn -0.5995 0.7382 0.3091
vn -0.6167 0.7701 0.1631
vn -0.5095 0.7686 0.3870
vn -0.5283 0.8149 0.2382
vn -0.7056 0.7020 0.0961
vn -0.5168 0.8503 0.0991
vn -0.4862 0.7014 0.5213
vn -0.6638 0.5703 0.4839
vn -0.4938 0.4457 -0.7467
vn -0.3832 0.4108 -0.8273
vn -0.2870 0.3787 -0.8799
vn -0.1695 0.3653 -0.9153
vn -0.4791 0.5669 -0.6701
vn -0.3900 0.5317 -0.7518
vn -0.3032 0.4995 -0.8115
vn -0.2077 0.4721 -0.8567
vn -0.1059 0.4567 -0.8833
vn -0.3630 0.6638 -0.6539
vn -0.2796 0.6413 -0.7145
vn -0.2136 0.6290 -0.7475
vn -0.1263 0.6104 -0.7820
vn -0.0605 0.3563 -0.9324
vn -0.0438 0.6062 -0.7941
vn -0.4047 0.7126 -0.5730
vn -0.5854 0.4826 -0.6514
vn -0.5948 0.1421 0.7912
vn -0.6191 0.2420 0.7471
vn -0.6289 0.3567 0.6908
vn -0.4915 0.1002 0.8651
vn -0.5081 0.2231 0.8319
vn -0.5202 0.3467 0.7805
vn -0.5372 0.4840 0.6908
vn -0.4205 0.1741 0.8904
vn -0.4116 0.3191 0.8537
vn -0.4205 0.4664 0.7782
vn -0.6428 0.4803 0.5968
vn -0.4506 0.6002 0.6609
vn -0.4084 0.0496 0.9114
vn -0.5758 0.0488 0.8161
vn -0.7144 0.6438 -0.2742
vn -0.6747 0.6199 -0.4007
vn -0.6255 0.7512 -0.2109
vn -0.5965 0.7290 -0.3358
vn -0.5649 0.6931 -0.4478
vn -0.4905 0.8304 -0.2644
vn -0.4662 0.8003 -0.3769
vn -0.6429 0.5538 -0.5292
vn -0.4314 0.7685 -0.4725
vn -0.4909 0.8598 -0.1410
vn -0.7315 0.6647 -0.1520
vn -0.8262 0.4848 -0.2871
vn -0.7911 0.4464 -0.4182
vn -0.8604 0.4621 -0.2149
vn -0.8396 0.4260 -0.3369
vn -0.7875 0.3940 -0.4739
vn -0.8496 0.4561 -0.2648
vn -0.8141 0.4221 -0.3990
vn -0.8185 0.5215 -0.2409
vn -0.7897 0.4907 -0.3682
vn -0.7411 0.4527 -0.4958
vn -0.7220 0.4156 -0.5532
vn -0.7468 0.3852 -0.5421
vn -0.7397 0.4825 -0.4692
vn -0.7810 0.5269 -0.3353
vn -0.8094 0.5488 -0.2091
vn -0.8590 0.4878 -0.1553
vn -0.8423 0.5110 -0.1715
vn -0.7222 0.1310 0.6792
vn -0.7294 0.2154 0.6493
vn -0.7534 0.2984 0.5860
vn -0.7203 0.0782 0.6892
vn -0.7245 0.1676 0.6686
vn -0.7466 0.2355 0.6222
vn -0.7872 0.3053 0.5358
vn -0.7130 0.1232 0.6902
vn -0.7313 0.1933 0.6541
vn -0.7580 0.2665 0.5954
vn -0.7348 0.0845 0.6730
vn -0.7341 0.1842 0.6535
vn -0.7424 0.2733 0.6117
vn -0.7489 0.3687 0.5506
vn -0.7792 0.3726 0.5040
vn -0.7889 0.3474 0.5069
vn -0.7179 0.3573 0.5974
vn -0.7071 0.2469 0.6626
vn -0.6876 0.1691 0.7061
vn -0.6650 0.0837 0.7421
vn -0.7095 0.0348 0.7038
vn -0.7216 0.0359 0.6914
vn -0.5282 0.3394 -0.7783
vn -0.4111 0.3132 -0.8561
vn -0.2960 0.2976 -0.9076
vn -0.1826 0.2806 -0.9423
vn -0.5993 0.3390 -0.7252
vn -0.4819 0.3028 -0.8223
vn -0.3612 0.2887 -0.8867
vn -0.2460 0.2744 -0.9296
vn -0.1229 0.2649 -0.9564
vn -0.5472 0.3202 -0.7734
vn -0.4203 0.2945 -0.8583
vn -0.3066 0.2803 -0.9096
vn -0.1869 0.2738 -0.9435
vn -0.5685 0.3702 -0.7347
vn -0.4591 0.3368 -0.8221
vn -0.3471 0.3140 -0.8837
vn -0.2326 0.2963 -0.9263
vn -0.1187 0.2827 -0.9518
vn -0.0575 0.2752 -0.9597
vn -0.0578 0.2677 -0.9618
vn -0.1203 0.3056 -0.9445
vn -0.2414 0.3056 -0.9211
vn -0.3555 0.3206 -0.8780
vn -0.4692 0.3478 -0.8117
vn -0.5870 0.3790 -0.7154
vn -0.6558 0.3543 -0.6666
vn -0.6307 0.3810 -0.6760
vn -0.8323 0.4565 0.3145
vn -0.8510 0.4877 0.1949
vn -0.8481 0.3939 0.3544
vn -0.8741 0.4183 0.2470
vn -0.8865 0.4417 0.1378
vn -0.8389 0.4418 0.3179
vn -0.8639 0.4645 0.1947
vn -0.7888 0.4845 0.3782
vn -0.8151 0.5144 0.2666
vn -0.8280 0.5415 0.1457
vn -0.8570 0.5076 0.0896
vn -0.8674 0.4901 0.0866
vn -0.7927 0.5912 0.1488
vn -0.7736 0.5679 0.2811
vn -0.7529 0.5213 0.4016
vn -0.8140 0.4043 0.4169
vn -0.8049 0.4238 0.4154
vn -0.3696 0.8107 -0.4540
vn -0.2968 0.8195 -0.4903
vn -0.2161 0.8283 -0.5169
vn -0.1317 0.8349 -0.5344
vn -0.4167 0.8274 -0.3765
vn -0.3426 0.8449 -0.4108
vn -0.2641 0.8587 -0.4392
vn -0.1785 0.8700 -0.4596
vn -0.0915 0.8767 -0.4723
vn -0.3906 0.8583 -0.3328
vn -0.3117 0.8791 -0.3605
vn -0.2286 0.8951 -0.3829
vn -0.1405 0.9063 -0.3986
vn -0.4366 0.8620 -0.2575
vn -0.3590 0.8901 -0.2806
vn -0.2788 0.9113 -0.3029
vn -0.1904 0.9279 -0.3206
vn -0.0984 0.9381 -0.3321
vn -0.4039 0.8919 -0.2032
vn -0.3254 0.9191 -0.2222
vn -0.2413 0.9404 -0.2395
vn -0.1498 0.9559 -0.2525
vn -0.3911 0.7796 -0.4891
vn -0.3292 0.7795 -0.5329
vn -0.2543 0.7833 -0.5673
vn -0.1702 0.7885 -0.5911
vn -0.0864 0.7910 -0.6057
vn -0.0446 0.8380 -0.5439
vn -0.0479 0.9121 -0.4072
vn -0.0514 0.9643 -0.2599
vn -0.1039 0.9794 -0.1732
vn -0.1997 0.9658 -0.1651
vn -0.2895 0.9448 -0.1533
vn -0.3689 0.9189 -0.1397
vn -0.4450 0.8865 -0.1269
vn -0.4783 0.8581 -0.1869
vn -0.4659 0.8300 -0.3066
vn -0.4359 0.8004 -0.4115
vn -0.2478 0.1873 0.9505
vn -0.2649 0.3268 0.9072
vn -0.2937 0.4729 0.8308
vn -0.2155 0.1193 0.9692
vn -0.2245 0.2611 0.9388
vn -0.2460 0.4006 0.8826
vn -0.2751 0.5506 0.7881
vn -0.1906 0.1896 0.9632
vn -0.2041 0.3306 0.9214
vn -0.2276 0.4804 0.8470
vn -0.1608 0.1202 0.9796
vn -0.1685 0.2634 0.9499
vn -0.1855 0.4049 0.8953
vn -0.2089 0.5588 0.8026
vn -0.1387 0.1907 0.9718
vn -0.1492 0.3330 0.9310
vn -0.1671 0.4855 0.8581
vn -0.1116 0.1207 0.9864
vn -0.1172 0.2648 0.9572
vn -0.1294 0.4080 0.9038
vn -0.1466 0.5646 0.8122
vn -0.0899 0.1916 0.9774
vn -0.0967 0.3349 0.9373
vn -0.1091 0.4891 0.8654
vn -0.0663 0.1210 0.9904
vn -0.0695 0.2657 0.9615
vn -0.0770 0.4098 0.9089
vn -0.0879 0.5681 0.8183
vn -0.0453 0.1919 0.9804
vn -0.0488 0.3357 0.9407
vn -0.0553 0.4906 0.8696
vn -0.2730 0.1176 0.9548
vn -0.2861 0.2579 0.9228
vn -0.3156 0.3926 0.8639
vn -0.3507 0.5366 0.7675
vn -0.3278 0.6090 0.7223
vn -0.2557 0.6221 0.7400
vn -0.1891 0.6307 0.7527
vn -0.1235 0.6374 0.7606
vn -0.0625 0.6407 0.7653
vn -0.0296 0.5695 0.8214
vn -0.0260 0.4104 0.9115
vn -0.0234 0.2661 0.9637
vn -0.0223 0.1211 0.9924
vn -0.0439 0.0594 0.9973
vn -0.0871 0.0594 0.9944
vn -0.1345 0.0592 0.9891
vn -0.1854 0.0591 0.9809
vn -0.2417 0.0590 0.9686
vn -0.3833 0.8911 0.2429
vn -0.3039 0.9175 0.2567
vn -0.2218 0.9374 0.2685
vn -0.1364 0.9512 0.2769
vn -0.4115 0.8563 0.3121
vn -0.3318 0.8844 0.3283
vn -0.2523 0.9050 0.3425
vn -0.1689 0.9202 0.3532
vn -0.0867 0.9287 0.3605
vn -0.3592 0.8455 0.3952
vn -0.2801 0.8676 0.4109
vn -0.1997 0.8838 0.4232
vn -0.1202 0.8938 0.4320
vn -0.3861 0.8022 0.4554
vn -0.3072 0.8260 0.4726
vn -0.2297 0.8432 0.4861
vn -0.1494 0.8555 0.4957
vn -0.0761 0.8614 0.5023
vn -0.3331 0.7784 0.5320
vn -0.2578 0.7960 0.5476
vn -0.1795 0.8098 0.5585
vn -0.1058 0.8179 0.5655
vn -0.4326 0.8870 0.1618
vn -0.3546 0.9190 0.1722
vn -0.2752 0.9439 0.1823
vn -0.1882 0.9636 0.1900
vn -0.0977 0.9759 0.1953
vn -0.0466 0.9583 0.2818
vn -0.0413 0.8986 0.4368
vn -0.0370 0.8212 0.5695
vn -0.0682 0.7677 0.6371
vn -0.1347 0.7629 0.6323
vn -0.2100 0.7523 0.6245
vn -0.2833 0.7392 0.6110
vn -0.3589 0.7205 0.5933
vn -0.4148 0.7508 0.5141
vn -0.4400 0.8150 0.3771
vn -0.4645 0.8556 0.2283
vn -0.4484 0.5206 0.7266
vn -0.4195 0.3854 0.8219
vn -0.4102 0.2632 0.8732
vn -0.3968 0.1164 0.9105
vn -0.5886 0.3732 0.7171
vn -0.5626 0.2613 0.7843
vn -0.5552 0.1642 0.8154
vn -0.6818 0.3702 0.6310
vn -0.6501 0.2729 0.7092
vn -0.6308 0.1888 0.7527
vn -0.6430 0.0770 0.7620
vn -0.5585 0.3931 0.7304
vn -0.5392 0.2730 0.7967
vn -0.5539 0.1548 0.8181
vn -0.5528 0.0332 0.8327
vn -0.5682 0.0327 0.8222
vn -0.4316 0.1025 0.8962
vn -0.4079 0.2542 0.8769
vn -0.3984 0.3957 0.8275
vn -0.4185 0.5434 0.7277
vn -0.5921 0.5054 0.6277
vn -0.6315 0.4663 0.6194
vn -0.6521 0.7348 0.1867
vn -0.6183 0.7109 0.3351
vn -0.5749 0.6736 0.4645
vn -0.7751 0.5818 0.2466
vn -0.7305 0.5692 0.3774
vn -0.8415 0.5155 0.1615
vn -0.7946 0.5266 0.3021
vn -0.7547 0.5047 0.4191
vn -0.7044 0.6680 0.2400
vn -0.6616 0.6456 0.3815
vn -0.6881 0.5297 0.4959
vn -0.6240 0.5953 0.5062
vn -0.4890 0.7434 0.4563
vn -0.5244 0.7895 0.3189
vn -0.5341 0.8292 0.1650
vn -0.7263 0.6805 0.0968
vn -0.8151 0.5696 0.1056
vn -0.6455 0.6322 -0.4286
vn -0.6574 0.6821 -0.3203
vn -0.6833 0.7009 -0.2045
vn -0.7857 0.4936 -0.3729
vn -0.8126 0.5175 -0.2679
vn -0.7923 0.4190 -0.4435
vn -0.8161 0.4799 -0.3219
vn -0.8823 0.4311 -0.1890
vn -0.6415 0.6605 -0.3900
vn -0.6809 0.6825 -0.2657
vn -0.8590 0.4971 -0.1221
vn -0.7339 0.6663 -0.1317
vn -0.4676 0.8619 -0.1960
vn -0.4552 0.8315 -0.3184
vn -0.4181 0.8070 -0.4169
vn -0.5848 0.6353 -0.5044
vn -0.7461 0.4259 -0.5119
vn -0.0932 0.5404 -0.8362
vn -0.1953 0.5393 -0.8192
vn -0.2952 0.5457 -0.7843
vn -0.3832 0.5714 -0.7257
vn -0.4916 0.5778 -0.6515
vn -0.1695 0.3798 -0.9094
vn -0.2934 0.3754 -0.8792
vn -0.3962 0.4000 -0.8265
vn -0.5165 0.4279 -0.7417
vn -0.1150 0.3578 -0.9267
vn -0.2375 0.3484 -0.9067
vn -0.3509 0.3558 -0.8662
vn -0.4616 0.3862 -0.7986
vn -0.5916 0.4079 -0.6954
vn -0.1426 0.5537 -0.8204
vn -0.2400 0.5539 -0.7972
vn -0.3223 0.5566 -0.7657
vn -0.4288 0.5785 -0.6939
vn -0.6445 0.4219 -0.6377
vn -0.5068 0.6184 -0.6006
vn -0.3517 0.7313 -0.5844
vn -0.2895 0.6977 -0.6553
vn -0.2144 0.6957 -0.6856
vn -0.1488 0.6944 -0.7040
vn -0.0725 0.6838 -0.7261
vn -0.0438 0.5499 -0.8341
vn -0.0565 0.3856 -0.9209
vn -0.1109 0.7236 -0.6813
vn -0.1866 0.7299 -0.6576
vn -0.2579 0.7407 -0.6204
vn -0.3111 0.7581 -0.5732
vn -0.0793 0.7128 -0.6968
vn -0.1631 0.7160 -0.6788
vn -0.2478 0.7180 -0.6504
vn -0.3181 0.7254 -0.6104
vn -0.3805 0.7383 -0.5569
vn -0.3639 0.7759 -0.5154
vn -0.3138 0.7830 -0.5371
vn -0.2581 0.7696 -0.5840
vn -0.2057 0.7506 -0.6279
vn -0.1368 0.7413 -0.6571
vn -0.0613 0.7344 -0.6759
vn -0.0298 0.7170 -0.6964
vn -0.4504 0.8269 -0.3368
vn -0.4615 0.8537 -0.2411
vn -0.4752 0.7884 -0.3907
vn -0.4978 0.8160 -0.2938
vn -0.5066 0.8428 -0.1819
vn -0.4648 0.8772 -0.1200
vn -0.4263 0.8844 -0.1899
vn -0.4313 0.8534 -0.2927
vn -0.4088 0.8291 -0.3814
vn -0.4124 0.7996 -0.4365
vn -0.4449 0.8539 0.2701
vn -0.4277 0.8000 0.4208
vn -0.5073 0.8360 0.2092
vn -0.4800 0.8021 0.3554
vn -0.4601 0.7322 0.5022
vn -0.4011 0.7172 0.5699
vn -0.3707 0.7903 0.4879
vn -0.4005 0.8511 0.3395
vn -0.3967 0.8977 0.1919
vn -0.4595 0.8778 0.1357
vn -0.4010 0.5323 0.7455
vn -0.3597 0.3927 0.8464
vn -0.3385 0.4861 0.8057
vn -0.2998 0.3505 0.8873
vn -0.2641 0.2054 0.9424
vn -0.3162 0.2669 0.9104
vn -0.2937 0.1176 0.9486
vn -0.2545 0.0526 0.9656
vn -0.2224 0.1292 0.9664
vn -0.2523 0.2981 0.9206
vn -0.2735 0.4351 0.8578
vn -0.3060 0.5865 0.7499
vn -0.3745 0.6247 0.6852
vn -0.3784 -0.0105 0.9256
vn -0.6439 -0.0014 0.7651
vn -0.8427 0.5055 -0.1852
vn -0.5092 0.8524 -0.1187
vn -0.9813 -0.0000 -0.1924
vn -0.5183 0.8552 0.0023
vn -0.9115 0.4076 -0.0544
vn -0.9568 0.2857 -0.0533
vn -0.9826 0.1784 -0.0522
vn -0.9956 0.0784 -0.0512
vn -0.4900 0.8715 -0.0223
vn -0.7164 0.6969 -0.0326
vn -0.8602 0.5084 -0.0402
vn -0.8559 0.5152 -0.0452
vn -0.1042 0.9945 0.0088
vn -0.1999 0.9798 0.0102
vn -0.2894 0.9571 0.0120
vn -0.3683 0.9296 0.0131
vn -0.4442 0.8958 0.0138
vn -0.8456 0.5337 -0.0044
vn -0.7361 0.6766 -0.0200
vn -0.4735 0.8807 0.0148
vn -0.4391 0.8968 -0.0536
vn -0.5148 0.8559 -0.0496
vn -0.4689 0.8799 -0.0766
vn -0.9082 0.4142 -0.0602
vn -0.6955 0.7162 -0.0576
vn -0.0531 0.9951 -0.0838
vn -0.1543 0.9848 -0.0802
vn -0.2472 0.9661 -0.0742
vn -0.3312 0.9412 -0.0668
vn -0.4825 0.8742 -0.0537
vn -0.4084 0.9109 -0.0596
vn -0.8060 0.5839 -0.0969
vn -0.8375 0.5341 -0.1155
vn -0.8699 0.4821 -0.1039
vn -0.6253 0.7756 -0.0869
vn -0.9920 0.0380 -0.1203
vn -0.9308 0.3443 -0.1225
vn -0.9661 0.2277 -0.1220
vn -0.9846 0.1257 -0.1213
vn -0.8792 0.4609 -0.1206
vn 0.8496 -0.5215 0.0783
vn 0.8276 -0.5163 0.2204
vn 0.8001 -0.5000 0.3313
vn 0.7718 -0.4654 0.4332
vn 0.0592 -0.2700 -0.9610
vn 0.1740 -0.2765 -0.9451
vn 0.2886 -0.2885 -0.9130
vn 0.4024 -0.3074 -0.8623
vn 0.5154 -0.3348 -0.7888
vn 0.6196 -0.3707 -0.6919
vn 0.6755 -0.3543 -0.6467
vn 0.6944 -0.2709 -0.6666
vn 0.7074 -0.1858 -0.6819
vn 0.7148 -0.1059 -0.6913
vn 0.7181 -0.0348 -0.6950
vn 0.7551 -0.4185 0.5046
vn 0.7607 -0.3332 0.5571
vn 0.7638 -0.2348 0.6013
vn 0.7653 -0.1363 0.6290
vn 0.7671 -0.0424 0.6402
vn 0.7076 -0.4127 -0.5735
vn 0.7739 -0.4502 -0.4454
vn 0.8205 -0.4775 -0.3144
vn 0.8543 -0.5175 -0.0490
vn 0.8828 -0.4696 0.0139
vn 0.9367 -0.3498 0.0169
vn 0.9727 -0.2313 0.0195
vn 0.9916 -0.1277 0.0206
vn 0.9990 -0.0385 0.0212
vn 0.0001 -0.2399 -0.9708
vn -0.0000 -0.1801 -0.9837
vn -0.0000 -0.1221 -0.9925
vn -0.0000 -0.0700 -0.9975
vn -0.0000 -0.0245 -0.9997
vn 0.8251 -0.3457 0.4470
vn 0.7511 -0.4489 0.4841
vn 0.7957 -0.6052 0.0241
vn 0.6247 -0.7801 0.0346
vn 0.7051 -0.3646 -0.6082
vn 0.6648 -0.4083 -0.6256
vn 0.0123 -0.2941 -0.9557
vn 0.0082 -0.4625 -0.8866
vn 0.5642 -0.5929 0.5746
vn 0.7437 -0.4380 0.5051
vn 0.8373 -0.5465 0.0145
vn 0.8860 -0.4633 0.0187
vn 0.5251 -0.6399 -0.5611
vn 0.6689 -0.4427 -0.5972
vn 0.0518 -0.9933 0.1036
vn 0.1499 -0.9834 0.1021
vn 0.2407 -0.9655 0.0993
vn 0.3240 -0.9413 0.0951
vn 0.4017 -0.9114 0.0899
vn 0.4741 -0.8764 0.0844
vn 0.3819 -0.6557 0.6513
vn 0.3065 -0.6752 0.6710
vn 0.2343 -0.6883 0.6866
vn 0.1645 -0.6980 0.6970
vn 0.0979 -0.7042 0.7033
vn 0.0328 -0.7069 0.7065
vn 0.3984 -0.5914 0.7011
vn 0.3622 -0.4617 0.8097
vn 0.3300 -0.3207 0.8878
vn 0.3101 -0.1850 0.9326
vn 0.3028 -0.0572 0.9513
vn 0.4958 -0.8549 0.1526
vn 0.4839 -0.8235 0.2962
vn 0.4607 -0.7733 0.4355
vn 0.4313 -0.6968 0.5731
vn 0.4493 -0.7767 -0.4415
vn 0.4764 -0.8082 -0.3461
vn 0.4950 -0.8349 -0.2406
vn 0.5037 -0.8638 0.0108
vn 0.0386 -0.7471 -0.6636
vn 0.1235 -0.7507 -0.6490
vn 0.2097 -0.7488 -0.6288
vn 0.2800 -0.7533 -0.5951
vn 0.3566 -0.7564 -0.5483
vn 0.4097 -0.7575 -0.5083
vn 0.5632 -0.8255 0.0364
vn 0.8608 -0.5078 0.0339
vn 0.6701 -0.7408 0.0469
vn 0.3581 -0.6904 0.6286
vn 0.4240 -0.6479 0.6328
vn 0.4405 -0.8956 0.0617
vn 0.5018 -0.8616 0.0764
vn 0.3520 -0.8091 -0.4706
vn 0.4360 -0.7537 -0.4918
vn 0.0009 -0.7140 -0.7001
vn -0.0025 -0.7281 -0.6854
vn 0.4144 -0.7502 -0.5153
vn 0.7295 -0.3689 -0.5760
vn 0.5951 -0.5783 -0.5581
vn 0.4195 -0.7312 -0.5379
vn 0.3438 -0.7091 -0.6157
vn 0.2564 -0.6808 -0.6861
vn 0.2056 -0.6676 -0.7156
vn 0.1216 -0.6627 -0.7389
vn 0.0244 -0.6715 -0.7406
vn 0.5186 -0.8465 -0.1206
vn 0.5024 -0.8299 -0.2428
vn 0.4866 -0.8031 -0.3439
vn 0.4582 -0.7556 -0.4681
vn 0.4161 -0.7192 0.5564
vn 0.4243 -0.8084 0.4079
vn 0.4531 -0.8513 0.2647
vn 0.4982 -0.8578 0.1267
vn 0.2750 -0.0580 0.9597
vn 0.2822 -0.2069 0.9368
vn 0.3122 -0.3411 0.8867
vn 0.3463 -0.4913 0.7992
vn 0.3924 -0.6141 0.6848
vn 0.4458 -0.6614 0.6031
vn 0.7004 -0.4580 0.5474
vn 0.5308 -0.5922 0.6063
vn 0.9756 -0.1319 0.1755
vn 0.9564 -0.2363 0.1717
vn 0.9214 -0.3526 0.1636
vn 0.9612 -0.0840 0.2628
vn 0.9477 -0.1875 0.2583
vn 0.9233 -0.2931 0.2481
vn 0.8827 -0.4090 0.2315
vn 0.9278 -0.1358 0.3476
vn 0.9111 -0.2389 0.3358
vn 0.8828 -0.3489 0.3146
vn 0.8986 -0.0861 0.4302
vn 0.8879 -0.1889 0.4195
vn 0.8712 -0.2887 0.3970
vn 0.8438 -0.3947 0.3635
vn 0.8559 -0.1363 0.4989
vn 0.8463 -0.2355 0.4779
vn 0.8317 -0.3358 0.4421
vn 0.9921 -0.0806 0.0965
vn 0.9786 -0.1825 0.0952
vn 0.9525 -0.2903 0.0924
vn 0.9072 -0.4116 0.0864
vn 0.8706 -0.4677 0.1529
vn 0.8398 -0.4595 0.2892
vn 0.8096 -0.4318 0.3976
vn 0.7938 -0.3765 0.4777
vn 0.8025 -0.2828 0.5254
vn 0.8078 -0.1880 0.5587
vn 0.8133 -0.0865 0.5753
vn 0.8610 -0.0425 0.5068
vn 0.9352 -0.0419 0.3516
vn 0.9835 -0.0401 0.1767
vn 0.1196 -0.0711 -0.9903
vn 0.1194 -0.1241 -0.9851
vn 0.1189 -0.1826 -0.9760
vn 0.1777 -0.0503 -0.9828
vn 0.1779 -0.0960 -0.9794
vn 0.1768 -0.1575 -0.9716
vn 0.1760 -0.2152 -0.9606
vn 0.2354 -0.0739 -0.9691
vn 0.2348 -0.1291 -0.9634
vn 0.2334 -0.1896 -0.9537
vn 0.2957 -0.0524 -0.9539
vn 0.2956 -0.1008 -0.9500
vn 0.2938 -0.1650 -0.9415
vn 0.2920 -0.2256 -0.9294
vn 0.3564 -0.0782 -0.9311
vn 0.3553 -0.1370 -0.9246
vn 0.3527 -0.2015 -0.9138
vn 0.4151 -0.0559 -0.9081
vn 0.4148 -0.1094 -0.9033
vn 0.4118 -0.1780 -0.8937
vn 0.4080 -0.2432 -0.8800
vn 0.4751 -0.0860 -0.8757
vn 0.4732 -0.1505 -0.8680
vn 0.4685 -0.2202 -0.8556
vn 0.5383 -0.0610 -0.8406
vn 0.5367 -0.1219 -0.8349
vn 0.5317 -0.1956 -0.8240
vn 0.5248 -0.2668 -0.8084
vn 0.5996 -0.0950 -0.7947
vn 0.5954 -0.1665 -0.7860
vn 0.5874 -0.2429 -0.7720
vn 0.0601 -0.0490 -0.9970
vn 0.0602 -0.0932 -0.9938
vn 0.0599 -0.1531 -0.9864
vn 0.0597 -0.2097 -0.9759
vn 0.1180 -0.2433 -0.9628
vn 0.2314 -0.2520 -0.9396
vn 0.3491 -0.2668 -0.8983
vn 0.4619 -0.2895 -0.8383
vn 0.5759 -0.3181 -0.7531
vn 0.6360 -0.2957 -0.7128
vn 0.6479 -0.2166 -0.7303
vn 0.6562 -0.1362 -0.7422
vn 0.6599 -0.0667 -0.7484
vn 0.6016 -0.0316 -0.7981
vn 0.4759 -0.0291 -0.8790
vn 0.3568 -0.0269 -0.9338
vn 0.2356 -0.0257 -0.9715
vn 0.1196 -0.0248 -0.9925
vn 0.8212 -0.1168 -0.5586
vn 0.8096 -0.2058 -0.5498
vn 0.7887 -0.3011 -0.5360
vn 0.8682 -0.0785 -0.4899
vn 0.8585 -0.1665 -0.4850
vn 0.8392 -0.2640 -0.4755
vn 0.8091 -0.3634 -0.4619
vn 0.9009 -0.1238 -0.4160
vn 0.8851 -0.2199 -0.4101
vn 0.8562 -0.3246 -0.4020
vn 0.9367 -0.0794 -0.3409
vn 0.9245 -0.1742 -0.3391
vn 0.9008 -0.2765 -0.3348
vn 0.8625 -0.3859 -0.3274
vn 0.9555 -0.1255 -0.2669
vn 0.9375 -0.2253 -0.2653
vn 0.9040 -0.3373 -0.2628
vn 0.7727 -0.0736 -0.6305
vn 0.7664 -0.1524 -0.6241
vn 0.7532 -0.2415 -0.6119
vn 0.7333 -0.3305 -0.5942
vn 0.7595 -0.3935 -0.5180
vn 0.8174 -0.4247 -0.3891
vn 0.8583 -0.4454 -0.2550
vn 0.8967 -0.3992 -0.1911
vn 0.9398 -0.2817 -0.1934
vn 0.9651 -0.1765 -0.1937
vn 0.9781 -0.0784 -0.1931
vn 0.9632 -0.0385 -0.2662
vn 0.9081 -0.0390 -0.4170
vn 0.8264 -0.0378 -0.5618
vn 0.6775 -0.6391 0.3642
vn 0.6901 -0.6872 0.2271
vn 0.5872 -0.6794 0.4400
vn 0.6077 -0.7318 0.3085
vn 0.6234 -0.7647 0.1628
vn 0.5371 -0.7501 0.3859
vn 0.5645 -0.7903 0.2383
vn 0.7003 -0.7076 0.0936
vn 0.5567 -0.8248 0.0987
vn 0.4895 -0.6979 0.5228
vn 0.6621 -0.5727 0.4834
vn 0.4837 -0.4712 -0.7375
vn 0.3663 -0.4286 -0.8259
vn 0.2746 -0.3963 -0.8761
vn 0.1546 -0.3764 -0.9135
vn 0.4673 -0.5983 -0.6509
vn 0.3702 -0.5612 -0.7403
vn 0.2873 -0.5179 -0.8057
vn 0.1924 -0.4892 -0.8507
vn 0.1060 -0.4619 -0.8806
vn 0.3527 -0.6806 -0.6422
vn 0.2653 -0.6560 -0.7066
vn 0.2022 -0.6361 -0.7446
vn 0.1206 -0.6084 -0.7844
vn 0.0709 -0.3590 -0.9306
vn 0.0539 -0.6024 -0.7964
vn 0.4173 -0.7096 -0.5678
vn 0.5748 -0.5169 -0.6344
vn 0.6121 -0.1402 0.7783
vn 0.6188 -0.2484 0.7452
vn 0.6347 -0.3574 0.6852
vn 0.4933 -0.0923 0.8649
vn 0.4982 -0.2348 0.8347
vn 0.5183 -0.3519 0.7794
vn 0.5465 -0.4764 0.6887
vn 0.4010 -0.1846 0.8973
vn 0.4026 -0.3262 0.8553
vn 0.4252 -0.4648 0.7767
vn 0.6500 -0.4674 0.5992
vn 0.4501 -0.5982 0.6630
vn 0.4049 -0.0357 0.9136
vn 0.5992 -0.0245 0.8003
vn 0.6887 -0.6704 -0.2761
vn 0.6568 -0.6351 -0.4067
vn 0.6189 -0.7560 -0.2131
vn 0.5875 -0.7358 -0.3368
vn 0.5577 -0.6949 -0.4539
vn 0.5258 -0.8070 -0.2688
vn 0.4815 -0.7886 -0.3825
vn 0.6248 -0.5736 -0.5297
vn 0.4461 -0.7541 -0.4820
vn 0.5411 -0.8287 -0.1428
vn 0.7105 -0.6864 -0.1548
vn 0.8317 -0.4726 -0.2915
vn 0.7913 -0.4392 -0.4254
vn 0.8592 -0.4640 -0.2156
vn 0.8366 -0.4246 -0.3462
vn 0.7847 -0.3932 -0.4793
vn 0.8371 -0.4755 -0.2703
vn 0.8031 -0.4321 -0.4103
vn 0.8280 -0.5067 -0.2402
vn 0.7940 -0.4804 -0.3725
vn 0.7418 -0.4484 -0.4987
vn 0.7252 -0.4096 -0.5535
vn 0.7430 -0.3940 -0.5410
vn 0.7249 -0.4981 -0.4758
vn 0.7596 -0.5528 -0.3427
vn 0.7865 -0.5797 -0.2129
vn 0.8510 -0.5025 -0.1526
vn 0.8505 -0.5001 -0.1628
vn 0.7195 -0.1278 0.6826
vn 0.7297 -0.2172 0.6483
vn 0.7497 -0.3052 0.5872
vn 0.7189 -0.0742 0.6912
vn 0.7275 -0.1622 0.6667
vn 0.7508 -0.2389 0.6158
vn 0.7871 -0.3039 0.5367
vn 0.7280 -0.1122 0.6764
vn 0.7388 -0.1903 0.6465
vn 0.7623 -0.2704 0.5880
vn 0.7321 -0.0846 0.6760
vn 0.7326 -0.1845 0.6552
vn 0.7381 -0.2788 0.6144
vn 0.7413 -0.3728 0.5581
vn 0.7761 -0.3692 0.5113
vn 0.7948 -0.3313 0.5084
vn 0.7266 -0.3477 0.5927
vn 0.7099 -0.2525 0.6575
vn 0.7044 -0.1634 0.6907
vn 0.6951 -0.0671 0.7158
vn 0.7154 -0.0271 0.6982
vn 0.7162 -0.0383 0.6969
vn 0.5370 -0.3219 -0.7798
vn 0.4142 -0.2988 -0.8597
vn 0.2960 -0.2899 -0.9101
vn 0.1760 -0.2842 -0.9425
vn 0.6135 -0.3159 -0.7238
vn 0.4892 -0.2783 -0.8266
vn 0.3620 -0.2737 -0.8911
vn 0.2381 -0.2694 -0.9331
vn 0.1193 -0.2728 -0.9547
vn 0.5571 -0.3004 -0.7742
vn 0.4183 -0.2805 -0.8639
vn 0.3017 -0.2755 -0.9127
vn 0.1724 -0.2752 -0.9458
vn 0.5725 -0.3647 -0.7343
vn 0.4618 -0.3298 -0.8234
vn 0.3482 -0.3096 -0.8848
vn 0.2308 -0.2960 -0.9269
vn 0.1174 -0.2888 -0.9502
vn 0.0616 -0.2817 -0.9575
vn 0.0674 -0.2716 -0.9600
vn 0.1163 -0.3075 -0.9444
vn 0.2273 -0.3121 -0.9225
vn 0.3462 -0.3262 -0.8797
vn 0.4646 -0.3478 -0.8143
vn 0.5906 -0.3885 -0.7073
vn 0.6647 -0.3504 -0.6599
vn 0.6399 -0.3681 -0.6746
vn 0.8343 -0.4598 0.3041
vn 0.8486 -0.4821 0.2178
vn 0.8581 -0.3854 0.3393
vn 0.8831 -0.3949 0.2535
vn 0.8827 -0.4481 0.1416
vn 0.8560 -0.4167 0.3059
vn 0.8649 -0.4576 0.2063
vn 0.7848 -0.4980 0.3690
vn 0.8026 -0.5287 0.2763
vn 0.8312 -0.5361 0.1473
vn 0.8592 -0.5065 0.0723
vn 0.8642 -0.4970 0.0782
vn 0.7848 -0.6012 0.1504
vn 0.7837 -0.5538 0.2811
vn 0.7633 -0.5124 0.3935
vn 0.8229 -0.3929 0.4106
vn 0.8073 -0.4241 0.4104
vn 0.3674 -0.8125 -0.4526
vn 0.2953 -0.8206 -0.4893
vn 0.2163 -0.8287 -0.5163
vn 0.1313 -0.8352 -0.5341
vn 0.4143 -0.8293 -0.3749
vn 0.3418 -0.8454 -0.4104
vn 0.2640 -0.8587 -0.4393
vn 0.1787 -0.8700 -0.4596
vn 0.0915 -0.8766 -0.4724
vn 0.3903 -0.8586 -0.3324
vn 0.3116 -0.8791 -0.3606
vn 0.2287 -0.8950 -0.3831
vn 0.1405 -0.9063 -0.3986
vn 0.4361 -0.8623 -0.2574
vn 0.3591 -0.8901 -0.2807
vn 0.2788 -0.9113 -0.3030
vn 0.1905 -0.9279 -0.3206
vn 0.0984 -0.9381 -0.3321
vn 0.4040 -0.8919 -0.2033
vn 0.3254 -0.9191 -0.2223
vn 0.2413 -0.9404 -0.2395
vn 0.1498 -0.9559 -0.2525
vn 0.3836 -0.7852 -0.4862
vn 0.3259 -0.7841 -0.5281
vn 0.2518 -0.7861 -0.5645
vn 0.1697 -0.7905 -0.5885
vn 0.0850 -0.7924 -0.6041
vn 0.0447 -0.8379 -0.5440
vn 0.0479 -0.9121 -0.4072
vn 0.0514 -0.9643 -0.2598
vn 0.1039 -0.9794 -0.1732
vn 0.1997 -0.9659 -0.1651
vn 0.2895 -0.9448 -0.1533
vn 0.3690 -0.9189 -0.1397
vn 0.4448 -0.8866 -0.1269
vn 0.4762 -0.8592 -0.1868
vn 0.4626 -0.8322 -0.3055
vn 0.4288 -0.8062 -0.4077
vn 0.2472 -0.1881 0.9505
vn 0.2646 -0.3270 0.9072
vn 0.2933 -0.4730 0.8308
vn 0.2139 -0.1195 0.9695
vn 0.2239 -0.2616 0.9388
vn 0.2459 -0.4006 0.8826
vn 0.2752 -0.5506 0.7881
vn 0.1897 -0.1899 0.9633
vn 0.2040 -0.3307 0.9214
vn 0.2276 -0.4804 0.8470
vn 0.1604 -0.1202 0.9797
vn 0.1684 -0.2634 0.9499
vn 0.1855 -0.4049 0.8953
vn 0.2088 -0.5588 0.8026
vn 0.1387 -0.1908 0.9718
vn 0.1492 -0.3330 0.9310
vn 0.1671 -0.4855 0.8581
vn 0.1116 -0.1207 0.9864
vn 0.1172 -0.2648 0.9572
vn 0.1294 -0.4080 0.9038
vn 0.1466 -0.5646 0.8122
vn 0.0899 -0.1916 0.9774
vn 0.0967 -0.3349 0.9373
vn 0.1091 -0.4891 0.8654
vn 0.0662 -0.1210 0.9904
vn 0.0695 -0.2657 0.9615
vn 0.0770 -0.4098 0.9089
vn 0.0879 -0.5681 0.8183
vn 0.0453 -0.1919 0.9804
vn 0.0488 -0.3357 0.9407
vn 0.0553 -0.4906 0.8696
vn 0.2756 -0.1176 0.9540
vn 0.2875 -0.2578 0.9224
vn 0.3130 -0.3932 0.8645
vn 0.3469 -0.5378 0.7684
vn 0.3272 -0.6091 0.7225
vn 0.2557 -0.6220 0.7401
vn 0.1890 -0.6307 0.7527
vn 0.1237 -0.6373 0.7607
vn 0.0625 -0.6405 0.7654
vn 0.0296 -0.5695 0.8215
vn 0.0260 -0.4104 0.9115
vn 0.0234 -0.2661 0.9637
vn 0.0223 -0.1211 0.9924
vn 0.0439 -0.0594 0.9973
vn 0.0871 -0.0594 0.9944
vn 0.1345 -0.0592 0.9891
vn 0.1844 -0.0589 0.9811
vn 0.2410 -0.0584 0.9688
vn 0.3833 -0.8911 0.2429
vn 0.3039 -0.9175 0.2567
vn 0.2218 -0.9374 0.2684
vn 0.1363 -0.9512 0.2768
vn 0.4114 -0.8564 0.3121
vn 0.3317 -0.8844 0.3282
vn 0.2523 -0.9050 0.3426
vn 0.1691 -0.9202 0.3531
vn 0.0867 -0.9288 0.3602
vn 0.3592 -0.8456 0.3949
vn 0.2796 -0.8677 0.4109
vn 0.2001 -0.8836 0.4232
vn 0.1207 -0.8940 0.4315
vn 0.3865 -0.8022 0.4551
vn 0.3066 -0.8264 0.4723
vn 0.2295 -0.8432 0.4862
vn 0.1509 -0.8554 0.4955
vn 0.0763 -0.8617 0.5016
vn 0.3334 -0.7783 0.5320
vn 0.2564 -0.7964 0.5476
vn 0.1809 -0.8096 0.5585
vn 0.1073 -0.8177 0.5655
vn 0.4318 -0.8873 0.1618
vn 0.3546 -0.9190 0.1722
vn 0.2752 -0.9439 0.1823
vn 0.1881 -0.9636 0.1900
vn 0.0977 -0.9759 0.1952
vn 0.0467 -0.9584 0.2817
vn 0.0410 -0.8989 0.4363
vn 0.0361 -0.8212 0.5695
vn 0.0684 -0.7672 0.6378
vn 0.1364 -0.7625 0.6325
vn 0.2097 -0.7525 0.6243
vn 0.2827 -0.7393 0.6112
vn 0.3586 -0.7205 0.5935
vn 0.4127 -0.7526 0.5131
vn 0.4401 -0.8148 0.3773
vn 0.4604 -0.8576 0.2291
vn 0.4789 -0.5066 0.7170
vn 0.4314 -0.3774 0.8194
vn 0.3882 -0.2595 0.8843
vn 0.3615 -0.1179 0.9249
vn 0.5888 -0.3747 0.7162
vn 0.5476 -0.2655 0.7935
vn 0.5140 -0.1689 0.8410
vn 0.6596 -0.3917 0.6414
vn 0.6343 -0.2828 0.7195
vn 0.6063 -0.1983 0.7702
vn 0.6035 -0.0793 0.7934
vn 0.5405 -0.4042 0.7379
vn 0.5240 -0.2807 0.8041
vn 0.5258 -0.1633 0.8348
vn 0.5140 -0.0340 0.8571
vn 0.5302 -0.0297 0.8474
vn 0.4032 -0.1047 0.9091
vn 0.3919 -0.2634 0.8815
vn 0.3930 -0.3985 0.8287
vn 0.4102 -0.5471 0.7296
vn 0.5610 -0.5268 0.6386
vn 0.6329 -0.4669 0.6176
vn 0.6213 -0.7609 0.1870
vn 0.5782 -0.7452 0.3321
vn 0.5525 -0.6845 0.4756
vn 0.7504 -0.6146 0.2433
vn 0.7166 -0.5836 0.3821
vn 0.8366 -0.5247 0.1574
vn 0.8046 -0.5141 0.2971
vn 0.7635 -0.4846 0.4270
vn 0.7403 -0.6298 0.2352
vn 0.7053 -0.6003 0.3771
vn 0.6801 -0.5229 0.5138
vn 0.6290 -0.5813 0.5161
vn 0.5276 -0.7154 0.4580
vn 0.5829 -0.7478 0.3178
vn 0.5932 -0.7881 0.1646
vn 0.7496 -0.6553 0.0938
vn 0.7974 -0.5946 0.1034
vn 0.6519 -0.6195 -0.4374
vn 0.6636 -0.6818 -0.3079
vn 0.6695 -0.7190 -0.1868
vn 0.8057 -0.4617 -0.3710
vn 0.8030 -0.5401 -0.2518
vn 0.8156 -0.3712 -0.4439
vn 0.8316 -0.4559 -0.3171
vn 0.8444 -0.5021 -0.1866
vn 0.6837 -0.6131 -0.3959
vn 0.7088 -0.6527 -0.2676
vn 0.8105 -0.5733 -0.1204
vn 0.7275 -0.6733 -0.1322
vn 0.5458 -0.8131 -0.2023
vn 0.5106 -0.7945 -0.3288
vn 0.4549 -0.7801 -0.4296
vn 0.6236 -0.5907 -0.5121
vn 0.7556 -0.4027 -0.5165
vn 0.0934 -0.5261 -0.8453
vn 0.2063 -0.5225 -0.8273
vn 0.2925 -0.5276 -0.7976
vn 0.3843 -0.5404 -0.7485
vn 0.5053 -0.5684 -0.6494
vn 0.1775 -0.3595 -0.9161
vn 0.2965 -0.3627 -0.8835
vn 0.3937 -0.3730 -0.8401
vn 0.5267 -0.3866 -0.7570
vn 0.1188 -0.3283 -0.9371
vn 0.2430 -0.3290 -0.9126
vn 0.3498 -0.3441 -0.8714
vn 0.4660 -0.3494 -0.8129
vn 0.6179 -0.3534 -0.7024
vn 0.1487 -0.5240 -0.8386
vn 0.2401 -0.5426 -0.8049
vn 0.3221 -0.5464 -0.7731
vn 0.4476 -0.5411 -0.7120
vn 0.6638 -0.4022 -0.6306
vn 0.5529 -0.5660 -0.6115
vn 0.3766 -0.7103 -0.5947
vn 0.2871 -0.6971 -0.6570
vn 0.2087 -0.6957 -0.6874
vn 0.1469 -0.6827 -0.7158
vn 0.0785 -0.6642 -0.7434
vn 0.0476 -0.5287 -0.8475
vn 0.0521 -0.3697 -0.9277
vn 0.1090 -0.7271 -0.6778
vn 0.1899 -0.7307 -0.6558
vn 0.2340 -0.7503 -0.6183
vn 0.3081 -0.7737 -0.5535
vn 0.0716 -0.7213 -0.6889
vn 0.1641 -0.7238 -0.6702
vn 0.2356 -0.7282 -0.6436
vn 0.3039 -0.7446 -0.5943
vn 0.3775 -0.7499 -0.5432
vn 0.3607 -0.7846 -0.5043
vn 0.3145 -0.7955 -0.5180
vn 0.2491 -0.7687 -0.5891
vn 0.1981 -0.7426 -0.6398
vn 0.1481 -0.7306 -0.6665
vn 0.0559 -0.7294 -0.6818
vn 0.0215 -0.7208 -0.6928
vn 0.4259 -0.8411 -0.3334
vn 0.4510 -0.8611 -0.2346
vn 0.4652 -0.7958 -0.3878
vn 0.4843 -0.8247 -0.2921
vn 0.5004 -0.8472 -0.1783
vn 0.4688 -0.8755 -0.1172
vn 0.4311 -0.8847 -0.1775
vn 0.4101 -0.8668 -0.2836
vn 0.3788 -0.8434 -0.3810
vn 0.3994 -0.8064 -0.4362
vn 0.4447 -0.8509 0.2795
vn 0.4215 -0.8055 0.4166
vn 0.4951 -0.8411 0.2176
vn 0.4788 -0.8013 0.3589
vn 0.4523 -0.7430 0.4933
vn 0.4012 -0.7250 0.5598
vn 0.3689 -0.7951 0.4814
vn 0.3854 -0.8580 0.3396
vn 0.4139 -0.8877 0.2015
vn 0.4605 -0.8762 0.1424
vn 0.3898 -0.5338 0.7504
vn 0.3537 -0.3925 0.8490
vn 0.3408 -0.4846 0.8056
vn 0.3108 -0.3367 0.8889
vn 0.2928 -0.1955 0.9360
vn 0.3270 -0.2583 0.9091
vn 0.3128 -0.1179 0.9425
vn 0.2821 -0.0600 0.9575
vn 0.2549 -0.1291 0.9583
vn 0.2739 -0.2787 0.9205
vn 0.2933 -0.4234 0.8572
vn 0.3296 -0.5725 0.7507
vn 0.3761 -0.6160 0.6922
vn 0.0013 -0.6813 -0.7320
vn 0.0013 -0.2838 -0.9589
vn 0.0070 -0.2644 -0.9644
vn 0.0008 -0.7921 -0.6104
vn 0.0001 -0.8789 -0.4771
vn -0.0000 -0.9417 -0.3365
vn 0.0001 -1.0000 0.0082
vn -0.0000 -0.0595 0.9982
vn -0.0000 -0.6416 0.7670
vn -0.0000 -0.4910 0.8712
vn -0.0000 -0.3359 0.9419
vn -0.0000 -0.1920 0.9814
vn 0.0001 -0.9803 0.1973
vn -0.0000 -0.9319 0.3628
vn -0.0000 -0.8638 0.5038
vn -0.0000 -0.7688 0.6395
vn -0.0057 -0.5394 -0.8420
vn -0.0034 -0.3369 -0.9415
vn 0.8484 -0.4970 -0.1821
vn 0.5052 -0.8548 -0.1186
vn 0.5244 -0.8513 -0.0139
vn 0.9115 -0.4076 -0.0543
vn 0.9568 -0.2857 -0.0533
vn 0.9826 -0.1784 -0.0522
vn 0.9956 -0.0784 -0.0512
vn 0.5406 -0.8410 -0.0217
vn 0.7115 -0.7019 -0.0322
vn 0.8650 -0.5007 -0.0337
vn 0.8590 -0.5109 -0.0329
vn 0.1043 -0.9945 0.0088
vn 0.1998 -0.9798 0.0102
vn 0.2894 -0.9571 0.0120
vn 0.3683 -0.9296 0.0131
vn 0.4437 -0.8961 0.0136
vn 0.8153 -0.5787 -0.0185
vn 0.7370 -0.6756 -0.0193
vn 0.4712 -0.8820 -0.0006
vn 0.0001 -0.9843 -0.1763
vn 0.4484 -0.8916 -0.0641
vn 0.5084 -0.8593 -0.0565
vn 0.5490 -0.8324 -0.0757
vn 0.8530 -0.5177 -0.0668
vn 0.6744 -0.7351 -0.0687
vn 0.0532 -0.9951 -0.0838
vn 0.1542 -0.9848 -0.0802
vn 0.2472 -0.9661 -0.0742
vn 0.3312 -0.9412 -0.0668
vn 0.4803 -0.8754 -0.0545
vn 0.4084 -0.9109 -0.0596
vn 0.7975 -0.5960 -0.0936
vn 0.8423 -0.5289 -0.1036
vn 0.8743 -0.4772 -0.0889
vn 0.6280 -0.7733 -0.0869
vn 0.9920 -0.0381 -0.1203
vn 0.9308 -0.3443 -0.1225
vn 0.9661 -0.2277 -0.1220
vn 0.9846 -0.1257 -0.1213
vn 0.8802 -0.4595 -0.1193
vn -0.8582 -0.5075 0.0774
vn -0.8409 -0.4962 0.2160
vn -0.8026 -0.4881 0.3429
vn -0.7682 -0.4719 0.4327
vn -0.0588 -0.2688 -0.9614
vn -0.1747 -0.2760 -0.9451
vn -0.2884 -0.2908 -0.9123
vn -0.4013 -0.3108 -0.8616
vn -0.5141 -0.3369 -0.7888
vn -0.6193 -0.3708 -0.6920
vn -0.6755 -0.3542 -0.6467
vn -0.6944 -0.2710 -0.6666
vn -0.7074 -0.1858 -0.6819
vn -0.7148 -0.1060 -0.6913
vn -0.7181 -0.0347 -0.6950
vn -0.7616 -0.4184 0.4950
vn -0.7683 -0.3258 0.5510
vn -0.7646 -0.2340 0.6005
vn -0.7655 -0.1365 0.6287
vn -0.7674 -0.0422 0.6398
vn -0.7077 -0.4123 -0.5737
vn -0.7734 -0.4515 -0.4451
vn -0.8185 -0.4814 -0.3136
vn -0.8584 -0.5102 -0.0536
vn -0.8850 -0.4655 0.0131
vn -0.9370 -0.3490 0.0170
vn -0.9726 -0.2316 0.0195
vn -0.9916 -0.1280 0.0206
vn -0.9990 -0.0385 0.0212
vn -0.8254 -0.3538 0.4400
vn -0.7525 -0.4579 0.4734
vn -0.7891 -0.6138 0.0254
vn -0.5989 -0.8001 0.0344
vn -0.7026 -0.3663 -0.6101
vn -0.6644 -0.4083 -0.6260
vn -0.5629 -0.5941 0.5747
vn -0.7420 -0.4409 0.5050
vn -0.8468 -0.5318 0.0104
vn -0.8714 -0.4903 0.0158
vn -0.5311 -0.6319 -0.5646
vn -0.6679 -0.4403 -0.6000
vn -0.0516 -0.9933 0.1036
vn -0.1500 -0.9834 0.1021
vn -0.2408 -0.9655 0.0994
vn -0.3240 -0.9413 0.0951
vn -0.4017 -0.9114 0.0899
vn -0.4741 -0.8763 0.0850
vn -0.3840 -0.6549 0.6508
vn -0.3060 -0.6754 0.6710
vn -0.2349 -0.6881 0.6866
vn -0.1648 -0.6979 0.6970
vn -0.0979 -0.7042 0.7033
vn -0.0328 -0.7069 0.7065
vn -0.3984 -0.5943 0.6987
vn -0.3566 -0.4628 0.8116
vn -0.3300 -0.3204 0.8879
vn -0.3100 -0.1851 0.9326
vn -0.3015 -0.0575 0.9517
vn -0.4981 -0.8535 0.1528
vn -0.4857 -0.8225 0.2961
vn -0.4627 -0.7720 0.4359
vn -0.4378 -0.6922 0.5738
vn -0.4365 -0.7788 -0.4506
vn -0.4594 -0.8168 -0.3490
vn -0.4810 -0.8429 -0.2413
vn -0.4982 -0.8669 0.0149
vn -0.0382 -0.7470 -0.6638
vn -0.1309 -0.7468 -0.6521
vn -0.2101 -0.7439 -0.6344
vn -0.2872 -0.7461 -0.6007
vn -0.3604 -0.7492 -0.5557
vn -0.4151 -0.7528 -0.5108
vn -0.4331 -0.9009 0.0285
vn -0.8770 -0.4796 0.0305
vn -0.7257 -0.6859 0.0531
vn -0.3335 -0.7051 0.6258
vn -0.4284 -0.6483 0.6295
vn -0.4652 -0.8823 0.0716
vn -0.5037 -0.8599 0.0824
vn -0.3487 -0.8008 -0.4870
vn -0.4197 -0.7586 -0.4984
vn -0.3989 -0.7608 -0.5119
vn -0.7072 -0.4003 -0.5828
vn -0.5866 -0.5750 -0.5703
vn -0.4171 -0.7214 -0.5528
vn -0.3590 -0.7083 -0.6078
vn -0.2521 -0.6931 -0.6754
vn -0.1913 -0.6822 -0.7057
vn -0.1239 -0.6676 -0.7341
vn -0.0336 -0.6670 -0.7443
vn -0.5656 -0.8164 -0.1166
vn -0.5216 -0.8194 -0.2377
vn -0.5014 -0.7891 -0.3549
vn -0.4667 -0.7410 -0.4829
vn -0.4062 -0.7263 0.5545
vn -0.4469 -0.8014 0.3974
vn -0.4881 -0.8303 0.2688
vn -0.5380 -0.8340 0.1226
vn -0.2601 -0.0699 0.9630
vn -0.2776 -0.2125 0.9369
vn -0.3056 -0.3377 0.8902
vn -0.3469 -0.4882 0.8008
vn -0.3846 -0.6227 0.6814
vn -0.4457 -0.6635 0.6010
vn -0.7144 -0.4478 0.5377
vn -0.5358 -0.5916 0.6024
vn -0.9756 -0.1321 0.1754
vn -0.9564 -0.2365 0.1714
vn -0.9217 -0.3518 0.1635
vn -0.9612 -0.0840 0.2628
vn -0.9477 -0.1877 0.2582
vn -0.9234 -0.2931 0.2480
vn -0.8843 -0.4057 0.2311
vn -0.9278 -0.1359 0.3476
vn -0.9111 -0.2390 0.3359
vn -0.8830 -0.3482 0.3149
vn -0.8986 -0.0861 0.4303
vn -0.8878 -0.1891 0.4196
vn -0.8710 -0.2890 0.3973
vn -0.8442 -0.3926 0.3650
vn -0.8558 -0.1364 0.4990
vn -0.8460 -0.2359 0.4781
vn -0.8317 -0.3357 0.4423
vn -0.9921 -0.0807 0.0964
vn -0.9785 -0.1830 0.0950
vn -0.9526 -0.2901 0.0922
vn -0.9080 -0.4100 0.0862
vn -0.8748 -0.4604 0.1512
vn -0.8446 -0.4495 0.2909
vn -0.8085 -0.4312 0.4005
vn -0.7965 -0.3746 0.4746
vn -0.8033 -0.2821 0.5246
vn -0.8077 -0.1885 0.5586
vn -0.8134 -0.0863 0.5753
vn -0.8610 -0.0423 0.5069
vn -0.9352 -0.0418 0.3516
vn -0.9835 -0.0401 0.1766
vn -0.1196 -0.0711 -0.9903
vn -0.1194 -0.1241 -0.9851
vn -0.1188 -0.1826 -0.9760
vn -0.1777 -0.0503 -0.9828
vn -0.1779 -0.0960 -0.9794
vn -0.1768 -0.1575 -0.9716
vn -0.1760 -0.2152 -0.9606
vn -0.2355 -0.0738 -0.9691
vn -0.2349 -0.1291 -0.9634
vn -0.2334 -0.1896 -0.9537
vn -0.2957 -0.0524 -0.9539
vn -0.2956 -0.1008 -0.9500
vn -0.2938 -0.1651 -0.9415
vn -0.2920 -0.2257 -0.9294
vn -0.3564 -0.0782 -0.9311
vn -0.3554 -0.1370 -0.9246
vn -0.3527 -0.2015 -0.9138
vn -0.4151 -0.0559 -0.9081
vn -0.4148 -0.1094 -0.9033
vn -0.4118 -0.1780 -0.8937
vn -0.4080 -0.2432 -0.8800
vn -0.4751 -0.0860 -0.8757
vn -0.4732 -0.1505 -0.8680
vn -0.4685 -0.2202 -0.8556
vn -0.5383 -0.0610 -0.8406
vn -0.5367 -0.1220 -0.8349
vn -0.5317 -0.1956 -0.8240
vn -0.5247 -0.2669 -0.8084
vn -0.5995 -0.0950 -0.7947
vn -0.5954 -0.1665 -0.7860
vn -0.5874 -0.2429 -0.7720
vn -0.0601 -0.0490 -0.9970
vn -0.0602 -0.0932 -0.9938
vn -0.0599 -0.1531 -0.9864
vn -0.0597 -0.2097 -0.9759
vn -0.1180 -0.2428 -0.9629
vn -0.2315 -0.2520 -0.9396
vn -0.3491 -0.2670 -0.8982
vn -0.4618 -0.2899 -0.8383
vn -0.5758 -0.3182 -0.7531
vn -0.6360 -0.2957 -0.7128
vn -0.6479 -0.2166 -0.7303
vn -0.6562 -0.1362 -0.7422
vn -0.6599 -0.0667 -0.7484
vn -0.6016 -0.0316 -0.7982
vn -0.4759 -0.0291 -0.8790
vn -0.3567 -0.0269 -0.9338
vn -0.2356 -0.0256 -0.9715
vn -0.1196 -0.0248 -0.9925
vn -0.8212 -0.1168 -0.5586
vn -0.8096 -0.2058 -0.5498
vn -0.7887 -0.3011 -0.5360
vn -0.8682 -0.0784 -0.4899
vn -0.8585 -0.1665 -0.4850
vn -0.8392 -0.2640 -0.4755
vn -0.8092 -0.3630 -0.4620
vn -0.9009 -0.1238 -0.4160
vn -0.8851 -0.2199 -0.4101
vn -0.8562 -0.3245 -0.4020
vn -0.9367 -0.0794 -0.3409
vn -0.9245 -0.1742 -0.3391
vn -0.9008 -0.2765 -0.3348
vn -0.8626 -0.3857 -0.3272
vn -0.9555 -0.1255 -0.2669
vn -0.9375 -0.2253 -0.2652
vn -0.9041 -0.3372 -0.2627
vn -0.7727 -0.0736 -0.6304
vn -0.7664 -0.1524 -0.6241
vn -0.7532 -0.2415 -0.6118
vn -0.7333 -0.3304 -0.5942
vn -0.7595 -0.3933 -0.5181
vn -0.8174 -0.4250 -0.3889
vn -0.8577 -0.4466 -0.2547
vn -0.8967 -0.3992 -0.1910
vn -0.9399 -0.2816 -0.1932
vn -0.9651 -0.1766 -0.1935
vn -0.9781 -0.0784 -0.1930
vn -0.9632 -0.0385 -0.2662
vn -0.9080 -0.0390 -0.4170
vn -0.8264 -0.0377 -0.5618
vn -0.6715 -0.6445 0.3656
vn -0.6859 -0.6920 0.2252
vn -0.5807 -0.6846 0.4406
vn -0.5973 -0.7404 0.3082
vn -0.6116 -0.7743 0.1622
vn -0.5103 -0.7685 0.3860
vn -0.5266 -0.8165 0.2367
vn -0.6995 -0.7083 0.0949
vn -0.4893 -0.8670 0.0946
vn -0.4799 -0.7051 0.5220
vn -0.6611 -0.5736 0.4837
vn -0.4913 -0.4282 -0.7585
vn -0.4023 -0.3499 -0.8460
vn -0.3087 -0.3276 -0.8930
vn -0.1816 -0.3630 -0.9139
vn -0.4746 -0.5748 -0.6666
vn -0.3948 -0.5144 -0.7613
vn -0.3128 -0.4761 -0.8219
vn -0.2099 -0.4717 -0.8564
vn -0.1064 -0.4774 -0.8722
vn -0.3627 -0.6624 -0.6555
vn -0.2843 -0.6333 -0.7198
vn -0.2137 -0.6213 -0.7539
vn -0.1244 -0.6121 -0.7810
vn -0.0559 -0.3671 -0.9285
vn -0.0465 -0.6134 -0.7884
vn -0.4147 -0.7074 -0.5723
vn -0.5761 -0.5034 -0.6440
vn -0.6030 -0.1440 0.7847
vn -0.6165 -0.2434 0.7487
vn -0.6320 -0.3576 0.6876
vn -0.4870 -0.1020 0.8674
vn -0.5083 -0.2258 0.8311
vn -0.5221 -0.3471 0.7790
vn -0.5457 -0.4768 0.6891
vn -0.4157 -0.1773 0.8921
vn -0.4135 -0.3193 0.8527
vn -0.4268 -0.4635 0.7765
vn -0.6473 -0.4699 0.6002
vn -0.4505 -0.5982 0.6627
vn -0.4025 -0.0483 0.9142
vn -0.5832 -0.0455 0.8111
vn -0.6942 -0.6638 -0.2781
vn -0.6640 -0.6285 -0.4051
vn -0.6191 -0.7562 -0.2120
vn -0.5989 -0.7261 -0.3378
vn -0.5657 -0.6893 -0.4526
vn -0.5440 -0.7955 -0.2671
vn -0.4970 -0.7773 -0.3856
vn -0.6305 -0.5684 -0.5286
vn -0.4487 -0.7532 -0.4810
vn -0.4970 -0.8578 -0.1313
vn -0.7097 -0.6871 -0.1555
vn -0.8297 -0.4764 -0.2908
vn -0.7904 -0.4433 -0.4227
vn -0.8615 -0.4588 -0.2174
vn -0.8363 -0.4266 -0.3444
vn -0.7849 -0.3958 -0.4767
vn -0.8400 -0.4694 -0.2721
vn -0.8046 -0.4325 -0.4070
vn -0.8242 -0.5126 -0.2407
vn -0.7916 -0.4857 -0.3709
vn -0.7418 -0.4492 -0.4980
vn -0.7251 -0.4099 -0.5534
vn -0.7430 -0.3952 -0.5401
vn -0.7280 -0.4966 -0.4726
vn -0.7648 -0.5458 -0.3424
vn -0.7901 -0.5739 -0.2155
vn -0.8539 -0.4967 -0.1555
vn -0.8492 -0.5005 -0.1684
vn -0.7193 -0.1284 0.6828
vn -0.7303 -0.2147 0.6486
vn -0.7516 -0.2965 0.5893
vn -0.7177 -0.0791 0.6919
vn -0.7245 -0.1629 0.6697
vn -0.7468 -0.2359 0.6218
vn -0.7764 -0.3147 0.5461
vn -0.7180 -0.1173 0.6861
vn -0.7313 -0.1915 0.6546
vn -0.7517 -0.2757 0.5991
vn -0.7326 -0.0846 0.6754
vn -0.7330 -0.1846 0.6547
vn -0.7430 -0.2706 0.6121
vn -0.7528 -0.3649 0.5478
vn -0.7768 -0.3783 0.5034
vn -0.7855 -0.3456 0.5134
vn -0.7181 -0.3549 0.5986
vn -0.7031 -0.2529 0.6646
vn -0.6907 -0.1659 0.7039
vn -0.6823 -0.0821 0.7264
vn -0.7149 -0.0414 0.6980
vn -0.7188 -0.0415 0.6940
vn -0.5167 -0.3513 -0.7808
vn -0.3907 -0.3563 -0.8487
vn -0.2924 -0.3389 -0.8942
vn -0.1868 -0.2925 -0.9378
vn -0.5936 -0.3352 -0.7317
vn -0.4526 -0.3364 -0.8258
vn -0.3458 -0.3458 -0.8723
vn -0.2594 -0.3053 -0.9163
vn -0.1302 -0.2634 -0.9559
vn -0.5295 -0.3152 -0.7875
vn -0.4070 -0.2934 -0.8650
vn -0.3270 -0.2793 -0.9028
vn -0.2094 -0.2681 -0.9404
vn -0.5683 -0.3700 -0.7350
vn -0.4534 -0.3469 -0.8211
vn -0.3427 -0.3306 -0.8793
vn -0.2324 -0.3061 -0.9232
vn -0.1189 -0.2853 -0.9510
vn -0.0582 -0.2739 -0.9600
vn -0.0562 -0.2625 -0.9633
vn -0.1289 -0.2995 -0.9453
vn -0.2717 -0.2675 -0.9244
vn -0.3792 -0.2497 -0.8910
vn -0.4681 -0.3028 -0.8301
vn -0.5796 -0.3779 -0.7220
vn -0.6551 -0.3546 -0.6671
vn -0.6348 -0.3730 -0.6767
vn -0.8272 -0.4544 0.3305
vn -0.8459 -0.4909 0.2086
vn -0.8566 -0.3780 0.3513
vn -0.8608 -0.4342 0.2655
vn -0.8632 -0.4857 0.1377
vn -0.8412 -0.4356 0.3203
vn -0.8391 -0.5041 0.2044
vn -0.7782 -0.4961 0.3850
vn -0.8147 -0.5063 0.2827
vn -0.8422 -0.5204 0.1412
vn -0.8560 -0.5117 0.0731
vn -0.8461 -0.5268 0.0809
vn -0.7755 -0.6134 0.1493
vn -0.7670 -0.5756 0.2834
vn -0.7616 -0.5129 0.3961
vn -0.8275 -0.3868 0.4071
vn -0.8073 -0.4262 0.4082
vn -0.3696 -0.8108 -0.4539
vn -0.2967 -0.8196 -0.4901
vn -0.2162 -0.8283 -0.5169
vn -0.1319 -0.8350 -0.5341
vn -0.4156 -0.8280 -0.3766
vn -0.3426 -0.8449 -0.4108
vn -0.2641 -0.8587 -0.4392
vn -0.1785 -0.8700 -0.4596
vn -0.0915 -0.8767 -0.4723
vn -0.3906 -0.8583 -0.3328
vn -0.3117 -0.8791 -0.3605
vn -0.2286 -0.8951 -0.3829
vn -0.1404 -0.9063 -0.3986
vn -0.4356 -0.8625 -0.2575
vn -0.3590 -0.8901 -0.2806
vn -0.2788 -0.9113 -0.3029
vn -0.1904 -0.9279 -0.3206
vn -0.0984 -0.9381 -0.3321
vn -0.4039 -0.8919 -0.2032
vn -0.3254 -0.9191 -0.2222
vn -0.2413 -0.9404 -0.2395
vn -0.1498 -0.9559 -0.2525
vn -0.3907 -0.7801 -0.4887
vn -0.3286 -0.7807 -0.5315
vn -0.2535 -0.7838 -0.5669
vn -0.1712 -0.7887 -0.5905
vn -0.0865 -0.7922 -0.6041
vn -0.0442 -0.8381 -0.5437
vn -0.0479 -0.9121 -0.4072
vn -0.0514 -0.9643 -0.2599
vn -0.1038 -0.9794 -0.1732
vn -0.1997 -0.9658 -0.1651
vn -0.2895 -0.9448 -0.1533
vn -0.3689 -0.9189 -0.1397
vn -0.4442 -0.8869 -0.1269
vn -0.4714 -0.8618 -0.1871
vn -0.4579 -0.8344 -0.3067
vn -0.4280 -0.8041 -0.4125
vn -0.2472 -0.1881 0.9505
vn -0.2646 -0.3270 0.9072
vn -0.2932 -0.4731 0.8308
vn -0.2139 -0.1193 0.9695
vn -0.2239 -0.2616 0.9388
vn -0.2460 -0.4006 0.8826
vn -0.2751 -0.5508 0.7880
vn -0.1897 -0.1898 0.9633
vn -0.2040 -0.3307 0.9214
vn -0.2277 -0.4805 0.8469
vn -0.1604 -0.1202 0.9797
vn -0.1684 -0.2634 0.9499
vn -0.1855 -0.4049 0.8953
vn -0.2091 -0.5589 0.8024
vn -0.1387 -0.1907 0.9718
vn -0.1492 -0.3330 0.9310
vn -0.1672 -0.4855 0.8581
vn -0.1116 -0.1207 0.9864
vn -0.1172 -0.2648 0.9572
vn -0.1294 -0.4080 0.9038
vn -0.1467 -0.5646 0.8122
vn -0.0899 -0.1916 0.9774
vn -0.0967 -0.3349 0.9373
vn -0.1091 -0.4891 0.8654
vn -0.0662 -0.1210 0.9904
vn -0.0695 -0.2657 0.9615
vn -0.0770 -0.4098 0.9089
vn -0.0879 -0.5681 0.8183
vn -0.0453 -0.1919 0.9804
vn -0.0488 -0.3357 0.9407
vn -0.0553 -0.4906 0.8696
vn -0.2755 -0.1175 0.9541
vn -0.2876 -0.2578 0.9224
vn -0.3123 -0.3932 0.8648
vn -0.3451 -0.5389 0.7685
vn -0.3269 -0.6093 0.7224
vn -0.2557 -0.6222 0.7399
vn -0.1895 -0.6307 0.7526
vn -0.1237 -0.6373 0.7607
vn -0.0625 -0.6405 0.7654
vn -0.0296 -0.5695 0.8215
vn -0.0260 -0.4104 0.9115
vn -0.0234 -0.2661 0.9637
vn -0.0223 -0.1211 0.9924
vn -0.0439 -0.0594 0.9973
vn -0.0871 -0.0594 0.9944
vn -0.1345 -0.0592 0.9891
vn -0.1847 -0.0588 0.9810
vn -0.2411 -0.0580 0.9688
vn -0.3833 -0.8911 0.2429
vn -0.3039 -0.9175 0.2567
vn -0.2219 -0.9374 0.2685
vn -0.1364 -0.9512 0.2769
vn -0.4114 -0.8563 0.3121
vn -0.3317 -0.8844 0.3282
vn -0.2523 -0.9050 0.3426
vn -0.1691 -0.9202 0.3531
vn -0.0867 -0.9288 0.3602
vn -0.3592 -0.8456 0.3949
vn -0.2796 -0.8677 0.4109
vn -0.2001 -0.8836 0.4232
vn -0.1207 -0.8940 0.4315
vn -0.3865 -0.8021 0.4552
vn -0.3066 -0.8263 0.4724
vn -0.2295 -0.8431 0.4863
vn -0.1509 -0.8554 0.4955
vn -0.0763 -0.8617 0.5016
vn -0.3332 -0.7783 0.5322
vn -0.2566 -0.7963 0.5478
vn -0.1810 -0.8095 0.5585
vn -0.1073 -0.8177 0.5655
vn -0.4319 -0.8873 0.1618
vn -0.3546 -0.9190 0.1722
vn -0.2752 -0.9439 0.1823
vn -0.1882 -0.9636 0.1900
vn -0.0977 -0.9759 0.1953
vn -0.0466 -0.9583 0.2818
vn -0.0410 -0.8989 0.4363
vn -0.0361 -0.8212 0.5695
vn -0.0684 -0.7672 0.6378
vn -0.1364 -0.7624 0.6325
vn -0.2102 -0.7523 0.6244
vn -0.2827 -0.7391 0.6114
vn -0.3586 -0.7204 0.5936
vn -0.4141 -0.7516 0.5134
vn -0.4406 -0.8145 0.3773
vn -0.4612 -0.8572 0.2291
vn -0.4921 -0.5001 0.7126
vn -0.4362 -0.3710 0.8198
vn -0.3881 -0.2583 0.8847
vn -0.3610 -0.1293 0.9235
vn -0.6049 -0.3643 0.7081
vn -0.5545 -0.2581 0.7911
vn -0.5220 -0.1729 0.8353
vn -0.6742 -0.3800 0.6333
vn -0.6485 -0.2729 0.7106
vn -0.6155 -0.1936 0.7640
vn -0.6292 -0.0827 0.7729
vn -0.5524 -0.3975 0.7327
vn -0.5345 -0.2745 0.7994
vn -0.5463 -0.1579 0.8226
vn -0.5338 -0.0436 0.8445
vn -0.5662 -0.0336 0.8236
vn -0.4274 -0.1035 0.8981
vn -0.4058 -0.2555 0.8775
vn -0.3999 -0.3953 0.8269
vn -0.4148 -0.5448 0.7288
vn -0.5718 -0.5197 0.6348
vn -0.6472 -0.4560 0.6109
vn -0.6686 -0.7208 0.1831
vn -0.6129 -0.7199 0.3257
vn -0.5786 -0.6726 0.4614
vn -0.7689 -0.5924 0.2404
vn -0.7334 -0.5723 0.3669
vn -0.8307 -0.5357 0.1514
vn -0.7905 -0.5366 0.2951
vn -0.7678 -0.4879 0.4153
vn -0.6920 -0.6826 0.2349
vn -0.6733 -0.6365 0.3762
vn -0.6991 -0.5110 0.5001
vn -0.6284 -0.5878 0.5095
vn -0.4996 -0.7367 0.4557
vn -0.5274 -0.7882 0.3171
vn -0.5130 -0.8437 0.1579
vn -0.6941 -0.7150 0.0836
vn -0.8293 -0.5506 0.0952
vn -0.6614 -0.6009 -0.4489
vn -0.6737 -0.6710 -0.3098
vn -0.7065 -0.6858 -0.1750
vn -0.8061 -0.4517 -0.3823
vn -0.8171 -0.5247 -0.2389
vn -0.8079 -0.3775 -0.4525
vn -0.8379 -0.4434 -0.3184
vn -0.8687 -0.4696 -0.1574
vn -0.6904 -0.6002 -0.4038
vn -0.7302 -0.6341 -0.2545
vn -0.8643 -0.4935 -0.0972
vn -0.7237 -0.6832 -0.0977
vn -0.5412 -0.8210 -0.1819
vn -0.5416 -0.7720 -0.3327
vn -0.4577 -0.7771 -0.4320
vn -0.6079 -0.6070 -0.5118
vn -0.7503 -0.4044 -0.5229
vn -0.0972 -0.5289 -0.8431
vn -0.1969 -0.5388 -0.8191
vn -0.2867 -0.5339 -0.7954
vn -0.4016 -0.5355 -0.7430
vn -0.5085 -0.5651 -0.6497
vn -0.1697 -0.3806 -0.9090
vn -0.2903 -0.3794 -0.8785
vn -0.3999 -0.3716 -0.8379
vn -0.5342 -0.3985 -0.7455
vn -0.1149 -0.3501 -0.9296
vn -0.2353 -0.3532 -0.9055
vn -0.3512 -0.3522 -0.8675
vn -0.4691 -0.3663 -0.8036
vn -0.5940 -0.4026 -0.6964
vn -0.1406 -0.5382 -0.8310
vn -0.2429 -0.5466 -0.8014
vn -0.3255 -0.5498 -0.7693
vn -0.4337 -0.5708 -0.6973
vn -0.6424 -0.4237 -0.6386
vn -0.5172 -0.6042 -0.6062
vn -0.3605 -0.7235 -0.5887
vn -0.2928 -0.6927 -0.6591
vn -0.2183 -0.6881 -0.6920
vn -0.1501 -0.6779 -0.7196
vn -0.0741 -0.6736 -0.7354
vn -0.0474 -0.5391 -0.8409
vn -0.0596 -0.3762 -0.9246
vn -0.1235 -0.7223 -0.6804
vn -0.1839 -0.7306 -0.6576
vn -0.2374 -0.7533 -0.6133
vn -0.3126 -0.7685 -0.5583
vn -0.0807 -0.7180 -0.6913
vn -0.1700 -0.7164 -0.6767
vn -0.2391 -0.7222 -0.6491
vn -0.3118 -0.7354 -0.6017
vn -0.3825 -0.7414 -0.5513
vn -0.3599 -0.7782 -0.5147
vn -0.3220 -0.7869 -0.5264
vn -0.2482 -0.7812 -0.5728
vn -0.1859 -0.7549 -0.6290
vn -0.1460 -0.7370 -0.6599
vn -0.0672 -0.7246 -0.6859
vn -0.0255 -0.7181 -0.6955
vn -0.4123 -0.8468 -0.3360
vn -0.4395 -0.8673 -0.2336
vn -0.4382 -0.8073 -0.3954
vn -0.4626 -0.8372 -0.2916
vn -0.4809 -0.8580 -0.1803
vn -0.4587 -0.8808 -0.1174
vn -0.4432 -0.8784 -0.1788
vn -0.4140 -0.8648 -0.2839
vn -0.3866 -0.8336 -0.3945
vn -0.3816 -0.8078 -0.4492
vn -0.4511 -0.8471 0.2807
vn -0.4230 -0.8057 0.4146
vn -0.4985 -0.8393 0.2169
vn -0.4821 -0.7994 0.3586
vn -0.4551 -0.7395 0.4961
vn -0.3921 -0.7276 0.5630
vn -0.3593 -0.8009 0.4790
vn -0.4012 -0.8513 0.3382
vn -0.4285 -0.8810 0.2007
vn -0.4676 -0.8725 0.1418
vn -0.3806 -0.5409 0.7501
vn -0.3485 -0.3911 0.8518
vn -0.3293 -0.4853 0.8100
vn -0.3054 -0.3360 0.8910
vn -0.2891 -0.1977 0.9366
vn -0.3265 -0.2587 0.9091
vn -0.3105 -0.1189 0.9431
vn -0.2701 -0.0648 0.9607
vn -0.2437 -0.1356 0.9603
vn -0.2686 -0.2795 0.9218
vn -0.2820 -0.4210 0.8621
vn -0.3211 -0.5796 0.7490
vn -0.3664 -0.6294 0.6853
vn -0.8462 -0.5002 -0.1838
vn -0.4911 -0.8629 -0.1191
vn -0.5800 -0.8146 0.0078
vn -0.9117 -0.4071 -0.0546
vn -0.9569 -0.2854 -0.0530
vn -0.9825 -0.1788 -0.0521
vn -0.9956 -0.0785 -0.0512
vn -0.4433 -0.8961 -0.0216
vn -0.7072 -0.7063 -0.0322
vn -0.8554 -0.5166 -0.0384
vn -0.8575 -0.5124 -0.0465
vn -0.1042 -0.9945 0.0088
vn -0.2000 -0.9797 0.0102
vn -0.2894 -0.9571 0.0120
vn -0.3683 -0.9296 0.0131
vn -0.4434 -0.8962 0.0137
vn -0.8742 -0.4856 -0.0028
vn -0.6947 -0.7191 -0.0172
vn -0.4744 -0.8801 0.0165
vn -0.4713 -0.8806 -0.0501
vn -0.4931 -0.8685 -0.0501
vn -0.4342 -0.8988 -0.0603
vn -0.8999 -0.4339 -0.0436
vn -0.7468 -0.6632 -0.0495
vn -0.0530 -0.9951 -0.0838
vn -0.1543 -0.9848 -0.0802
vn -0.2473 -0.9661 -0.0742
vn -0.3312 -0.9412 -0.0668
vn -0.4763 -0.8776 -0.0540
vn -0.4084 -0.9109 -0.0596
vn -0.7967 -0.5969 -0.0951
vn -0.8419 -0.5277 -0.1128
vn -0.8717 -0.4800 -0.0989
vn -0.6035 -0.7928 -0.0855
vn -0.9920 -0.0380 -0.1203
vn -0.9310 -0.3439 -0.1224
vn -0.9661 -0.2278 -0.1217
vn -0.9846 -0.1259 -0.1213
vn -0.8801 -0.4594 -0.1203
vn 0.9318 0.3517 0.0897
vn 0.8807 0.4663 0.0831
vn 0.7885 0.4192 0.4502
vn 0.9559 0.1342 0.2612
vn 0.9046 0.3520 0.2403
vn 0.8590 0.4608 0.2231
vn 0.8807 0.2375 0.4098
vn 0.8942 0.1364 0.4263
vn 0.8586 0.3430 0.3811
vn 0.8256 0.4447 0.3473
vn 0.9677 0.2338 0.0941
vn 0.8108 0.1366 0.5691
vn 0.1774 0.1263 -0.9760
vn 0.8057 0.2344 0.5440
vn 0.7986 0.3318 0.5021
vn 0.7702 0.1117 -0.6280
vn 0.8144 0.0426 0.5788
vn 0.9008 0.0422 0.4323
vn 0.9638 0.0410 0.2635
vn 0.9946 0.0392 0.0966
vn 0.1778 0.0723 -0.9814
vn 0.1764 0.1857 -0.9666
vn 0.1749 0.2472 -0.9531
vn 0.2949 0.1324 -0.9463
vn 0.2957 0.0757 -0.9523
vn 0.2930 0.1947 -0.9361
vn 0.2903 0.2587 -0.9213
vn 0.4136 0.1432 -0.8991
vn 0.4150 0.0817 -0.9062
vn 0.4101 0.2102 -0.8875
vn 0.4051 0.2775 -0.8711
vn 0.5347 0.1582 -0.8301
vn 0.5285 0.2311 -0.8169
vn 0.5197 0.3033 -0.7987
vn 0.0598 0.1229 -0.9906
vn 0.6583 0.1002 -0.7460
vn 0.8504 0.2140 -0.4806
vn 0.6527 0.1758 -0.7370
vn 0.6425 0.2563 -0.7221
vn 0.0601 0.0246 -0.9979
vn 0.0600 0.0705 -0.9957
vn 0.0594 0.1810 -0.9817
vn 0.0590 0.2409 -0.9687
vn 0.6277 0.3353 -0.7025
vn 0.6610 0.0331 -0.7496
vn 0.5390 0.0303 -0.8418
vn 0.5023 0.6142 -0.6086
vn 0.4155 0.0279 -0.9092
vn 0.2959 0.0262 -0.9548
vn 0.1778 0.0252 -0.9837
vn 0.7441 0.2864 -0.6035
vn 0.7205 0.3744 -0.5838
vn 0.8848 0.4629 -0.0537
vn 0.8643 0.1210 -0.4883
vn 0.8250 0.3146 -0.4694
vn 0.7905 0.4118 -0.4534
vn 0.9146 0.2234 -0.3370
vn 0.9318 0.1251 -0.3407
vn 0.8828 0.3323 -0.3320
vn 0.8394 0.4376 -0.3223
vn 0.7608 0.1961 -0.6186
vn 0.9906 0.1264 -0.0517
vn 0.5066 0.2883 0.8126
vn 0.9719 0.2293 -0.0526
vn 0.9362 0.3473 -0.0540
vn 0.5597 0.6538 0.5091
vn 0.9980 0.0381 -0.0509
vn 0.9394 0.0389 -0.3406
vn 0.8706 0.0386 -0.4905
vn 0.7744 0.0364 -0.6317
vn 0.5807 0.7213 0.3775
vn 0.6084 0.7587 0.2328
vn 0.6235 0.7755 0.0991
vn 0.6211 0.7832 -0.0275
vn 0.5156 0.7619 0.3920
vn 0.5551 0.7958 0.2421
vn 0.5652 0.8186 0.1024
vn 0.6184 0.6053 -0.5012
vn 0.4248 0.5724 -0.7014
vn 0.6601 0.3448 -0.6673
vn 0.3312 0.5326 -0.7789
vn 0.2472 0.5064 -0.8261
vn 0.1465 0.4836 -0.8630
vn 0.3248 0.7177 -0.6160
vn 0.0379 0.7099 -0.7033
vn 0.2404 0.7003 -0.6722
vn 0.1794 0.6953 -0.6959
vn 0.1117 0.6797 -0.7249
vn 0.0593 0.4636 -0.8841
vn 0.0425 0.6799 -0.7320
vn 0.4999 0.1482 0.8533
vn 0.5340 0.4137 0.7374
vn 0.5510 0.5383 0.6377
vn 0.7360 0.1991 0.6470
vn 0.4305 0.1708 0.8863
vn 0.4122 0.4674 0.7821
vn 0.4300 0.6096 0.6660
vn 0.4303 0.0488 0.9014
vn 0.4948 0.0546 0.8673
vn 0.6071 0.7451 -0.2760
vn 0.5777 0.7144 -0.3949
vn 0.5468 0.6645 -0.5095
vn 0.8726 0.4871 -0.0366
vn 0.5069 0.8209 -0.2630
vn 0.4640 0.8006 -0.3791
vn 0.4003 0.7886 -0.4667
vn 0.4820 0.7594 0.4370
vn 0.7527 0.5169 -0.4078
vn 0.8108 0.4974 -0.3086
vn 0.7695 0.4683 -0.4343
vn 0.7061 0.4298 -0.5627
vn 0.7053 0.4624 -0.5374
vn 0.8481 0.4475 -0.2837
vn 0.8130 0.4120 -0.4114
vn 0.7452 0.3853 -0.5442
vn 0.8469 0.5297 -0.0463
vn 0.7782 0.5628 -0.2785
vn 0.7926 0.6088 -0.0351
vn 0.8501 0.3560 0.3881
vn 0.7155 0.3020 0.6299
vn 0.7317 0.1336 0.6684
vn 0.7416 0.3261 0.5863
vn 0.7476 0.4106 0.5221
vn 0.7295 0.3949 0.5585
vn 0.7164 0.1168 0.6878
vn 0.7662 0.2754 0.5806
vn 0.8095 0.3206 0.4918
vn 0.7355 0.2298 0.6373
vn 0.7040 0.2034 0.6804
vn 0.2338 0.3291 0.9149
vn 0.6863 0.1083 0.7193
vn 0.6720 0.0433 0.7393
vn 0.0635 0.2886 -0.9554
vn 0.7097 0.0397 0.7033
vn 0.7311 0.0418 0.6810
vn 0.5169 0.3487 -0.7818
vn 0.5307 0.3578 -0.7683
vn 0.4033 0.3226 -0.8563
vn 0.2893 0.3046 -0.9075
vn 0.1745 0.2926 -0.9402
vn 0.5478 0.3017 -0.7803
vn 0.6202 0.3868 -0.6825
vn 0.4212 0.2854 -0.8609
vn 0.3034 0.2757 -0.9121
vn 0.1797 0.2685 -0.9464
vn 0.0596 0.2858 -0.9565
vn 0.0632 0.2669 -0.9616
vn 0.1738 0.2951 -0.9395
vn 0.2998 0.3034 -0.9045
vn 0.4103 0.3217 -0.8533
vn 0.6369 0.4099 -0.6529
vn 0.4525 0.8158 -0.3601
vn 0.7746 0.5955 0.2128
vn 0.7994 0.5008 0.3318
vn 0.8290 0.5169 0.2135
vn 0.8437 0.5311 0.0782
vn 0.7854 0.6127 0.0881
vn 0.8680 0.3926 0.3041
vn 0.8714 0.4476 0.2006
vn 0.8731 0.4813 0.0782
vn 0.7688 0.4775 0.4254
vn 0.9869 0.1297 0.0960
vn 0.7658 0.5451 0.3413
vn 0.7489 0.4853 0.4512
vn 0.3624 0.7790 -0.5117
vn 0.4065 0.9135 0.0135
vn 0.2927 0.7811 -0.5515
vn 0.2123 0.7860 -0.5806
vn 0.1290 0.7898 -0.5996
vn 0.3803 0.8367 -0.3940
vn 0.4721 0.8459 -0.2481
vn 0.3036 0.8522 -0.4260
vn 0.2217 0.8648 -0.4504
vn 0.1356 0.8739 -0.4669
vn 0.3983 0.8770 -0.2687
vn 0.4194 0.7800 -0.4645
vn 0.3192 0.9015 -0.2922
vn 0.2353 0.9203 -0.3125
vn 0.1454 0.9337 -0.3271
vn 0.2801 0.1865 0.9417
vn 0.4767 0.8790 0.0132
vn 0.3294 0.9441 0.0126
vn 0.2457 0.9693 0.0111
vn 0.1533 0.9881 0.0095
vn 0.0432 0.7912 -0.6101
vn 0.3937 0.9040 0.1669
vn 0.0461 0.8783 -0.4758
vn 0.0497 0.9408 -0.3353
vn 0.0529 0.9986 0.0084
vn 0.3261 0.4679 0.8214
vn 0.3625 0.6018 0.7117
vn 0.0311 0.6414 0.7666
vn 0.2176 0.1892 0.9575
vn 0.2601 0.4770 0.8395
vn 0.2909 0.6162 0.7319
vn 0.1759 0.3320 0.9268
vn 0.1634 0.1904 0.9680
vn 0.1966 0.4832 0.8531
vn 0.2217 0.6268 0.7470
vn 0.1224 0.3341 0.9346
vn 0.1138 0.1912 0.9749
vn 0.1376 0.4876 0.8622
vn 0.1558 0.6344 0.7572
vn 0.0727 0.3354 0.9393
vn 0.0675 0.1918 0.9791
vn 0.0823 0.4900 0.8678
vn 0.0933 0.6392 0.7634
vn 0.2985 0.3237 0.8978
vn 0.4514 0.8388 0.3043
vn 0.2118 0.0587 0.9755
vn 0.0278 0.4909 0.8708
vn 0.0245 0.3358 0.9416
vn 0.5240 0.5547 0.6464
vn 0.0227 0.1920 0.9811
vn 0.0221 0.0595 0.9980
vn 0.0654 0.0594 0.9961
vn 0.1103 0.0593 0.9921
vn 0.1587 0.0591 0.9856
vn 0.2734 0.0578 0.9602
vn 0.3204 0.7308 0.6028
vn 0.3151 0.9323 0.1774
vn 0.2323 0.9546 0.1865
vn 0.1439 0.9706 0.1929
vn 0.3717 0.8714 0.3202
vn 0.4328 0.7830 0.4468
vn 0.2919 0.8956 0.3357
vn 0.2108 0.9134 0.3483
vn 0.1284 0.9252 0.3571
vn 0.3462 0.8154 0.4640
vn 0.4678 0.8698 0.1571
vn 0.2676 0.8355 0.4799
vn 0.1900 0.8500 0.4914
vn 0.1135 0.8592 0.4990
vn 0.4370 0.5774 -0.6897
vn 0.4032 0.7062 0.5820
vn 0.2457 0.7464 0.6184
vn 0.1726 0.7581 0.6289
vn 0.1021 0.7653 0.6355
vn 0.0496 0.9792 0.1967
vn 0.6734 0.7281 0.1283
vn 0.0437 0.9311 0.3622
vn 0.0376 0.8632 0.5035
vn 0.0335 0.7686 0.6389
vn 0.4213 0.3045 0.8543
vn 0.6976 0.4227 0.5785
vn 0.3674 0.1902 0.9104
vn 0.3671 0.0468 0.9290
vn 0.4788 0.4282 0.7664
vn 0.6342 0.2296 0.7383
vn 0.3995 0.3240 0.8576
vn 0.6196 0.1357 0.7731
vn 0.6124 0.0252 0.7901
vn 0.5894 0.6968 0.4086
vn 0.6735 0.3138 0.6692
vn 0.8193 0.5252 0.2299
vn 0.6299 0.7325 0.2581
vn 0.5563 0.6380 0.5324
vn 0.8543 0.5092 0.1040
vn 0.7795 0.5077 0.3670
vn 0.7253 0.4899 0.4837
vn 0.4568 0.7160 0.5280
vn 0.6700 0.6965 -0.2569
vn 0.8064 0.4524 -0.3809
vn 0.6474 0.6684 -0.3662
vn 0.7094 0.6931 -0.1276
vn 0.7640 0.3871 -0.5162
vn 0.8163 0.5191 -0.2534
vn 0.8611 0.5074 -0.0323
vn 0.5267 0.8496 -0.0271
vn 0.2463 0.5413 -0.8039
vn 0.1765 0.3468 -0.9212
vn 0.1429 0.5402 -0.8293
vn 0.3359 0.5584 -0.7585
vn 0.5435 0.5782 -0.6086
vn 0.5279 0.4003 -0.7491
vn 0.0474 0.5481 -0.8351
vn 0.2969 0.3444 -0.8907
vn 0.4006 0.3704 -0.8380
vn 0.6591 0.3978 -0.6382
vn 0.3678 0.7568 -0.5404
vn 0.1698 0.7446 -0.6455
vn 0.0601 0.3494 -0.9351
vn 0.2848 0.7206 -0.6321
vn 0.3491 0.7323 -0.5847
vn 0.4088 0.7446 -0.5276
vn 0.4851 0.8044 -0.3429
vn 0.1016 0.7369 -0.6683
vn 0.2326 0.7598 -0.6071
vn 0.9374 0.2383 0.2540
vn 0.2863 0.7758 -0.5623
vn 0.0275 0.7325 -0.6802
vn 0.4994 0.8320 -0.2416
vn 0.3427 0.7888 -0.5103
vn 0.3884 0.8120 -0.4357
vn 0.5023 0.8560 -0.1226
vn 0.4577 0.7708 -0.4431
vn 0.4889 0.8224 0.2910
vn 0.3328 0.3234 0.8858
vn 0.4241 0.8416 -0.3345
vn 0.4397 0.8638 -0.2461
vn 0.4593 0.8790 -0.1282
vn 0.4263 0.8936 0.1409
vn 0.4563 0.6971 0.5530
vn 0.4957 0.8554 0.1503
vn 0.3545 0.4683 0.8093
vn 0.4013 0.8749 0.2710
vn 0.3540 0.8344 0.4224
vn 0.3422 0.7669 0.5429
vn 0.3347 0.6521 0.6802
vn 0.3176 0.1869 0.9296
vn 0.3099 0.0578 0.9490
vn 0.3971 0.6064 0.6889
vn 0.2902 0.5036 0.8137
vn 0.2571 0.2026 0.9449
vn 0.2656 0.3458 0.8999
vn 0.2518 0.0609 0.9659
vn 0.2040 0.7164 -0.6672
vn 0.5376 0.0904 -0.8383
vn 0.1233 0.7135 -0.6897
vn 0.4499 0.8930 -0.0108
vn 0.4982 0.8670 0.0075
vn 0.5025 0.8541 -0.1340
vn 0.8423 0.5247 -0.1230
vn 0.7067 0.7069 -0.0296
vn 0.0526 0.9831 -0.1755
vn 0.1530 0.9736 -0.1697
vn 0.2456 0.9561 -0.1596
vn 0.3297 0.9326 -0.1466
vn 0.4785 0.8695 -0.1224
vn 0.4075 0.9035 -0.1330
vn 0.7903 0.5922 -0.1573
vn 0.8385 0.5152 -0.1775
vn 0.8638 0.4776 -0.1601
vn 0.6180 0.7716 -0.1508
vn 0.9805 0.0382 -0.1925
vn 0.9200 0.3412 -0.1928
vn 0.9546 0.2265 -0.1935
vn 0.9730 0.1255 -0.1936
vn 0.8717 0.4525 -0.1883
vn -0.9318 0.3517 0.0897
vn -0.8786 0.4701 0.0840
vn -0.7895 0.4174 0.4500
vn -0.9559 0.1341 0.2612
vn -0.9047 0.3520 0.2402
vn -0.8575 0.4643 0.2217
vn -0.8807 0.2375 0.4099
vn -0.8942 0.1364 0.4263
vn -0.8586 0.3428 0.3811
vn -0.8267 0.4432 0.3466
vn -0.9677 0.2338 0.0941
vn -0.8110 0.1367 0.5688
vn -0.1773 0.1269 -0.9759
vn -0.8059 0.2343 0.5437
vn -0.7994 0.3310 0.5014
vn -0.7702 0.1117 -0.6280
vn -0.8146 0.0422 0.5785
vn -0.9007 0.0423 0.4323
vn -0.9638 0.0411 0.2636
vn -0.9945 0.0392 0.0966
vn -0.1778 0.0730 -0.9814
vn -0.1762 0.1862 -0.9666
vn -0.1752 0.2466 -0.9532
vn -0.2945 0.1329 -0.9464
vn -0.2955 0.0760 -0.9523
vn -0.2925 0.1951 -0.9362
vn -0.2898 0.2588 -0.9214
vn -0.4135 0.1433 -0.8992
vn -0.4149 0.0817 -0.9062
vn -0.4098 0.2103 -0.8876
vn -0.4048 0.2777 -0.8712
vn -0.5347 0.1583 -0.8301
vn -0.5285 0.2310 -0.8169
vn -0.5195 0.3033 -0.7988
vn -0.0603 0.1232 -0.9905
vn -0.6583 0.1002 -0.7460
vn -0.8504 0.2141 -0.4806
vn -0.6527 0.1758 -0.7370
vn -0.6426 0.2562 -0.7221
vn -0.0601 0.0247 -0.9979
vn -0.0603 0.0708 -0.9957
vn -0.0601 0.1812 -0.9816
vn -0.0597 0.2402 -0.9689
vn -0.6278 0.3342 -0.7030
vn -0.6610 0.0331 -0.7496
vn -0.5390 0.0303 -0.8418
vn -0.5098 0.5925 -0.6238
vn -0.4155 0.0279 -0.9092
vn -0.2959 0.0263 -0.9549
vn -0.1778 0.0254 -0.9837
vn -0.7443 0.2861 -0.6035
vn -0.7213 0.3726 -0.5839
vn -0.8837 0.4649 -0.0542
vn -0.8643 0.1210 -0.4883
vn -0.8252 0.3144 -0.4693
vn -0.7912 0.4115 -0.4524
vn -0.9146 0.2234 -0.3370
vn -0.9318 0.1251 -0.3407
vn -0.8828 0.3323 -0.3321
vn -0.8385 0.4399 -0.3217
vn -0.7608 0.1962 -0.6187
vn -0.9906 0.1264 -0.0517
vn -0.5141 0.2838 0.8094
vn -0.9719 0.2292 -0.0526
vn -0.9362 0.3472 -0.0541
vn -0.5830 0.6366 0.5048
vn -0.9980 0.0381 -0.0509
vn -0.9394 0.0389 -0.3406
vn -0.8706 0.0386 -0.4905
vn -0.7744 0.0364 -0.6317
vn -0.5929 0.7105 0.3791
vn -0.6096 0.7576 0.2335
vn -0.6166 0.7810 0.0995
vn -0.6175 0.7861 -0.0268
vn -0.5078 0.7680 0.3903
vn -0.5352 0.8096 0.2411
vn -0.5196 0.8489 0.0969
vn -0.6228 0.6026 -0.4990
vn -0.4391 0.5480 -0.7120
vn -0.6491 0.3593 -0.6705
vn -0.3425 0.5153 -0.7856
vn -0.2608 0.4848 -0.8348
vn -0.1538 0.4623 -0.8733
vn -0.3294 0.7097 -0.6228
vn -0.0368 0.7104 -0.7029
vn -0.2467 0.6941 -0.6763
vn -0.1850 0.6972 -0.6926
vn -0.1102 0.6880 -0.7173
vn -0.0561 0.4554 -0.8885
vn -0.0346 0.6848 -0.7279
vn -0.5015 0.1586 0.8505
vn -0.5269 0.4159 0.7412
vn -0.5535 0.5419 0.6325
vn -0.7325 0.2013 0.6503
vn -0.4229 0.1774 0.8887
vn -0.4056 0.4715 0.7831
vn -0.4343 0.6066 0.6659
vn -0.4287 0.0440 0.9024
vn -0.4785 0.0514 0.8766
vn -0.6139 0.7405 -0.2736
vn -0.5790 0.7145 -0.3926
vn -0.5517 0.6622 -0.5072
vn -0.8753 0.4817 -0.0418
vn -0.4640 0.8475 -0.2579
vn -0.4412 0.8169 -0.3715
vn -0.3884 0.7995 -0.4582
vn -0.4676 0.7729 0.4290
vn -0.7611 0.5095 -0.4015
vn -0.8066 0.5078 -0.3025
vn -0.7684 0.4721 -0.4320
vn -0.7048 0.4325 -0.5624
vn -0.7130 0.4481 -0.5393
vn -0.8534 0.4450 -0.2714
vn -0.8187 0.4078 -0.4042
vn -0.7443 0.3845 -0.5460
vn -0.8424 0.5365 -0.0496
vn -0.7991 0.5377 -0.2689
vn -0.7999 0.5990 -0.0376
vn -0.8353 0.3768 0.4005
vn -0.7124 0.2987 0.6350
vn -0.7340 0.1353 0.6655
vn -0.7465 0.3222 0.5821
vn -0.7498 0.4107 0.5188
vn -0.7257 0.4102 0.5523
vn -0.7212 0.1261 0.6812
vn -0.7660 0.2713 0.5828
vn -0.8061 0.3339 0.4886
vn -0.7375 0.2275 0.6359
vn -0.6993 0.2056 0.6847
vn -0.2338 0.3290 0.9150
vn -0.6741 0.1279 0.7275
vn -0.6647 0.0413 0.7460
vn -0.0597 0.2979 -0.9527
vn -0.7199 0.0335 0.6933
vn -0.7343 0.0393 0.6777
vn -0.5153 0.3522 -0.7813
vn -0.5310 0.3637 -0.7653
vn -0.4028 0.3242 -0.8559
vn -0.2894 0.3050 -0.9073
vn -0.1774 0.2881 -0.9410
vn -0.5435 0.3184 -0.7767
vn -0.6172 0.3902 -0.6832
vn -0.4196 0.2941 -0.8588
vn -0.3036 0.2821 -0.9101
vn -0.1872 0.2684 -0.9449
vn -0.0581 0.2814 -0.9578
vn -0.0571 0.2638 -0.9629
vn -0.1803 0.3064 -0.9347
vn -0.3014 0.3104 -0.9015
vn -0.4088 0.3332 -0.8496
vn -0.6365 0.3942 -0.6629
vn -0.4534 0.8153 -0.3602
vn -0.7850 0.5823 0.2114
vn -0.8035 0.4981 0.3258
vn -0.8225 0.5310 0.2039
vn -0.8352 0.5429 0.0873
vn -0.7952 0.5995 0.0906
vn -0.8612 0.4068 0.3047
vn -0.8834 0.4292 0.1882
vn -0.8849 0.4575 0.0876
vn -0.7709 0.4706 0.4292
vn -0.9869 0.1296 0.0960
vn -0.7623 0.5469 0.3463
vn -0.7444 0.4898 0.4539
vn -0.3625 0.7789 -0.5118
vn -0.4065 0.9135 0.0135
vn -0.2928 0.7811 -0.5515
vn -0.2124 0.7861 -0.5805
vn -0.1290 0.7900 -0.5994
vn -0.3804 0.8367 -0.3940
vn -0.4735 0.8452 -0.2477
vn -0.3036 0.8522 -0.4260
vn -0.2217 0.8648 -0.4504
vn -0.1356 0.8739 -0.4668
vn -0.3983 0.8770 -0.2687
vn -0.4203 0.7796 -0.4644
vn -0.3192 0.9015 -0.2922
vn -0.2353 0.9203 -0.3125
vn -0.1454 0.9337 -0.3271
vn -0.2773 0.1862 0.9426
vn -0.4825 0.8758 0.0143
vn -0.3294 0.9441 0.0126
vn -0.2457 0.9693 0.0111
vn -0.1534 0.9881 0.0094
vn -0.0430 0.7912 -0.6100
vn -0.3937 0.9040 0.1669
vn -0.0461 0.8783 -0.4758
vn -0.0497 0.9408 -0.3353
vn -0.0528 0.9986 0.0084
vn -0.3323 0.4661 0.8199
vn -0.3708 0.5980 0.7106
vn -0.0313 0.6415 0.7665
vn -0.2188 0.1886 0.9574
vn -0.2600 0.4771 0.8395
vn -0.2909 0.6163 0.7318
vn -0.1759 0.3319 0.9268
vn -0.1637 0.1903 0.9680
vn -0.1966 0.4832 0.8531
vn -0.2219 0.6267 0.7470
vn -0.1224 0.3341 0.9346
vn -0.1138 0.1912 0.9749
vn -0.1376 0.4876 0.8622
vn -0.1557 0.6344 0.7572
vn -0.0727 0.3354 0.9393
vn -0.0675 0.1918 0.9791
vn -0.0822 0.4900 0.8678
vn -0.0931 0.6393 0.7633
vn -0.2997 0.3239 0.8974
vn -0.4528 0.8385 0.3031
vn -0.2132 0.0591 0.9752
vn -0.0278 0.4909 0.8708
vn -0.0245 0.3358 0.9416
vn -0.4688 0.5756 0.6701
vn -0.0227 0.1920 0.9811
vn -0.0221 0.0595 0.9980
vn -0.0655 0.0594 0.9961
vn -0.1103 0.0593 0.9921
vn -0.1590 0.0591 0.9855
vn -0.2715 0.0584 0.9607
vn -0.3202 0.7311 0.6025
vn -0.3151 0.9323 0.1774
vn -0.2324 0.9546 0.1865
vn -0.1440 0.9706 0.1930
vn -0.3717 0.8713 0.3204
vn -0.4270 0.7865 0.4461
vn -0.2920 0.8956 0.3357
vn -0.2107 0.9134 0.3483
vn -0.1283 0.9251 0.3573
vn -0.3461 0.8152 0.4643
vn -0.4740 0.8664 0.1567
vn -0.2686 0.8352 0.4799
vn -0.1890 0.8502 0.4913
vn -0.1125 0.8590 0.4995
vn -0.4366 0.5776 -0.6898
vn -0.4031 0.7046 0.5839
vn -0.2468 0.7461 0.6184
vn -0.1716 0.7582 0.6290
vn -0.1010 0.7659 0.6350
vn -0.0494 0.9792 0.1968
vn -0.6649 0.7380 0.1154
vn -0.0438 0.9310 0.3624
vn -0.0391 0.8629 0.5038
vn -0.0350 0.7688 0.6385
vn -0.4134 0.3189 0.8529
vn -0.7037 0.4079 0.5818
vn -0.4046 0.1986 0.8927
vn -0.3886 0.0416 0.9205
vn -0.4321 0.4564 0.7778
vn -0.6367 0.2282 0.7366
vn -0.3985 0.3239 0.8581
vn -0.6355 0.1389 0.7595
vn -0.6459 0.0265 0.7630
vn -0.5998 0.6930 0.4000
vn -0.6645 0.3236 0.6736
vn -0.8188 0.5246 0.2330
vn -0.6359 0.7254 0.2634
vn -0.5392 0.6511 0.5342
vn -0.8607 0.4999 0.0963
vn -0.7727 0.5205 0.3634
vn -0.7401 0.4771 0.4739
vn -0.4697 0.7091 0.5258
vn -0.6668 0.6938 -0.2719
vn -0.8052 0.4559 -0.3792
vn -0.6545 0.6615 -0.3663
vn -0.6953 0.7075 -0.1266
vn -0.7589 0.4003 -0.5137
vn -0.8453 0.4668 -0.2600
vn -0.8961 0.4436 -0.0113
vn -0.4788 0.8777 -0.0219
vn -0.2488 0.5403 -0.8039
vn -0.1751 0.3547 -0.9184
vn -0.1427 0.5384 -0.8305
vn -0.3365 0.5583 -0.7583
vn -0.5435 0.5775 -0.6092
vn -0.5271 0.4003 -0.7496
vn -0.0454 0.5470 -0.8359
vn -0.2984 0.3480 -0.8887
vn -0.4016 0.3697 -0.8379
vn -0.6527 0.4075 -0.6387
vn -0.3587 0.7598 -0.5422
vn -0.1720 0.7448 -0.6447
vn -0.0565 0.3532 -0.9338
vn -0.2855 0.7205 -0.6320
vn -0.3496 0.7319 -0.5849
vn -0.4097 0.7440 -0.5278
vn -0.4878 0.8028 -0.3428
vn -0.1008 0.7377 -0.6676
vn -0.2333 0.7600 -0.6066
vn -0.9374 0.2383 0.2540
vn -0.2854 0.7766 -0.5616
vn -0.0251 0.7329 -0.6799
vn -0.5037 0.8301 -0.2392
vn -0.3393 0.7912 -0.5089
vn -0.3861 0.8145 -0.4331
vn -0.5098 0.8521 -0.1183
vn -0.4601 0.7697 -0.4426
vn -0.4942 0.8229 0.2803
vn -0.3377 0.3305 0.8813
vn -0.4251 0.8414 -0.3338
vn -0.4283 0.8693 -0.2469
vn -0.4325 0.8933 -0.1225
vn -0.4047 0.9057 0.1260
vn -0.4554 0.6824 0.5717
vn -0.5173 0.8435 0.1445
vn -0.3795 0.4618 0.8017
vn -0.3986 0.8780 0.2649
vn -0.3922 0.8221 0.4127
vn -0.3412 0.7531 0.5624
vn -0.3111 0.6560 0.6877
vn -0.3006 0.1920 0.9342
vn -0.2951 0.0543 0.9539
vn -0.4254 0.5907 0.6857
vn -0.2911 0.5100 0.8094
vn -0.2362 0.2183 0.9469
vn -0.2625 0.3656 0.8930
vn -0.2208 0.0505 0.9740
vn -0.2049 0.7170 -0.6662
vn -0.5376 0.0904 -0.8383
vn -0.1227 0.7146 -0.6887
vn -0.4354 0.9002 0.0084
vn -0.5201 0.8540 0.0169
vn -0.4673 0.8737 -0.1348
vn -0.9055 0.4075 -0.1184
vn -0.6868 0.7268 -0.0010
vn -0.0526 0.9831 -0.1755
vn -0.1530 0.9735 -0.1697
vn -0.2456 0.9561 -0.1596
vn -0.3297 0.9326 -0.1466
vn -0.4812 0.8681 -0.1218
vn -0.4075 0.9035 -0.1330
vn -0.8107 0.5651 -0.1534
vn -0.8286 0.5301 -0.1799
vn -0.8649 0.4752 -0.1617
vn -0.6293 0.7629 -0.1484
vn -0.9805 0.0382 -0.1925
vn -0.9200 0.3412 -0.1929
vn -0.9546 0.2265 -0.1935
vn -0.9730 0.1255 -0.1936
vn -0.8697 0.4561 -0.1887
vn 0.9318 -0.3517 0.0897
vn 0.8790 -0.4696 0.0827
vn 0.7884 -0.4182 0.4511
vn 0.9559 -0.1342 0.2612
vn 0.9047 -0.3520 0.2402
vn 0.8564 -0.4653 0.2238
vn 0.8807 -0.2375 0.4098
vn 0.8942 -0.1364 0.4263
vn 0.8586 -0.3428 0.3811
vn 0.8247 -0.4475 0.3458
vn 0.9677 -0.2338 0.0941
vn 0.8109 -0.1365 0.5691
vn 0.1774 -0.1263 -0.9760
vn 0.8055 -0.2348 0.5441
vn 0.7980 -0.3321 0.5029
vn 0.7702 -0.1117 -0.6280
vn 0.8144 -0.0426 0.5787
vn 0.9008 -0.0423 0.4323
vn 0.9638 -0.0411 0.2636
vn 0.9945 -0.0392 0.0966
vn 0.1778 -0.0723 -0.9814
vn 0.1765 -0.1856 -0.9666
vn 0.1751 -0.2470 -0.9531
vn 0.2949 -0.1325 -0.9463
vn 0.2957 -0.0757 -0.9523
vn 0.2930 -0.1947 -0.9361
vn 0.2903 -0.2585 -0.9213
vn 0.4136 -0.1432 -0.8991
vn 0.4150 -0.0817 -0.9062
vn 0.4101 -0.2102 -0.8875
vn 0.4051 -0.2773 -0.8712
vn 0.5347 -0.1583 -0.8301
vn 0.5286 -0.2310 -0.8169
vn 0.5198 -0.3031 -0.7987
vn 0.0600 -0.1226 -0.9906
vn 0.6583 -0.1002 -0.7460
vn 0.8504 -0.2140 -0.4806
vn 0.6527 -0.1758 -0.7370
vn 0.6425 -0.2563 -0.7222
vn 0.0601 -0.0245 -0.9979
vn 0.0601 -0.0703 -0.9957
vn 0.0598 -0.1807 -0.9817
vn 0.0594 -0.2409 -0.9687
vn 0.6277 -0.3353 -0.7025
vn 0.6610 -0.0331 -0.7496
vn 0.5390 -0.0303 -0.8418
vn 0.5015 -0.6171 -0.6064
vn 0.4155 -0.0279 -0.9092
vn 0.2959 -0.0262 -0.9548
vn 0.1778 -0.0252 -0.9837
vn 0.7441 -0.2862 -0.6036
vn 0.7203 -0.3743 -0.5841
vn 0.8833 -0.4657 -0.0533
vn 0.8643 -0.1210 -0.4883
vn 0.8252 -0.3143 -0.4693
vn 0.7909 -0.4105 -0.4537
vn 0.9146 -0.2234 -0.3370
vn 0.9318 -0.1251 -0.3407
vn 0.8829 -0.3320 -0.3319
vn 0.8405 -0.4362 -0.3215
vn 0.7608 -0.1961 -0.6187
vn 0.9906 -0.1264 -0.0517
vn 0.5057 -0.2930 0.8114
vn 0.9719 -0.2292 -0.0526
vn 0.9362 -0.3472 -0.0540
vn 0.5753 -0.6426 0.5061
vn 0.9980 -0.0381 -0.0509
vn 0.9394 -0.0389 -0.3406
vn 0.8706 -0.0387 -0.4905
vn 0.7744 -0.0364 -0.6317
vn 0.5978 -0.7073 0.3773
vn 0.6173 -0.7512 0.2338
vn 0.6247 -0.7747 0.0979
vn 0.6266 -0.7789 -0.0267
vn 0.5609 -0.7306 0.3894
vn 0.5946 -0.7672 0.2406
vn 0.5797 -0.8090 0.0968
vn 0.6257 -0.5918 -0.5083
vn 0.4219 -0.5810 -0.6960
vn 0.6620 -0.3421 -0.6669
vn 0.3234 -0.5383 -0.7782
vn 0.2466 -0.5029 -0.8284
vn 0.1418 -0.4740 -0.8690
vn 0.3369 -0.7007 -0.6289
vn 0.0310 -0.7168 -0.6966
vn 0.2411 -0.6961 -0.6763
vn 0.1805 -0.6924 -0.6986
vn 0.1120 -0.6695 -0.7343
vn 0.0667 -0.4579 -0.8865
vn 0.0421 -0.6722 -0.7392
vn 0.4952 -0.1661 0.8528
vn 0.5335 -0.4144 0.7373
vn 0.5557 -0.5360 0.6355
vn 0.7370 -0.1999 0.6457
vn 0.3983 -0.1871 0.8980
vn 0.4007 -0.4737 0.7843
vn 0.4224 -0.6114 0.6691
vn 0.4061 -0.0371 0.9131
vn 0.4908 -0.0298 0.8708
vn 0.6057 -0.7469 -0.2744
vn 0.5714 -0.7187 -0.3961
vn 0.5426 -0.6670 -0.5106
vn 0.8819 -0.4704 -0.0308
vn 0.5332 -0.8028 -0.2670
vn 0.4832 -0.7876 -0.3823
vn 0.4303 -0.7683 -0.4738
vn 0.4659 -0.7757 0.4257
vn 0.7435 -0.5273 -0.4112
vn 0.8139 -0.4945 -0.3051
vn 0.7702 -0.4651 -0.4365
vn 0.7060 -0.4294 -0.5632
vn 0.6990 -0.4700 -0.5390
vn 0.8515 -0.4454 -0.2768
vn 0.8142 -0.4067 -0.4143
vn 0.7469 -0.3808 -0.5451
vn 0.8403 -0.5406 -0.0409
vn 0.7754 -0.5693 -0.2732
vn 0.7986 -0.6008 -0.0351
vn 0.8410 -0.3698 0.3948
vn 0.7173 -0.3016 0.6280
vn 0.7320 -0.1340 0.6680
vn 0.7396 -0.3287 0.5873
vn 0.7442 -0.4114 0.5262
vn 0.7354 -0.3919 0.5528
vn 0.7223 -0.1194 0.6812
vn 0.7677 -0.2763 0.5782
vn 0.8071 -0.3242 0.4934
vn 0.7353 -0.2305 0.6374
vn 0.7062 -0.2058 0.6775
vn 0.2336 -0.3291 0.9149
vn 0.7015 -0.1170 0.7030
vn 0.6854 -0.0228 0.7278
vn 0.0702 -0.2993 -0.9516
vn 0.7150 -0.0334 0.6983
vn 0.7316 -0.0413 0.6805
vn 0.5191 -0.3454 -0.7818
vn 0.5328 -0.3653 -0.7633
vn 0.4044 -0.3183 -0.8574
vn 0.2898 -0.3022 -0.9082
vn 0.1742 -0.2917 -0.9405
vn 0.5555 -0.2926 -0.7783
vn 0.6207 -0.3862 -0.6823
vn 0.4223 -0.2740 -0.8641
vn 0.3020 -0.2716 -0.9138
vn 0.1762 -0.2709 -0.9463
vn 0.0597 -0.2862 -0.9563
vn 0.0643 -0.2705 -0.9606
vn 0.1646 -0.3105 -0.9362
vn 0.2926 -0.3178 -0.9019
vn 0.3991 -0.3354 -0.8534
vn 0.6348 -0.4153 -0.6516
vn 0.4490 -0.8188 -0.3578
vn 0.7851 -0.5803 0.2167
vn 0.7939 -0.5171 0.3200
vn 0.8171 -0.5325 0.2210
vn 0.8365 -0.5429 0.0742
vn 0.7893 -0.6079 0.0863
vn 0.8746 -0.3878 0.2910
vn 0.8832 -0.4204 0.2079
vn 0.8849 -0.4599 0.0733
vn 0.7692 -0.4767 0.4256
vn 0.9869 -0.1296 0.0960
vn 0.7754 -0.5325 0.3394
vn 0.7525 -0.4815 0.4494
vn 0.3596 -0.7830 -0.5075
vn 0.4065 -0.9135 0.0135
vn 0.2884 -0.7854 -0.5478
vn 0.2122 -0.7880 -0.5779
vn 0.1273 -0.7920 -0.5972
vn 0.3791 -0.8377 -0.3931
vn 0.4708 -0.8468 -0.2476
vn 0.3031 -0.8525 -0.4259
vn 0.2220 -0.8648 -0.4505
vn 0.1356 -0.8739 -0.4669
vn 0.3984 -0.8770 -0.2687
vn 0.4095 -0.7873 -0.4610
vn 0.3192 -0.9015 -0.2923
vn 0.2354 -0.9203 -0.3125
vn 0.1454 -0.9337 -0.3271
vn 0.2800 -0.1865 0.9417
vn 0.4783 -0.8781 0.0131
vn 0.3294 -0.9441 0.0126
vn 0.2457 -0.9693 0.0111
vn 0.1533 -0.9881 0.0095
vn 0.0428 -0.7922 -0.6088
vn 0.3937 -0.9040 0.1669
vn 0.0462 -0.8783 -0.4759
vn 0.0497 -0.9408 -0.3353
vn 0.0529 -0.9986 0.0084
vn 0.3292 -0.4673 0.8205
vn 0.3649 -0.6000 0.7119
vn 0.0312 -0.6413 0.7666
vn 0.2176 -0.1892 0.9575
vn 0.2600 -0.4771 0.8395
vn 0.2910 -0.6162 0.7318
vn 0.1759 -0.3320 0.9268
vn 0.1634 -0.1904 0.9680
vn 0.1966 -0.4832 0.8531
vn 0.2217 -0.6268 0.7470
vn 0.1224 -0.3341 0.9346
vn 0.1138 -0.1912 0.9749
vn 0.1376 -0.4876 0.8622
vn 0.1558 -0.6343 0.7572
vn 0.0727 -0.3354 0.9393
vn 0.0675 -0.1918 0.9791
vn 0.0823 -0.4900 0.8678
vn 0.0933 -0.6391 0.7634
vn 0.2987 -0.3237 0.8978
vn 0.4511 -0.8391 0.3040
vn 0.2118 -0.0587 0.9755
vn 0.0278 -0.4909 0.8708
vn 0.0245 -0.3358 0.9416
vn 0.5072 -0.5526 0.6614
vn 0.0227 -0.1920 0.9811
vn 0.0221 -0.0595 0.9980
vn 0.0654 -0.0594 0.9961
vn 0.1103 -0.0593 0.9921
vn 0.1587 -0.0591 0.9856
vn 0.2733 -0.0578 0.9602
vn 0.3205 -0.7307 0.6028
vn 0.3151 -0.9323 0.1774
vn 0.2323 -0.9546 0.1865
vn 0.1439 -0.9706 0.1929
vn 0.3717 -0.8714 0.3202
vn 0.4271 -0.7867 0.4456
vn 0.2919 -0.8956 0.3357
vn 0.2108 -0.9134 0.3483
vn 0.1284 -0.9252 0.3571
vn 0.3462 -0.8154 0.4640
vn 0.4682 -0.8696 0.1569
vn 0.2676 -0.8355 0.4799
vn 0.1900 -0.8500 0.4914
vn 0.1136 -0.8592 0.4989
vn 0.4448 -0.5547 -0.7032
vn 0.3977 -0.7081 0.5835
vn 0.2457 -0.7464 0.6184
vn 0.1726 -0.7581 0.6289
vn 0.1023 -0.7653 0.6355
vn 0.0496 -0.9792 0.1967
vn 0.6495 -0.7513 0.1174
vn 0.0438 -0.9311 0.3622
vn 0.0384 -0.8633 0.5032
vn 0.0343 -0.7684 0.6391
vn 0.4100 -0.3133 0.8566
vn 0.6759 -0.4340 0.5956
vn 0.3693 -0.1963 0.9084
vn 0.3669 -0.0482 0.9290
vn 0.4535 -0.4467 0.7713
vn 0.6182 -0.2376 0.7492
vn 0.3895 -0.3293 0.8601
vn 0.6029 -0.1463 0.7843
vn 0.6038 -0.0248 0.7967
vn 0.5631 -0.7212 0.4034
vn 0.6477 -0.3371 0.6832
vn 0.8200 -0.5248 0.2282
vn 0.5970 -0.7593 0.2591
vn 0.5443 -0.6374 0.5454
vn 0.8525 -0.5145 0.0922
vn 0.7874 -0.4992 0.3617
vn 0.7321 -0.4716 0.4915
vn 0.4849 -0.6954 0.5304
vn 0.6647 -0.7035 -0.2515
vn 0.8311 -0.4088 -0.3772
vn 0.6635 -0.6527 -0.3657
vn 0.6729 -0.7296 -0.1220
vn 0.7768 -0.3634 -0.5143
vn 0.8358 -0.4867 -0.2540
vn 0.8585 -0.5125 -0.0184
vn 0.5523 -0.8334 -0.0198
vn 0.2544 -0.5249 -0.8122
vn 0.1821 -0.3267 -0.9274
vn 0.1514 -0.5216 -0.8396
vn 0.3317 -0.5316 -0.7793
vn 0.5574 -0.5746 -0.5992
vn 0.5417 -0.3487 -0.7648
vn 0.0391 -0.5350 -0.8439
vn 0.2999 -0.3360 -0.8928
vn 0.4011 -0.3488 -0.8470
vn 0.6805 -0.3642 -0.6358
vn 0.4009 -0.7283 -0.5558
vn 0.1802 -0.7346 -0.6542
vn 0.0559 -0.3317 -0.9417
vn 0.2645 -0.7367 -0.6223
vn 0.3456 -0.7487 -0.5657
vn 0.4054 -0.7497 -0.5231
vn 0.4742 -0.8119 -0.3405
vn 0.1046 -0.7293 -0.6762
vn 0.2161 -0.7545 -0.6197
vn 0.9374 -0.2383 0.2540
vn 0.2861 -0.7834 -0.5518
vn 0.0169 -0.7296 -0.6837
vn 0.4931 -0.8371 -0.2370
vn 0.3361 -0.8024 -0.4931
vn 0.3645 -0.8237 -0.4343
vn 0.5063 -0.8543 -0.1173
vn 0.4561 -0.7734 -0.4403
vn 0.4888 -0.8233 0.2885
vn 0.3385 -0.3238 0.8835
vn 0.3950 -0.8579 -0.3287
vn 0.4213 -0.8760 -0.2347
vn 0.4417 -0.8894 -0.1180
vn 0.4286 -0.8935 0.1342
vn 0.4387 -0.6991 0.5646
vn 0.4987 -0.8540 0.1483
vn 0.3713 -0.4652 0.8036
vn 0.3990 -0.8764 0.2696
vn 0.3750 -0.8319 0.4090
vn 0.3648 -0.7459 0.5572
vn 0.3464 -0.6339 0.6915
vn 0.3185 -0.1871 0.9293
vn 0.3099 -0.0577 0.9490
vn 0.4075 -0.5941 0.6936
vn 0.3101 -0.5019 0.8074
vn 0.2636 -0.2050 0.9426
vn 0.2824 -0.3476 0.8941
vn 0.2525 -0.0614 0.9656
vn 0.2048 -0.7240 -0.6587
vn 0.5376 -0.0904 -0.8383
vn 0.1184 -0.7238 -0.6798
vn 0.4475 -0.8943 -0.0079
vn 0.5058 -0.8626 0.0061
vn 0.5491 -0.8244 -0.1373
vn 0.8497 -0.5131 -0.1216
vn 0.6759 -0.7368 -0.0174
vn 0.0526 -0.9831 -0.1755
vn 0.1530 -0.9736 -0.1696
vn 0.2456 -0.9561 -0.1596
vn 0.3297 -0.9326 -0.1466
vn 0.4797 -0.8689 -0.1219
vn 0.4075 -0.9035 -0.1330
vn 0.7933 -0.5888 -0.1548
vn 0.8379 -0.5176 -0.1735
vn 0.8660 -0.4756 -0.1546
vn 0.6257 -0.7654 -0.1503
vn 0.9805 -0.0382 -0.1925
vn 0.9200 -0.3411 -0.1928
vn 0.9546 -0.2265 -0.1935
vn 0.9730 -0.1255 -0.1936
vn 0.8716 -0.4528 -0.1877
vn -0.9321 -0.3508 0.0897
vn -0.8820 -0.4641 0.0819
vn -0.7893 -0.4192 0.4487
vn -0.9559 -0.1343 0.2612
vn -0.9050 -0.3512 0.2401
vn -0.8621 -0.4554 0.2223
vn -0.8805 -0.2378 0.4100
vn -0.8942 -0.1365 0.4263
vn -0.8585 -0.3425 0.3817
vn -0.8259 -0.4418 0.3503
vn -0.9677 -0.2341 0.0939
vn -0.8109 -0.1366 0.5690
vn -0.1774 -0.1263 -0.9760
vn -0.8055 -0.2351 0.5440
vn -0.8002 -0.3302 0.5007
vn -0.7702 -0.1117 -0.6280
vn -0.8144 -0.0423 0.5788
vn -0.9007 -0.0422 0.4323
vn -0.9638 -0.0410 0.2635
vn -0.9946 -0.0392 0.0966
vn -0.1778 -0.0723 -0.9814
vn -0.1765 -0.1857 -0.9666
vn -0.1752 -0.2467 -0.9531
vn -0.2949 -0.1324 -0.9463
vn -0.2957 -0.0757 -0.9523
vn -0.2930 -0.1947 -0.9361
vn -0.2904 -0.2586 -0.9213
vn -0.4136 -0.1432 -0.8991
vn -0.4150 -0.0817 -0.9062
vn -0.4101 -0.2102 -0.8875
vn -0.4051 -0.2776 -0.8711
vn -0.5347 -0.1582 -0.8301
vn -0.5285 -0.2311 -0.8169
vn -0.5196 -0.3034 -0.7987
vn -0.0600 -0.1226 -0.9906
vn -0.6583 -0.1002 -0.7460
vn -0.8504 -0.2140 -0.4806
vn -0.6527 -0.1758 -0.7370
vn -0.6425 -0.2563 -0.7222
vn -0.0601 -0.0245 -0.9979
vn -0.0601 -0.0703 -0.9957
vn -0.0598 -0.1807 -0.9817
vn -0.0593 -0.2406 -0.9688
vn -0.6277 -0.3353 -0.7026
vn -0.6610 -0.0330 -0.7496
vn -0.5390 -0.0303 -0.8418
vn -0.5065 -0.6036 -0.6158
vn -0.4155 -0.0279 -0.9092
vn -0.2959 -0.0262 -0.9548
vn -0.1778 -0.0252 -0.9837
vn -0.7441 -0.2862 -0.6036
vn -0.7203 -0.3741 -0.5842
vn -0.8844 -0.4636 -0.0545
vn -0.8643 -0.1210 -0.4883
vn -0.8252 -0.3141 -0.4694
vn -0.7909 -0.4104 -0.4538
vn -0.9146 -0.2234 -0.3370
vn -0.9318 -0.1251 -0.3407
vn -0.8830 -0.3319 -0.3319
vn -0.8402 -0.4370 -0.3210
vn -0.7608 -0.1961 -0.6187
vn -0.9906 -0.1267 -0.0516
vn -0.5143 -0.2845 0.8090
vn -0.9719 -0.2295 -0.0524
vn -0.9365 -0.3466 -0.0540
vn -0.5719 -0.6455 0.5063
vn -0.9980 -0.0381 -0.0509
vn -0.9394 -0.0389 -0.3406
vn -0.8706 -0.0386 -0.4905
vn -0.7744 -0.0364 -0.6317
vn -0.5885 -0.7147 0.3780
vn -0.6072 -0.7597 0.2328
vn -0.6067 -0.7889 0.0979
vn -0.5971 -0.8017 -0.0268
vn -0.5173 -0.7626 0.3885
vn -0.5295 -0.8143 0.2379
vn -0.4750 -0.8756 0.0873
vn -0.6290 -0.5799 -0.5177
vn -0.4365 -0.5439 -0.7167
vn -0.6533 -0.3491 -0.6718
vn -0.3531 -0.4909 -0.7964
vn -0.2659 -0.4702 -0.8416
vn -0.1550 -0.4762 -0.8656
vn -0.3329 -0.7053 -0.6258
vn -0.0322 -0.7157 -0.6976
vn -0.2503 -0.6884 -0.6807
vn -0.1886 -0.6848 -0.7039
vn -0.1097 -0.6724 -0.7320
vn -0.0547 -0.4714 -0.8802
vn -0.0387 -0.6801 -0.7321
vn -0.4995 -0.1632 0.8508
vn -0.5338 -0.4132 0.7378
vn -0.5549 -0.5367 0.6357
vn -0.7346 -0.1989 0.6487
vn -0.4190 -0.1791 0.8902
vn -0.4059 -0.4713 0.7830
vn -0.4266 -0.6096 0.6682
vn -0.4260 -0.0440 0.9036
vn -0.4749 -0.0481 0.8787
vn -0.6142 -0.7396 -0.2751
vn -0.5814 -0.7106 -0.3962
vn -0.5498 -0.6616 -0.5098
vn -0.8728 -0.4863 -0.0416
vn -0.5600 -0.7864 -0.2606
vn -0.5012 -0.7730 -0.3889
vn -0.4232 -0.7735 -0.4717
vn -0.4683 -0.7742 0.4258
vn -0.7480 -0.5232 -0.4084
vn -0.8105 -0.5007 -0.3041
vn -0.7692 -0.4682 -0.4350
vn -0.7061 -0.4291 -0.5633
vn -0.7008 -0.4687 -0.5378
vn -0.8523 -0.4437 -0.2772
vn -0.8141 -0.4103 -0.4111
vn -0.7467 -0.3819 -0.5446
vn -0.8454 -0.5316 -0.0511
vn -0.7800 -0.5618 -0.2756
vn -0.7941 -0.6067 -0.0360
vn -0.8458 -0.3641 0.3900
vn -0.7101 -0.3050 0.6346
vn -0.7323 -0.1342 0.6676
vn -0.7493 -0.3165 0.5817
vn -0.7524 -0.4129 0.5132
vn -0.7290 -0.3994 0.5560
vn -0.7192 -0.1213 0.6841
vn -0.7597 -0.2768 0.5884
vn -0.7996 -0.3404 0.4948
vn -0.7367 -0.2283 0.6365
vn -0.6964 -0.2061 0.6875
vn -0.2336 -0.3291 0.9149
vn -0.6863 -0.1244 0.7166
vn -0.6771 -0.0422 0.7347
vn -0.0557 -0.2976 -0.9531
vn -0.7181 -0.0416 0.6947
vn -0.7327 -0.0418 0.6792
vn -0.5120 -0.3564 -0.7815
vn -0.5232 -0.3410 -0.7811
vn -0.3965 -0.3392 -0.8531
vn -0.2878 -0.3193 -0.9029
vn -0.1774 -0.2937 -0.9393
vn -0.5239 -0.3308 -0.7849
vn -0.6191 -0.3878 -0.6829
vn -0.3908 -0.3451 -0.8533
vn -0.3065 -0.3311 -0.8924
vn -0.2008 -0.2797 -0.9388
vn -0.0584 -0.2826 -0.9575
vn -0.0573 -0.2596 -0.9640
vn -0.2026 -0.2882 -0.9359
vn -0.3323 -0.2508 -0.9092
vn -0.4202 -0.2691 -0.8666
vn -0.6289 -0.4109 -0.6600
vn -0.4448 -0.8198 -0.3605
vn -0.7703 -0.6006 0.2144
vn -0.7952 -0.5014 0.3411
vn -0.8317 -0.5128 0.2128
vn -0.8463 -0.5275 0.0739
vn -0.7824 -0.6165 0.0883
vn -0.8601 -0.4014 0.3147
vn -0.8612 -0.4659 0.2031
vn -0.8675 -0.4917 0.0755
vn -0.7637 -0.4851 0.4259
vn -0.9869 -0.1299 0.0959
vn -0.7650 -0.5440 0.3448
vn -0.7539 -0.4799 0.4487
vn -0.3625 -0.7797 -0.5106
vn -0.4065 -0.9135 0.0135
vn -0.2917 -0.7822 -0.5506
vn -0.2124 -0.7862 -0.5803
vn -0.1301 -0.7908 -0.5981
vn -0.3803 -0.8367 -0.3940
vn -0.4661 -0.8493 -0.2480
vn -0.3036 -0.8522 -0.4260
vn -0.2218 -0.8648 -0.4504
vn -0.1357 -0.8739 -0.4668
vn -0.3983 -0.8770 -0.2687
vn -0.4149 -0.7816 -0.4658
vn -0.3192 -0.9015 -0.2922
vn -0.2353 -0.9203 -0.3125
vn -0.1454 -0.9337 -0.3271
vn -0.2800 -0.1864 0.9417
vn -0.4763 -0.8792 0.0140
vn -0.3294 -0.9441 0.0126
vn -0.2458 -0.9693 0.0111
vn -0.1534 -0.9881 0.0095
vn -0.0420 -0.7924 -0.6085
vn -0.3937 -0.9040 0.1669
vn -0.0460 -0.8784 -0.4758
vn -0.0497 -0.9408 -0.3353
vn -0.0527 -0.9986 0.0084
vn -0.3274 -0.4678 0.8210
vn -0.3649 -0.6007 0.7114
vn -0.0313 -0.6413 0.7666
vn -0.2176 -0.1891 0.9575
vn -0.2600 -0.4771 0.8395
vn -0.2907 -0.6165 0.7317
vn -0.1759 -0.3320 0.9268
vn -0.1634 -0.1903 0.9680
vn -0.1967 -0.4833 0.8531
vn -0.2222 -0.6268 0.7468
vn -0.1224 -0.3341 0.9346
vn -0.1138 -0.1912 0.9749
vn -0.1376 -0.4876 0.8622
vn -0.1560 -0.6343 0.7571
vn -0.0727 -0.3354 0.9393
vn -0.0675 -0.1918 0.9791
vn -0.0822 -0.4900 0.8678
vn -0.0933 -0.6392 0.7634
vn -0.2988 -0.3236 0.8977
vn -0.4517 -0.8388 0.3040
vn -0.2121 -0.0585 0.9755
vn -0.0278 -0.4909 0.8708
vn -0.0245 -0.3358 0.9416
vn -0.5148 -0.5499 0.6577
vn -0.0227 -0.1920 0.9811
vn -0.0221 -0.0595 0.9980
vn -0.0654 -0.0594 0.9961
vn -0.1103 -0.0593 0.9921
vn -0.1588 -0.0590 0.9855
vn -0.2729 -0.0575 0.9603
vn -0.3201 -0.7307 0.6030
vn -0.3151 -0.9323 0.1774
vn -0.2324 -0.9546 0.1865
vn -0.1440 -0.9706 0.1930
vn -0.3717 -0.8714 0.3203
vn -0.4278 -0.7863 0.4457
vn -0.2919 -0.8956 0.3357
vn -0.2108 -0.9134 0.3483
vn -0.1284 -0.9252 0.3571
vn -0.3462 -0.8153 0.4641
vn -0.4689 -0.8692 0.1570
vn -0.2677 -0.8355 0.4799
vn -0.1900 -0.8500 0.4914
vn -0.1136 -0.8592 0.4989
vn -0.4637 -0.5493 -0.6952
vn -0.4001 -0.7066 0.5837
vn -0.2462 -0.7461 0.6186
vn -0.1728 -0.7580 0.6289
vn -0.1022 -0.7653 0.6355
vn -0.0494 -0.9792 0.1968
vn -0.6990 -0.7064 0.1111
vn -0.0437 -0.9311 0.3622
vn -0.0384 -0.8633 0.5032
vn -0.0343 -0.7684 0.6391
vn -0.4104 -0.3077 0.8584
vn -0.6900 -0.4219 0.5882
vn -0.3696 -0.2024 0.9069
vn -0.3663 -0.0607 0.9285
vn -0.4649 -0.4397 0.7685
vn -0.6286 -0.2297 0.7431
vn -0.3988 -0.3243 0.8578
vn -0.6181 -0.1456 0.7725
vn -0.6384 -0.0301 0.7691
vn -0.5949 -0.7037 0.3884
vn -0.6633 -0.3263 0.6735
vn -0.8075 -0.5444 0.2272
vn -0.6381 -0.7248 0.2597
vn -0.5580 -0.6322 0.5375
vn -0.8546 -0.5126 0.0831
vn -0.7807 -0.5146 0.3545
vn -0.7438 -0.4662 0.4790
vn -0.4731 -0.7058 0.5273
vn -0.6838 -0.6883 -0.2420
vn -0.8292 -0.4030 -0.3874
vn -0.6725 -0.6367 -0.3773
vn -0.7321 -0.6723 -0.1096
vn -0.7644 -0.3818 -0.5195
vn -0.8491 -0.4709 -0.2392
vn -0.8942 -0.4475 -0.0097
vn -0.4134 -0.9104 -0.0195
vn -0.2440 -0.5391 -0.8062
vn -0.1724 -0.3531 -0.9195
vn -0.1477 -0.5323 -0.8336
vn -0.3363 -0.5307 -0.7780
vn -0.5460 -0.5738 -0.6104
vn -0.5350 -0.3849 -0.7521
vn -0.0487 -0.5343 -0.8439
vn -0.2978 -0.3524 -0.8872
vn -0.4047 -0.3553 -0.8426
vn -0.6497 -0.4096 -0.6404
vn -0.3800 -0.7428 -0.5512
vn -0.1674 -0.7445 -0.6463
vn -0.0597 -0.3439 -0.9371
vn -0.2741 -0.7291 -0.6272
vn -0.3504 -0.7388 -0.5757
vn -0.4051 -0.7468 -0.5274
vn -0.4498 -0.8249 -0.3423
vn -0.1144 -0.7295 -0.6744
vn -0.2093 -0.7696 -0.6033
vn -0.9374 -0.2384 0.2539
vn -0.2920 -0.7851 -0.5462
vn -0.0240 -0.7250 -0.6884
vn -0.4734 -0.8483 -0.2371
vn -0.3375 -0.7921 -0.5085
vn -0.3659 -0.8142 -0.4508
vn -0.4868 -0.8655 -0.1178
vn -0.4291 -0.7824 -0.4513
vn -0.4922 -0.8212 0.2887
vn -0.3371 -0.3233 0.8842
vn -0.4015 -0.8521 -0.3358
vn -0.4282 -0.8733 -0.2325
vn -0.4588 -0.8807 -0.1175
vn -0.4467 -0.8849 0.1320
vn -0.4438 -0.6942 0.5667
vn -0.5028 -0.8515 0.1486
vn -0.3618 -0.4665 0.8072
vn -0.4153 -0.8678 0.2729
vn -0.3812 -0.8321 0.4029
vn -0.3421 -0.7558 0.5583
vn -0.3303 -0.6487 0.6856
vn -0.3175 -0.1878 0.9295
vn -0.3054 -0.0595 0.9504
vn -0.4053 -0.6017 0.6883
vn -0.3012 -0.5014 0.8111
vn -0.2576 -0.2091 0.9434
vn -0.2734 -0.3462 0.8974
vn -0.2341 -0.0702 0.9697
vn -0.2039 -0.7178 -0.6657
vn -0.5376 -0.0904 -0.8383
vn -0.1313 -0.7174 -0.6842
vn -0.4744 -0.8802 0.0132
vn -0.4997 -0.8660 0.0164
vn -0.4887 -0.8653 -0.1113
vn -0.8898 -0.4476 -0.0889
vn -0.7437 -0.6685 0.0026
vn -0.0525 -0.9831 -0.1755
vn -0.1530 -0.9735 -0.1697
vn -0.2457 -0.9561 -0.1596
vn -0.3297 -0.9326 -0.1466
vn -0.4747 -0.8716 -0.1220
vn -0.4075 -0.9035 -0.1329
vn -0.7953 -0.5856 -0.1564
vn -0.8346 -0.5214 -0.1776
vn -0.8677 -0.4709 -0.1593
vn -0.6132 -0.7759 -0.1480
vn -0.9805 -0.0382 -0.1925
vn -0.9201 -0.3410 -0.1927
vn -0.9546 -0.2266 -0.1933
vn -0.9730 -0.1256 -0.1935
vn -0.8710 -0.4539 -0.1880
vt 0.257919 0.216702
vt 0.256926 0.201049
vt 0.268951 0.200245
vt 0.269969 0.216248
vt 0.256430 0.185590
vt 0.268337 0.184360
vt 0.281076 0.183174
vt 0.281740 0.199460
vt 0.282716 0.215791
vt 0.236935 0.217327
vt 0.236158 0.202295
vt 0.245954 0.201776
vt 0.246856 0.217088
vt 0.236008 0.187558
vt 0.245633 0.186721
vt 0.241541 0.136265
vt 0.243892 0.126619
vt 0.250767 0.123800
vt 0.249364 0.133891
vt 0.245944 0.119924
vt 0.251314 0.115591
vt 0.259636 0.109647
vt 0.259433 0.119270
vt 0.258598 0.130298
vt 0.306292 0.181357
vt 0.305863 0.164902
vt 0.316211 0.164163
vt 0.316587 0.180840
vt 0.305585 0.148612
vt 0.315942 0.147596
vt 0.325318 0.146978
vt 0.325534 0.163712
vt 0.325819 0.180526
vt 0.256409 0.170869
vt 0.268105 0.169143
vt 0.256833 0.156717
vt 0.268232 0.154389
vt 0.280612 0.152131
vt 0.280705 0.167476
vt 0.236462 0.173635
vt 0.245872 0.172460
vt 0.237572 0.160404
vt 0.246643 0.158858
vt 0.280760 0.136933
vt 0.293433 0.134309
vt 0.293478 0.150153
vt 0.281013 0.122579
vt 0.293478 0.119237
vt 0.305362 0.116631
vt 0.305436 0.132259
vt 0.315763 0.130914
vt 0.315646 0.114928
vt 0.325051 0.113905
vt 0.325161 0.130101
vt 0.257632 0.142984
vt 0.268665 0.139915
vt 0.258598 0.130298
vt 0.269225 0.126376
vt 0.239344 0.147756
vt 0.247879 0.145795
vt 0.241541 0.136265
vt 0.249364 0.133891
vt 0.294787 0.198780
vt 0.295662 0.215386
vt 0.294135 0.182147
vt 0.306882 0.198255
vt 0.307620 0.215068
vt 0.305294 0.102478
vt 0.315551 0.100411
vt 0.305125 0.089388
vt 0.315396 0.086954
vt 0.324843 0.085495
vt 0.324965 0.099173
vt 0.326026 0.475280
vt 0.321067 0.475213
vt 0.320667 0.463787
vt 0.325703 0.463886
vt 0.315953 0.475131
vt 0.315476 0.463668
vt 0.314866 0.452508
vt 0.320170 0.452659
vt 0.325311 0.452786
vt 0.281203 0.109726
vt 0.293500 0.105647
vt 0.281111 0.097980
vt 0.293346 0.093130
vt 0.259433 0.119270
vt 0.269679 0.114392
vt 0.259636 0.109647
vt 0.269707 0.103604
vt 0.332472 0.352649
vt 0.325702 0.352496
vt 0.324624 0.338860
vt 0.331733 0.339009
vt 0.318411 0.352262
vt 0.316945 0.338635
vt 0.315495 0.324912
vt 0.323570 0.325122
vt 0.331005 0.325262
vt 0.344115 0.113076
vt 0.334514 0.113299
vt 0.334450 0.098440
vt 0.344076 0.098172
vt 0.325051 0.113905
vt 0.324965 0.099173
vt 0.324843 0.085495
vt 0.334369 0.084632
vt 0.344040 0.084319
vt 0.344197 0.146467
vt 0.334700 0.146608
vt 0.334595 0.129619
vt 0.344156 0.129438
vt 0.325161 0.130101
vt 0.344273 0.180255
vt 0.335003 0.180334
vt 0.334835 0.163440
vt 0.344236 0.163333
vt 0.325819 0.180526
vt 0.335206 0.197575
vt 0.326177 0.197703
vt 0.344273 0.180255
vt 0.344308 0.197519
vt 0.344341 0.214610
vt 0.335437 0.214648
vt 0.326596 0.214728
vt 0.336543 0.475399
vt 0.331385 0.475346
vt 0.331143 0.463979
vt 0.336384 0.464051
vt 0.330849 0.452901
vt 0.336183 0.452987
vt 0.310054 0.475022
vt 0.309493 0.463511
vt 0.303579 0.474895
vt 0.302939 0.463330
vt 0.302101 0.452091
vt 0.308765 0.452315
vt 0.296887 0.474766
vt 0.296186 0.463143
vt 0.290087 0.474655
vt 0.289342 0.462980
vt 0.288346 0.451645
vt 0.295257 0.451854
vt 0.319598 0.441799
vt 0.324880 0.441948
vt 0.314133 0.441623
vt 0.313174 0.430432
vt 0.318863 0.430629
vt 0.324340 0.430792
vt 0.330521 0.442078
vt 0.335948 0.442172
vt 0.330113 0.430930
vt 0.335650 0.431026
vt 0.307877 0.441407
vt 0.301069 0.441153
vt 0.299718 0.429901
vt 0.306710 0.430189
vt 0.294096 0.440876
vt 0.287091 0.440628
vt 0.285470 0.429294
vt 0.292587 0.429582
vt 0.317888 0.418616
vt 0.323631 0.418789
vt 0.311898 0.418393
vt 0.310392 0.405680
vt 0.316754 0.405941
vt 0.322827 0.406134
vt 0.329582 0.418927
vt 0.335265 0.419021
vt 0.328991 0.406283
vt 0.334839 0.406382
vt 0.305163 0.418106
vt 0.297945 0.417761
vt 0.295852 0.404920
vt 0.303333 0.405333
vt 0.290636 0.417387
vt 0.283396 0.417050
vt 0.280952 0.404093
vt 0.288337 0.404482
vt 0.310392 0.405680
vt 0.308748 0.392581
vt 0.315538 0.392895
vt 0.316754 0.405941
vt 0.306906 0.379126
vt 0.314159 0.379492
vt 0.321017 0.379773
vt 0.321990 0.393131
vt 0.322827 0.406134
vt 0.293547 0.391690
vt 0.301325 0.392168
vt 0.303333 0.405333
vt 0.290952 0.378146
vt 0.299076 0.378662
vt 0.278221 0.390763
vt 0.285788 0.391196
vt 0.288337 0.404482
vt 0.275096 0.377196
vt 0.282896 0.377636
vt 0.316365 0.498549
vt 0.316259 0.486791
vt 0.321325 0.486833
vt 0.321415 0.498550
vt 0.315953 0.475131
vt 0.321067 0.475213
vt 0.326026 0.475280
vt 0.326237 0.486867
vt 0.326310 0.498550
vt 0.319803 0.366054
vt 0.326754 0.366287
vt 0.327675 0.379989
vt 0.318411 0.352262
vt 0.325702 0.352496
vt 0.333219 0.366441
vt 0.333887 0.380132
vt 0.297347 0.324281
vt 0.294779 0.310289
vt 0.304822 0.310622
vt 0.306741 0.324629
vt 0.292399 0.296525
vt 0.303086 0.296838
vt 0.312971 0.297076
vt 0.314148 0.310886
vt 0.315495 0.324912
vt 0.304793 0.365349
vt 0.312525 0.365745
vt 0.302447 0.351549
vt 0.310687 0.351947
vt 0.287978 0.364355
vt 0.296510 0.364864
vt 0.284681 0.350606
vt 0.293664 0.351077
vt 0.344615 0.498551
vt 0.340919 0.498551
vt 0.340901 0.486942
vt 0.344614 0.486944
vt 0.336681 0.498551
vt 0.336645 0.486929
vt 0.340850 0.475423
vt 0.344612 0.475427
vt 0.331597 0.498551
vt 0.331542 0.486902
vt 0.326310 0.498550
vt 0.326237 0.486867
vt 0.304126 0.498545
vt 0.303986 0.486668
vt 0.310412 0.486735
vt 0.310536 0.498547
vt 0.303579 0.474895
vt 0.290722 0.498538
vt 0.290560 0.486544
vt 0.297331 0.486602
vt 0.297484 0.498542
vt 0.290087 0.474655
vt 0.296887 0.474766
vt 0.271481 0.363497
vt 0.279564 0.363889
vt 0.267510 0.349875
vt 0.275889 0.350206
vt 0.344561 0.380210
vt 0.339424 0.380198
vt 0.339063 0.366514
vt 0.344549 0.366528
vt 0.333887 0.380132
vt 0.333219 0.366441
vt 0.338667 0.352725
vt 0.344536 0.352742
vt 0.344581 0.406427
vt 0.339940 0.406422
vt 0.339705 0.393484
vt 0.344571 0.393492
vt 0.334404 0.393432
vt 0.231314 0.378441
vt 0.227951 0.364618
vt 0.232149 0.364326
vt 0.235572 0.378228
vt 0.224048 0.350621
vt 0.228215 0.350281
vt 0.232455 0.349876
vt 0.236429 0.363933
vt 0.239930 0.377902
vt 0.344596 0.431075
vt 0.340379 0.431068
vt 0.340171 0.419060
vt 0.344589 0.419065
vt 0.344606 0.453032
vt 0.340667 0.453025
vt 0.340541 0.442214
vt 0.344601 0.442221
vt 0.340770 0.464083
vt 0.344609 0.464089
vt 0.281155 0.337102
vt 0.290612 0.337526
vt 0.277524 0.323482
vt 0.287456 0.323884
vt 0.299938 0.337957
vt 0.263348 0.336433
vt 0.272003 0.336742
vt 0.259076 0.322778
vt 0.268011 0.323113
vt 0.240142 0.245680
vt 0.238327 0.231990
vt 0.248313 0.231973
vt 0.250139 0.245834
vt 0.259389 0.231851
vt 0.261164 0.245914
vt 0.322581 0.311078
vt 0.323570 0.325122
vt 0.321704 0.297244
vt 0.329609 0.297354
vt 0.330284 0.311206
vt 0.273933 0.309469
vt 0.284326 0.309896
vt 0.270601 0.295692
vt 0.281416 0.296137
vt 0.254797 0.308640
vt 0.264040 0.309042
vt 0.250819 0.294764
vt 0.260349 0.295218
vt 0.290343 0.283542
vt 0.301614 0.283809
vt 0.288559 0.271161
vt 0.300325 0.271354
vt 0.311127 0.271490
vt 0.311994 0.284005
vt 0.320965 0.284138
vt 0.320306 0.271579
vt 0.328491 0.271632
vt 0.329016 0.284223
vt 0.267710 0.282795
vt 0.278887 0.283200
vt 0.265234 0.270591
vt 0.276707 0.270905
vt 0.247420 0.281904
vt 0.257164 0.282348
vt 0.244581 0.269850
vt 0.254467 0.270232
vt 0.308728 0.338333
vt 0.316945 0.338635
vt 0.309381 0.245854
vt 0.308476 0.231109
vt 0.318319 0.230999
vt 0.318997 0.245823
vt 0.317663 0.214858
vt 0.326596 0.214728
vt 0.327056 0.230929
vt 0.327531 0.245799
vt 0.272615 0.054432
vt 0.270753 0.050349
vt 0.284970 0.041830
vt 0.286459 0.046190
vt 0.268887 0.046386
vt 0.283488 0.037592
vt 0.297564 0.030927
vt 0.298658 0.035372
vt 0.299749 0.039940
vt 0.285445 0.245926
vt 0.283994 0.231464
vt 0.296739 0.231269
vt 0.297920 0.245893
vt 0.271380 0.231669
vt 0.273033 0.245939
vt 0.209364 0.123498
vt 0.215200 0.109620
vt 0.218160 0.111936
vt 0.212414 0.125483
vt 0.222518 0.095948
vt 0.225354 0.098609
vt 0.228111 0.101336
vt 0.221070 0.114304
vt 0.215452 0.127513
vt 0.344396 0.245767
vt 0.335944 0.245781
vt 0.335687 0.230884
vt 0.344371 0.230859
vt 0.327531 0.245799
vt 0.326596 0.214728
vt 0.335437 0.214648
vt 0.344341 0.214610
vt 0.344472 0.297431
vt 0.337125 0.297416
vt 0.336780 0.284270
vt 0.344454 0.284279
vt 0.329609 0.297354
vt 0.329016 0.284223
vt 0.328491 0.271632
vt 0.336475 0.271659
vt 0.344436 0.271661
vt 0.344507 0.325361
vt 0.337900 0.325340
vt 0.337507 0.311279
vt 0.344490 0.311298
vt 0.331005 0.325262
vt 0.337900 0.325340
vt 0.338282 0.339087
vt 0.331733 0.339009
vt 0.344522 0.339106
vt 0.344536 0.352742
vt 0.338667 0.352725
vt 0.332472 0.352649
vt 0.207146 0.155551
vt 0.203854 0.154064
vt 0.207616 0.139632
vt 0.210787 0.141374
vt 0.200625 0.152609
vt 0.204475 0.137931
vt 0.212414 0.125483
vt 0.215452 0.127513
vt 0.203101 0.184187
vt 0.199674 0.183144
vt 0.201275 0.168451
vt 0.204653 0.169699
vt 0.196345 0.182116
vt 0.197979 0.167223
vt 0.202211 0.214958
vt 0.198731 0.214132
vt 0.198820 0.198489
vt 0.202267 0.199386
vt 0.195390 0.213335
vt 0.195493 0.197615
vt 0.197231 0.243016
vt 0.196020 0.228691
vt 0.199434 0.229491
vt 0.200743 0.243772
vt 0.195390 0.213335
vt 0.198731 0.214132
vt 0.202211 0.214958
vt 0.202994 0.230310
vt 0.204400 0.244524
vt 0.195327 0.150123
vt 0.199164 0.135023
vt 0.201699 0.136417
vt 0.197834 0.151315
vt 0.204022 0.120106
vt 0.206598 0.121732
vt 0.204475 0.137931
vt 0.200625 0.152609
vt 0.190889 0.180294
vt 0.192616 0.165070
vt 0.195147 0.166110
vt 0.193471 0.181176
vt 0.197979 0.167223
vt 0.189813 0.212256
vt 0.189970 0.196193
vt 0.192595 0.196865
vt 0.192469 0.212733
vt 0.195493 0.197615
vt 0.796982 0.901678
vt 0.794452 0.899149
vt 0.800108 0.886375
vt 0.802718 0.888543
vt 0.791671 0.896356
vt 0.797180 0.884066
vt 0.801617 0.870893
vt 0.804675 0.872759
vt 0.807355 0.874583
vt 0.245303 0.404638
vt 0.240611 0.404842
vt 0.238328 0.391725
vt 0.242839 0.391471
vt 0.236072 0.405001
vt 0.233947 0.391894
vt 0.231314 0.378441
vt 0.235572 0.378228
vt 0.239930 0.377902
vt 0.248533 0.377158
vt 0.244729 0.363182
vt 0.250267 0.363019
vt 0.254158 0.376880
vt 0.240527 0.349258
vt 0.245979 0.349236
vt 0.252486 0.349375
vt 0.256777 0.363032
vt 0.260668 0.376770
vt 0.249275 0.429553
vt 0.244290 0.429736
vt 0.242626 0.417604
vt 0.247479 0.417417
vt 0.239460 0.429895
vt 0.237933 0.417768
vt 0.251578 0.451941
vt 0.246395 0.452080
vt 0.245504 0.441060
vt 0.250596 0.440894
vt 0.241361 0.452168
vt 0.240562 0.441186
vt 0.252958 0.474821
vt 0.247642 0.474898
vt 0.247111 0.463347
vt 0.252370 0.463237
vt 0.242472 0.474940
vt 0.242000 0.463412
vt 0.228547 0.405136
vt 0.226670 0.391945
vt 0.230128 0.391952
vt 0.232122 0.405090
vt 0.224275 0.378483
vt 0.227614 0.378505
vt 0.233947 0.391894
vt 0.236072 0.405001
vt 0.698197 0.949243
vt 0.687908 0.950641
vt 0.687764 0.938754
vt 0.697872 0.937521
vt 0.677522 0.951170
vt 0.677542 0.939214
vt 0.677571 0.923930
vt 0.687671 0.923581
vt 0.697635 0.922600
vt 0.231425 0.430039
vt 0.230146 0.417943
vt 0.233846 0.417874
vt 0.235246 0.429988
vt 0.237933 0.417768
vt 0.239460 0.429895
vt 0.232967 0.452143
vt 0.232319 0.441241
vt 0.236241 0.441236
vt 0.236960 0.452178
vt 0.240562 0.441186
vt 0.241361 0.452168
vt 0.233848 0.474865
vt 0.233502 0.463367
vt 0.237542 0.463410
vt 0.237951 0.474921
vt 0.242000 0.463413
vt 0.242472 0.474940
vt 0.253400 0.498505
vt 0.248048 0.498494
vt 0.247954 0.486644
vt 0.253297 0.486610
vt 0.242815 0.498447
vt 0.242742 0.486642
vt 0.233870 0.498204
vt 0.233926 0.486468
vt 0.238138 0.486575
vt 0.238157 0.498343
vt 0.242742 0.486642
vt 0.310633 0.031194
vt 0.311397 0.035888
vt 0.309853 0.026618
vt 0.321128 0.024053
vt 0.321648 0.028706
vt 0.322142 0.033472
vt 0.247603 0.075668
vt 0.245269 0.072247
vt 0.257407 0.060552
vt 0.259532 0.064314
vt 0.242855 0.068943
vt 0.255240 0.056912
vt 0.231822 0.082192
vt 0.234467 0.085176
vt 0.242855 0.068943
vt 0.245269 0.072247
vt 0.247603 0.075668
vt 0.237021 0.088253
vt 0.279414 0.077103
vt 0.277766 0.069132
vt 0.290689 0.062031
vt 0.291990 0.070662
vt 0.275952 0.063000
vt 0.289226 0.055391
vt 0.301909 0.049636
vt 0.303054 0.056660
vt 0.304061 0.065774
vt 0.295453 0.023357
vt 0.308239 0.018772
vt 0.309052 0.022537
vt 0.296499 0.026982
vt 0.320023 0.016042
vt 0.320583 0.019890
vt 0.309853 0.026618
vt 0.238406 0.063416
vt 0.251405 0.050810
vt 0.253258 0.053719
vt 0.240580 0.066049
vt 0.265702 0.039729
vt 0.267226 0.042904
vt 0.268887 0.046386
vt 0.255240 0.056912
vt 0.217333 0.091533
vt 0.226920 0.077230
vt 0.229319 0.079589
vt 0.219861 0.093630
vt 0.331862 0.014454
vt 0.332153 0.018345
vt 0.343846 0.013891
vt 0.343861 0.017795
vt 0.343878 0.022016
vt 0.332437 0.022552
vt 0.332707 0.027253
vt 0.332959 0.032066
vt 0.332437 0.022552
vt 0.343878 0.022016
vt 0.343899 0.026732
vt 0.343917 0.031566
vt 0.215007 0.293627
vt 0.211011 0.293614
vt 0.207527 0.280579
vt 0.211431 0.280690
vt 0.207115 0.293592
vt 0.203743 0.280443
vt 0.201028 0.268077
vt 0.204707 0.268382
vt 0.208519 0.268654
vt 0.223718 0.321971
vt 0.219580 0.322166
vt 0.215137 0.307703
vt 0.219211 0.307621
vt 0.215517 0.322370
vt 0.211149 0.307794
vt 0.219863 0.336610
vt 0.223987 0.336309
vt 0.215517 0.322370
vt 0.219580 0.322166
vt 0.223718 0.321971
vt 0.228182 0.335987
vt 0.211966 0.245193
vt 0.210465 0.231258
vt 0.215602 0.231501
vt 0.217174 0.245235
vt 0.209537 0.216218
vt 0.214558 0.216742
vt 0.220800 0.217147
vt 0.221976 0.231693
vt 0.223639 0.245281
vt 0.200988 0.293504
vt 0.197737 0.280164
vt 0.200549 0.280304
vt 0.203848 0.293553
vt 0.195139 0.267606
vt 0.197906 0.267823
vt 0.201028 0.268077
vt 0.203743 0.280443
vt 0.209178 0.322635
vt 0.204913 0.307894
vt 0.207817 0.307855
vt 0.212127 0.322521
vt 0.211149 0.307794
vt 0.217443 0.350978
vt 0.213409 0.336983
vt 0.216415 0.336825
vt 0.220532 0.350837
vt 0.783021 0.674267
vt 0.786634 0.688820
vt 0.778589 0.688383
vt 0.775064 0.673866
vt 0.789993 0.703398
vt 0.781864 0.702952
vt 0.772841 0.702415
vt 0.769702 0.687843
vt 0.766324 0.673350
vt 0.215007 0.293627
vt 0.218673 0.293650
vt 0.222904 0.307593
vt 0.219211 0.307621
vt 0.222714 0.293714
vt 0.226955 0.307641
vt 0.231530 0.321851
vt 0.227444 0.321854
vt 0.223718 0.321971
vt 0.242125 0.294375
vt 0.238605 0.281509
vt 0.247420 0.281904
vt 0.234441 0.294068
vt 0.230869 0.281193
vt 0.227965 0.269189
vt 0.235712 0.269483
vt 0.244581 0.269850
vt 0.250810 0.322468
vt 0.246300 0.308287
vt 0.254797 0.308640
vt 0.243345 0.322194
vt 0.238711 0.307996
vt 0.247979 0.335897
vt 0.255312 0.336150
vt 0.259692 0.349596
vt 0.243345 0.322194
vt 0.231955 0.335732
vt 0.228182 0.335987
vt 0.236096 0.335619
vt 0.236299 0.349498
vt 0.232455 0.349876
vt 0.227938 0.293850
vt 0.224351 0.280976
vt 0.222714 0.293714
vt 0.219122 0.280842
vt 0.216193 0.268912
vt 0.221437 0.269013
vt 0.236840 0.321976
vt 0.232210 0.307777
vt 0.226955 0.307641
vt 0.236096 0.335619
vt 0.241473 0.335695
vt 0.231530 0.321851
vt 0.236840 0.321976
vt 0.229547 0.231876
vt 0.231299 0.245458
vt 0.228251 0.217350
vt 0.208519 0.268654
vt 0.212131 0.268816
vt 0.215072 0.280763
vt 0.211431 0.280690
vt 0.216193 0.268912
vt 0.206477 0.230891
vt 0.207936 0.244992
vt 0.205628 0.215642
vt 0.221288 0.131439
vt 0.226607 0.118906
vt 0.230151 0.121670
vt 0.225056 0.133647
vt 0.233279 0.106697
vt 0.236529 0.110093
vt 0.240031 0.113822
vt 0.234218 0.124406
vt 0.229637 0.135605
vt 0.272615 0.054432
vt 0.274287 0.058393
vt 0.261431 0.067972
vt 0.259532 0.064314
vt 0.263368 0.072178
vt 0.251896 0.082750
vt 0.249699 0.078990
vt 0.315093 0.074124
vt 0.324619 0.072442
vt 0.304742 0.076934
vt 0.304061 0.065774
vt 0.314573 0.062602
vt 0.324247 0.060704
vt 0.258782 0.101073
vt 0.269030 0.093609
vt 0.256963 0.093658
vt 0.267610 0.084814
vt 0.280541 0.086926
vt 0.240031 0.113822
vt 0.247665 0.103468
vt 0.250076 0.109069
vt 0.243339 0.117397
vt 0.256963 0.093658
vt 0.258782 0.101073
vt 0.259636 0.109647
vt 0.239321 0.091198
vt 0.237021 0.088253
vt 0.241764 0.094470
vt 0.230608 0.103903
vt 0.228111 0.101336
vt 0.313812 0.053166
vt 0.314573 0.062602
vt 0.312957 0.045887
vt 0.323141 0.043641
vt 0.323718 0.051073
vt 0.254474 0.087568
vt 0.265564 0.077690
vt 0.241764 0.094470
vt 0.244693 0.098566
vt 0.254474 0.087568
vt 0.256963 0.093658
vt 0.247665 0.103468
vt 0.292873 0.081264
vt 0.304742 0.076934
vt 0.299749 0.039940
vt 0.300814 0.044397
vt 0.287842 0.050429
vt 0.286459 0.046190
vt 0.301909 0.049636
vt 0.289226 0.055391
vt 0.731104 0.577388
vt 0.724664 0.577102
vt 0.722568 0.560212
vt 0.728762 0.560440
vt 0.718386 0.576858
vt 0.716540 0.560018
vt 0.715124 0.544558
vt 0.720946 0.544711
vt 0.726943 0.544887
vt 0.311397 0.035888
vt 0.312156 0.040474
vt 0.322142 0.033472
vt 0.322624 0.038129
vt 0.312957 0.045887
vt 0.332959 0.032066
vt 0.333195 0.036772
vt 0.343917 0.031566
vt 0.343928 0.036296
vt 0.343936 0.041894
vt 0.333450 0.042344
vt 0.263884 0.498514
vt 0.258487 0.498510
vt 0.258366 0.486574
vt 0.263741 0.486540
vt 0.257983 0.474744
vt 0.263307 0.474668
vt 0.333747 0.049855
vt 0.334029 0.059588
vt 0.333450 0.042344
vt 0.343936 0.041894
vt 0.343951 0.049429
vt 0.343974 0.059191
vt 0.324247 0.060704
vt 0.334235 0.071448
vt 0.324619 0.072442
vt 0.344005 0.071090
vt 0.334369 0.084632
vt 0.324843 0.085495
vt 0.273791 0.403834
vt 0.270948 0.390471
vt 0.278221 0.390763
vt 0.266905 0.403768
vt 0.264013 0.390389
vt 0.260668 0.376770
vt 0.267676 0.376887
vt 0.275096 0.377196
vt 0.244025 0.377522
vt 0.247127 0.391172
vt 0.242839 0.391471
vt 0.251804 0.390852
vt 0.254619 0.404178
vt 0.249785 0.404420
vt 0.245303 0.404638
vt 0.280952 0.404093
vt 0.283396 0.417050
vt 0.276318 0.416825
vt 0.273791 0.403834
vt 0.285470 0.429294
vt 0.278454 0.429100
vt 0.271595 0.429033
vt 0.269457 0.416760
vt 0.266905 0.403768
vt 0.280121 0.440462
vt 0.288346 0.451645
vt 0.281416 0.451506
vt 0.274524 0.451461
vt 0.273246 0.440402
vt 0.289342 0.462980
vt 0.282450 0.462873
vt 0.290087 0.474655
vt 0.283227 0.474582
vt 0.276337 0.474561
vt 0.275556 0.462841
vt 0.260397 0.403921
vt 0.257508 0.390552
vt 0.254619 0.404178
vt 0.251804 0.390852
vt 0.248533 0.377158
vt 0.254158 0.376880
vt 0.263875 0.363201
vt 0.267676 0.376887
vt 0.271595 0.429033
vt 0.265007 0.429101
vt 0.262920 0.416869
vt 0.269457 0.416760
vt 0.259069 0.429242
vt 0.257065 0.417061
vt 0.274524 0.451461
vt 0.267808 0.451518
vt 0.266594 0.440458
vt 0.273246 0.440402
vt 0.261701 0.451641
vt 0.260569 0.440584
vt 0.276337 0.474561
vt 0.269537 0.474598
vt 0.268790 0.462893
vt 0.275556 0.462841
vt 0.262614 0.462996
vt 0.290722 0.498538
vt 0.283888 0.498533
vt 0.283720 0.486504
vt 0.290560 0.486544
vt 0.277002 0.498528
vt 0.276834 0.486492
vt 0.283227 0.474582
vt 0.270172 0.498521
vt 0.270012 0.486508
vt 0.252958 0.474821
vt 0.257343 0.463115
vt 0.257983 0.474744
vt 0.256489 0.451789
vt 0.262614 0.462996
vt 0.263307 0.474668
vt 0.250596 0.440894
vt 0.255432 0.440733
vt 0.249275 0.429553
vt 0.254018 0.429391
vt 0.260569 0.440584
vt 0.247479 0.417417
vt 0.252110 0.417242
vt 0.245303 0.404638
vt 0.249785 0.404420
vt 0.257065 0.417061
vt 0.240376 0.363516
vt 0.244025 0.377522
vt 0.236299 0.349498
vt 0.781374 0.866055
vt 0.774845 0.867638
vt 0.775733 0.854779
vt 0.782953 0.853568
vt 0.767745 0.870439
vt 0.768104 0.856799
vt 0.768422 0.842865
vt 0.776466 0.841266
vt 0.784207 0.840216
vt 0.207146 0.155551
vt 0.210185 0.156945
vt 0.207798 0.170875
vt 0.204653 0.169699
vt 0.213431 0.158313
vt 0.211209 0.172022
vt 0.209949 0.186136
vt 0.206344 0.185173
vt 0.203101 0.184187
vt 0.237572 0.160404
vt 0.229532 0.161008
vt 0.231937 0.148375
vt 0.239344 0.147756
vt 0.222766 0.160706
vt 0.225724 0.147808
vt 0.229637 0.135605
vt 0.235051 0.136702
vt 0.236008 0.187558
vt 0.227573 0.187923
vt 0.228138 0.174143
vt 0.220406 0.187755
vt 0.221101 0.173953
vt 0.236935 0.217327
vt 0.228251 0.217350
vt 0.227603 0.202487
vt 0.236158 0.202295
vt 0.220800 0.217147
vt 0.220297 0.202299
vt 0.205603 0.200205
vt 0.202267 0.199386
vt 0.209381 0.200981
vt 0.209537 0.216218
vt 0.205628 0.215642
vt 0.202211 0.214958
vt 0.217485 0.159680
vt 0.220754 0.146412
vt 0.213431 0.158313
vt 0.216851 0.144678
vt 0.225056 0.133647
vt 0.214560 0.187077
vt 0.215524 0.173144
vt 0.209949 0.186136
vt 0.211209 0.172022
vt 0.214558 0.216742
vt 0.214230 0.201737
vt 0.209537 0.216218
vt 0.209381 0.200981
vt 0.234218 0.124406
vt 0.238642 0.126443
vt 0.235051 0.136702
vt 0.317663 0.214858
vt 0.317077 0.197912
vt 0.326177 0.197703
vt 0.307620 0.215068
vt 0.306291 0.181357
vt 0.316587 0.180840
vt 0.215452 0.127513
vt 0.218259 0.129436
vt 0.213716 0.143018
vt 0.210787 0.141374
vt 0.221288 0.131439
vt 0.223735 0.116531
vt 0.218259 0.129436
vt 0.230608 0.103903
vt 0.752334 0.904789
vt 0.751413 0.891581
vt 0.759979 0.887304
vt 0.760824 0.899445
vt 0.750978 0.877061
vt 0.759705 0.873727
vt 0.767682 0.882832
vt 0.768333 0.893580
vt 0.748282 0.792278
vt 0.747084 0.777506
vt 0.756543 0.777247
vt 0.757735 0.791777
vt 0.745595 0.761812
vt 0.755017 0.761759
vt 0.764284 0.761738
vt 0.765798 0.777015
vt 0.766942 0.791299
vt 0.743279 0.909531
vt 0.742444 0.895429
vt 0.751413 0.891581
vt 0.734180 0.913529
vt 0.733495 0.898678
vt 0.733030 0.882698
vt 0.741963 0.880111
vt 0.750978 0.877061
vt 0.725401 0.916688
vt 0.724832 0.901232
vt 0.716589 0.919157
vt 0.716122 0.903226
vt 0.715747 0.886317
vt 0.724402 0.884730
vt 0.707322 0.921116
vt 0.706982 0.904820
vt 0.697431 0.906019
vt 0.697245 0.888538
vt 0.706692 0.887586
vt 0.750777 0.861828
vt 0.759714 0.859263
vt 0.750599 0.846709
vt 0.759734 0.844759
vt 0.768104 0.856800
vt 0.776780 0.828272
vt 0.784869 0.827417
vt 0.768452 0.829515
vt 0.768202 0.816771
vt 0.776718 0.815853
vt 0.785037 0.815227
vt 0.733030 0.882698
vt 0.732666 0.866210
vt 0.741648 0.864194
vt 0.741964 0.880111
vt 0.732308 0.850051
vt 0.741347 0.848510
vt 0.715747 0.886317
vt 0.715417 0.869042
vt 0.724036 0.867799
vt 0.715098 0.852237
vt 0.723677 0.851276
vt 0.697245 0.888537
vt 0.697071 0.870772
vt 0.706428 0.870032
vt 0.706692 0.887586
vt 0.696910 0.853568
vt 0.706179 0.853000
vt 0.750276 0.832407
vt 0.759553 0.830947
vt 0.749795 0.818893
vt 0.759163 0.817822
vt 0.768452 0.829515
vt 0.767745 0.870440
vt 0.774845 0.867638
vt 0.774198 0.878645
vt 0.767682 0.882832
vt 0.781374 0.866055
vt 0.779813 0.876243
vt 0.778649 0.883227
vt 0.774495 0.887566
vt 0.768334 0.893580
vt 0.731882 0.834924
vt 0.740944 0.833759
vt 0.731369 0.820761
vt 0.740424 0.819891
vt 0.714762 0.836599
vt 0.723276 0.835860
vt 0.714377 0.822030
vt 0.722811 0.821467
vt 0.696759 0.837623
vt 0.705930 0.837185
vt 0.696585 0.822815
vt 0.705647 0.822478
vt 0.737768 0.520177
vt 0.738554 0.532010
vt 0.731838 0.531901
vt 0.731092 0.520091
vt 0.739904 0.545212
vt 0.733114 0.545073
vt 0.726943 0.544887
vt 0.725768 0.531756
vt 0.725078 0.519982
vt 0.784328 0.790683
vt 0.775699 0.790904
vt 0.774645 0.776856
vt 0.783402 0.776831
vt 0.766942 0.791299
vt 0.764284 0.761738
vt 0.773189 0.761789
vt 0.782051 0.761944
vt 0.729934 0.793170
vt 0.728855 0.777975
vt 0.737754 0.777753
vt 0.738911 0.792750
vt 0.727558 0.761917
vt 0.736343 0.761866
vt 0.713280 0.793806
vt 0.712451 0.778320
vt 0.720548 0.778166
vt 0.721518 0.793522
vt 0.711467 0.762008
vt 0.719393 0.761967
vt 0.696017 0.794192
vt 0.695563 0.778509
vt 0.704138 0.778434
vt 0.704796 0.794029
vt 0.695024 0.762032
vt 0.703358 0.762030
vt 0.677606 0.907047
vt 0.687592 0.906787
vt 0.687671 0.923582
vt 0.677646 0.889335
vt 0.687517 0.889138
vt 0.743873 0.745790
vt 0.753205 0.745888
vt 0.742003 0.730081
vt 0.751199 0.730287
vt 0.760323 0.730544
vt 0.762426 0.746026
vt 0.677688 0.871386
vt 0.687448 0.871237
vt 0.677730 0.854041
vt 0.687386 0.853927
vt 0.677768 0.837992
vt 0.687330 0.837904
vt 0.677803 0.823102
vt 0.687263 0.823034
vt 0.677867 0.794319
vt 0.677900 0.778549
vt 0.686785 0.778548
vt 0.687004 0.794294
vt 0.677931 0.762000
vt 0.686521 0.762019
vt 0.751540 0.612028
vt 0.743957 0.611683
vt 0.740652 0.594779
vt 0.747992 0.595074
vt 0.736831 0.611297
vt 0.733808 0.594434
vt 0.737677 0.577694
vt 0.744784 0.577944
vt 0.759138 0.644573
vt 0.751116 0.644106
vt 0.747512 0.628306
vt 0.755323 0.628718
vt 0.743458 0.643613
vt 0.740119 0.627858
vt 0.688886 0.609510
vt 0.689578 0.625766
vt 0.683866 0.625662
vt 0.683525 0.609426
vt 0.690278 0.641269
vt 0.684212 0.641156
vt 0.678116 0.641116
vt 0.678133 0.625623
vt 0.678151 0.609392
vt 0.719895 0.531618
vt 0.725768 0.531756
vt 0.714207 0.531497
vt 0.713666 0.519790
vt 0.719277 0.519879
vt 0.729840 0.610904
vt 0.727102 0.594093
vt 0.723002 0.610552
vt 0.720560 0.593793
vt 0.735837 0.643128
vt 0.732821 0.627414
vt 0.728300 0.642695
vt 0.725642 0.627020
vt 0.715124 0.544558
vt 0.716540 0.560018
vt 0.710815 0.559856
vt 0.709598 0.544427
vt 0.712413 0.576661
vt 0.706904 0.576506
vt 0.705548 0.559723
vt 0.704517 0.544319
vt 0.713666 0.519790
vt 0.714207 0.531497
vt 0.708809 0.531395
vt 0.708340 0.519718
vt 0.703847 0.531312
vt 0.703447 0.519660
vt 0.720560 0.593793
vt 0.714308 0.593559
vt 0.723002 0.610552
vt 0.716436 0.610281
vt 0.710323 0.610078
vt 0.708515 0.593381
vt 0.725642 0.627020
vt 0.718716 0.626713
vt 0.728300 0.642695
vt 0.721011 0.642347
vt 0.714211 0.642080
vt 0.712259 0.626480
vt 0.700816 0.559619
vt 0.699957 0.544232
vt 0.701939 0.576384
vt 0.697249 0.576285
vt 0.696355 0.559534
vt 0.695665 0.544162
vt 0.699398 0.531247
vt 0.699063 0.519616
vt 0.695216 0.531193
vt 0.694947 0.519581
vt 0.703267 0.593242
vt 0.704769 0.609917
vt 0.699501 0.609774
vt 0.698299 0.593125
vt 0.706399 0.626293
vt 0.708046 0.641871
vt 0.702191 0.641675
vt 0.700838 0.626117
vt 0.691879 0.559462
vt 0.691364 0.544101
vt 0.692542 0.576199
vt 0.687780 0.576128
vt 0.687348 0.559403
vt 0.687012 0.544052
vt 0.691029 0.531147
vt 0.690828 0.519550
vt 0.686793 0.531110
vt 0.686663 0.519525
vt 0.693318 0.593017
vt 0.694220 0.609633
vt 0.688288 0.592926
vt 0.695245 0.625931
vt 0.696283 0.641459
vt 0.735103 0.560687
vt 0.742024 0.560879
vt 0.733114 0.545073
vt 0.739904 0.545212
vt 0.778108 0.731308
vt 0.769184 0.730890
vt 0.766790 0.716229
vt 0.775639 0.716746
vt 0.760323 0.730544
vt 0.758050 0.715770
vt 0.755538 0.701328
vt 0.764117 0.701850
vt 0.772841 0.702415
vt 0.724557 0.496418
vt 0.724684 0.508258
vt 0.718926 0.508201
vt 0.718814 0.496413
vt 0.719277 0.519879
vt 0.713358 0.508151
vt 0.713260 0.496408
vt 0.683233 0.592862
vt 0.682989 0.576079
vt 0.678167 0.592835
vt 0.678184 0.576059
vt 0.682783 0.559363
vt 0.682624 0.544018
vt 0.678201 0.559346
vt 0.678217 0.544003
vt 0.778685 0.611888
vt 0.783222 0.611554
vt 0.787031 0.628420
vt 0.782605 0.628739
vt 0.787270 0.611285
vt 0.790960 0.628181
vt 0.794746 0.644450
vt 0.790906 0.644629
vt 0.786565 0.644877
vt 0.682522 0.531083
vt 0.682463 0.519507
vt 0.678232 0.531071
vt 0.678245 0.519497
vt 0.686571 0.496383
vt 0.686589 0.508007
vt 0.682432 0.507996
vt 0.682430 0.496379
vt 0.678258 0.507989
vt 0.678272 0.496374
vt 0.694743 0.496392
vt 0.694790 0.508038
vt 0.690712 0.508021
vt 0.690679 0.496387
vt 0.703143 0.496399
vt 0.703216 0.508081
vt 0.698869 0.508057
vt 0.698809 0.496395
vt 0.708072 0.508112
vt 0.707987 0.496404
vt 0.725078 0.519982
vt 0.724684 0.508258
vt 0.730660 0.508319
vt 0.731092 0.520091
vt 0.724557 0.496418
vt 0.730516 0.496422
vt 0.737151 0.496427
vt 0.737307 0.508369
vt 0.733253 0.671385
vt 0.730822 0.657242
vt 0.738702 0.657715
vt 0.741462 0.671867
vt 0.728300 0.642695
vt 0.735837 0.643128
vt 0.746650 0.658220
vt 0.749723 0.672370
vt 0.745594 0.761812
vt 0.736343 0.761866
vt 0.734749 0.745698
vt 0.743873 0.745790
vt 0.727558 0.761917
vt 0.726119 0.745621
vt 0.724608 0.729720
vt 0.733048 0.729887
vt 0.742003 0.730081
vt 0.719393 0.761967
vt 0.718127 0.745570
vt 0.711467 0.762008
vt 0.710398 0.745533
vt 0.709305 0.729514
vt 0.716816 0.729601
vt 0.703358 0.762030
vt 0.702518 0.745494
vt 0.695024 0.762032
vt 0.694448 0.745451
vt 0.693871 0.729372
vt 0.701670 0.729438
vt 0.740045 0.715129
vt 0.749070 0.715416
vt 0.737945 0.700539
vt 0.746751 0.700900
vt 0.755538 0.701328
vt 0.758050 0.715769
vt 0.761124 0.687303
vt 0.769702 0.687843
vt 0.752725 0.686791
vt 0.749723 0.672370
vt 0.757911 0.672855
vt 0.766324 0.673350
vt 0.724608 0.729720
vt 0.723069 0.714635
vt 0.731291 0.714862
vt 0.733048 0.729887
vt 0.721456 0.699942
vt 0.729431 0.700213
vt 0.708227 0.714351
vt 0.715503 0.714471
vt 0.716816 0.729601
vt 0.707110 0.699609
vt 0.714134 0.699750
vt 0.693317 0.714169
vt 0.700845 0.714251
vt 0.701670 0.729438
vt 0.692750 0.699391
vt 0.699996 0.699488
vt 0.735654 0.685877
vt 0.744180 0.686313
vt 0.769184 0.730890
vt 0.771341 0.746241
vt 0.762427 0.746026
vt 0.778108 0.731308
vt 0.780265 0.746540
vt 0.782051 0.761944
vt 0.773189 0.761789
vt 0.764284 0.761738
vt 0.719720 0.685189
vt 0.727421 0.685494
vt 0.717912 0.670655
vt 0.725324 0.670972
vt 0.705908 0.684825
vt 0.712663 0.684980
vt 0.704672 0.670266
vt 0.711139 0.670437
vt 0.692136 0.684564
vt 0.699080 0.684681
vt 0.691511 0.669949
vt 0.698144 0.670095
vt 0.776965 0.918600
vt 0.779381 0.922109
vt 0.770274 0.931805
vt 0.768161 0.928002
vt 0.781689 0.925223
vt 0.772387 0.935162
vt 0.762356 0.943817
vt 0.760473 0.940247
vt 0.758668 0.936199
vt 0.754581 0.658711
vt 0.762806 0.659193
vt 0.746650 0.658220
vt 0.716087 0.656549
vt 0.723202 0.656850
vt 0.714211 0.642080
vt 0.721011 0.642347
vt 0.703453 0.656140
vt 0.709614 0.656330
vt 0.708046 0.641871
vt 0.690909 0.655759
vt 0.697232 0.655936
vt 0.696283 0.641459
vt 0.677961 0.745380
vt 0.686239 0.745409
vt 0.677988 0.729287
vt 0.685958 0.729317
vt 0.694448 0.745451
vt 0.816815 0.765027
vt 0.813297 0.764613
vt 0.811894 0.748971
vt 0.815403 0.749305
vt 0.809321 0.764098
vt 0.807911 0.748556
vt 0.806000 0.733173
vt 0.810008 0.733500
vt 0.813527 0.733768
vt 0.678013 0.714082
vt 0.685690 0.714111
vt 0.678036 0.699303
vt 0.685415 0.699330
vt 0.678058 0.684467
vt 0.685116 0.684494
vt 0.678079 0.669834
vt 0.684812 0.669865
vt 0.684212 0.641156
vt 0.684520 0.655655
vt 0.678098 0.655620
vt 0.690278 0.641269
vt 0.690909 0.655759
vt 0.691511 0.669949
vt 0.684812 0.669865
vt 0.678079 0.669834
vt 0.766843 0.545120
vt 0.771921 0.544945
vt 0.773926 0.560529
vt 0.768982 0.560725
vt 0.776527 0.544735
vt 0.778391 0.560299
vt 0.780878 0.577251
vt 0.776569 0.577496
vt 0.771780 0.577728
vt 0.790821 0.611132
vt 0.794382 0.628084
vt 0.794097 0.611049
vt 0.797521 0.628074
vt 0.801114 0.644409
vt 0.798074 0.644393
vt 0.764753 0.520097
vt 0.769940 0.519984
vt 0.770652 0.531780
vt 0.765500 0.531930
vt 0.774672 0.519861
vt 0.775345 0.531606
vt 0.764241 0.496445
vt 0.769461 0.496448
vt 0.769570 0.508266
vt 0.764359 0.508325
vt 0.774199 0.496450
vt 0.774311 0.508203
vt 0.783222 0.611554
vt 0.779699 0.594567
vt 0.783871 0.594303
vt 0.778685 0.611888
vt 0.775044 0.594858
vt 0.771780 0.577728
vt 0.776569 0.577496
vt 0.780878 0.577251
vt 0.780528 0.544549
vt 0.782296 0.560070
vt 0.784178 0.544382
vt 0.785879 0.559845
vt 0.788191 0.576761
vt 0.784678 0.577006
vt 0.280871 0.030430
vt 0.282136 0.033852
vt 0.778817 0.519755
vt 0.779436 0.531460
vt 0.782621 0.519663
vt 0.783176 0.531334
vt 0.778328 0.496450
vt 0.778454 0.508147
vt 0.782103 0.496450
vt 0.782251 0.508098
vt 0.794001 0.674453
vt 0.798263 0.674437
vt 0.801758 0.689261
vt 0.797555 0.689184
vt 0.802032 0.674421
vt 0.805461 0.689324
vt 0.808586 0.704209
vt 0.804963 0.704074
vt 0.800834 0.703918
vt 0.787552 0.594090
vt 0.783871 0.594303
vt 0.790960 0.593909
vt 0.811665 0.704349
vt 0.814289 0.719074
vt 0.811266 0.718871
vt 0.814439 0.704494
vt 0.817011 0.719281
vt 0.819240 0.734295
vt 0.816529 0.734030
vt 0.813527 0.733768
vt 0.807709 0.718668
vt 0.803649 0.718429
vt 0.810008 0.733500
vt 0.806000 0.733173
vt 0.794747 0.644450
vt 0.798450 0.659672
vt 0.794649 0.659772
vt 0.790906 0.644629
vt 0.802032 0.674421
vt 0.798263 0.674437
vt 0.790352 0.659906
vt 0.786565 0.644877
vt 0.816815 0.765027
vt 0.818405 0.749639
vt 0.819813 0.765451
vt 0.819240 0.734295
vt 0.821121 0.749982
vt 0.822517 0.765894
vt 0.805287 0.674416
vt 0.808634 0.689386
vt 0.808256 0.674418
vt 0.811509 0.689448
vt 0.802032 0.674421
vt 0.798450 0.659672
vt 0.801740 0.659635
vt 0.805287 0.674416
vt 0.798074 0.644393
vt 0.804744 0.659638
vt 0.209882 0.105726
vt 0.212463 0.107583
vt 0.810401 0.817347
vt 0.813985 0.818498
vt 0.812942 0.830886
vt 0.809537 0.829596
vt 0.817115 0.819588
vt 0.815900 0.832125
vt 0.813960 0.845506
vt 0.811132 0.844130
vt 0.807873 0.842710
vt 0.816551 0.846784
vt 0.813665 0.861397
vt 0.811107 0.859936
vt 0.819031 0.848003
vt 0.816146 0.862792
vt 0.812311 0.877865
vt 0.809868 0.876269
vt 0.807355 0.874583
vt 0.808362 0.858375
vt 0.805206 0.856791
vt 0.801617 0.870893
vt 0.817997 0.794481
vt 0.817805 0.807341
vt 0.814482 0.806457
vt 0.814526 0.793807
vt 0.817115 0.819588
vt 0.813985 0.818498
vt 0.810401 0.817347
vt 0.810713 0.805479
vt 0.810617 0.793011
vt 0.796982 0.901678
vt 0.802718 0.888543
vt 0.805137 0.890490
vt 0.799288 0.903901
vt 0.807355 0.874583
vt 0.809868 0.876269
vt 0.812311 0.877865
vt 0.807462 0.892304
vt 0.801471 0.905948
vt 0.819847 0.820587
vt 0.818549 0.833261
vt 0.822364 0.821534
vt 0.821040 0.834336
vt 0.817997 0.794481
vt 0.817677 0.780277
vt 0.820648 0.780814
vt 0.820911 0.795156
vt 0.823300 0.781375
vt 0.823501 0.795845
vt 0.191513 0.242204
vt 0.190376 0.227781
vt 0.193056 0.228150
vt 0.194215 0.242523
vt 0.738831 0.949056
vt 0.740235 0.953382
vt 0.730521 0.957904
vt 0.729311 0.953511
vt 0.741648 0.957280
vt 0.731708 0.961926
vt 0.721704 0.965498
vt 0.720744 0.961377
vt 0.719752 0.956939
vt 0.722582 0.969218
vt 0.711820 0.972139
vt 0.711158 0.968337
vt 0.723409 0.972706
vt 0.712447 0.975713
vt 0.701077 0.977927
vt 0.700623 0.974289
vt 0.700158 0.970429
vt 0.710436 0.964145
vt 0.709680 0.959669
vt 0.699672 0.966197
vt 0.699164 0.961713
vt 0.750315 0.947477
vt 0.748732 0.943259
vt 0.751960 0.951226
vt 0.796982 0.901678
vt 0.789947 0.913984
vt 0.787508 0.911141
vt 0.781689 0.925223
vt 0.779381 0.922110
vt 0.776965 0.918600
vt 0.784881 0.907955
vt 0.791671 0.896357
vt 0.783779 0.927947
vt 0.774313 0.938085
vt 0.785736 0.930457
vt 0.776113 0.940768
vt 0.765704 0.949776
vt 0.764085 0.946925
vt 0.677503 0.963438
vt 0.688394 0.962998
vt 0.688650 0.967448
vt 0.677504 0.967861
vt 0.699164 0.961713
vt 0.699672 0.966197
vt 0.700158 0.970429
vt 0.688913 0.971694
vt 0.677539 0.972109
vt 0.742963 0.960758
vt 0.732806 0.965542
vt 0.744213 0.964005
vt 0.733847 0.968928
vt 0.753485 0.954527
vt 0.754923 0.957580
vt 0.781689 0.925223
vt 0.792153 0.916472
vt 0.783779 0.927947
vt 0.794225 0.918761
vt 0.785736 0.930457
vt 0.221144 0.364811
vt 0.224352 0.364759
vt 0.736325 0.936975
vt 0.737539 0.944049
vt 0.728159 0.948500
vt 0.727102 0.941269
vt 0.718796 0.951946
vt 0.717929 0.944619
vt 0.689201 0.975580
vt 0.677631 0.976005
vt 0.700623 0.974288
vt 0.689506 0.979248
vt 0.677758 0.979684
vt 0.755596 0.925125
vt 0.746027 0.931561
vt 0.744571 0.921820
vt 0.753866 0.916145
vt 0.736325 0.936975
vt 0.735163 0.926611
vt 0.772209 0.909431
vt 0.764334 0.917781
vt 0.762402 0.909706
vt 0.769975 0.902466
vt 0.760824 0.899445
vt 0.785201 0.889891
vt 0.779271 0.900021
vt 0.776450 0.894470
vt 0.781511 0.886081
vt 0.772209 0.909431
vt 0.769975 0.902466
vt 0.774495 0.887566
vt 0.798684 0.840341
vt 0.796373 0.854109
vt 0.790036 0.853421
vt 0.791869 0.839918
vt 0.793338 0.867484
vt 0.787672 0.866210
vt 0.781374 0.866055
vt 0.784207 0.840216
vt 0.708936 0.954666
vt 0.708270 0.947240
vt 0.698648 0.956727
vt 0.698197 0.949243
vt 0.755596 0.925125
vt 0.757127 0.931497
vt 0.747362 0.938351
vt 0.746027 0.931561
vt 0.293702 0.166026
vt 0.772209 0.909431
vt 0.774568 0.914591
vt 0.766224 0.923610
vt 0.764333 0.917781
vt 0.677522 0.951170
vt 0.688132 0.958105
vt 0.677510 0.958607
vt 0.698197 0.949243
vt 0.698648 0.956727
vt 0.800683 0.815372
vt 0.800051 0.827458
vt 0.792916 0.827130
vt 0.793337 0.815041
vt 0.784869 0.827417
vt 0.785037 0.815227
vt 0.782131 0.904384
vt 0.788617 0.893332
vt 0.774568 0.914591
vt 0.779271 0.900021
vt 0.785201 0.889891
vt 0.785201 0.889891
vt 0.789754 0.879261
vt 0.793792 0.881707
vt 0.788617 0.893332
vt 0.793338 0.867484
vt 0.797936 0.869112
vt 0.801617 0.870893
vt 0.797180 0.884066
vt 0.791671 0.896357
vt 0.800609 0.791175
vt 0.800843 0.803567
vt 0.793349 0.803184
vt 0.792981 0.790735
vt 0.784859 0.803253
vt 0.793338 0.867484
vt 0.789754 0.879261
vt 0.784990 0.876945
vt 0.787672 0.866211
vt 0.792901 0.717722
vt 0.784745 0.717256
vt 0.795353 0.732256
vt 0.787226 0.731769
vt 0.778108 0.731308
vt 0.775640 0.716746
vt 0.755048 0.545241
vt 0.757281 0.560928
vt 0.749755 0.560949
vt 0.747554 0.545255
vt 0.760199 0.578052
vt 0.752631 0.578064
vt 0.742024 0.560879
vt 0.798684 0.840341
vt 0.803905 0.841360
vt 0.801350 0.855307
vt 0.796373 0.854109
vt 0.797936 0.869111
vt 0.800682 0.815372
vt 0.806203 0.816220
vt 0.805451 0.828364
vt 0.800051 0.827458
vt 0.806432 0.804423
vt 0.806264 0.792035
vt 0.806203 0.816220
vt 0.798930 0.762721
vt 0.797375 0.747420
vt 0.803358 0.748003
vt 0.804820 0.763407
vt 0.795353 0.732256
vt 0.801403 0.732743
vt 0.807911 0.748556
vt 0.809321 0.764098
vt 0.775489 0.645168
vt 0.779330 0.659962
vt 0.771427 0.659653
vt 0.767635 0.644964
vt 0.762806 0.659193
vt 0.797375 0.747420
vt 0.789327 0.746928
vt 0.798930 0.762721
vt 0.791003 0.762236
vt 0.782051 0.761944
vt 0.780265 0.746540
vt 0.752631 0.578064
vt 0.755983 0.595262
vt 0.747992 0.595074
vt 0.760199 0.578052
vt 0.763601 0.595289
vt 0.767384 0.612369
vt 0.759699 0.612289
vt 0.751540 0.612028
vt 0.789993 0.703398
vt 0.796120 0.703709
vt 0.798998 0.718115
vt 0.792901 0.717722
vt 0.795353 0.732256
vt 0.783021 0.674267
vt 0.789164 0.674435
vt 0.792773 0.689066
vt 0.786635 0.688820
vt 0.785479 0.660014
vt 0.781650 0.645104
vt 0.789164 0.674435
vt 0.775489 0.645168
vt 0.771433 0.629177
vt 0.777614 0.629040
vt 0.781650 0.645104
vt 0.767384 0.612369
vt 0.773595 0.612203
vt 0.782605 0.628739
vt 0.786565 0.644877
vt 0.752826 0.520207
vt 0.753636 0.532038
vt 0.746158 0.532048
vt 0.745348 0.520213
vt 0.752210 0.496437
vt 0.752363 0.508392
vt 0.744875 0.508393
vt 0.744716 0.496432
vt 0.737307 0.508369
vt 0.737151 0.496427
vt 0.763659 0.629044
vt 0.767635 0.644964
vt 0.751540 0.612028
vt 0.759699 0.612289
vt 0.766487 0.577926
vt 0.769851 0.595129
vt 0.775044 0.594858
vt 0.773595 0.612203
vt 0.752826 0.520207
vt 0.759201 0.520170
vt 0.759986 0.532009
vt 0.761379 0.545208
vt 0.755048 0.545241
vt 0.763594 0.560855
vt 0.757281 0.560928
vt 0.764241 0.496445
vt 0.764360 0.508325
vt 0.758771 0.508369
vt 0.758635 0.496441
vt 0.764753 0.520097
vt 0.759202 0.520170
vt 0.727102 0.941269
vt 0.726167 0.930419
vt 0.717929 0.944619
vt 0.717189 0.933397
vt 0.328389 0.393312
vt 0.328991 0.406283
vt 0.334404 0.393431
vt 0.334839 0.406382
vt 0.697635 0.922600
vt 0.707322 0.921116
vt 0.707739 0.935736
vt 0.697872 0.937521
vt 0.716589 0.919157
vt 0.717189 0.933397
vt 0.717929 0.944619
vt 0.708270 0.947240
vt 0.809321 0.764098
vt 0.810187 0.779117
vt 0.805757 0.778272
vt 0.804820 0.763407
vt 0.799990 0.777480
vt 0.792212 0.777008
vt 0.783402 0.776831
vt 0.193090 0.255245
vt 0.195820 0.255519
vt 0.198887 0.255906
vt 0.817115 0.819588
vt 0.817804 0.807341
vt 0.820632 0.808179
vt 0.819847 0.820587
vt 0.823178 0.808998
vt 0.816815 0.765027
vt 0.817677 0.780277
vt 0.814154 0.779757
vt 0.677836 0.808887
vt 0.687160 0.808840
vt 0.696350 0.808678
vt 0.705287 0.808430
vt 0.713905 0.808098
vt 0.722251 0.807681
vt 0.730748 0.807162
vt 0.739775 0.806532
vt 0.749159 0.805817
vt 0.776370 0.803670
vt 0.784859 0.803253
vt 0.767719 0.804312
vt 0.758582 0.805055
vt 0.767719 0.804312
vt 0.206217 0.256989
vt 0.209796 0.257301
vt 0.212131 0.268816
vt 0.213850 0.257423
vt 0.216193 0.268912
vt 0.227965 0.269189
vt 0.225605 0.257529
vt 0.233325 0.257759
vt 0.242200 0.258067
vt 0.219092 0.257452
vt 0.221437 0.269013
vt 0.202481 0.256460
vt 0.204707 0.268382
vt 0.336202 0.259124
vt 0.344417 0.259118
vt 0.328004 0.259118
vt 0.263090 0.258589
vt 0.274789 0.258776
vt 0.286954 0.258915
vt 0.299111 0.259008
vt 0.310265 0.259067
vt 0.319658 0.259101
vt 0.328004 0.259118
vt 0.252166 0.258352
vt 0.258134 0.780613
vt 0.270181 0.781060
vt 0.269170 0.797060
vt 0.257148 0.796259
vt 0.282925 0.781509
vt 0.281958 0.797839
vt 0.281300 0.814127
vt 0.268560 0.812943
vt 0.256654 0.811715
vt 0.236880 0.780030
vt 0.247040 0.780236
vt 0.246149 0.795539
vt 0.236130 0.795056
vt 0.245834 0.810588
vt 0.236017 0.809791
vt 0.241569 0.861162
vt 0.249538 0.863463
vt 0.250966 0.873564
vt 0.243987 0.870793
vt 0.258813 0.867045
vt 0.259663 0.878085
vt 0.259882 0.887718
vt 0.251538 0.881778
vt 0.246110 0.877466
vt 0.306522 0.815931
vt 0.316821 0.816441
vt 0.316458 0.833124
vt 0.306104 0.832391
vt 0.326055 0.816749
vt 0.325784 0.833568
vt 0.325583 0.850309
vt 0.316202 0.849699
vt 0.305838 0.848690
vt 0.268328 0.828163
vt 0.256629 0.826437
vt 0.280934 0.829828
vt 0.280846 0.845181
vt 0.268455 0.842925
vt 0.257046 0.840596
vt 0.246072 0.824848
vt 0.236522 0.823720
vt 0.246834 0.838460
vt 0.237653 0.836970
vt 0.293722 0.847154
vt 0.293688 0.863009
vt 0.281002 0.860389
vt 0.305702 0.865053
vt 0.305641 0.880695
vt 0.293745 0.878095
vt 0.281266 0.874759
vt 0.316037 0.866391
vt 0.325442 0.867196
vt 0.325349 0.883405
vt 0.315935 0.882390
vt 0.268893 0.857411
vt 0.257842 0.854343
vt 0.269461 0.870965
vt 0.258813 0.867045
vt 0.248055 0.851541
vt 0.239389 0.849651
vt 0.249538 0.863463
vt 0.295870 0.781906
vt 0.295005 0.798513
vt 0.307828 0.782215
vt 0.307101 0.799030
vt 0.294362 0.815147
vt 0.315854 0.896921
vt 0.305585 0.894862
vt 0.325278 0.898152
vt 0.325171 0.911846
vt 0.315712 0.910396
vt 0.305426 0.907967
vt 0.326022 0.521826
vt 0.325698 0.533226
vt 0.320659 0.533325
vt 0.321061 0.521893
vt 0.325307 0.544334
vt 0.320162 0.544461
vt 0.314853 0.544613
vt 0.315465 0.533444
vt 0.315945 0.521973
vt 0.293777 0.891701
vt 0.281466 0.887628
vt 0.293633 0.904232
vt 0.281383 0.899387
vt 0.269926 0.882964
vt 0.259663 0.878085
vt 0.269965 0.893764
vt 0.332553 0.644556
vt 0.331829 0.658209
vt 0.324714 0.658366
vt 0.325778 0.644718
vt 0.331115 0.671967
vt 0.323675 0.672116
vt 0.315596 0.672335
vt 0.317030 0.658600
vt 0.318481 0.644960
vt 0.344429 0.884214
vt 0.344410 0.899130
vt 0.334773 0.898874
vt 0.334820 0.884001
vt 0.344392 0.912998
vt 0.334709 0.912698
vt 0.325171 0.911846
vt 0.325278 0.898152
vt 0.344471 0.850801
vt 0.344450 0.867839
vt 0.334882 0.867670
vt 0.334970 0.850670
vt 0.325442 0.867196
vt 0.325583 0.850309
vt 0.344513 0.817003
vt 0.344493 0.833930
vt 0.335088 0.833831
vt 0.335241 0.816933
vt 0.325784 0.833568
vt 0.326055 0.816749
vt 0.326400 0.799569
vt 0.335430 0.799689
vt 0.335241 0.816933
vt 0.326806 0.782541
vt 0.335648 0.782614
vt 0.344553 0.782644
vt 0.344534 0.799737
vt 0.336543 0.521708
vt 0.336385 0.533060
vt 0.331142 0.533133
vt 0.331384 0.521760
vt 0.336186 0.544131
vt 0.330848 0.544217
vt 0.309477 0.533599
vt 0.310042 0.522080
vt 0.308747 0.544806
vt 0.302077 0.545030
vt 0.302918 0.533779
vt 0.303563 0.522204
vt 0.296159 0.533964
vt 0.296866 0.522329
vt 0.295225 0.545266
vt 0.288305 0.545474
vt 0.289308 0.534123
vt 0.290061 0.522434
vt 0.324878 0.555181
vt 0.319592 0.555331
vt 0.324342 0.566346
vt 0.318860 0.566512
vt 0.313165 0.566712
vt 0.314122 0.555508
vt 0.335954 0.554952
vt 0.330523 0.555049
vt 0.335660 0.566106
vt 0.330119 0.566206
vt 0.307859 0.555726
vt 0.306694 0.566958
vt 0.299693 0.567249
vt 0.301043 0.555982
vt 0.294061 0.556259
vt 0.292552 0.567570
vt 0.285424 0.567861
vt 0.287047 0.556508
vt 0.323639 0.578361
vt 0.317890 0.578538
vt 0.322843 0.591030
vt 0.316764 0.591228
vt 0.310394 0.591495
vt 0.311893 0.578765
vt 0.335283 0.578121
vt 0.329595 0.578219
vt 0.334866 0.590772
vt 0.329013 0.590875
vt 0.305150 0.579057
vt 0.303327 0.591848
vt 0.295836 0.592268
vt 0.297923 0.579406
vt 0.290603 0.579786
vt 0.288310 0.592714
vt 0.280912 0.593111
vt 0.283351 0.580128
vt 0.310394 0.591494
vt 0.316764 0.591228
vt 0.315559 0.604290
vt 0.308761 0.604611
vt 0.322843 0.591030
vt 0.322017 0.604047
vt 0.321057 0.617420
vt 0.314192 0.617709
vt 0.306932 0.618084
vt 0.295836 0.592268
vt 0.303327 0.591848
vt 0.301328 0.605032
vt 0.293541 0.605520
vt 0.299092 0.618558
vt 0.290959 0.619085
vt 0.280912 0.593111
vt 0.285771 0.606023
vt 0.278192 0.606467
vt 0.282893 0.619607
vt 0.275082 0.620060
vt 0.316365 0.498549
vt 0.321415 0.498550
vt 0.321322 0.510268
vt 0.316254 0.510308
vt 0.326310 0.498550
vt 0.326234 0.510235
vt 0.321061 0.521893
vt 0.315945 0.521973
vt 0.327721 0.617197
vt 0.326815 0.630913
vt 0.319857 0.631154
vt 0.333939 0.617046
vt 0.333285 0.630752
vt 0.332553 0.644556
vt 0.325778 0.644718
vt 0.318481 0.644960
vt 0.297438 0.672990
vt 0.306836 0.672629
vt 0.304934 0.686646
vt 0.294887 0.686993
vt 0.315596 0.672335
vt 0.314265 0.686371
vt 0.313103 0.700190
vt 0.303215 0.700439
vt 0.292525 0.700765
vt 0.312572 0.631472
vt 0.304834 0.631878
vt 0.310750 0.645285
vt 0.302504 0.645695
vt 0.296542 0.632374
vt 0.288003 0.632897
vt 0.293714 0.646179
vt 0.284723 0.646664
vt 0.344615 0.498551
vt 0.344615 0.510159
vt 0.340901 0.510161
vt 0.340919 0.498551
vt 0.344615 0.521679
vt 0.340852 0.521684
vt 0.336645 0.510174
vt 0.336681 0.498551
vt 0.331541 0.510201
vt 0.331597 0.498551
vt 0.326234 0.510235
vt 0.310536 0.498547
vt 0.310406 0.510362
vt 0.303978 0.510424
vt 0.303563 0.522204
vt 0.290722 0.498538
vt 0.297484 0.498542
vt 0.297320 0.510485
vt 0.290546 0.510536
vt 0.296866 0.522328
vt 0.279580 0.633376
vt 0.271489 0.633783
vt 0.275926 0.647079
vt 0.267540 0.647426
vt 0.344622 0.616957
vt 0.344625 0.630652
vt 0.339135 0.630672
vt 0.339481 0.616975
vt 0.344627 0.644451
vt 0.338753 0.644474
vt 0.333939 0.617046
vt 0.344616 0.590717
vt 0.344619 0.603664
vt 0.339748 0.603677
vt 0.339972 0.590727
vt 0.334443 0.603734
vt 0.231245 0.618898
vt 0.235513 0.619107
vt 0.232095 0.633036
vt 0.227887 0.632749
vt 0.239877 0.619426
vt 0.236384 0.633423
vt 0.232422 0.647497
vt 0.228171 0.647101
vt 0.223993 0.646767
vt 0.344613 0.566053
vt 0.344614 0.578070
vt 0.340193 0.578079
vt 0.340393 0.566062
vt 0.344613 0.544083
vt 0.344613 0.554900
vt 0.340550 0.554909
vt 0.340672 0.544091
vt 0.344614 0.533020
vt 0.340774 0.533027
vt 0.290679 0.659746
vt 0.281216 0.660184
vt 0.300011 0.659301
vt 0.287541 0.673401
vt 0.277604 0.673818
vt 0.272059 0.660559
vt 0.263393 0.660884
vt 0.268081 0.674203
vt 0.259099 0.674555
vt 0.240048 0.751695
vt 0.250299 0.751508
vt 0.248485 0.765360
vt 0.238251 0.765377
vt 0.261355 0.751413
vt 0.259593 0.765470
vt 0.323675 0.672116
vt 0.322702 0.686169
vt 0.330409 0.686033
vt 0.329749 0.699893
vt 0.321840 0.700012
vt 0.284431 0.687401
vt 0.274034 0.687844
vt 0.281540 0.701169
vt 0.270723 0.701631
vt 0.264120 0.688288
vt 0.254747 0.688710
vt 0.260440 0.702123
vt 0.250696 0.702601
vt 0.301758 0.713474
vt 0.290485 0.713755
vt 0.312140 0.713267
vt 0.311286 0.725785
vt 0.300483 0.725933
vt 0.288717 0.726140
vt 0.321115 0.713123
vt 0.329169 0.713030
vt 0.328655 0.725626
vt 0.320468 0.725687
vt 0.279029 0.714112
vt 0.267852 0.714533
vt 0.276865 0.726410
vt 0.265395 0.726739
vt 0.257273 0.714998
vt 0.247281 0.715467
vt 0.254596 0.727116
vt 0.244459 0.727523
vt 0.308807 0.658913
vt 0.317029 0.658600
vt 0.309564 0.751426
vt 0.319181 0.751449
vt 0.318515 0.766275
vt 0.308673 0.766173
vt 0.327717 0.751465
vt 0.327253 0.766338
vt 0.326806 0.782541
vt 0.317872 0.782419
vt 0.272899 0.942977
vt 0.286777 0.951218
vt 0.285291 0.955579
vt 0.271037 0.947063
vt 0.300107 0.957466
vt 0.299021 0.962033
vt 0.297926 0.966483
vt 0.283810 0.959821
vt 0.269171 0.951031
vt 0.285630 0.751376
vt 0.298104 0.751398
vt 0.296936 0.766022
vt 0.284191 0.765838
vt 0.273220 0.751376
vt 0.271581 0.765643
vt 0.209597 0.873792
vt 0.212643 0.871806
vt 0.218397 0.885384
vt 0.215439 0.887702
vt 0.215677 0.869774
vt 0.221305 0.883015
vt 0.228356 0.896016
vt 0.225598 0.898745
vt 0.222760 0.901409
vt 0.344584 0.751484
vt 0.344570 0.766394
vt 0.335885 0.766376
vt 0.336131 0.751476
vt 0.344553 0.782644
vt 0.326806 0.782541
vt 0.327253 0.766339
vt 0.327717 0.751465
vt 0.344619 0.699802
vt 0.344613 0.712961
vt 0.336936 0.712976
vt 0.337268 0.699824
vt 0.344605 0.725583
vt 0.336642 0.725591
vt 0.328655 0.725626
vt 0.329748 0.699893
vt 0.344627 0.671854
vt 0.344624 0.685927
vt 0.337636 0.685952
vt 0.338016 0.671881
vt 0.330409 0.686033
vt 0.331115 0.671967
vt 0.331828 0.658209
vt 0.338383 0.658124
vt 0.338015 0.671881
vt 0.332553 0.644556
vt 0.338753 0.644473
vt 0.344627 0.644450
vt 0.344628 0.658098
vt 0.207356 0.841706
vt 0.211003 0.855892
vt 0.207836 0.857635
vt 0.204067 0.843194
vt 0.215677 0.869775
vt 0.212643 0.871806
vt 0.209597 0.873792
vt 0.204698 0.859338
vt 0.200842 0.844650
vt 0.203317 0.813085
vt 0.204861 0.827560
vt 0.201484 0.828808
vt 0.199892 0.814127
vt 0.198196 0.830035
vt 0.196576 0.815155
vt 0.202437 0.782628
vt 0.202504 0.797943
vt 0.199061 0.798824
vt 0.198967 0.783345
vt 0.195749 0.799689
vt 0.195645 0.784046
vt 0.197382 0.754562
vt 0.200863 0.754215
vt 0.199610 0.768302
vt 0.196220 0.768813
vt 0.204497 0.753897
vt 0.203149 0.767794
vt 0.198967 0.783345
vt 0.195645 0.784046
vt 0.195553 0.847139
vt 0.198055 0.845946
vt 0.201921 0.860855
vt 0.199381 0.862251
vt 0.200842 0.844650
vt 0.204698 0.859338
vt 0.206828 0.875561
vt 0.204244 0.877189
vt 0.191200 0.816986
vt 0.193736 0.816099
vt 0.195384 0.831149
vt 0.192880 0.832190
vt 0.196576 0.815155
vt 0.198196 0.830035
vt 0.190136 0.785160
vt 0.192755 0.784639
vt 0.192888 0.800450
vt 0.190313 0.801144
vt 0.195749 0.799689
vt 0.558149 0.901051
vt 0.552493 0.887862
vt 0.555121 0.885710
vt 0.560698 0.898536
vt 0.547942 0.873858
vt 0.550646 0.872046
vt 0.553725 0.870199
vt 0.558072 0.883416
vt 0.563505 0.895755
vt 0.245222 0.592602
vt 0.242772 0.605817
vt 0.238258 0.605570
vt 0.240526 0.592406
vt 0.235513 0.619107
vt 0.233869 0.605407
vt 0.235980 0.592255
vt 0.248490 0.620151
vt 0.254119 0.620416
vt 0.250259 0.634306
vt 0.244716 0.634156
vt 0.260635 0.620513
vt 0.256771 0.634278
vt 0.252506 0.647956
vt 0.245999 0.648109
vt 0.240539 0.648099
vt 0.249183 0.567605
vt 0.247389 0.579780
vt 0.242530 0.579598
vt 0.244188 0.567426
vt 0.237825 0.579443
vt 0.239340 0.567275
vt 0.251501 0.545155
vt 0.250508 0.556232
vt 0.245403 0.556067
vt 0.246305 0.545013
vt 0.240435 0.555946
vt 0.241239 0.544926
vt 0.252922 0.522217
vt 0.252312 0.533829
vt 0.247041 0.533712
vt 0.247597 0.522128
vt 0.241895 0.533637
vt 0.242396 0.522054
vt 0.228439 0.592135
vt 0.232021 0.592174
vt 0.230042 0.605354
vt 0.226574 0.605364
vt 0.235980 0.592255
vt 0.227532 0.618835
vt 0.224177 0.618857
vt 0.656842 0.949172
vt 0.657210 0.937444
vt 0.667320 0.938715
vt 0.667135 0.950606
vt 0.657506 0.922516
vt 0.667470 0.923540
vt 0.677542 0.939214
vt 0.677522 0.951170
vt 0.231265 0.567154
vt 0.235106 0.567193
vt 0.233727 0.579348
vt 0.230016 0.579289
vt 0.232740 0.544959
vt 0.236791 0.544919
vt 0.236082 0.555905
vt 0.232123 0.555911
vt 0.241239 0.544926
vt 0.240435 0.555946
vt 0.233647 0.521985
vt 0.237819 0.522010
vt 0.237379 0.533628
vt 0.233268 0.533656
vt 0.242396 0.522054
vt 0.253400 0.498505
vt 0.253281 0.510408
vt 0.247932 0.510355
vt 0.242702 0.510286
vt 0.242815 0.498447
vt 0.238157 0.498343
vt 0.238064 0.510198
vt 0.233810 0.510099
vt 0.242815 0.498447
vt 0.242702 0.510286
vt 0.311785 0.961517
vt 0.311027 0.966211
vt 0.322549 0.963932
vt 0.322060 0.968702
vt 0.321541 0.973364
vt 0.310245 0.970794
vt 0.247863 0.921728
vt 0.259799 0.933092
vt 0.257670 0.936859
vt 0.245525 0.925153
vt 0.255500 0.940504
vt 0.243104 0.928464
vt 0.234718 0.912206
vt 0.232067 0.915195
vt 0.237274 0.909125
vt 0.247863 0.921728
vt 0.243104 0.928464
vt 0.279696 0.920279
vt 0.292289 0.926724
vt 0.290993 0.935365
vt 0.278052 0.928256
vt 0.304379 0.931616
vt 0.303378 0.940746
vt 0.302241 0.947778
vt 0.289535 0.942013
vt 0.276240 0.934395
vt 0.295812 0.974071
vt 0.296860 0.970436
vt 0.309442 0.974882
vt 0.308628 0.978654
vt 0.321541 0.973364
vt 0.320995 0.977534
vt 0.320436 0.981387
vt 0.238639 0.934006
vt 0.240821 0.931365
vt 0.253513 0.943706
vt 0.251654 0.946624
vt 0.255500 0.940505
vt 0.267508 0.954522
vt 0.265981 0.957708
vt 0.217563 0.905829
vt 0.220098 0.903730
vt 0.229555 0.917803
vt 0.227148 0.920166
vt 0.332583 0.979083
vt 0.332295 0.982979
vt 0.332863 0.974868
vt 0.344316 0.975399
vt 0.344308 0.979628
vt 0.344300 0.983536
vt 0.333373 0.965333
vt 0.333128 0.970156
vt 0.344334 0.965820
vt 0.344326 0.970667
vt 0.344316 0.975399
vt 0.332863 0.974868
vt 0.215122 0.703797
vt 0.211583 0.716759
vt 0.207657 0.716844
vt 0.211104 0.703804
vt 0.208675 0.729009
vt 0.204850 0.729160
vt 0.201209 0.729362
vt 0.203908 0.716962
vt 0.207235 0.703818
vt 0.223748 0.675430
vt 0.219283 0.689796
vt 0.215191 0.689716
vt 0.219595 0.675244
vt 0.211212 0.689625
vt 0.215527 0.675049
vt 0.223968 0.661088
vt 0.219832 0.660796
vt 0.228174 0.661400
vt 0.223748 0.675430
vt 0.215527 0.675049
vt 0.211779 0.753250
vt 0.216473 0.752834
vt 0.214951 0.766383
vt 0.210331 0.766873
vt 0.222644 0.752395
vt 0.221024 0.765924
vt 0.219912 0.780369
vt 0.213980 0.780840
vt 0.209478 0.781404
vt 0.201409 0.703905
vt 0.204089 0.703855
vt 0.200857 0.717110
vt 0.198253 0.717276
vt 0.207234 0.703818
vt 0.203908 0.716962
vt 0.201209 0.729362
vt 0.198212 0.729612
vt 0.195625 0.729888
vt 0.209221 0.674796
vt 0.212148 0.674905
vt 0.207948 0.689564
vt 0.205148 0.689524
vt 0.211212 0.689625
vt 0.217328 0.646407
vt 0.220452 0.646551
vt 0.216366 0.660588
vt 0.213337 0.660433
vt 0.573023 0.673930
vt 0.580997 0.673555
vt 0.577384 0.688086
vt 0.569304 0.688505
vt 0.589801 0.673072
vt 0.586360 0.687567
vt 0.583194 0.702149
vt 0.574090 0.702675
vt 0.565919 0.703115
vt 0.215122 0.703797
vt 0.219283 0.689796
vt 0.222969 0.689819
vt 0.218774 0.703775
vt 0.227479 0.675538
vt 0.231530 0.675533
vt 0.226898 0.689766
vt 0.222606 0.703710
vt 0.237934 0.715896
vt 0.241549 0.703021
vt 0.244459 0.727523
vt 0.235043 0.727934
vt 0.226970 0.728299
vt 0.229883 0.716243
vt 0.233595 0.703352
vt 0.245974 0.689088
vt 0.250738 0.674883
vt 0.238220 0.689399
vt 0.243213 0.675172
vt 0.259717 0.647720
vt 0.255340 0.661182
vt 0.247995 0.661449
vt 0.250738 0.674883
vt 0.243213 0.675172
vt 0.231965 0.661647
vt 0.236289 0.647867
vt 0.240539 0.648099
vt 0.236118 0.661751
vt 0.223696 0.716477
vt 0.227370 0.703577
vt 0.220773 0.728576
vt 0.216077 0.728767
vt 0.219010 0.716617
vt 0.222606 0.703710
vt 0.231881 0.689626
vt 0.236757 0.675401
vt 0.226898 0.689766
vt 0.231530 0.675533
vt 0.241492 0.661664
vt 0.236118 0.661751
vt 0.236757 0.675401
vt 0.231530 0.675533
vt 0.230652 0.751999
vt 0.228930 0.765572
vt 0.227677 0.780081
vt 0.211583 0.716759
vt 0.215206 0.716696
vt 0.212265 0.728894
vt 0.216077 0.728767
vt 0.207990 0.753592
vt 0.206588 0.767331
vt 0.205813 0.781990
vt 0.221357 0.865939
vt 0.224831 0.863905
vt 0.230077 0.875818
vt 0.226736 0.878469
vt 0.229227 0.862059
vt 0.234016 0.873157
vt 0.240113 0.883613
vt 0.236659 0.887315
vt 0.233484 0.890672
vt 0.259799 0.933092
vt 0.261700 0.929429
vt 0.274573 0.939009
vt 0.249958 0.918404
vt 0.252153 0.914643
vt 0.263638 0.925217
vt 0.276240 0.934395
vt 0.324961 0.924918
vt 0.315420 0.923244
vt 0.315712 0.910395
vt 0.324603 0.936678
vt 0.314910 0.934787
vt 0.304379 0.931616
vt 0.305053 0.920438
vt 0.269294 0.903766
vt 0.259035 0.896300
vt 0.280818 0.910450
vt 0.267878 0.912567
vt 0.257217 0.903722
vt 0.240113 0.883613
vt 0.243457 0.880021
vt 0.250302 0.888307
vt 0.247886 0.893914
vt 0.251538 0.881778
vt 0.259882 0.887718
vt 0.259035 0.896300
vt 0.257217 0.903722
vt 0.237274 0.909125
vt 0.239573 0.906179
vt 0.228356 0.896016
vt 0.230848 0.893449
vt 0.242008 0.902909
vt 0.314158 0.944243
vt 0.324085 0.946329
vt 0.323521 0.953772
vt 0.313314 0.951532
vt 0.265834 0.919698
vt 0.254729 0.909819
vt 0.263638 0.925217
vt 0.252153 0.914643
vt 0.244922 0.898816
vt 0.242008 0.902909
vt 0.247886 0.893914
vt 0.257217 0.903722
vt 0.254729 0.909819
vt 0.293166 0.916112
vt 0.305053 0.920439
vt 0.286777 0.951218
vt 0.288157 0.946978
vt 0.301160 0.953015
vt 0.289535 0.942013
vt 0.302241 0.947778
vt 0.625258 0.577289
vt 0.627631 0.560340
vt 0.633827 0.560123
vt 0.631700 0.577014
vt 0.629481 0.544782
vt 0.635481 0.544619
vt 0.641305 0.544478
vt 0.639857 0.559940
vt 0.637979 0.576780
vt 0.300107 0.957466
vt 0.301160 0.953015
vt 0.312530 0.956940
vt 0.311785 0.961517
vt 0.302241 0.947778
vt 0.313314 0.951532
vt 0.323521 0.953772
vt 0.323019 0.959281
vt 0.333601 0.960626
vt 0.333373 0.965333
vt 0.333846 0.955053
vt 0.344344 0.955482
vt 0.344339 0.961084
vt 0.344334 0.965820
vt 0.263715 0.510496
vt 0.258346 0.510453
vt 0.263259 0.522387
vt 0.257942 0.522303
vt 0.334401 0.937779
vt 0.334132 0.947530
vt 0.344361 0.938159
vt 0.344351 0.947936
vt 0.344344 0.955482
vt 0.324603 0.936678
vt 0.324961 0.924918
vt 0.334592 0.925900
vt 0.334401 0.937779
vt 0.325171 0.911846
vt 0.334709 0.912698
vt 0.344392 0.912998
vt 0.344375 0.926243
vt 0.270906 0.606770
vt 0.273738 0.593377
vt 0.275083 0.620060
vt 0.267652 0.620382
vt 0.260635 0.620513
vt 0.263958 0.606862
vt 0.266838 0.593451
vt 0.242772 0.605817
vt 0.247058 0.606108
vt 0.243977 0.619797
vt 0.245222 0.592602
vt 0.249699 0.592815
vt 0.254530 0.593053
vt 0.251734 0.606420
vt 0.248490 0.620151
vt 0.280912 0.593111
vt 0.276259 0.580358
vt 0.283351 0.580128
vt 0.266838 0.593451
vt 0.269383 0.580428
vt 0.271522 0.568127
vt 0.278395 0.568058
vt 0.285424 0.567861
vt 0.280066 0.556675
vt 0.287047 0.556508
vt 0.273178 0.556734
vt 0.274464 0.545654
vt 0.281366 0.545611
vt 0.288305 0.545474
vt 0.282407 0.534226
vt 0.289308 0.534123
vt 0.275504 0.534253
vt 0.276298 0.522513
vt 0.283195 0.522501
vt 0.290061 0.522434
vt 0.257443 0.606711
vt 0.260315 0.593305
vt 0.254119 0.620416
vt 0.248490 0.620151
vt 0.251734 0.606420
vt 0.267652 0.620382
vt 0.263875 0.634094
vt 0.271522 0.568127
vt 0.269383 0.580428
vt 0.262832 0.580321
vt 0.264920 0.568059
vt 0.256968 0.580131
vt 0.258974 0.567918
vt 0.274464 0.545654
vt 0.273178 0.556734
vt 0.266513 0.556677
vt 0.267737 0.545594
vt 0.260480 0.556548
vt 0.261623 0.545467
vt 0.276298 0.522513
vt 0.268729 0.534195
vt 0.269491 0.522467
vt 0.262549 0.534085
vt 0.290546 0.510536
vt 0.283702 0.510567
vt 0.283888 0.498534
vt 0.276812 0.510569
vt 0.277002 0.498528
vt 0.269987 0.510540
vt 0.270172 0.498521
vt 0.257942 0.522303
vt 0.257283 0.533958
vt 0.252313 0.533829
vt 0.262549 0.534085
vt 0.261623 0.545467
vt 0.256413 0.545313
vt 0.255345 0.556396
vt 0.250508 0.556232
vt 0.260480 0.556548
vt 0.253925 0.567767
vt 0.249183 0.567605
vt 0.252016 0.579952
vt 0.247389 0.579780
vt 0.249699 0.592815
vt 0.245222 0.592602
vt 0.243977 0.619797
vt 0.240347 0.633832
vt 0.236289 0.647867
vt 0.574020 0.865493
vt 0.572526 0.852993
vt 0.579737 0.854253
vt 0.580541 0.867119
vt 0.571369 0.839639
vt 0.579095 0.840741
vt 0.587122 0.842391
vt 0.587352 0.856322
vt 0.587625 0.869965
vt 0.207356 0.841706
vt 0.204861 0.827560
vt 0.207986 0.826394
vt 0.210381 0.840322
vt 0.203317 0.813086
vt 0.206534 0.812109
vt 0.209945 0.811195
vt 0.211259 0.825304
vt 0.213520 0.839021
vt 0.237653 0.836970
vt 0.239389 0.849651
vt 0.231725 0.849186
vt 0.229384 0.836492
vt 0.234798 0.860879
vt 0.229227 0.862059
vt 0.225366 0.849838
vt 0.222484 0.836865
vt 0.236017 0.809791
vt 0.236522 0.823720
vt 0.227893 0.823318
vt 0.227164 0.809518
vt 0.220672 0.823568
vt 0.219741 0.809739
vt 0.236130 0.795056
vt 0.227087 0.794942
vt 0.227677 0.780081
vt 0.219487 0.795182
vt 0.219912 0.780369
vt 0.202504 0.797943
vt 0.205805 0.797137
vt 0.202437 0.782628
vt 0.209478 0.781404
vt 0.209353 0.796395
vt 0.220562 0.851121
vt 0.217343 0.837798
vt 0.224831 0.863905
vt 0.221357 0.865939
vt 0.216926 0.852680
vt 0.213520 0.839021
vt 0.215274 0.824301
vt 0.214142 0.810355
vt 0.211259 0.825304
vt 0.209945 0.811195
vt 0.213713 0.795707
vt 0.209353 0.796395
vt 0.209478 0.781404
vt 0.229227 0.862059
vt 0.234798 0.860879
vt 0.238547 0.871068
vt 0.234016 0.873157
vt 0.326400 0.799569
vt 0.317298 0.799367
vt 0.317872 0.782418
vt 0.307101 0.799030
vt 0.215677 0.869775
vt 0.213914 0.854259
vt 0.218463 0.867862
vt 0.221357 0.865939
vt 0.218463 0.867861
vt 0.223956 0.880793
vt 0.230848 0.893449
vt 0.602843 0.904424
vt 0.594375 0.899027
vt 0.595293 0.886883
vt 0.603839 0.891212
vt 0.586894 0.893113
vt 0.587612 0.882363
vt 0.587625 0.869965
vt 0.595647 0.873302
vt 0.604357 0.876688
vt 0.607506 0.791977
vt 0.598069 0.791437
vt 0.599316 0.776936
vt 0.608760 0.777231
vt 0.588882 0.790919
vt 0.590077 0.776669
vt 0.591641 0.761426
vt 0.600895 0.761477
vt 0.610305 0.761564
vt 0.602843 0.904424
vt 0.603839 0.891212
vt 0.612793 0.895112
vt 0.611881 0.909220
vt 0.604357 0.876688
vt 0.613358 0.879789
vt 0.622280 0.882426
vt 0.621731 0.898411
vt 0.620969 0.913270
vt 0.630387 0.901011
vt 0.629741 0.916475
vt 0.630901 0.884504
vt 0.639551 0.886135
vt 0.639093 0.903049
vt 0.638550 0.918988
vt 0.648231 0.904687
vt 0.647817 0.920990
vt 0.648603 0.887448
vt 0.658048 0.888446
vt 0.657781 0.905931
vt 0.595725 0.858837
vt 0.604645 0.861454
vt 0.587352 0.856322
vt 0.587122 0.842391
vt 0.595792 0.844337
vt 0.604911 0.846339
vt 0.570805 0.826854
vt 0.578871 0.827761
vt 0.570727 0.814694
vt 0.579013 0.815368
vt 0.587503 0.816332
vt 0.587177 0.829055
vt 0.613358 0.879789
vt 0.613761 0.863871
vt 0.622732 0.865936
vt 0.614149 0.848191
vt 0.623176 0.849781
vt 0.630901 0.884504
vt 0.631355 0.867571
vt 0.639969 0.868858
vt 0.631800 0.851050
vt 0.640372 0.852055
vt 0.658048 0.888446
vt 0.648603 0.887448
vt 0.648953 0.869893
vt 0.658307 0.870679
vt 0.649286 0.852862
vt 0.658552 0.853476
vt 0.596056 0.830537
vt 0.605315 0.832048
vt 0.587177 0.829055
vt 0.587503 0.816332
vt 0.596520 0.817431
vt 0.605868 0.818550
vt 0.587625 0.869965
vt 0.587612 0.882363
vt 0.581118 0.878134
vt 0.580541 0.867119
vt 0.586895 0.893113
vt 0.580765 0.887057
vt 0.576636 0.882690
vt 0.575515 0.875695
vt 0.574020 0.865493
vt 0.614632 0.833449
vt 0.623682 0.834661
vt 0.615224 0.819595
vt 0.624267 0.820509
vt 0.632279 0.835640
vt 0.640787 0.836421
vt 0.632815 0.821256
vt 0.641243 0.821860
vt 0.649613 0.837050
vt 0.658781 0.837533
vt 0.649967 0.822349
vt 0.659025 0.822729
vt 0.618715 0.520025
vt 0.625393 0.519959
vt 0.624614 0.531775
vt 0.617893 0.531866
vt 0.631408 0.519867
vt 0.630687 0.531646
vt 0.629481 0.544782
vt 0.623307 0.544954
vt 0.616511 0.545079
vt 0.571564 0.790239
vt 0.572531 0.776425
vt 0.581250 0.776479
vt 0.580149 0.790489
vt 0.573921 0.761573
vt 0.582751 0.761448
vt 0.591641 0.761426
vt 0.590077 0.776669
vt 0.588882 0.790919
vt 0.625828 0.792948
vt 0.616862 0.792490
vt 0.618078 0.777515
vt 0.626967 0.777772
vt 0.619546 0.761650
vt 0.628324 0.761732
vt 0.642466 0.793655
vt 0.634235 0.793336
vt 0.635266 0.777995
vt 0.643358 0.778181
vt 0.636482 0.761813
vt 0.644404 0.761882
vt 0.659721 0.794114
vt 0.650946 0.793914
vt 0.651667 0.778327
vt 0.660239 0.778436
vt 0.652509 0.761931
vt 0.660841 0.761964
vt 0.667470 0.923540
vt 0.667620 0.906743
vt 0.657506 0.922516
vt 0.667774 0.889092
vt 0.677646 0.889335
vt 0.602757 0.745634
vt 0.612079 0.745565
vt 0.593546 0.745745
vt 0.595691 0.730288
vt 0.604807 0.730055
vt 0.613996 0.729875
vt 0.667929 0.871190
vt 0.677688 0.871386
vt 0.668075 0.853881
vt 0.677730 0.854041
vt 0.668207 0.837859
vt 0.677768 0.837992
vt 0.668345 0.822991
vt 0.677803 0.823102
vt 0.677867 0.794319
vt 0.668732 0.794254
vt 0.669015 0.778511
vt 0.677900 0.778549
vt 0.669342 0.761984
vt 0.604779 0.611892
vt 0.608341 0.594954
vt 0.615682 0.594667
vt 0.612359 0.611557
vt 0.611573 0.577826
vt 0.618684 0.577586
vt 0.622527 0.594331
vt 0.619482 0.611182
vt 0.597155 0.644358
vt 0.600995 0.628547
vt 0.608791 0.628151
vt 0.605162 0.643916
vt 0.616175 0.627720
vt 0.612809 0.643446
vt 0.667415 0.609487
vt 0.672777 0.609414
vt 0.672401 0.625649
vt 0.666690 0.625740
vt 0.678151 0.609392
vt 0.678133 0.625623
vt 0.672020 0.641141
vt 0.665954 0.641239
vt 0.630687 0.531646
vt 0.636562 0.531522
vt 0.637210 0.519780
vt 0.642822 0.519706
vt 0.642252 0.531415
vt 0.629233 0.594000
vt 0.626470 0.610800
vt 0.635776 0.593712
vt 0.633305 0.610461
vt 0.623466 0.627292
vt 0.620421 0.642983
vt 0.630639 0.626914
vt 0.627949 0.642570
vt 0.641305 0.544478
vt 0.646833 0.544359
vt 0.645584 0.559789
vt 0.639857 0.559940
vt 0.651915 0.544261
vt 0.650852 0.559667
vt 0.649463 0.576449
vt 0.643954 0.576594
vt 0.637979 0.576780
vt 0.642822 0.519706
vt 0.648149 0.519647
vt 0.647652 0.531325
vt 0.653042 0.519601
vt 0.652615 0.531254
vt 0.642027 0.593488
vt 0.635776 0.593711
vt 0.647820 0.593321
vt 0.645981 0.610011
vt 0.639870 0.610203
vt 0.637560 0.626622
vt 0.630639 0.626914
vt 0.644014 0.626403
vt 0.642029 0.641991
vt 0.635233 0.642241
vt 0.627949 0.642570
vt 0.656476 0.544185
vt 0.655585 0.559572
vt 0.660769 0.544124
vt 0.660047 0.559497
vt 0.659119 0.576247
vt 0.654429 0.576337
vt 0.657426 0.519568
vt 0.657064 0.531199
vt 0.661543 0.519542
vt 0.661247 0.531155
vt 0.653067 0.593192
vt 0.658036 0.593084
vt 0.656801 0.609729
vt 0.651534 0.609861
vt 0.649872 0.626229
vt 0.655431 0.626066
vt 0.654044 0.641615
vt 0.648191 0.641797
vt 0.665070 0.544073
vt 0.664523 0.559433
vt 0.669423 0.544033
vt 0.669055 0.559384
vt 0.668588 0.576109
vt 0.663826 0.576170
vt 0.665662 0.519521
vt 0.665434 0.531118
vt 0.669827 0.519505
vt 0.669670 0.531090
vt 0.663017 0.592987
vt 0.668047 0.592906
vt 0.662082 0.609599
vt 0.661023 0.625892
vt 0.659951 0.641414
vt 0.614361 0.560755
vt 0.621286 0.560575
vt 0.616511 0.545079
vt 0.577931 0.731014
vt 0.580398 0.716474
vt 0.589261 0.715972
vt 0.586842 0.730614
vt 0.583194 0.702149
vt 0.591957 0.701601
vt 0.600542 0.701099
vt 0.597998 0.715532
vt 0.595691 0.730289
vt 0.631994 0.496304
vt 0.637734 0.496316
vt 0.637592 0.508101
vt 0.631834 0.508143
vt 0.643287 0.496325
vt 0.643160 0.508067
vt 0.673379 0.576070
vt 0.673102 0.592852
vt 0.678184 0.576059
vt 0.673811 0.544009
vt 0.673620 0.559354
vt 0.678201 0.559346
vt 0.577671 0.611695
vt 0.573770 0.628408
vt 0.569425 0.627876
vt 0.573174 0.611290
vt 0.569810 0.644423
vt 0.565580 0.643878
vt 0.561801 0.643520
vt 0.565541 0.627509
vt 0.569141 0.610977
vt 0.674027 0.519497
vt 0.673942 0.531074
vt 0.678245 0.519497
vt 0.678232 0.531071
vt 0.669973 0.496364
vt 0.674114 0.496369
vt 0.674084 0.507986
vt 0.669928 0.507987
vt 0.678272 0.496374
vt 0.678258 0.507989
vt 0.661801 0.496354
vt 0.665865 0.496359
vt 0.665805 0.507992
vt 0.661726 0.507999
vt 0.653402 0.496342
vt 0.657736 0.496348
vt 0.657648 0.508009
vt 0.653302 0.508022
vt 0.648559 0.496334
vt 0.648446 0.508041
vt 0.631408 0.519868
vt 0.625859 0.508186
vt 0.631834 0.508143
vt 0.618715 0.520025
vt 0.619213 0.508214
vt 0.619405 0.496276
vt 0.626037 0.496292
vt 0.631994 0.496304
vt 0.622915 0.671225
vt 0.614706 0.671681
vt 0.617514 0.657547
vt 0.625389 0.657098
vt 0.606444 0.672155
vt 0.609571 0.658025
vt 0.620420 0.642983
vt 0.627949 0.642570
vt 0.610305 0.761563
vt 0.612079 0.745565
vt 0.621194 0.745503
vt 0.619547 0.761650
vt 0.613996 0.729875
vt 0.622944 0.729708
vt 0.631380 0.729568
vt 0.629818 0.745454
vt 0.628323 0.761732
vt 0.637805 0.745430
vt 0.636482 0.761813
vt 0.639168 0.729473
vt 0.646677 0.729410
vt 0.645531 0.745419
vt 0.653408 0.745405
vt 0.654309 0.729359
vt 0.662107 0.729318
vt 0.661477 0.745390
vt 0.660841 0.761964
vt 0.606973 0.715201
vt 0.615995 0.714938
vt 0.600542 0.701099
vt 0.609330 0.700695
vt 0.618135 0.700359
vt 0.586360 0.687568
vt 0.594985 0.687052
vt 0.589801 0.673072
vt 0.598248 0.672609
vt 0.603395 0.686566
vt 0.631380 0.729568
vt 0.622944 0.729708
vt 0.624745 0.714697
vt 0.632964 0.714494
vt 0.626648 0.700057
vt 0.634621 0.699810
vt 0.640529 0.714353
vt 0.647803 0.714256
vt 0.641941 0.699640
vt 0.648964 0.699521
vt 0.662107 0.729318
vt 0.654309 0.729359
vt 0.655183 0.714179
vt 0.662710 0.714120
vt 0.656077 0.699421
vt 0.663323 0.699346
vt 0.611942 0.686116
vt 0.620469 0.685706
vt 0.603395 0.686566
vt 0.595691 0.730289
vt 0.593546 0.745745
vt 0.584646 0.745935
vt 0.586842 0.730614
vt 0.591641 0.761426
vt 0.582751 0.761449
vt 0.573921 0.761573
vt 0.575747 0.746209
vt 0.577931 0.731014
vt 0.628701 0.685348
vt 0.636401 0.685067
vt 0.630842 0.670837
vt 0.638251 0.670542
vt 0.643457 0.684878
vt 0.650211 0.684743
vt 0.645023 0.670344
vt 0.651489 0.670191
vt 0.657038 0.684619
vt 0.663981 0.684523
vt 0.658016 0.670038
vt 0.664647 0.669911
vt 0.578098 0.918113
vt 0.586862 0.927579
vt 0.584725 0.931376
vt 0.575656 0.921615
vt 0.596327 0.935840
vt 0.594496 0.939886
vt 0.592591 0.943452
vt 0.582589 0.934727
vt 0.573329 0.924719
vt 0.593410 0.658938
vt 0.601642 0.658488
vt 0.633005 0.656728
vt 0.640117 0.656448
vt 0.635233 0.642241
vt 0.642029 0.641991
vt 0.646586 0.656246
vt 0.652747 0.656073
vt 0.648191 0.641797
vt 0.654044 0.641615
vt 0.658966 0.655886
vt 0.665288 0.655725
vt 0.659951 0.641414
vt 0.665955 0.641239
vt 0.669684 0.745377
vt 0.677961 0.745380
vt 0.661477 0.745390
vt 0.670019 0.729290
vt 0.677988 0.729287
vt 0.538822 0.764299
vt 0.540307 0.748699
vt 0.543932 0.748328
vt 0.542491 0.763783
vt 0.542257 0.733323
vt 0.545836 0.733099
vt 0.549933 0.732816
vt 0.548058 0.747924
vt 0.546645 0.763245
vt 0.670337 0.714086
vt 0.670658 0.699307
vt 0.678036 0.699303
vt 0.671001 0.684474
vt 0.678058 0.684467
vt 0.671346 0.669846
vt 0.678079 0.669834
vt 0.678098 0.655620
vt 0.671677 0.655639
vt 0.672020 0.641141
vt 0.678079 0.669834
vt 0.665288 0.655725
vt 0.665955 0.641239
vt 0.589541 0.544905
vt 0.587375 0.560532
vt 0.582445 0.560332
vt 0.584468 0.544709
vt 0.584574 0.577569
vt 0.579802 0.577344
vt 0.575493 0.577104
vt 0.577984 0.560103
vt 0.579861 0.544487
vt 0.562043 0.627546
vt 0.565542 0.610865
vt 0.558383 0.643650
vt 0.555155 0.644085
vt 0.558752 0.627833
vt 0.562180 0.610877
vt 0.591757 0.519895
vt 0.590951 0.531720
vt 0.585788 0.531532
vt 0.586548 0.519736
vt 0.581073 0.531326
vt 0.581776 0.519565
vt 0.592275 0.496220
vt 0.592160 0.508111
vt 0.586931 0.508012
vt 0.587046 0.496197
vt 0.582157 0.507905
vt 0.582294 0.496168
vt 0.572502 0.594156
vt 0.576673 0.594422
vt 0.575493 0.577104
vt 0.579802 0.577344
vt 0.584574 0.577569
vt 0.581307 0.594715
vt 0.577671 0.611695
vt 0.574052 0.559870
vt 0.575840 0.544303
vt 0.571656 0.576846
vt 0.568082 0.576578
vt 0.570421 0.559638
vt 0.572156 0.544147
vt 0.282457 0.963570
vt 0.281190 0.967002
vt 0.283810 0.959821
vt 0.576952 0.531176
vt 0.577588 0.519445
vt 0.573178 0.531065
vt 0.573741 0.519359
vt 0.577968 0.507827
vt 0.578134 0.496142
vt 0.574120 0.507770
vt 0.574316 0.496118
vt 0.562249 0.674049
vt 0.558606 0.688838
vt 0.554452 0.688891
vt 0.558053 0.673951
vt 0.555232 0.703623
vt 0.551129 0.703751
vt 0.547499 0.703855
vt 0.550748 0.688934
vt 0.554297 0.673884
vt 0.568782 0.593937
vt 0.565310 0.593747
vt 0.544658 0.718507
vt 0.541647 0.718675
vt 0.544426 0.703974
vt 0.542257 0.733323
vt 0.539262 0.733565
vt 0.536599 0.733825
vt 0.538961 0.718863
vt 0.541673 0.704106
vt 0.552324 0.718165
vt 0.548240 0.718360
vt 0.545837 0.733099
vt 0.565580 0.643878
vt 0.561777 0.659093
vt 0.558018 0.658862
vt 0.569810 0.644423
vt 0.565977 0.659444
vt 0.558053 0.673951
vt 0.554297 0.673884
vt 0.538822 0.764299
vt 0.535806 0.764798
vt 0.537295 0.749074
vt 0.540307 0.748699
vt 0.533171 0.765290
vt 0.534635 0.749454
vt 0.539262 0.733565
vt 0.547573 0.688992
vt 0.551017 0.673921
vt 0.544702 0.689060
vt 0.548006 0.674024
vt 0.551017 0.673921
vt 0.554663 0.658958
vt 0.558018 0.658862
vt 0.551529 0.659261
vt 0.555155 0.644085
vt 0.558383 0.643650
vt 0.561801 0.643520
vt 0.212699 0.889742
vt 0.210110 0.891601
vt 0.544951 0.816567
vt 0.545866 0.828793
vt 0.542400 0.830049
vt 0.541271 0.817681
vt 0.547594 0.841931
vt 0.544298 0.843326
vt 0.541419 0.844711
vt 0.539399 0.831293
vt 0.538105 0.818765
vt 0.544263 0.859177
vt 0.541638 0.860664
vt 0.538732 0.846045
vt 0.547942 0.873858
vt 0.545403 0.875538
vt 0.542932 0.877133
vt 0.539075 0.862103
vt 0.536127 0.847348
vt 0.550228 0.856052
vt 0.547047 0.857616
vt 0.537344 0.793810
vt 0.540903 0.793119
vt 0.540805 0.805730
vt 0.537431 0.806605
vt 0.544985 0.792321
vt 0.544712 0.804776
vt 0.544951 0.816567
vt 0.538104 0.818765
vt 0.555837 0.903255
vt 0.550067 0.889790
vt 0.552493 0.887862
vt 0.553653 0.905282
vt 0.547738 0.891584
vt 0.545403 0.875538
vt 0.547942 0.873858
vt 0.536664 0.832484
vt 0.535325 0.819788
vt 0.534055 0.833643
vt 0.532746 0.820774
vt 0.537344 0.793810
vt 0.534449 0.794448
vt 0.534853 0.780128
vt 0.537821 0.779567
vt 0.531939 0.795063
vt 0.532288 0.780672
vt 0.191734 0.755340
vt 0.194400 0.754942
vt 0.193280 0.769279
vt 0.190621 0.769715
vt 0.616135 0.948823
vt 0.625654 0.953332
vt 0.624421 0.957731
vt 0.614706 0.953153
vt 0.635220 0.956805
vt 0.634209 0.961251
vt 0.633230 0.965380
vt 0.623212 0.961758
vt 0.613270 0.957053
vt 0.643801 0.968260
vt 0.643133 0.972077
vt 0.632335 0.969110
vt 0.654841 0.970386
vt 0.654417 0.974261
vt 0.654022 0.977919
vt 0.642504 0.975669
vt 0.631492 0.972608
vt 0.645304 0.959574
vt 0.644534 0.964058
vt 0.655833 0.961653
vt 0.655316 0.966144
vt 0.606244 0.942965
vt 0.604635 0.947184
vt 0.602967 0.950933
vt 0.560698 0.898536
vt 0.567579 0.910584
vt 0.565121 0.913416
vt 0.563505 0.895755
vt 0.570233 0.907408
vt 0.578098 0.918113
vt 0.575656 0.921615
vt 0.573328 0.924719
vt 0.580644 0.937644
vt 0.571222 0.927435
vt 0.590841 0.946557
vt 0.589203 0.949406
vt 0.578826 0.940322
vt 0.569250 0.929935
vt 0.677504 0.967861
vt 0.666352 0.967422
vt 0.666610 0.962969
vt 0.677539 0.972109
vt 0.666138 0.971674
vt 0.655316 0.966144
vt 0.655833 0.961653
vt 0.622094 0.965380
vt 0.611933 0.960534
vt 0.621034 0.968771
vt 0.610663 0.963783
vt 0.601421 0.954232
vt 0.599962 0.957286
vt 0.573328 0.924719
vt 0.562903 0.915890
vt 0.565121 0.913416
vt 0.560824 0.918165
vt 0.224267 0.632607
vt 0.221031 0.632551
vt 0.618703 0.936733
vt 0.627921 0.941077
vt 0.626830 0.948314
vt 0.617453 0.943813
vt 0.637096 0.944470
vt 0.636197 0.951806
vt 0.677631 0.976005
vt 0.665981 0.975570
vt 0.665857 0.979252
vt 0.654417 0.974261
vt 0.599464 0.924765
vt 0.601246 0.915783
vt 0.610522 0.921516
vt 0.609013 0.931261
vt 0.619918 0.926360
vt 0.582919 0.908957
vt 0.585198 0.901997
vt 0.592736 0.909289
vt 0.590756 0.917363
vt 0.586895 0.893113
vt 0.594375 0.899027
vt 0.570035 0.889318
vt 0.573754 0.885528
vt 0.578766 0.893955
vt 0.575907 0.899494
vt 0.580765 0.887057
vt 0.586894 0.893113
vt 0.585198 0.901997
vt 0.582919 0.908957
vt 0.556884 0.839652
vt 0.563714 0.839285
vt 0.565445 0.852797
vt 0.559099 0.853438
vt 0.574020 0.865493
vt 0.567719 0.865607
vt 0.562041 0.866843
vt 0.646761 0.947132
vt 0.646067 0.954565
vt 0.656842 0.949172
vt 0.656365 0.956662
vt 0.599464 0.924765
vt 0.607641 0.938055
vt 0.597896 0.931139
vt 0.293938 0.831274
vt 0.582919 0.908957
vt 0.588828 0.923190
vt 0.580524 0.914111
vt 0.677510 0.958607
vt 0.666886 0.958074
vt 0.667135 0.950606
vt 0.656365 0.956662
vt 0.656842 0.949172
vt 0.555059 0.814730
vt 0.562457 0.814458
vt 0.562774 0.826510
vt 0.555601 0.826775
vt 0.570727 0.814694
vt 0.570805 0.826854
vt 0.566589 0.892743
vt 0.573013 0.903847
vt 0.570035 0.889318
vt 0.575907 0.899494
vt 0.580524 0.914111
vt 0.570035 0.889318
vt 0.566588 0.892743
vt 0.561485 0.881075
vt 0.565547 0.878652
vt 0.563505 0.895755
vt 0.558072 0.883416
vt 0.557426 0.868440
vt 0.562040 0.866843
vt 0.555341 0.790651
vt 0.562973 0.790264
vt 0.562537 0.802660
vt 0.555005 0.802994
vt 0.570978 0.802764
vt 0.562041 0.866843
vt 0.567719 0.865606
vt 0.570331 0.876364
vt 0.565547 0.878652
vt 0.574020 0.865493
vt 0.575515 0.875695
vt 0.571255 0.716976
vt 0.563067 0.717445
vt 0.580398 0.716474
vt 0.577931 0.731014
vt 0.568824 0.731458
vt 0.560691 0.731931
vt 0.601346 0.545071
vt 0.608851 0.545105
vt 0.606620 0.560812
vt 0.599084 0.560773
vt 0.611573 0.577826
vt 0.603720 0.577937
vt 0.596146 0.577912
vt 0.556884 0.839652
vt 0.559099 0.853438
vt 0.554105 0.854598
vt 0.551615 0.840621
vt 0.562041 0.866843
vt 0.557426 0.868440
vt 0.555059 0.814729
vt 0.555601 0.826775
vt 0.550080 0.827617
vt 0.549351 0.815505
vt 0.549544 0.791417
vt 0.549224 0.803780
vt 0.549351 0.815505
vt 0.557133 0.762198
vt 0.551236 0.762695
vt 0.552696 0.747460
vt 0.558701 0.746987
vt 0.548058 0.747924
vt 0.549934 0.732816
vt 0.554602 0.732408
vt 0.560691 0.731930
vt 0.580830 0.644900
vt 0.588674 0.644721
vt 0.584771 0.659364
vt 0.576867 0.659643
vt 0.597155 0.644358
vt 0.593410 0.658938
vt 0.566724 0.746563
vt 0.558701 0.746987
vt 0.575747 0.746209
vt 0.565020 0.761820
vt 0.557133 0.762198
vt 0.611573 0.577826
vt 0.600346 0.595136
vt 0.604779 0.611892
vt 0.596625 0.612144
vt 0.588944 0.612219
vt 0.592727 0.595157
vt 0.565919 0.703115
vt 0.556972 0.717854
vt 0.559857 0.703424
vt 0.554602 0.732408
vt 0.573023 0.673930
vt 0.569304 0.688505
vt 0.563260 0.688737
vt 0.566967 0.674076
vt 0.574677 0.644797
vt 0.570764 0.659661
vt 0.580830 0.644900
vt 0.574677 0.644797
vt 0.578732 0.628812
vt 0.584913 0.628974
vt 0.569810 0.644423
vt 0.577671 0.611695
vt 0.582740 0.612044
vt 0.588944 0.612219
vt 0.603662 0.520017
vt 0.611134 0.520038
vt 0.610283 0.531883
vt 0.602804 0.531857
vt 0.604345 0.496239
vt 0.611844 0.496256
vt 0.611646 0.508214
vt 0.604161 0.508195
vt 0.619213 0.508214
vt 0.597154 0.644358
vt 0.588674 0.644721
vt 0.592676 0.628856
vt 0.600995 0.628547
vt 0.596625 0.612144
vt 0.604779 0.611892
vt 0.586484 0.594991
vt 0.589858 0.577774
vt 0.582740 0.612044
vt 0.581307 0.594715
vt 0.602804 0.531857
vt 0.596461 0.531817
vt 0.597302 0.519980
vt 0.595007 0.545016
vt 0.599083 0.560773
vt 0.592761 0.560679
vt 0.592275 0.496220
vt 0.597901 0.496231
vt 0.597754 0.508167
vt 0.592160 0.508111
vt 0.591757 0.519895
vt 0.628908 0.930217
vt 0.637885 0.933239
vt 0.637096 0.944470
vt 0.329013 0.590875
vt 0.328422 0.603860
vt 0.334866 0.590772
vt 0.334443 0.603734
vt 0.657506 0.922516
vt 0.657210 0.937443
vt 0.647338 0.935619
vt 0.647817 0.920990
vt 0.646761 0.947132
vt 0.638550 0.918988
vt 0.551236 0.762695
vt 0.550204 0.777580
vt 0.545632 0.778307
vt 0.556032 0.776948
vt 0.563782 0.776565
vt 0.572531 0.776425
vt 0.196057 0.741941
vt 0.193431 0.742293
vt 0.199045 0.741623
vt 0.535325 0.819788
vt 0.534600 0.807418
vt 0.537431 0.806605
vt 0.532072 0.808199
vt 0.538822 0.764299
vt 0.542491 0.763783
vt 0.541477 0.778970
vt 0.537821 0.779567
vt 0.668513 0.808798
vt 0.677836 0.808887
vt 0.659325 0.808596
vt 0.650392 0.808307
vt 0.641779 0.807937
vt 0.633440 0.807481
vt 0.624952 0.806924
vt 0.615937 0.806253
vt 0.606569 0.805493
vt 0.570978 0.802764
vt 0.579425 0.803218
vt 0.588050 0.803901
vt 0.597165 0.804687
vt 0.212265 0.728894
vt 0.209879 0.740960
vt 0.206333 0.741151
vt 0.216077 0.728767
vt 0.213689 0.740737
vt 0.226970 0.728299
vt 0.235043 0.727934
vt 0.232666 0.739682
vt 0.224606 0.740073
vt 0.242093 0.739309
vt 0.220773 0.728576
vt 0.218401 0.740436
vt 0.204850 0.729160
vt 0.202604 0.741363
vt 0.344596 0.738129
vt 0.336379 0.738130
vt 0.328179 0.738143
vt 0.274963 0.738540
vt 0.263268 0.738741
vt 0.287125 0.738388
vt 0.299282 0.738281
vt 0.310437 0.738211
vt 0.319832 0.738168
vt 0.328179 0.738143
vt 0.252312 0.738995
vt 0.430819 0.216382
vt 0.418755 0.215972
vt 0.419715 0.199949
vt 0.431757 0.200708
vt 0.405996 0.215562
vt 0.406911 0.199214
vt 0.407511 0.182910
vt 0.420268 0.184045
vt 0.432196 0.185228
vt 0.451830 0.216931
vt 0.441895 0.216729
vt 0.442746 0.201393
vt 0.452561 0.201874
vt 0.443014 0.186316
vt 0.452659 0.187116
vt 0.446915 0.135756
vt 0.439060 0.133416
vt 0.437601 0.123311
vt 0.444512 0.126096
vt 0.429788 0.129864
vt 0.428890 0.118823
vt 0.428626 0.109188
vt 0.437000 0.115090
vt 0.442411 0.119397
vt 0.382269 0.181197
vt 0.371966 0.180723
vt 0.372270 0.164037
vt 0.382627 0.164731
vt 0.362730 0.180447
vt 0.362942 0.163628
vt 0.363081 0.146889
vt 0.372463 0.147463
vt 0.382831 0.148430
vt 0.420437 0.168810
vt 0.432155 0.170488
vt 0.407817 0.167196
vt 0.407841 0.151836
vt 0.420245 0.154039
vt 0.431669 0.156319
vt 0.442711 0.172038
vt 0.452135 0.173178
vt 0.441878 0.158420
vt 0.450961 0.159933
vt 0.394954 0.149916
vt 0.394923 0.134059
vt 0.407622 0.136623
vt 0.382901 0.132068
vt 0.382895 0.116432
vt 0.394801 0.118976
vt 0.407296 0.122254
vt 0.372561 0.130774
vt 0.363156 0.130008
vt 0.363185 0.113807
vt 0.372597 0.114782
vt 0.419746 0.139547
vt 0.430811 0.142567
vt 0.419120 0.125992
vt 0.429788 0.129864
vt 0.440592 0.145338
vt 0.449148 0.147267
vt 0.439060 0.133416
vt 0.446915 0.135756
vt 0.393039 0.215204
vt 0.393852 0.198583
vt 0.381073 0.214930
vt 0.381747 0.198106
vt 0.394438 0.181937
vt 0.372616 0.100261
vt 0.382888 0.102271
vt 0.363194 0.099072
vt 0.363242 0.085393
vt 0.372698 0.086800
vt 0.382985 0.089176
vt 0.363200 0.475272
vt 0.363518 0.463875
vt 0.368555 0.463773
vt 0.368161 0.475203
vt 0.363902 0.452772
vt 0.369045 0.452641
vt 0.374352 0.452485
vt 0.373748 0.463651
vt 0.373276 0.475120
vt 0.394706 0.105375
vt 0.407035 0.109387
vt 0.394789 0.092850
vt 0.407059 0.097631
vt 0.418599 0.113995
vt 0.428890 0.118823
vt 0.418506 0.103195
vt 0.428626 0.109188
vt 0.356600 0.352625
vt 0.357312 0.338981
vt 0.364422 0.338817
vt 0.363371 0.352458
vt 0.358009 0.325231
vt 0.365446 0.325073
vt 0.373522 0.324845
vt 0.372103 0.338576
vt 0.370664 0.352210
vt 0.344115 0.113076
vt 0.344076 0.098172
vt 0.353704 0.098389
vt 0.353717 0.113250
vt 0.353712 0.084581
vt 0.363242 0.085393
vt 0.363194 0.099072
vt 0.363185 0.113807
vt 0.344197 0.146467
vt 0.344156 0.129438
vt 0.353719 0.129571
vt 0.353695 0.146563
vt 0.363156 0.130008
vt 0.363081 0.146889
vt 0.344236 0.163333
vt 0.353638 0.163398
vt 0.353544 0.180295
vt 0.362942 0.163628
vt 0.362730 0.180447
vt 0.362730 0.180447
vt 0.362442 0.197630
vt 0.353411 0.197538
vt 0.353544 0.180295
vt 0.362088 0.214660
vt 0.353245 0.214614
vt 0.344341 0.214610
vt 0.344308 0.197519
vt 0.352681 0.475395
vt 0.352834 0.464046
vt 0.358076 0.463971
vt 0.357839 0.475341
vt 0.353028 0.452980
vt 0.358364 0.452891
vt 0.379734 0.463491
vt 0.379178 0.475008
vt 0.380455 0.452288
vt 0.387123 0.452058
vt 0.386292 0.463305
vt 0.385656 0.474878
vt 0.393049 0.463114
vt 0.392353 0.474747
vt 0.393971 0.451816
vt 0.400888 0.451601
vt 0.399898 0.462947
vt 0.399158 0.474633
vt 0.364325 0.441930
vt 0.369608 0.441776
vt 0.364854 0.430771
vt 0.370333 0.430602
vt 0.376024 0.430398
vt 0.375075 0.441595
vt 0.353254 0.442164
vt 0.358683 0.442065
vt 0.353542 0.431016
vt 0.359080 0.430914
vt 0.381334 0.441373
vt 0.382490 0.430148
vt 0.389486 0.429851
vt 0.388147 0.441112
vt 0.395124 0.440829
vt 0.396621 0.429525
vt 0.403743 0.429228
vt 0.402134 0.440574
vt 0.365549 0.418763
vt 0.371294 0.418583
vt 0.366337 0.406104
vt 0.372412 0.405902
vt 0.378776 0.405632
vt 0.377286 0.418353
vt 0.353913 0.419010
vt 0.359597 0.418909
vt 0.354323 0.406368
vt 0.360171 0.406262
vt 0.384024 0.418056
vt 0.385837 0.405274
vt 0.393322 0.404850
vt 0.391245 0.417702
vt 0.398559 0.417318
vt 0.400840 0.404400
vt 0.408230 0.404000
vt 0.405803 0.416971
vt 0.378776 0.405632
vt 0.373608 0.392850
vt 0.380401 0.392525
vt 0.367155 0.393096
vt 0.368107 0.379733
vt 0.374967 0.379440
vt 0.382221 0.379061
vt 0.393322 0.404850
vt 0.385837 0.405274
vt 0.387827 0.392101
vt 0.395608 0.391610
vt 0.390055 0.378584
vt 0.398182 0.378053
vt 0.408230 0.404000
vt 0.400840 0.404400
vt 0.403370 0.391103
vt 0.410941 0.390657
vt 0.406242 0.377529
vt 0.414046 0.377075
vt 0.372869 0.498547
vt 0.367818 0.498548
vt 0.367906 0.486827
vt 0.372974 0.486785
vt 0.362921 0.498549
vt 0.362993 0.486863
vt 0.363200 0.475272
vt 0.368161 0.475203
vt 0.373276 0.475120
vt 0.361448 0.379960
vt 0.362345 0.366254
vt 0.369297 0.366008
vt 0.355235 0.380114
vt 0.355880 0.366420
vt 0.356600 0.352625
vt 0.363371 0.352458
vt 0.370663 0.352210
vt 0.391677 0.324172
vt 0.382280 0.324542
vt 0.384167 0.310524
vt 0.394214 0.310166
vt 0.374837 0.310811
vt 0.375980 0.296992
vt 0.385869 0.296729
vt 0.396561 0.296387
vt 0.376577 0.365686
vt 0.384311 0.365275
vt 0.378390 0.351880
vt 0.386632 0.351464
vt 0.392598 0.364775
vt 0.401133 0.364249
vt 0.395419 0.350975
vt 0.404407 0.350486
vt 0.344615 0.498551
vt 0.344614 0.486944
vt 0.348327 0.486941
vt 0.348311 0.498551
vt 0.344612 0.475427
vt 0.348374 0.475421
vt 0.352582 0.486927
vt 0.352549 0.498550
vt 0.357686 0.486898
vt 0.357633 0.498550
vt 0.362921 0.498549
vt 0.385113 0.498544
vt 0.378700 0.498546
vt 0.378823 0.486727
vt 0.385252 0.486660
vt 0.385656 0.474878
vt 0.398526 0.498539
vt 0.391759 0.498542
vt 0.391911 0.486592
vt 0.398688 0.486533
vt 0.392353 0.474747
vt 0.399158 0.474633
vt 0.409552 0.363768
vt 0.417640 0.363361
vt 0.413204 0.350069
vt 0.421590 0.349721
vt 0.344561 0.380210
vt 0.344549 0.366528
vt 0.350034 0.366503
vt 0.349698 0.380189
vt 0.344536 0.352742
vt 0.350405 0.352713
vt 0.355880 0.366420
vt 0.355235 0.380114
vt 0.344581 0.406427
vt 0.344571 0.393492
vt 0.349438 0.393476
vt 0.349221 0.406416
vt 0.354739 0.393416
vt 0.457892 0.378275
vt 0.453627 0.378064
vt 0.457078 0.364166
vt 0.461295 0.364463
vt 0.449250 0.377734
vt 0.452750 0.363753
vt 0.456715 0.349676
vt 0.461019 0.350108
vt 0.465214 0.350459
vt 0.349007 0.419055
vt 0.348813 0.431064
vt 0.344606 0.453032
vt 0.344601 0.442221
vt 0.348661 0.442210
vt 0.348544 0.453022
vt 0.344609 0.464089
vt 0.348448 0.464081
vt 0.398446 0.337410
vt 0.407908 0.336966
vt 0.389115 0.337861
vt 0.401574 0.323752
vt 0.411513 0.323327
vt 0.417066 0.336586
vt 0.425727 0.336259
vt 0.421032 0.322937
vt 0.429974 0.322581
vt 0.448728 0.245331
vt 0.438715 0.245520
vt 0.440491 0.231637
vt 0.450491 0.231617
vt 0.427676 0.245637
vt 0.429403 0.231553
vt 0.365446 0.325073
vt 0.366402 0.311024
vt 0.358009 0.325231
vt 0.358697 0.311171
vt 0.359337 0.297314
vt 0.367244 0.297183
vt 0.404673 0.309746
vt 0.415073 0.309294
vt 0.407552 0.295970
vt 0.418375 0.295496
vt 0.424974 0.308843
vt 0.434226 0.308418
vt 0.428636 0.294995
vt 0.438176 0.294517
vt 0.387307 0.283688
vt 0.398585 0.283390
vt 0.376922 0.283913
vt 0.377754 0.271391
vt 0.388561 0.271222
vt 0.400335 0.270994
vt 0.367947 0.284072
vt 0.359894 0.284180
vt 0.360383 0.271585
vt 0.368570 0.271507
vt 0.410048 0.283015
vt 0.421236 0.282579
vt 0.412196 0.270703
vt 0.423680 0.270355
vt 0.431792 0.282103
vt 0.441548 0.281631
vt 0.434460 0.269963
vt 0.444358 0.269552
vt 0.380322 0.338256
vt 0.372103 0.338576
vt 0.379420 0.245737
vt 0.369800 0.245738
vt 0.370427 0.230906
vt 0.380274 0.230982
vt 0.361263 0.245743
vt 0.361687 0.230867
vt 0.362088 0.214660
vt 0.371024 0.214757
vt 0.415300 0.054015
vt 0.401395 0.045848
vt 0.402862 0.041474
vt 0.417140 0.049919
vt 0.388062 0.039669
vt 0.389131 0.035087
vt 0.390206 0.030631
vt 0.404326 0.037224
vt 0.418986 0.045943
vt 0.403372 0.245730
vt 0.390887 0.245738
vt 0.392019 0.231101
vt 0.404774 0.231251
vt 0.415795 0.245702
vt 0.417399 0.231412
vt 0.479076 0.122774
vt 0.476039 0.124784
vt 0.470177 0.111235
vt 0.473121 0.108894
vt 0.473011 0.126841
vt 0.467279 0.113628
vt 0.460131 0.100675
vt 0.462873 0.097926
vt 0.465691 0.095243
vt 0.344396 0.245767
vt 0.344371 0.230859
vt 0.353055 0.230852
vt 0.352848 0.245753
vt 0.353245 0.214614
vt 0.361687 0.230867
vt 0.361263 0.245743
vt 0.344454 0.284279
vt 0.352129 0.284248
vt 0.351820 0.297397
vt 0.352398 0.271636
vt 0.359894 0.284180
vt 0.359337 0.297314
vt 0.344490 0.311298
vt 0.351474 0.311262
vt 0.351113 0.325325
vt 0.358697 0.311171
vt 0.358009 0.325231
vt 0.357312 0.338981
vt 0.350762 0.339073
vt 0.351113 0.325325
vt 0.356600 0.352625
vt 0.344536 0.352742
vt 0.344522 0.339106
vt 0.481537 0.154910
vt 0.477794 0.140714
vt 0.480959 0.138948
vt 0.484826 0.153402
vt 0.473011 0.126841
vt 0.476040 0.124784
vt 0.479076 0.122774
vt 0.484091 0.137222
vt 0.488052 0.151926
vt 0.485697 0.183601
vt 0.484098 0.169084
vt 0.487478 0.167819
vt 0.489126 0.182544
vt 0.490776 0.166573
vt 0.492465 0.181502
vt 0.486668 0.214427
vt 0.486570 0.198827
vt 0.490015 0.197918
vt 0.490143 0.213590
vt 0.493359 0.197036
vt 0.493502 0.212788
vt 0.491740 0.242533
vt 0.488228 0.243297
vt 0.489490 0.228981
vt 0.492914 0.228174
vt 0.484570 0.244060
vt 0.485933 0.229811
vt 0.490143 0.213590
vt 0.493502 0.212788
vt 0.493346 0.149402
vt 0.490841 0.150612
vt 0.486856 0.135686
vt 0.489382 0.134272
vt 0.488052 0.151926
vt 0.484091 0.137222
vt 0.481827 0.120984
vt 0.484388 0.119337
vt 0.497975 0.179660
vt 0.495362 0.180552
vt 0.493614 0.165443
vt 0.496154 0.164388
vt 0.492465 0.181502
vt 0.490776 0.166573
vt 0.499226 0.211721
vt 0.496483 0.212189
vt 0.496307 0.196282
vt 0.499002 0.195612
vt 0.493359 0.197036
vt 0.797175 0.091713
vt 0.802895 0.104830
vt 0.800269 0.107007
vt 0.794633 0.094252
vt 0.807491 0.118773
vt 0.804792 0.120602
vt 0.801716 0.122470
vt 0.797313 0.109328
vt 0.791822 0.097061
vt 0.443897 0.404486
vt 0.446350 0.391309
vt 0.450865 0.391561
vt 0.448592 0.404687
vt 0.449250 0.377734
vt 0.453627 0.378064
vt 0.455250 0.391726
vt 0.453136 0.404843
vt 0.440632 0.376994
vt 0.435000 0.376725
vt 0.438873 0.362846
vt 0.444418 0.363001
vt 0.428483 0.376625
vt 0.432355 0.362869
vt 0.436628 0.349192
vt 0.443143 0.349042
vt 0.448603 0.349054
vt 0.439938 0.429432
vt 0.441727 0.417279
vt 0.446581 0.417462
vt 0.444922 0.429608
vt 0.451282 0.417622
vt 0.449759 0.429761
vt 0.437661 0.451853
vt 0.438629 0.440788
vt 0.443721 0.440946
vt 0.442844 0.451983
vt 0.448668 0.441065
vt 0.447884 0.452064
vt 0.436294 0.474779
vt 0.436876 0.463169
vt 0.442139 0.463273
vt 0.441614 0.474852
vt 0.447257 0.463334
vt 0.446788 0.474899
vt 0.460667 0.404970
vt 0.457090 0.404928
vt 0.459063 0.391777
vt 0.462510 0.391760
vt 0.455250 0.391726
vt 0.461565 0.378323
vt 0.464857 0.378275
vt 0.698590 0.044366
vt 0.698265 0.056041
vt 0.688193 0.054809
vt 0.688339 0.042970
vt 0.698026 0.070906
vt 0.688095 0.069924
vt 0.678029 0.069571
vt 0.678009 0.054345
vt 0.677995 0.042437
vt 0.457805 0.429897
vt 0.453979 0.429850
vt 0.455374 0.417724
vt 0.459079 0.417790
vt 0.449759 0.429761
vt 0.451282 0.417622
vt 0.456288 0.452027
vt 0.452289 0.452068
vt 0.452994 0.441110
vt 0.456922 0.441110
vt 0.447884 0.452064
vt 0.455383 0.474866
vt 0.451299 0.474897
vt 0.451718 0.463328
vt 0.455757 0.463282
vt 0.446788 0.474899
vt 0.447257 0.463334
vt 0.435877 0.498512
vt 0.435963 0.486593
vt 0.441307 0.486628
vt 0.441225 0.498502
vt 0.446508 0.486649
vt 0.446434 0.498489
vt 0.455238 0.498460
vt 0.451032 0.498474
vt 0.451075 0.486644
vt 0.455236 0.486623
vt 0.446508 0.486649
vt 0.376403 0.035680
vt 0.377141 0.030974
vt 0.365668 0.033326
vt 0.366132 0.028553
vt 0.366619 0.023899
vt 0.377897 0.026393
vt 0.440451 0.075109
vt 0.428448 0.063823
vt 0.430552 0.060047
vt 0.442764 0.071672
vt 0.432698 0.056394
vt 0.445159 0.068352
vt 0.453657 0.084538
vt 0.456283 0.081534
vt 0.451121 0.087634
vt 0.440451 0.075109
vt 0.445159 0.068352
vt 0.408636 0.076738
vt 0.396017 0.070370
vt 0.397266 0.061729
vt 0.410237 0.068755
vt 0.383913 0.065553
vt 0.384865 0.056432
vt 0.385965 0.049398
vt 0.398687 0.055076
vt 0.412015 0.062609
vt 0.392284 0.023043
vt 0.391254 0.026677
vt 0.378677 0.022305
vt 0.379469 0.018534
vt 0.390206 0.030631
vt 0.366619 0.023899
vt 0.367136 0.019734
vt 0.367671 0.015882
vt 0.449580 0.062788
vt 0.447419 0.065440
vt 0.434663 0.053186
vt 0.436503 0.050263
vt 0.432698 0.056394
vt 0.418986 0.045943
vt 0.420630 0.042449
vt 0.422138 0.039262
vt 0.470848 0.090782
vt 0.468333 0.092902
vt 0.458772 0.078911
vt 0.461159 0.076531
vt 0.355567 0.018267
vt 0.355830 0.014374
vt 0.355316 0.022474
vt 0.343878 0.022016
vt 0.343861 0.017795
vt 0.343846 0.013891
vt 0.354868 0.031990
vt 0.355084 0.027173
vt 0.355315 0.022474
vt 0.474040 0.293301
vt 0.477600 0.280336
vt 0.481512 0.280219
vt 0.478043 0.293281
vt 0.480497 0.268267
vt 0.484317 0.267987
vt 0.487996 0.267675
vt 0.485301 0.280076
vt 0.481944 0.293254
vt 0.465379 0.321698
vt 0.469856 0.307319
vt 0.473936 0.307396
vt 0.469534 0.321895
vt 0.477928 0.307481
vt 0.473605 0.322096
vt 0.465197 0.336091
vt 0.469340 0.336398
vt 0.460956 0.335752
vt 0.469535 0.321895
vt 0.473605 0.322096
vt 0.476984 0.244750
vt 0.471757 0.244807
vt 0.473286 0.231042
vt 0.478447 0.230783
vt 0.465271 0.244874
vt 0.466884 0.231257
vt 0.468008 0.216685
vt 0.474282 0.216255
vt 0.479330 0.215713
vt 0.488063 0.293151
vt 0.485209 0.293208
vt 0.488488 0.279929
vt 0.491289 0.279782
vt 0.485301 0.280076
vt 0.487996 0.267675
vt 0.491107 0.267414
vt 0.493855 0.267191
vt 0.479885 0.322325
vt 0.476974 0.322232
vt 0.481256 0.307533
vt 0.484151 0.307564
vt 0.477928 0.307481
vt 0.471606 0.350712
vt 0.468655 0.350639
vt 0.472734 0.336584
vt 0.475641 0.336693
vt 0.783173 0.318744
vt 0.775250 0.319142
vt 0.778769 0.304620
vt 0.786785 0.304184
vt 0.766521 0.319649
vt 0.769896 0.305158
vt 0.773023 0.290590
vt 0.782030 0.290051
vt 0.790135 0.289606
vt 0.474040 0.293301
vt 0.466162 0.307298
vt 0.470370 0.293330
vt 0.465379 0.321698
vt 0.461646 0.321586
vt 0.457556 0.321593
vt 0.462107 0.307355
vt 0.466326 0.293402
vt 0.438176 0.294517
vt 0.450375 0.281213
vt 0.446880 0.294106
vt 0.444358 0.269552
vt 0.453243 0.269159
vt 0.461004 0.268844
vt 0.458124 0.280878
vt 0.454575 0.293781
vt 0.429974 0.322581
vt 0.434226 0.308418
vt 0.442732 0.308045
vt 0.438247 0.322253
vt 0.450330 0.307737
vt 0.445721 0.321962
vt 0.429414 0.349427
vt 0.433771 0.335960
vt 0.441113 0.335691
vt 0.445721 0.321962
vt 0.460956 0.335752
vt 0.457161 0.335493
vt 0.452839 0.349289
vt 0.448603 0.349054
vt 0.453013 0.335388
vt 0.464656 0.280646
vt 0.461092 0.293548
vt 0.467547 0.268653
vt 0.472805 0.268540
vt 0.469896 0.280501
vt 0.466326 0.293402
vt 0.456843 0.307503
vt 0.452237 0.321729
vt 0.462107 0.307355
vt 0.457557 0.321593
vt 0.447629 0.335476
vt 0.453013 0.335388
vt 0.452237 0.321729
vt 0.457557 0.321593
vt 0.457590 0.245078
vt 0.459289 0.231469
vt 0.460532 0.216918
vt 0.480497 0.268267
vt 0.477600 0.280336
vt 0.473953 0.280415
vt 0.476876 0.268436
vt 0.469896 0.280501
vt 0.481027 0.244538
vt 0.482448 0.230403
vt 0.483252 0.215123
vt 0.467186 0.130817
vt 0.463427 0.133051
vt 0.458243 0.121066
vt 0.461763 0.118279
vt 0.458851 0.135037
vt 0.454198 0.123826
vt 0.448292 0.113250
vt 0.451766 0.109499
vt 0.454990 0.106081
vt 0.415300 0.054015
vt 0.428448 0.063823
vt 0.426571 0.067495
vt 0.413651 0.057988
vt 0.440451 0.075109
vt 0.438374 0.078448
vt 0.436198 0.082224
vt 0.424658 0.071716
vt 0.412015 0.062609
vt 0.363395 0.072341
vt 0.372929 0.073969
vt 0.363702 0.060605
vt 0.373384 0.062446
vt 0.383913 0.065553
vt 0.383297 0.076718
vt 0.382985 0.089176
vt 0.419123 0.093191
vt 0.429425 0.100601
vt 0.407566 0.086569
vt 0.420490 0.084384
vt 0.431198 0.093169
vt 0.448292 0.113250
vt 0.445004 0.116848
vt 0.438195 0.108551
vt 0.440570 0.102929
vt 0.437000 0.115090
vt 0.428626 0.109188
vt 0.429425 0.100601
vt 0.431198 0.093169
vt 0.451122 0.087634
vt 0.448836 0.090599
vt 0.457645 0.103266
vt 0.454990 0.106081
vt 0.446411 0.093890
vt 0.373384 0.062446
vt 0.374089 0.053008
vt 0.363702 0.060605
vt 0.364179 0.050977
vt 0.364718 0.043539
vt 0.374901 0.045721
vt 0.422494 0.077245
vt 0.433649 0.087061
vt 0.424658 0.071716
vt 0.436198 0.082224
vt 0.443510 0.098006
vt 0.446411 0.093890
vt 0.440570 0.102929
vt 0.433649 0.087061
vt 0.436198 0.082224
vt 0.395196 0.080977
vt 0.383297 0.076718
vt 0.388062 0.039669
vt 0.400037 0.050100
vt 0.387024 0.044143
vt 0.385965 0.049398
vt 0.731213 0.415490
vt 0.728852 0.432423
vt 0.722662 0.432642
vt 0.724778 0.415768
vt 0.727014 0.447965
vt 0.721020 0.448132
vt 0.715201 0.448277
vt 0.716638 0.432829
vt 0.718505 0.416004
vt 0.388062 0.039669
vt 0.387024 0.044143
vt 0.375670 0.040287
vt 0.385965 0.049398
vt 0.364718 0.043539
vt 0.365210 0.038005
vt 0.354653 0.036710
vt 0.354868 0.031990
vt 0.354417 0.042296
vt 0.343928 0.036296
vt 0.343917 0.031566
vt 0.425388 0.498520
vt 0.425526 0.486525
vt 0.430897 0.486559
vt 0.430788 0.498517
vt 0.425959 0.474633
vt 0.431275 0.474705
vt 0.353919 0.059540
vt 0.354153 0.049810
vt 0.343974 0.059191
vt 0.343951 0.049429
vt 0.354417 0.042296
vt 0.363395 0.072341
vt 0.353775 0.071398
vt 0.353919 0.059540
vt 0.363242 0.085393
vt 0.353712 0.084581
vt 0.344005 0.071090
vt 0.410941 0.390657
vt 0.418218 0.390353
vt 0.415395 0.403730
vt 0.414046 0.377075
vt 0.421470 0.376754
vt 0.425160 0.390259
vt 0.422288 0.403652
vt 0.449250 0.377734
vt 0.446350 0.391310
vt 0.442062 0.391014
vt 0.445145 0.377354
vt 0.443897 0.404486
vt 0.439421 0.404273
vt 0.434592 0.404039
vt 0.437384 0.390701
vt 0.408230 0.404000
vt 0.415395 0.403730
vt 0.412887 0.416736
vt 0.405803 0.416971
vt 0.422288 0.403652
vt 0.419755 0.416659
vt 0.417632 0.428948
vt 0.410765 0.429024
vt 0.409110 0.440399
vt 0.415992 0.440332
vt 0.414722 0.451405
vt 0.407824 0.451456
vt 0.400888 0.451601
vt 0.406797 0.462835
vt 0.399898 0.462947
vt 0.413698 0.462798
vt 0.412921 0.474533
vt 0.406024 0.474557
vt 0.431674 0.390410
vt 0.428808 0.403792
vt 0.435000 0.376725
vt 0.440632 0.376994
vt 0.434592 0.404039
vt 0.421470 0.376754
vt 0.425251 0.363051
vt 0.417632 0.428948
vt 0.419755 0.416659
vt 0.426302 0.416757
vt 0.424227 0.429006
vt 0.432160 0.416938
vt 0.430166 0.429137
vt 0.415992 0.440332
vt 0.422651 0.440379
vt 0.421445 0.451454
vt 0.428676 0.440495
vt 0.427554 0.451569
vt 0.412921 0.474532
vt 0.420471 0.462844
vt 0.419728 0.474567
vt 0.426648 0.462942
vt 0.398526 0.498539
vt 0.398688 0.486533
vt 0.405533 0.486492
vt 0.405366 0.498535
vt 0.406024 0.474557
vt 0.412426 0.486478
vt 0.412258 0.498530
vt 0.419253 0.486494
vt 0.419095 0.498525
vt 0.436294 0.474779
vt 0.431275 0.474705
vt 0.431910 0.463055
vt 0.436876 0.463169
vt 0.425959 0.474633
vt 0.426648 0.462942
vt 0.427554 0.451569
vt 0.432758 0.451708
vt 0.437661 0.451853
vt 0.433804 0.440635
vt 0.438629 0.440788
vt 0.430166 0.429137
vt 0.435205 0.429277
vt 0.439938 0.429432
vt 0.437106 0.417110
vt 0.441727 0.417279
vt 0.432160 0.416938
vt 0.443897 0.404486
vt 0.445145 0.377354
vt 0.448778 0.363331
vt 0.452839 0.349289
vt 0.781469 0.127303
vt 0.783043 0.139739
vt 0.775849 0.138533
vt 0.774963 0.125722
vt 0.784302 0.153038
vt 0.776587 0.151997
vt 0.768568 0.150406
vt 0.768246 0.136519
vt 0.767888 0.122927
vt 0.481537 0.154910
vt 0.484098 0.169084
vt 0.480947 0.170277
vt 0.478492 0.156324
vt 0.485697 0.183601
vt 0.482449 0.184600
vt 0.478829 0.185579
vt 0.477513 0.171444
vt 0.475223 0.157717
vt 0.450961 0.159933
vt 0.449148 0.147267
vt 0.456570 0.147856
vt 0.459007 0.160509
vt 0.453428 0.136162
vt 0.458851 0.135037
vt 0.462799 0.147261
vt 0.465792 0.160177
vt 0.452659 0.187116
vt 0.452135 0.173178
vt 0.460470 0.173656
vt 0.461112 0.187448
vt 0.467529 0.173436
vt 0.468304 0.187250
vt 0.451830 0.216931
vt 0.461135 0.202032
vt 0.460532 0.216918
vt 0.468467 0.201813
vt 0.486570 0.198827
vt 0.483234 0.199658
vt 0.486668 0.214427
vt 0.483252 0.215123
vt 0.479443 0.200449
vt 0.467793 0.145832
vt 0.471120 0.159117
vt 0.463428 0.133051
vt 0.471719 0.144067
vt 0.475223 0.157717
vt 0.473152 0.172595
vt 0.474185 0.186544
vt 0.477512 0.171444
vt 0.474566 0.201225
vt 0.474282 0.216255
vt 0.479443 0.200449
vt 0.479330 0.215713
vt 0.458851 0.135037
vt 0.453428 0.136162
vt 0.449777 0.125890
vt 0.362442 0.197630
vt 0.371546 0.197802
vt 0.371966 0.180723
vt 0.381747 0.198106
vt 0.477794 0.140714
vt 0.474865 0.142382
vt 0.470210 0.128789
vt 0.471719 0.144067
vt 0.467186 0.130817
vt 0.470210 0.128789
vt 0.464623 0.115881
vt 0.752547 0.088695
vt 0.761000 0.094026
vt 0.760152 0.106120
vt 0.751619 0.101854
vt 0.768480 0.099873
vt 0.767828 0.110580
vt 0.767888 0.122927
vt 0.759877 0.119649
vt 0.751180 0.116325
vt 0.748501 0.200868
vt 0.757936 0.201364
vt 0.756750 0.215867
vt 0.747309 0.215610
vt 0.767124 0.201836
vt 0.765991 0.216096
vt 0.764483 0.231348
vt 0.755230 0.231329
vt 0.745822 0.231276
vt 0.752547 0.088695
vt 0.742683 0.098014
vt 0.743527 0.083961
vt 0.751180 0.116325
vt 0.742197 0.113282
vt 0.733294 0.110699
vt 0.733765 0.094770
vt 0.734458 0.079967
vt 0.725131 0.092218
vt 0.725708 0.076811
vt 0.724694 0.108669
vt 0.716066 0.107083
vt 0.716449 0.090225
vt 0.716923 0.074343
vt 0.707337 0.088632
vt 0.707684 0.072388
vt 0.707040 0.105813
vt 0.697622 0.104859
vt 0.697816 0.087431
vt 0.759885 0.134064
vt 0.750978 0.131508
vt 0.768568 0.150406
vt 0.759907 0.148522
vt 0.750800 0.146578
vt 0.784976 0.165792
vt 0.776910 0.164949
vt 0.785158 0.177947
vt 0.776859 0.177331
vt 0.768364 0.176423
vt 0.768605 0.163715
vt 0.733294 0.110699
vt 0.742197 0.113282
vt 0.741878 0.129148
vt 0.732925 0.127136
vt 0.741576 0.144783
vt 0.732565 0.143245
vt 0.716066 0.107083
vt 0.724693 0.108669
vt 0.724322 0.125548
vt 0.715729 0.124306
vt 0.723959 0.142022
vt 0.715405 0.141060
vt 0.697622 0.104859
vt 0.707040 0.105813
vt 0.706768 0.123314
vt 0.697439 0.122571
vt 0.706512 0.140296
vt 0.697270 0.139724
vt 0.759731 0.162291
vt 0.750480 0.160838
vt 0.759348 0.175380
vt 0.750004 0.174315
vt 0.767888 0.122927
vt 0.767828 0.110580
vt 0.774324 0.114755
vt 0.768480 0.099873
vt 0.774626 0.105868
vt 0.778769 0.110191
vt 0.779922 0.117152
vt 0.781469 0.127303
vt 0.741175 0.159491
vt 0.732138 0.158329
vt 0.740657 0.173321
vt 0.731625 0.172454
vt 0.723556 0.157394
vt 0.715064 0.156655
vt 0.723089 0.171748
vt 0.714676 0.171184
vt 0.706257 0.156067
vt 0.697111 0.155625
vt 0.705969 0.170734
vt 0.696930 0.170394
vt 0.737801 0.472681
vt 0.731127 0.472757
vt 0.731889 0.460951
vt 0.738603 0.460852
vt 0.725114 0.472857
vt 0.725821 0.461087
vt 0.727014 0.447965
vt 0.733182 0.447787
vt 0.739969 0.447657
vt 0.784480 0.202435
vt 0.783571 0.216268
vt 0.774824 0.216249
vt 0.775865 0.202224
vt 0.782231 0.231139
vt 0.773377 0.231295
vt 0.764483 0.231348
vt 0.767124 0.201836
vt 0.730192 0.199979
vt 0.739150 0.200397
vt 0.737995 0.215364
vt 0.729113 0.215142
vt 0.736586 0.231222
vt 0.727816 0.231170
vt 0.713574 0.199341
vt 0.721794 0.199627
vt 0.720823 0.214950
vt 0.712742 0.214795
vt 0.719665 0.231118
vt 0.711753 0.231074
vt 0.696349 0.198949
vt 0.705108 0.199116
vt 0.704445 0.214678
vt 0.695888 0.214598
vt 0.703660 0.231049
vt 0.695341 0.231042
vt 0.688095 0.069924
vt 0.688009 0.086661
vt 0.678055 0.086396
vt 0.698026 0.070906
vt 0.697816 0.087431
vt 0.687925 0.104255
vt 0.678084 0.104052
vt 0.753419 0.247175
vt 0.744101 0.247272
vt 0.762628 0.247038
vt 0.760524 0.262498
vt 0.751412 0.262754
vt 0.742230 0.262958
vt 0.687845 0.122102
vt 0.678115 0.121946
vt 0.687773 0.139361
vt 0.678144 0.139241
vt 0.687708 0.155339
vt 0.678171 0.155245
vt 0.687631 0.170170
vt 0.678196 0.170097
vt 0.678239 0.198812
vt 0.687356 0.198843
vt 0.687127 0.214554
vt 0.678261 0.214548
vt 0.686854 0.231051
vt 0.678281 0.231064
vt 0.751667 0.380903
vt 0.748106 0.397836
vt 0.740773 0.398124
vt 0.744091 0.381240
vt 0.744885 0.414949
vt 0.737781 0.415191
vt 0.733934 0.398462
vt 0.736972 0.381618
vt 0.759294 0.348405
vt 0.755462 0.364238
vt 0.747661 0.364640
vt 0.751282 0.348861
vt 0.740275 0.365079
vt 0.743630 0.349344
vt 0.689075 0.383348
vt 0.683720 0.383425
vt 0.684080 0.367208
vt 0.689785 0.367111
vt 0.678352 0.383452
vt 0.678354 0.367240
vt 0.678355 0.351765
vt 0.684444 0.351733
vt 0.690503 0.351626
vt 0.725821 0.461088
vt 0.719951 0.461217
vt 0.725114 0.472857
vt 0.719314 0.472951
vt 0.713704 0.473031
vt 0.714265 0.461329
vt 0.727234 0.398795
vt 0.729988 0.382003
vt 0.720697 0.399087
vt 0.723156 0.382347
vt 0.732983 0.365514
vt 0.736014 0.349819
vt 0.725812 0.365899
vt 0.728485 0.350244
vt 0.715201 0.448277
vt 0.709677 0.448399
vt 0.710916 0.432983
vt 0.716638 0.432829
vt 0.704599 0.448499
vt 0.705653 0.433107
vt 0.707031 0.416341
vt 0.712536 0.416193
vt 0.718505 0.416004
vt 0.713704 0.473031
vt 0.708380 0.473094
vt 0.708868 0.461422
vt 0.714265 0.461329
vt 0.703488 0.473143
vt 0.703908 0.461497
vt 0.714451 0.399313
vt 0.720697 0.399086
vt 0.708663 0.399484
vt 0.710489 0.382806
vt 0.716596 0.382610
vt 0.723156 0.382347
vt 0.718893 0.366198
vt 0.725812 0.365899
vt 0.712442 0.366424
vt 0.714409 0.350843
vt 0.721202 0.350583
vt 0.700042 0.448578
vt 0.700924 0.433205
vt 0.695753 0.448641
vt 0.696467 0.433283
vt 0.697385 0.416548
vt 0.702071 0.416456
vt 0.699107 0.473179
vt 0.699462 0.461555
vt 0.694991 0.473207
vt 0.695281 0.461601
vt 0.703421 0.399616
vt 0.698457 0.399727
vt 0.699678 0.383097
vt 0.704941 0.382960
vt 0.706588 0.366604
vt 0.701034 0.366773
vt 0.702402 0.351234
vt 0.708251 0.351045
vt 0.691455 0.448695
vt 0.691994 0.433348
vt 0.687106 0.448736
vt 0.687467 0.433399
vt 0.687926 0.416691
vt 0.692682 0.416628
vt 0.690875 0.473230
vt 0.691097 0.461639
vt 0.686711 0.473247
vt 0.686864 0.461669
vt 0.693481 0.399828
vt 0.688456 0.399912
vt 0.694403 0.383231
vt 0.695446 0.366953
vt 0.696501 0.351443
vt 0.742107 0.432000
vt 0.735190 0.432184
vt 0.733182 0.447787
vt 0.778283 0.261735
vt 0.775814 0.276275
vt 0.766979 0.276793
vt 0.769371 0.262152
vt 0.764311 0.291155
vt 0.755743 0.291677
vt 0.758252 0.277252
vt 0.760524 0.262498
vt 0.718814 0.496413
vt 0.718945 0.484626
vt 0.724702 0.484578
vt 0.713260 0.496408
vt 0.713377 0.484666
vt 0.719314 0.472951
vt 0.683139 0.416733
vt 0.683407 0.399969
vt 0.678339 0.416747
vt 0.678347 0.399989
vt 0.682721 0.448762
vt 0.682907 0.433432
vt 0.678319 0.448769
vt 0.678330 0.433442
vt 0.778746 0.381057
vt 0.782672 0.364225
vt 0.787088 0.364542
vt 0.783278 0.381393
vt 0.786625 0.348107
vt 0.790949 0.348349
vt 0.794782 0.348526
vt 0.791009 0.364780
vt 0.787320 0.381663
vt 0.682513 0.473256
vt 0.682595 0.461687
vt 0.678296 0.473257
vt 0.678308 0.461690
vt 0.686570 0.496383
vt 0.682430 0.496379
vt 0.682457 0.484763
vt 0.686613 0.484761
vt 0.678272 0.496374
vt 0.678284 0.484761
vt 0.690679 0.496387
vt 0.690736 0.484755
vt 0.694813 0.484746
vt 0.703143 0.496399
vt 0.698809 0.496395
vt 0.698891 0.484735
vt 0.703237 0.484719
vt 0.707987 0.496404
vt 0.708092 0.484697
vt 0.725114 0.472857
vt 0.731127 0.472757
vt 0.730677 0.484526
vt 0.737801 0.472681
vt 0.737324 0.484486
vt 0.737151 0.496427
vt 0.730516 0.496422
vt 0.724557 0.496418
vt 0.733464 0.321585
vt 0.741668 0.321110
vt 0.738895 0.335249
vt 0.731021 0.335713
vt 0.749925 0.320614
vt 0.746839 0.334753
vt 0.743630 0.349344
vt 0.736014 0.349819
vt 0.728485 0.350244
vt 0.745822 0.231276
vt 0.744101 0.247272
vt 0.734991 0.247362
vt 0.736586 0.231222
vt 0.742229 0.262958
vt 0.733288 0.263149
vt 0.724860 0.263313
vt 0.726375 0.247437
vt 0.718395 0.247486
vt 0.719665 0.231118
vt 0.717080 0.263429
vt 0.709580 0.263512
vt 0.710679 0.247520
vt 0.711753 0.231074
vt 0.702813 0.247555
vt 0.703660 0.231049
vt 0.701957 0.263583
vt 0.694170 0.263645
vt 0.694756 0.247593
vt 0.695341 0.231043
vt 0.749284 0.277604
vt 0.740270 0.277889
vt 0.758252 0.277252
vt 0.755743 0.291677
vt 0.746965 0.292103
vt 0.738168 0.292460
vt 0.769896 0.305158
vt 0.761325 0.305694
vt 0.766521 0.319649
vt 0.758111 0.320137
vt 0.749925 0.320614
vt 0.752931 0.306203
vt 0.724860 0.263313
vt 0.733288 0.263149
vt 0.731528 0.278153
vt 0.723317 0.278376
vt 0.729663 0.292783
vt 0.721698 0.293050
vt 0.709580 0.263512
vt 0.717080 0.263429
vt 0.715761 0.278536
vt 0.708495 0.278652
vt 0.714385 0.293237
vt 0.707370 0.293373
vt 0.694170 0.263645
vt 0.701957 0.263583
vt 0.701124 0.278747
vt 0.693607 0.278823
vt 0.700265 0.293488
vt 0.693028 0.293579
vt 0.744392 0.306677
vt 0.735873 0.307107
vt 0.762627 0.247038
vt 0.771530 0.246823
vt 0.769371 0.262152
vt 0.764483 0.231348
vt 0.773377 0.231295
vt 0.782231 0.231139
vt 0.780445 0.246524
vt 0.778283 0.261735
vt 0.727647 0.307485
vt 0.719954 0.307784
vt 0.725542 0.321991
vt 0.718136 0.322301
vt 0.712905 0.307988
vt 0.706158 0.308138
vt 0.711370 0.322513
vt 0.704910 0.322678
vt 0.699338 0.308275
vt 0.692403 0.308386
vt 0.698389 0.322843
vt 0.691765 0.322982
vt 0.777100 0.074923
vt 0.768333 0.065577
vt 0.770429 0.061793
vt 0.779511 0.071420
vt 0.758895 0.057418
vt 0.760683 0.053392
vt 0.762556 0.049825
vt 0.772538 0.058438
vt 0.781820 0.068306
vt 0.762987 0.333800
vt 0.754767 0.334271
vt 0.746839 0.334753
vt 0.723408 0.336097
vt 0.716299 0.336391
vt 0.721202 0.350583
vt 0.714409 0.350843
vt 0.709834 0.336603
vt 0.703678 0.336786
vt 0.708251 0.351045
vt 0.702402 0.351234
vt 0.697465 0.336984
vt 0.691149 0.337154
vt 0.696501 0.351443
vt 0.690503 0.351626
vt 0.686562 0.247630
vt 0.678299 0.247653
vt 0.694756 0.247593
vt 0.686271 0.263694
vt 0.678314 0.263718
vt 0.816797 0.228019
vt 0.815466 0.243763
vt 0.811981 0.244101
vt 0.813326 0.228447
vt 0.813619 0.259296
vt 0.810112 0.259563
vt 0.806117 0.259886
vt 0.808023 0.244517
vt 0.809406 0.228975
vt 0.685991 0.278876
vt 0.678326 0.278898
vt 0.685704 0.293634
vt 0.678336 0.293655
vt 0.685392 0.308449
vt 0.678344 0.308470
vt 0.685074 0.323059
vt 0.678349 0.323083
vt 0.678355 0.351765
vt 0.678353 0.337279
vt 0.684767 0.337251
vt 0.684443 0.351733
vt 0.678349 0.323083
vt 0.685074 0.323059
vt 0.766882 0.447783
vt 0.769019 0.432188
vt 0.773951 0.432389
vt 0.771949 0.447963
vt 0.771818 0.415196
vt 0.776597 0.415432
vt 0.780901 0.415680
vt 0.778408 0.432621
vt 0.776543 0.448176
vt 0.794417 0.364877
vt 0.790853 0.381815
vt 0.798107 0.348586
vt 0.801148 0.348575
vt 0.797538 0.364889
vt 0.794101 0.381897
vt 0.764778 0.472796
vt 0.765535 0.460967
vt 0.770679 0.461123
vt 0.769961 0.472916
vt 0.775362 0.461300
vt 0.774688 0.473043
vt 0.764241 0.496445
vt 0.764373 0.484565
vt 0.769581 0.484631
vt 0.769461 0.496448
vt 0.774320 0.484698
vt 0.787320 0.381663
vt 0.783909 0.398636
vt 0.779741 0.398370
vt 0.783278 0.381393
vt 0.780901 0.415680
vt 0.771818 0.415196
vt 0.775092 0.398075
vt 0.778746 0.381057
vt 0.782303 0.432850
vt 0.780532 0.448362
vt 0.784692 0.415925
vt 0.788193 0.416169
vt 0.785876 0.433073
vt 0.784171 0.448526
vt 0.405661 0.033473
vt 0.406912 0.030041
vt 0.779441 0.461446
vt 0.778824 0.473148
vt 0.783170 0.461568
vt 0.782618 0.473238
vt 0.778459 0.484754
vt 0.778328 0.496450
vt 0.782251 0.484803
vt 0.782103 0.496450
vt 0.794035 0.318545
vt 0.797610 0.303820
vt 0.801798 0.303746
vt 0.798275 0.318559
vt 0.800920 0.289098
vt 0.805042 0.288950
vt 0.808670 0.288821
vt 0.805508 0.303689
vt 0.802049 0.318578
vt 0.787575 0.398849
vt 0.790961 0.399028
vt 0.811366 0.274177
vt 0.814390 0.273976
vt 0.811755 0.288686
vt 0.813620 0.259296
vt 0.816613 0.259030
vt 0.819318 0.258760
vt 0.817116 0.273769
vt 0.814535 0.288546
vt 0.803758 0.274608
vt 0.807809 0.274375
vt 0.806117 0.259886
vt 0.790949 0.348349
vt 0.794668 0.333216
vt 0.798468 0.333317
vt 0.786625 0.348107
vt 0.790394 0.333087
vt 0.794036 0.318545
vt 0.798276 0.318559
vt 0.802049 0.318578
vt 0.819770 0.227586
vt 0.818440 0.243418
vt 0.822462 0.227138
vt 0.821126 0.243062
vt 0.819318 0.258760
vt 0.813620 0.259296
vt 0.808695 0.303637
vt 0.805323 0.318594
vt 0.811586 0.303585
vt 0.808315 0.318605
vt 0.802049 0.318578
vt 0.801769 0.333360
vt 0.798468 0.333316
vt 0.804790 0.333368
vt 0.801147 0.348575
vt 0.798107 0.348586
vt 0.794782 0.348526
vt 0.475841 0.106833
vt 0.478406 0.104953
vt 0.810433 0.175770
vt 0.809583 0.163571
vt 0.812991 0.162276
vt 0.813989 0.174604
vt 0.807929 0.150517
vt 0.811197 0.149096
vt 0.814038 0.147720
vt 0.815961 0.161038
vt 0.817112 0.173508
vt 0.811206 0.133363
vt 0.813796 0.131894
vt 0.816649 0.146438
vt 0.807491 0.118773
vt 0.810030 0.117080
vt 0.812504 0.115473
vt 0.816316 0.130488
vt 0.819154 0.145215
vt 0.805279 0.136511
vt 0.808446 0.134927
vt 0.801716 0.122470
vt 0.804792 0.120602
vt 0.817770 0.198486
vt 0.814386 0.199196
vt 0.814394 0.186581
vt 0.817664 0.185674
vt 0.810617 0.200045
vt 0.810720 0.187598
vt 0.810433 0.175770
vt 0.817112 0.173508
vt 0.799452 0.089497
vt 0.805308 0.102886
vt 0.802895 0.104830
vt 0.801584 0.087466
vt 0.807615 0.101079
vt 0.812504 0.115473
vt 0.810030 0.117080
vt 0.818628 0.159903
vt 0.819876 0.172518
vt 0.821142 0.158831
vt 0.822450 0.171590
vt 0.817770 0.198486
vt 0.820749 0.197835
vt 0.820515 0.212189
vt 0.817523 0.212717
vt 0.823500 0.197208
vt 0.823251 0.211660
vt 0.497458 0.241727
vt 0.494756 0.242040
vt 0.495912 0.227637
vt 0.498642 0.227278
vt 0.739125 0.044561
vt 0.729620 0.040106
vt 0.730827 0.035720
vt 0.740525 0.040243
vt 0.720075 0.036690
vt 0.721062 0.032260
vt 0.722021 0.028139
vt 0.732013 0.031699
vt 0.741934 0.036349
vt 0.711493 0.025323
vt 0.712151 0.021504
vt 0.722900 0.024412
vt 0.700519 0.023245
vt 0.700955 0.019353
vt 0.701372 0.015665
vt 0.712773 0.017903
vt 0.723729 0.020914
vt 0.710028 0.033979
vt 0.710777 0.029515
vt 0.699549 0.031949
vt 0.700049 0.027480
vt 0.749000 0.050364
vt 0.750572 0.046162
vt 0.752209 0.042417
vt 0.797175 0.091713
vt 0.794633 0.094252
vt 0.787663 0.082314
vt 0.790108 0.079465
vt 0.791822 0.097061
vt 0.785020 0.085508
vt 0.777100 0.074923
vt 0.779511 0.071420
vt 0.781820 0.068306
vt 0.774492 0.055483
vt 0.783933 0.065558
vt 0.764304 0.046689
vt 0.765958 0.043788
vt 0.776342 0.052747
vt 0.785924 0.063010
vt 0.677986 0.030221
vt 0.677983 0.025811
vt 0.689075 0.026230
vt 0.688826 0.030665
vt 0.677979 0.021549
vt 0.689305 0.021974
vt 0.700519 0.023245
vt 0.700049 0.027480
vt 0.699549 0.031949
vt 0.733112 0.028082
vt 0.743251 0.032867
vt 0.734154 0.024693
vt 0.744505 0.029612
vt 0.753742 0.039101
vt 0.755198 0.036019
vt 0.781820 0.068306
vt 0.783932 0.065558
vt 0.792305 0.076971
vt 0.790108 0.079465
vt 0.785924 0.063010
vt 0.794359 0.074675
vt 0.464836 0.364574
vt 0.467937 0.364574
vt 0.736619 0.056602
vt 0.727418 0.052310
vt 0.728473 0.045104
vt 0.737834 0.049552
vt 0.718267 0.048967
vt 0.719128 0.041666
vt 0.677974 0.017596
vt 0.689520 0.018035
vt 0.677968 0.013834
vt 0.689727 0.014289
vt 0.700955 0.019353
vt 0.755825 0.068442
vt 0.754087 0.077384
vt 0.744829 0.071717
vt 0.746293 0.062015
vt 0.735450 0.066930
vt 0.736619 0.056602
vt 0.772344 0.084084
vt 0.770116 0.091024
vt 0.762579 0.083807
vt 0.764511 0.075766
vt 0.768480 0.099873
vt 0.785314 0.103543
vt 0.781627 0.107347
vt 0.776576 0.098989
vt 0.779392 0.093453
vt 0.770115 0.091024
vt 0.772344 0.084084
vt 0.798737 0.152896
vt 0.791939 0.153327
vt 0.790100 0.139884
vt 0.796424 0.139194
vt 0.783043 0.139739
vt 0.781469 0.127303
vt 0.787743 0.127150
vt 0.793400 0.125880
vt 0.708633 0.046358
vt 0.709292 0.038962
vt 0.698590 0.044366
vt 0.699038 0.036913
vt 0.755825 0.068442
vt 0.747634 0.055252
vt 0.757359 0.062097
vt 0.394802 0.165802
vt 0.772344 0.084084
vt 0.766403 0.069955
vt 0.774704 0.078930
vt 0.677989 0.035032
vt 0.688564 0.035538
vt 0.699038 0.036913
vt 0.698590 0.044366
vt 0.800762 0.177773
vt 0.793437 0.178119
vt 0.792999 0.166067
vt 0.800115 0.165727
vt 0.785158 0.177947
vt 0.784976 0.165792
vt 0.788743 0.100098
vt 0.782258 0.089088
vt 0.785314 0.103543
vt 0.779392 0.093453
vt 0.774704 0.078930
vt 0.785314 0.103543
vt 0.788743 0.100098
vt 0.793896 0.111695
vt 0.789843 0.114142
vt 0.791822 0.097061
vt 0.797313 0.109328
vt 0.801716 0.122470
vt 0.798011 0.124253
vt 0.793400 0.125880
vt 0.800731 0.201918
vt 0.793121 0.202370
vt 0.793468 0.189944
vt 0.800942 0.189547
vt 0.784480 0.202435
vt 0.784995 0.189890
vt 0.793400 0.125880
vt 0.787743 0.127150
vt 0.785084 0.116453
vt 0.789843 0.114142
vt 0.784903 0.275764
vt 0.793043 0.275300
vt 0.775814 0.276275
vt 0.787388 0.261275
vt 0.795502 0.260791
vt 0.755106 0.447646
vt 0.747617 0.447623
vt 0.749836 0.431939
vt 0.757353 0.431969
vt 0.742107 0.432000
vt 0.744885 0.414949
vt 0.752727 0.414837
vt 0.760283 0.414857
vt 0.798737 0.152896
vt 0.796424 0.139194
vt 0.801407 0.137995
vt 0.803955 0.151871
vt 0.793400 0.125880
vt 0.798011 0.124253
vt 0.800762 0.177773
vt 0.800115 0.165727
vt 0.805502 0.164810
vt 0.806260 0.176912
vt 0.806350 0.201048
vt 0.806500 0.188678
vt 0.806261 0.176912
vt 0.799092 0.230358
vt 0.804952 0.229671
vt 0.803496 0.245067
vt 0.797534 0.245647
vt 0.809406 0.228975
vt 0.808023 0.244517
vt 0.806117 0.259886
vt 0.801535 0.260310
vt 0.775607 0.347830
vt 0.767776 0.348027
vt 0.771594 0.333352
vt 0.779468 0.333049
vt 0.762987 0.333800
vt 0.789499 0.246137
vt 0.797534 0.245647
vt 0.791178 0.230844
vt 0.744885 0.414949
vt 0.748106 0.397836
vt 0.756091 0.397655
vt 0.751667 0.380903
vt 0.759816 0.380650
vt 0.767485 0.380574
vt 0.763695 0.397634
vt 0.760283 0.414857
vt 0.790135 0.289606
vt 0.793042 0.275300
vt 0.799121 0.274913
vt 0.796231 0.289300
vt 0.795502 0.260791
vt 0.801535 0.260310
vt 0.783173 0.318744
vt 0.786785 0.304184
vt 0.792873 0.303938
vt 0.789255 0.318571
vt 0.781738 0.347890
vt 0.785568 0.332991
vt 0.789255 0.318571
vt 0.775607 0.347830
vt 0.781738 0.347890
vt 0.777699 0.363930
vt 0.771540 0.363795
vt 0.786625 0.348107
vt 0.782672 0.364225
vt 0.778746 0.381057
vt 0.773674 0.380742
vt 0.767486 0.380574
vt 0.752856 0.472671
vt 0.745380 0.472655
vt 0.746205 0.460824
vt 0.753681 0.460843
vt 0.752210 0.496437
vt 0.744716 0.496432
vt 0.744891 0.484472
vt 0.752378 0.484483
vt 0.737324 0.484486
vt 0.767776 0.348027
vt 0.763784 0.363922
vt 0.755462 0.364238
vt 0.751667 0.380903
vt 0.769921 0.397799
vt 0.766548 0.414991
vt 0.773674 0.380742
vt 0.775092 0.398075
vt 0.752856 0.472671
vt 0.753681 0.460843
vt 0.760026 0.460881
vt 0.759230 0.472716
vt 0.755106 0.447646
vt 0.761429 0.447688
vt 0.757353 0.431969
vt 0.763649 0.432051
vt 0.758786 0.484515
vt 0.759230 0.472716
vt 0.764778 0.472796
vt 0.726480 0.063124
vt 0.727418 0.052310
vt 0.717528 0.060149
vt 0.718267 0.048967
vt 0.360171 0.406262
vt 0.360755 0.393287
vt 0.354739 0.393416
vt 0.698265 0.056041
vt 0.708104 0.057818
vt 0.707684 0.072388
vt 0.708633 0.046358
vt 0.718267 0.048967
vt 0.717528 0.060149
vt 0.716923 0.074343
vt 0.809406 0.228975
vt 0.804952 0.229671
vt 0.805868 0.214807
vt 0.810224 0.213944
vt 0.800137 0.215605
vt 0.792374 0.216083
vt 0.783571 0.216268
vt 0.493167 0.255072
vt 0.495876 0.254797
vt 0.490114 0.255464
vt 0.817112 0.173508
vt 0.819876 0.172518
vt 0.820552 0.184856
vt 0.817664 0.185674
vt 0.823228 0.184087
vt 0.816797 0.228019
vt 0.813326 0.228447
vt 0.814078 0.213265
vt 0.817523 0.212717
vt 0.687520 0.184330
vt 0.678218 0.184277
vt 0.696689 0.184496
vt 0.705604 0.184748
vt 0.714202 0.185082
vt 0.722528 0.185501
vt 0.731005 0.186019
vt 0.740011 0.186646
vt 0.749373 0.187358
vt 0.784995 0.189890
vt 0.776523 0.189484
vt 0.767891 0.188851
vt 0.758775 0.188115
vt 0.767891 0.188851
vt 0.476876 0.268436
vt 0.479194 0.256885
vt 0.482781 0.256565
vt 0.475127 0.257016
vt 0.461004 0.268844
vt 0.453243 0.269159
vt 0.455601 0.257407
vt 0.463339 0.257153
vt 0.446709 0.257743
vt 0.467547 0.268653
vt 0.469870 0.257059
vt 0.486522 0.256025
vt 0.344417 0.259118
vt 0.352633 0.259098
vt 0.360832 0.259067
vt 0.414079 0.258557
vt 0.425790 0.258332
vt 0.401904 0.258734
vt 0.389738 0.258866
vt 0.378578 0.258960
vt 0.369180 0.259023
vt 0.360832 0.259067
vt 0.436727 0.258060
vt 0.431006 0.780815
vt 0.431949 0.796474
vt 0.419920 0.797242
vt 0.418951 0.781230
vt 0.432401 0.811939
vt 0.420487 0.813134
vt 0.407740 0.814283
vt 0.407124 0.797988
vt 0.406198 0.781648
vt 0.451990 0.780261
vt 0.452719 0.795291
vt 0.442923 0.795781
vt 0.442071 0.780466
vt 0.452832 0.810027
vt 0.443202 0.810839
vt 0.447164 0.861332
vt 0.444788 0.870980
vt 0.437899 0.873783
vt 0.439328 0.863687
vt 0.442720 0.877675
vt 0.437332 0.882000
vt 0.428982 0.887931
vt 0.429211 0.878295
vt 0.430077 0.867258
vt 0.382508 0.816024
vt 0.382886 0.832488
vt 0.372530 0.833194
vt 0.372208 0.816509
vt 0.383111 0.848788
vt 0.372745 0.849771
vt 0.363362 0.850357
vt 0.363202 0.833614
vt 0.362972 0.816793
vt 0.432381 0.826666
vt 0.420676 0.828359
vt 0.431919 0.840824
vt 0.420506 0.843122
vt 0.408111 0.845345
vt 0.408065 0.829990
vt 0.452345 0.823953
vt 0.442926 0.825104
vt 0.451203 0.837187
vt 0.442120 0.838711
vt 0.407917 0.860554
vt 0.395226 0.863141
vt 0.395231 0.847284
vt 0.407619 0.874922
vt 0.395132 0.878227
vt 0.383228 0.880796
vt 0.383207 0.865154
vt 0.372867 0.866465
vt 0.372928 0.882465
vt 0.363511 0.883455
vt 0.363459 0.867245
vt 0.431079 0.854565
vt 0.420029 0.857605
vt 0.430077 0.867259
vt 0.419429 0.871155
vt 0.449395 0.849838
vt 0.440847 0.851778
vt 0.447164 0.861332
vt 0.439328 0.863687
vt 0.394070 0.798630
vt 0.393245 0.782015
vt 0.394673 0.815271
vt 0.381969 0.799119
vt 0.381281 0.782297
vt 0.383247 0.894965
vt 0.372971 0.896996
vt 0.383370 0.908071
vt 0.373077 0.910470
vt 0.363614 0.911895
vt 0.363543 0.898201
vt 0.363207 0.521829
vt 0.368170 0.521897
vt 0.368568 0.533330
vt 0.363529 0.533230
vt 0.373287 0.521978
vt 0.373763 0.533451
vt 0.374369 0.544619
vt 0.369061 0.544465
vt 0.363917 0.544336
vt 0.407389 0.887792
vt 0.395065 0.891835
vt 0.407442 0.899554
vt 0.395176 0.904368
vt 0.429211 0.878295
vt 0.418939 0.883153
vt 0.428982 0.887931
vt 0.418880 0.893957
vt 0.356703 0.644555
vt 0.363480 0.644714
vt 0.364546 0.658367
vt 0.357429 0.658210
vt 0.370780 0.644956
vt 0.372234 0.658602
vt 0.373667 0.672344
vt 0.365583 0.672122
vt 0.358140 0.671971
vt 0.344429 0.884214
vt 0.354038 0.884026
vt 0.354046 0.898899
vt 0.344410 0.899130
vt 0.363511 0.883455
vt 0.363543 0.898201
vt 0.363614 0.911895
vt 0.354075 0.912722
vt 0.344392 0.912998
vt 0.353973 0.850694
vt 0.354018 0.867694
vt 0.344450 0.867839
vt 0.363362 0.850357
vt 0.353786 0.816955
vt 0.353897 0.833855
vt 0.344492 0.833929
vt 0.362972 0.816793
vt 0.363202 0.833614
vt 0.362972 0.816793
vt 0.353786 0.816955
vt 0.353637 0.799710
vt 0.362667 0.799610
vt 0.344534 0.799737
vt 0.344553 0.782644
vt 0.353458 0.782633
vt 0.362300 0.782580
vt 0.352686 0.521709
vt 0.357846 0.521762
vt 0.358086 0.533135
vt 0.352842 0.533062
vt 0.358377 0.544219
vt 0.353039 0.544132
vt 0.379190 0.522088
vt 0.379750 0.533609
vt 0.385671 0.522215
vt 0.386310 0.533793
vt 0.387142 0.545042
vt 0.380474 0.544814
vt 0.392371 0.522344
vt 0.393070 0.533983
vt 0.399181 0.522455
vt 0.399923 0.534150
vt 0.400907 0.545499
vt 0.393991 0.545284
vt 0.369630 0.555332
vt 0.364345 0.555181
vt 0.375097 0.555510
vt 0.376053 0.566708
vt 0.370361 0.566508
vt 0.364881 0.566343
vt 0.358700 0.555049
vt 0.353270 0.554953
vt 0.359105 0.566204
vt 0.353564 0.566105
vt 0.381357 0.555729
vt 0.388167 0.555987
vt 0.389513 0.567243
vt 0.382519 0.566953
vt 0.395142 0.556267
vt 0.402146 0.556521
vt 0.403759 0.567855
vt 0.396644 0.567564
vt 0.371333 0.578530
vt 0.365586 0.578355
vt 0.377328 0.578754
vt 0.378834 0.591477
vt 0.372466 0.591215
vt 0.366388 0.591020
vt 0.359631 0.578214
vt 0.353945 0.578119
vt 0.360218 0.590869
vt 0.354366 0.590768
vt 0.384066 0.579043
vt 0.391288 0.579387
vt 0.393388 0.592238
vt 0.385899 0.591825
vt 0.398601 0.579762
vt 0.405843 0.580096
vt 0.408306 0.593058
vt 0.400910 0.592674
vt 0.378834 0.591477
vt 0.380478 0.604591
vt 0.373680 0.604274
vt 0.372466 0.591215
vt 0.382319 0.618063
vt 0.375057 0.617693
vt 0.368190 0.617408
vt 0.367221 0.604036
vt 0.366388 0.591020
vt 0.393388 0.592238
vt 0.395700 0.605483
vt 0.387911 0.605004
vt 0.385899 0.591825
vt 0.398301 0.619050
vt 0.390162 0.618530
vt 0.408306 0.593058
vt 0.411056 0.606406
vt 0.403472 0.605976
vt 0.414193 0.620003
vt 0.406374 0.619561
vt 0.372869 0.498547
vt 0.372979 0.510311
vt 0.367911 0.510270
vt 0.367818 0.498548
vt 0.368170 0.521897
vt 0.363207 0.521829
vt 0.362997 0.510236
vt 0.369398 0.631145
vt 0.362438 0.630906
vt 0.361525 0.617189
vt 0.370780 0.644956
vt 0.363480 0.644714
vt 0.356703 0.644555
vt 0.355967 0.630748
vt 0.355307 0.617041
vt 0.391840 0.673005
vt 0.394387 0.687024
vt 0.384330 0.686671
vt 0.382432 0.672641
vt 0.396742 0.700813
vt 0.386041 0.700476
vt 0.376145 0.700217
vt 0.374992 0.686390
vt 0.373667 0.672345
vt 0.384429 0.631862
vt 0.376686 0.631459
vt 0.386767 0.645686
vt 0.378515 0.645278
vt 0.401274 0.632868
vt 0.392726 0.632352
vt 0.404567 0.646649
vt 0.395566 0.646167
vt 0.344615 0.498551
vt 0.348311 0.498551
vt 0.348328 0.510161
vt 0.344615 0.510159
vt 0.352549 0.498550
vt 0.352585 0.510174
vt 0.348378 0.521684
vt 0.344615 0.521679
vt 0.357689 0.510202
vt 0.362921 0.498549
vt 0.362997 0.510236
vt 0.385113 0.498544
vt 0.385260 0.510430
vt 0.378830 0.510366
vt 0.378700 0.498546
vt 0.379190 0.522088
vt 0.398526 0.498539
vt 0.398701 0.510548
vt 0.391922 0.510494
vt 0.391759 0.498542
vt 0.399181 0.522455
vt 0.417810 0.633738
vt 0.409707 0.633340
vt 0.421777 0.647401
vt 0.413377 0.647059
vt 0.344622 0.616957
vt 0.349764 0.616972
vt 0.350116 0.630670
vt 0.344625 0.630652
vt 0.355307 0.617041
vt 0.350502 0.644473
vt 0.344627 0.644450
vt 0.349260 0.590725
vt 0.349490 0.603674
vt 0.344619 0.603664
vt 0.354795 0.603729
vt 0.458104 0.618812
vt 0.461449 0.632685
vt 0.457248 0.632966
vt 0.453838 0.619014
vt 0.465341 0.646730
vt 0.461173 0.647061
vt 0.456924 0.647458
vt 0.452958 0.633352
vt 0.449468 0.619328
vt 0.348832 0.566061
vt 0.349035 0.578077
vt 0.344614 0.578070
vt 0.348553 0.544091
vt 0.348675 0.554908
vt 0.344613 0.554900
vt 0.348454 0.533028
vt 0.344614 0.533020
vt 0.408083 0.660185
vt 0.398608 0.659747
vt 0.411698 0.673840
vt 0.401748 0.673419
vt 0.389266 0.659303
vt 0.425928 0.660884
vt 0.417253 0.660560
vt 0.430186 0.674582
vt 0.421231 0.674228
vt 0.448901 0.751894
vt 0.450655 0.765595
vt 0.440668 0.765573
vt 0.438896 0.751700
vt 0.429588 0.765656
vt 0.427863 0.751579
vt 0.366551 0.686183
vt 0.365583 0.672122
vt 0.367404 0.700032
vt 0.359492 0.699906
vt 0.358840 0.686041
vt 0.415268 0.687889
vt 0.404856 0.687439
vt 0.418574 0.701702
vt 0.407741 0.701228
vt 0.434444 0.688766
vt 0.425180 0.688340
vt 0.438397 0.702687
vt 0.428845 0.702204
vt 0.398770 0.713819
vt 0.387486 0.713524
vt 0.400523 0.726221
vt 0.388745 0.725996
vt 0.377934 0.725832
vt 0.377095 0.713304
vt 0.368116 0.713149
vt 0.368747 0.725720
vt 0.360557 0.725647
vt 0.360059 0.713047
vt 0.421435 0.714630
vt 0.410240 0.714192
vt 0.423876 0.726861
vt 0.412388 0.726511
vt 0.441762 0.715588
vt 0.431998 0.715110
vt 0.444560 0.727677
vt 0.434658 0.727258
vt 0.380462 0.658915
vt 0.372234 0.658602
vt 0.379612 0.751490
vt 0.380472 0.766247
vt 0.370626 0.766328
vt 0.369991 0.751495
vt 0.371234 0.782477
vt 0.362300 0.782580
vt 0.361887 0.766373
vt 0.361453 0.751495
vt 0.415796 0.943162
vt 0.417645 0.947252
vt 0.403363 0.955736
vt 0.401888 0.951372
vt 0.419500 0.951224
vt 0.404836 0.959983
vt 0.390702 0.966618
vt 0.389616 0.962163
vt 0.388539 0.957591
vt 0.403564 0.751487
vt 0.404970 0.765964
vt 0.392216 0.766120
vt 0.391080 0.751484
vt 0.417590 0.765798
vt 0.415985 0.751514
vt 0.479323 0.874181
vt 0.473449 0.888070
vt 0.470495 0.885744
vt 0.476279 0.872188
vt 0.466082 0.901745
vt 0.463252 0.899073
vt 0.460499 0.896335
vt 0.467589 0.883367
vt 0.473245 0.870151
vt 0.353038 0.751491
vt 0.353254 0.766393
vt 0.362300 0.782580
vt 0.353458 0.782633
vt 0.344553 0.782644
vt 0.344619 0.699802
vt 0.351971 0.699830
vt 0.352291 0.712984
vt 0.344613 0.712960
vt 0.359492 0.699906
vt 0.360059 0.713047
vt 0.360557 0.725647
vt 0.352569 0.725602
vt 0.344605 0.725583
vt 0.344627 0.671854
vt 0.351239 0.671883
vt 0.351612 0.685956
vt 0.344624 0.685927
vt 0.358840 0.686041
vt 0.358140 0.671971
vt 0.351239 0.671883
vt 0.350873 0.658124
vt 0.357429 0.658210
vt 0.344628 0.658098
vt 0.344627 0.644450
vt 0.350502 0.644473
vt 0.481602 0.842095
vt 0.484892 0.843588
vt 0.481105 0.858029
vt 0.477938 0.856280
vt 0.488119 0.845049
vt 0.484243 0.859737
vt 0.479323 0.874181
vt 0.476279 0.872188
vt 0.473245 0.870151
vt 0.485694 0.813466
vt 0.489120 0.814515
vt 0.487498 0.829197
vt 0.484120 0.827943
vt 0.492459 0.815551
vt 0.490796 0.830431
vt 0.486643 0.782766
vt 0.490115 0.783606
vt 0.489987 0.799204
vt 0.486545 0.798298
vt 0.493490 0.784417
vt 0.493335 0.800087
vt 0.491874 0.754810
vt 0.492966 0.769110
vt 0.489506 0.768287
vt 0.488316 0.754024
vt 0.490115 0.783606
vt 0.486643 0.782766
vt 0.485953 0.767447
vt 0.484659 0.753245
vt 0.493419 0.847547
vt 0.489550 0.862656
vt 0.487016 0.861257
vt 0.490911 0.846349
vt 0.484659 0.877586
vt 0.482086 0.875954
vt 0.488119 0.845049
vt 0.497968 0.817390
vt 0.496170 0.832599
vt 0.493633 0.831552
vt 0.495355 0.816498
vt 0.499320 0.785526
vt 0.499005 0.801530
vt 0.496294 0.800848
vt 0.496516 0.785034
vt 0.493335 0.800087
vt 0.559007 0.092219
vt 0.561522 0.094729
vt 0.555913 0.107524
vt 0.553303 0.105367
vt 0.564293 0.097500
vt 0.558844 0.109815
vt 0.554487 0.122983
vt 0.551412 0.121131
vt 0.548711 0.119310
vt 0.444152 0.592487
vt 0.448873 0.592303
vt 0.451110 0.605464
vt 0.446581 0.605700
vt 0.453421 0.592162
vt 0.455502 0.605311
vt 0.458104 0.618812
vt 0.453838 0.619014
vt 0.440831 0.620049
vt 0.444637 0.634083
vt 0.439085 0.634238
vt 0.435191 0.620322
vt 0.448835 0.648060
vt 0.443368 0.648072
vt 0.436842 0.647923
vt 0.432558 0.634217
vt 0.428663 0.620430
vt 0.440252 0.567561
vt 0.445277 0.567379
vt 0.446910 0.579517
vt 0.442021 0.579692
vt 0.450110 0.567226
vt 0.451609 0.579368
vt 0.437893 0.545194
vt 0.443108 0.545031
vt 0.444048 0.556057
vt 0.438917 0.556236
vt 0.448152 0.544926
vt 0.448994 0.555924
vt 0.436411 0.522256
vt 0.441742 0.522156
vt 0.442335 0.533741
vt 0.437051 0.533877
vt 0.446922 0.522081
vt 0.447459 0.533651
vt 0.460960 0.592055
vt 0.462792 0.605284
vt 0.459328 0.605266
vt 0.457378 0.592089
vt 0.465142 0.618791
vt 0.461805 0.618758
vt 0.455502 0.605311
vt 0.657392 0.044412
vt 0.667648 0.042991
vt 0.667823 0.054833
vt 0.657748 0.056094
vt 0.677995 0.042437
vt 0.667963 0.069952
vt 0.658032 0.070966
vt 0.458143 0.567093
vt 0.459404 0.579217
vt 0.455699 0.579275
vt 0.454322 0.567139
vt 0.451609 0.579368
vt 0.450110 0.567226
vt 0.456528 0.544926
vt 0.457222 0.555861
vt 0.453308 0.555869
vt 0.452547 0.544901
vt 0.448152 0.544926
vt 0.455528 0.522059
vt 0.455950 0.533654
vt 0.451918 0.533632
vt 0.451438 0.522055
vt 0.447459 0.533651
vt 0.446922 0.522081
vt 0.435877 0.498512
vt 0.441225 0.498502
vt 0.441370 0.510377
vt 0.436022 0.510433
vt 0.446575 0.510329
vt 0.455314 0.510297
vt 0.451147 0.510305
vt 0.451032 0.498474
vt 0.446575 0.510329
vt 0.377605 0.966320
vt 0.376857 0.961615
vt 0.378377 0.970907
vt 0.367083 0.973453
vt 0.366578 0.968785
vt 0.366100 0.964003
vt 0.440903 0.921974
vt 0.443228 0.925406
vt 0.431043 0.937078
vt 0.428928 0.933307
vt 0.445635 0.928721
vt 0.433201 0.940728
vt 0.456722 0.915492
vt 0.454083 0.912496
vt 0.445635 0.928721
vt 0.443228 0.925406
vt 0.451536 0.909407
vt 0.409072 0.920459
vt 0.410693 0.928442
vt 0.397726 0.935518
vt 0.396455 0.926870
vt 0.412488 0.934583
vt 0.399164 0.942170
vt 0.386435 0.947895
vt 0.385321 0.940859
vt 0.384349 0.931725
vt 0.392802 0.974208
vt 0.379976 0.978770
vt 0.379171 0.974998
vt 0.391761 0.970573
vt 0.368166 0.981478
vt 0.367617 0.977624
vt 0.367083 0.973453
vt 0.378377 0.970907
vt 0.450078 0.934275
vt 0.437026 0.946855
vt 0.435176 0.943933
vt 0.447906 0.931628
vt 0.422672 0.957905
vt 0.421154 0.954717
vt 0.419500 0.951224
vt 0.433201 0.940728
vt 0.471260 0.906181
vt 0.461620 0.920478
vt 0.459223 0.918107
vt 0.468735 0.904074
vt 0.356306 0.983029
vt 0.356031 0.979133
vt 0.344308 0.979628
vt 0.355766 0.974917
vt 0.355518 0.970202
vt 0.355289 0.965370
vt 0.355766 0.974917
vt 0.344316 0.975399
vt 0.344326 0.970667
vt 0.474325 0.703939
vt 0.478338 0.703967
vt 0.481784 0.717077
vt 0.477865 0.716947
vt 0.482247 0.704006
vt 0.485581 0.717236
vt 0.488237 0.729677
vt 0.484543 0.729344
vt 0.480720 0.729046
vt 0.465638 0.675467
vt 0.469786 0.675280
vt 0.474224 0.689807
vt 0.470136 0.689878
vt 0.473855 0.675085
vt 0.478224 0.689728
vt 0.469515 0.660790
vt 0.465389 0.661082
vt 0.473855 0.675085
vt 0.469786 0.675280
vt 0.465638 0.675467
vt 0.461186 0.661397
vt 0.477097 0.752524
vt 0.478500 0.766456
vt 0.473370 0.766185
vt 0.471885 0.752451
vt 0.479343 0.781476
vt 0.474337 0.780930
vt 0.468109 0.780500
vt 0.467001 0.765962
vt 0.465415 0.752369
vt 0.488375 0.704138
vt 0.491589 0.717570
vt 0.488778 0.717402
vt 0.485518 0.704066
vt 0.494180 0.730210
vt 0.491384 0.729962
vt 0.488237 0.729677
vt 0.485581 0.717236
vt 0.480185 0.674842
vt 0.484461 0.689658
vt 0.481559 0.689682
vt 0.477243 0.674945
vt 0.478224 0.689728
vt 0.471897 0.646402
vt 0.475935 0.660442
vt 0.472950 0.660587
vt 0.468838 0.646527
vt 0.573673 0.318825
vt 0.570032 0.304299
vt 0.578027 0.304725
vt 0.581574 0.319216
vt 0.566645 0.289748
vt 0.574734 0.290184
vt 0.583723 0.290711
vt 0.586870 0.305253
vt 0.590263 0.319717
vt 0.474325 0.703939
vt 0.470645 0.703904
vt 0.466434 0.689897
vt 0.470137 0.689879
vt 0.466591 0.703826
vt 0.462372 0.689838
vt 0.457811 0.675569
vt 0.461906 0.675575
vt 0.465638 0.675467
vt 0.438397 0.702687
vt 0.447113 0.703103
vt 0.450598 0.716016
vt 0.454820 0.703435
vt 0.458356 0.716361
vt 0.461212 0.728409
vt 0.453447 0.728081
vt 0.438472 0.674910
vt 0.442964 0.689141
vt 0.434444 0.688766
vt 0.445958 0.675200
vt 0.450575 0.689452
vt 0.441339 0.661448
vt 0.433985 0.661181
vt 0.429615 0.647691
vt 0.445958 0.675200
vt 0.438472 0.674910
vt 0.457407 0.661645
vt 0.461186 0.661398
vt 0.453256 0.661749
vt 0.448835 0.648060
vt 0.453072 0.647828
vt 0.461347 0.703674
vt 0.464896 0.716604
vt 0.466591 0.703826
vt 0.470145 0.716760
vt 0.473021 0.728744
vt 0.467759 0.728615
vt 0.452484 0.675433
vt 0.457099 0.689688
vt 0.457811 0.675569
vt 0.462372 0.689838
vt 0.453256 0.661749
vt 0.447865 0.661663
vt 0.459434 0.765745
vt 0.457750 0.752154
vt 0.460668 0.780270
vt 0.480720 0.729046
vt 0.477096 0.728862
vt 0.474210 0.716856
vt 0.473021 0.728744
vt 0.470145 0.716760
vt 0.482480 0.766846
vt 0.481127 0.752752
vt 0.483240 0.782069
vt 0.467415 0.866209
vt 0.462057 0.878743
vt 0.458521 0.875967
vt 0.463653 0.863992
vt 0.455341 0.890950
vt 0.452106 0.887541
vt 0.448620 0.883800
vt 0.454463 0.873219
vt 0.459076 0.862022
vt 0.415796 0.943162
vt 0.414137 0.939196
vt 0.427040 0.929641
vt 0.428928 0.933307
vt 0.412488 0.934583
vt 0.425117 0.925428
vt 0.436632 0.914876
vt 0.438816 0.918643
vt 0.373077 0.910470
vt 0.373333 0.923318
vt 0.363789 0.924964
vt 0.383370 0.908071
vt 0.383708 0.920544
vt 0.384349 0.931725
vt 0.373809 0.934858
vt 0.364115 0.936717
vt 0.429814 0.896521
vt 0.419528 0.903967
vt 0.431611 0.903953
vt 0.420920 0.912776
vt 0.407977 0.910623
vt 0.448620 0.883800
vt 0.440949 0.894151
vt 0.438555 0.888535
vt 0.445321 0.880213
vt 0.431611 0.903953
vt 0.429814 0.896521
vt 0.428982 0.887931
vt 0.437332 0.882000
vt 0.449242 0.906451
vt 0.451536 0.909407
vt 0.446809 0.903169
vt 0.455341 0.890950
vt 0.458006 0.893755
vt 0.460499 0.896335
vt 0.374532 0.944311
vt 0.373809 0.934858
vt 0.375353 0.951603
vt 0.365150 0.953804
vt 0.364605 0.946360
vt 0.364115 0.936717
vt 0.434076 0.910052
vt 0.422941 0.919909
vt 0.436632 0.914876
vt 0.425117 0.925428
vt 0.446809 0.903169
vt 0.443901 0.899064
vt 0.431611 0.903953
vt 0.440949 0.894151
vt 0.395609 0.916252
vt 0.383708 0.920544
vt 0.387499 0.953136
vt 0.400524 0.947134
vt 0.401888 0.951372
vt 0.386435 0.947895
vt 0.399164 0.942170
vt 0.625493 0.415441
vt 0.631922 0.415724
vt 0.634017 0.432586
vt 0.627833 0.432359
vt 0.638190 0.415966
vt 0.640036 0.432779
vt 0.641449 0.448218
vt 0.635635 0.448063
vt 0.629647 0.447886
vt 0.376857 0.961616
vt 0.376123 0.957023
vt 0.387499 0.953136
vt 0.365641 0.959330
vt 0.365150 0.953804
vt 0.375353 0.951603
vt 0.386435 0.947895
vt 0.355071 0.960648
vt 0.344339 0.961084
vt 0.354835 0.955063
vt 0.425388 0.498520
vt 0.430949 0.510481
vt 0.425569 0.510522
vt 0.431373 0.522351
vt 0.426035 0.522437
vt 0.354565 0.947540
vt 0.354319 0.937796
vt 0.354835 0.955063
vt 0.344351 0.947936
vt 0.344361 0.938159
vt 0.364115 0.936717
vt 0.354319 0.937796
vt 0.354158 0.925921
vt 0.363789 0.924964
vt 0.344361 0.938159
vt 0.344375 0.926243
vt 0.354075 0.912722
vt 0.363614 0.911895
vt 0.415479 0.593310
vt 0.418347 0.606694
vt 0.422380 0.593364
vt 0.425302 0.606768
vt 0.428663 0.620430
vt 0.421635 0.620313
vt 0.414193 0.620003
vt 0.449468 0.619328
vt 0.445357 0.619695
vt 0.442262 0.605983
vt 0.446581 0.605700
vt 0.440831 0.620049
vt 0.437552 0.606293
vt 0.434723 0.592927
vt 0.439615 0.592690
vt 0.444152 0.592487
vt 0.412923 0.580317
vt 0.415479 0.593310
vt 0.403759 0.567855
vt 0.410772 0.568052
vt 0.417634 0.568118
vt 0.419792 0.580374
vt 0.422380 0.593364
vt 0.402146 0.556521
vt 0.409115 0.556696
vt 0.400907 0.545499
vt 0.407844 0.545648
vt 0.414749 0.545705
vt 0.415997 0.556764
vt 0.399923 0.534149
vt 0.406826 0.534263
vt 0.399181 0.522455
vt 0.406054 0.522528
vt 0.412961 0.522549
vt 0.413738 0.534303
vt 0.428908 0.593195
vt 0.431825 0.606597
vt 0.434723 0.592927
vt 0.437552 0.606293
vt 0.425439 0.634041
vt 0.421635 0.620313
vt 0.417634 0.568118
vt 0.424244 0.568043
vt 0.426349 0.580249
vt 0.419792 0.580374
vt 0.430245 0.567892
vt 0.432258 0.580044
vt 0.421493 0.545662
vt 0.422675 0.556714
vt 0.427647 0.545541
vt 0.428759 0.556584
vt 0.412961 0.522549
vt 0.419784 0.522511
vt 0.420531 0.534260
vt 0.413738 0.534303
vt 0.426740 0.534158
vt 0.405366 0.498535
vt 0.405551 0.510582
vt 0.398701 0.510548
vt 0.412450 0.510588
vt 0.406054 0.522528
vt 0.419095 0.498525
vt 0.419286 0.510563
vt 0.437051 0.533877
vt 0.432046 0.534023
vt 0.431373 0.522351
vt 0.437893 0.545194
vt 0.432922 0.545374
vt 0.427647 0.545541
vt 0.426740 0.534158
vt 0.426035 0.522437
vt 0.438917 0.556236
vt 0.433992 0.556418
vt 0.440252 0.567561
vt 0.435406 0.567731
vt 0.430245 0.567892
vt 0.428759 0.556584
vt 0.442021 0.579692
vt 0.437304 0.579860
vt 0.444152 0.592487
vt 0.439615 0.592689
vt 0.434723 0.592927
vt 0.449001 0.633758
vt 0.445357 0.619695
vt 0.453072 0.647828
vt 0.574758 0.127694
vt 0.581263 0.126081
vt 0.580441 0.138900
vt 0.573249 0.140141
vt 0.588329 0.123253
vt 0.588035 0.136851
vt 0.587779 0.150738
vt 0.579773 0.152365
vt 0.572065 0.153443
vt 0.481602 0.842095
vt 0.478564 0.840696
vt 0.480977 0.826763
vt 0.484120 0.827943
vt 0.475327 0.839324
vt 0.477574 0.825612
vt 0.478860 0.811506
vt 0.482455 0.812475
vt 0.485694 0.813466
vt 0.451203 0.837187
vt 0.459254 0.836602
vt 0.456812 0.849238
vt 0.449395 0.849838
vt 0.466022 0.836918
vt 0.463027 0.849818
vt 0.453661 0.860911
vt 0.447164 0.861332
vt 0.452832 0.810027
vt 0.461269 0.809682
vt 0.460678 0.823463
vt 0.452345 0.823952
vt 0.468434 0.809866
vt 0.467715 0.823666
vt 0.451990 0.780261
vt 0.460668 0.780270
vt 0.461271 0.795124
vt 0.452719 0.795291
vt 0.468569 0.795334
vt 0.483219 0.797471
vt 0.486545 0.798298
vt 0.479453 0.796684
vt 0.479343 0.781476
vt 0.483240 0.782069
vt 0.486643 0.782766
vt 0.471290 0.837951
vt 0.467989 0.851224
vt 0.475327 0.839324
vt 0.471882 0.852965
vt 0.467415 0.866209
vt 0.463652 0.863992
vt 0.474265 0.810556
vt 0.473278 0.824484
vt 0.474337 0.780930
vt 0.474620 0.795914
vt 0.459076 0.862022
vt 0.454463 0.873219
vt 0.450042 0.871170
vt 0.453661 0.860911
vt 0.371234 0.782478
vt 0.371770 0.799430
vt 0.362667 0.799610
vt 0.381281 0.782297
vt 0.382508 0.816024
vt 0.473245 0.870151
vt 0.470441 0.868220
vt 0.475011 0.854630
vt 0.477938 0.856280
vt 0.467415 0.866209
vt 0.471882 0.852965
vt 0.464926 0.881129
vt 0.470441 0.868220
vt 0.603561 0.088935
vt 0.604528 0.102101
vt 0.596001 0.106399
vt 0.595111 0.094293
vt 0.605020 0.116578
vt 0.596331 0.119939
vt 0.588329 0.123253
vt 0.588336 0.110893
vt 0.587638 0.100171
vt 0.608025 0.201075
vt 0.609258 0.215795
vt 0.599831 0.216078
vt 0.598606 0.201601
vt 0.610783 0.231436
vt 0.601389 0.231511
vt 0.592151 0.231552
vt 0.590608 0.216332
vt 0.589435 0.202104
vt 0.612570 0.084174
vt 0.613457 0.098230
vt 0.621624 0.080152
vt 0.622366 0.094956
vt 0.622893 0.110887
vt 0.613996 0.113501
vt 0.605020 0.116578
vt 0.630364 0.076968
vt 0.630993 0.092376
vt 0.639141 0.074470
vt 0.639669 0.090352
vt 0.640110 0.107211
vt 0.631487 0.108827
vt 0.648376 0.072481
vt 0.648776 0.088727
vt 0.658295 0.087494
vt 0.658548 0.104924
vt 0.649133 0.105910
vt 0.605283 0.131765
vt 0.596386 0.134359
vt 0.605524 0.146835
vt 0.596427 0.148816
vt 0.588035 0.136851
vt 0.579514 0.165309
vt 0.571459 0.166192
vt 0.587804 0.164039
vt 0.588100 0.176734
vt 0.579622 0.177677
vt 0.571339 0.178331
vt 0.622893 0.110887
vt 0.623321 0.127324
vt 0.614375 0.129370
vt 0.613996 0.113501
vt 0.623742 0.143432
vt 0.614738 0.145004
vt 0.640110 0.107211
vt 0.640508 0.124433
vt 0.631919 0.125706
vt 0.631487 0.108827
vt 0.640891 0.141186
vt 0.632342 0.142177
vt 0.658792 0.122636
vt 0.649466 0.123411
vt 0.649133 0.105910
vt 0.659021 0.139788
vt 0.649781 0.140391
vt 0.605902 0.161089
vt 0.596663 0.162579
vt 0.606430 0.174555
vt 0.597101 0.175655
vt 0.588100 0.176734
vt 0.587804 0.164039
vt 0.588329 0.123253
vt 0.581263 0.126081
vt 0.581853 0.115101
vt 0.588336 0.110893
vt 0.576261 0.117527
vt 0.577386 0.110550
vt 0.581513 0.106199
vt 0.587638 0.100171
vt 0.624225 0.158511
vt 0.615197 0.159706
vt 0.624789 0.172628
vt 0.615766 0.173527
vt 0.641287 0.156777
vt 0.632801 0.157546
vt 0.641725 0.171301
vt 0.633318 0.171893
vt 0.659234 0.155687
vt 0.650091 0.156159
vt 0.659464 0.170453
vt 0.650428 0.170823
vt 0.618821 0.472551
vt 0.618046 0.460736
vt 0.624752 0.460850
vt 0.625489 0.472644
vt 0.616706 0.447559
vt 0.623485 0.447699
vt 0.629647 0.447886
vt 0.630815 0.460998
vt 0.631496 0.472758
vt 0.572125 0.202762
vt 0.580714 0.202521
vt 0.581794 0.216511
vt 0.573071 0.216555
vt 0.589435 0.202104
vt 0.590608 0.216332
vt 0.592151 0.231552
vt 0.583274 0.231520
vt 0.574440 0.231384
vt 0.626311 0.200129
vt 0.627432 0.215276
vt 0.618560 0.215523
vt 0.617363 0.200575
vt 0.628768 0.231286
vt 0.620007 0.231360
vt 0.642915 0.199443
vt 0.643789 0.214886
vt 0.635714 0.215062
vt 0.634702 0.199752
vt 0.644818 0.231154
vt 0.636912 0.231215
vt 0.660133 0.199002
vt 0.660635 0.214647
vt 0.652081 0.214749
vt 0.651376 0.199193
vt 0.661222 0.231087
vt 0.652907 0.231112
vt 0.678055 0.086396
vt 0.668102 0.086692
vt 0.667963 0.069952
vt 0.678084 0.104052
vt 0.668244 0.104287
vt 0.658295 0.087494
vt 0.658032 0.070966
vt 0.612537 0.247408
vt 0.603231 0.247329
vt 0.614435 0.263071
vt 0.605263 0.262883
vt 0.596165 0.262642
vt 0.594037 0.247210
vt 0.668385 0.122134
vt 0.678144 0.139241
vt 0.668517 0.139393
vt 0.668636 0.155370
vt 0.678196 0.170097
vt 0.668761 0.170200
vt 0.678261 0.214548
vt 0.669394 0.214580
vt 0.669124 0.198869
vt 0.669707 0.231074
vt 0.605079 0.380879
vt 0.612648 0.381218
vt 0.615955 0.398086
vt 0.608628 0.397797
vt 0.619760 0.381598
vt 0.622787 0.398427
vt 0.618932 0.415137
vt 0.611836 0.414893
vt 0.597485 0.348418
vt 0.605481 0.348874
vt 0.609092 0.364634
vt 0.601301 0.364230
vt 0.613121 0.349356
vt 0.616468 0.365073
vt 0.667629 0.383344
vt 0.666924 0.367110
vt 0.672628 0.367208
vt 0.672984 0.383423
vt 0.666208 0.351628
vt 0.672266 0.351734
vt 0.678352 0.383452
vt 0.636680 0.461139
vt 0.630815 0.460998
vt 0.642362 0.461262
vt 0.642898 0.472957
vt 0.637292 0.472865
vt 0.631496 0.472758
vt 0.626738 0.381985
vt 0.629481 0.398764
vt 0.633564 0.382331
vt 0.636013 0.399059
vt 0.620726 0.349829
vt 0.623752 0.365509
vt 0.628248 0.350252
vt 0.630917 0.365895
vt 0.641449 0.448218
vt 0.645753 0.432941
vt 0.646969 0.448349
vt 0.638190 0.415966
vt 0.644154 0.416161
vt 0.649655 0.416313
vt 0.651013 0.433072
vt 0.652044 0.448457
vt 0.642898 0.472957
vt 0.647755 0.461365
vt 0.648219 0.473032
vt 0.652713 0.461450
vt 0.653109 0.473091
vt 0.642254 0.399289
vt 0.633564 0.382331
vt 0.640120 0.382596
vt 0.646223 0.382794
vt 0.648039 0.399464
vt 0.637830 0.366194
vt 0.635524 0.350590
vt 0.642312 0.350849
vt 0.644277 0.366421
vt 0.655740 0.433175
vt 0.656600 0.448543
vt 0.654614 0.416433
vt 0.659297 0.416530
vt 0.660196 0.433259
vt 0.660887 0.448614
vt 0.657158 0.461516
vt 0.657490 0.473137
vt 0.661336 0.461570
vt 0.661604 0.473173
vt 0.653279 0.399600
vt 0.651769 0.382950
vt 0.657029 0.383089
vt 0.658241 0.399714
vt 0.650127 0.366602
vt 0.648466 0.351050
vt 0.654312 0.351238
vt 0.655679 0.366771
vt 0.664667 0.433330
vt 0.665184 0.448674
vt 0.663999 0.416614
vt 0.668754 0.416682
vt 0.669193 0.433387
vt 0.669532 0.448722
vt 0.665520 0.461616
vt 0.665720 0.473204
vt 0.669752 0.461653
vt 0.669883 0.473230
vt 0.663215 0.399817
vt 0.662303 0.383225
vt 0.668238 0.399905
vt 0.661265 0.366951
vt 0.660212 0.351446
vt 0.621502 0.432113
vt 0.614593 0.431924
vt 0.623485 0.447699
vt 0.616706 0.447559
vt 0.578437 0.261906
vt 0.587332 0.262311
vt 0.589740 0.276925
vt 0.580919 0.276420
vt 0.596165 0.262642
vt 0.598455 0.277372
vt 0.600979 0.291775
vt 0.592421 0.291265
vt 0.583723 0.290711
vt 0.631994 0.496304
vt 0.631879 0.484471
vt 0.637634 0.484534
vt 0.637734 0.496316
vt 0.643199 0.484587
vt 0.673287 0.399966
vt 0.673540 0.416728
vt 0.678347 0.399989
vt 0.678339 0.416747
vt 0.673753 0.433426
vt 0.673916 0.448755
vt 0.678330 0.433442
vt 0.578054 0.381056
vt 0.573535 0.381396
vt 0.569716 0.364525
vt 0.574126 0.364208
vt 0.569489 0.381662
vt 0.565791 0.364767
vt 0.562013 0.348520
vt 0.565849 0.348336
vt 0.570172 0.348096
vt 0.674021 0.461679
vt 0.674080 0.473248
vt 0.678308 0.461690
vt 0.669956 0.484743
vt 0.674111 0.484754
vt 0.678284 0.484761
vt 0.661757 0.484710
vt 0.665834 0.484728
vt 0.665865 0.496359
vt 0.653336 0.484664
vt 0.657680 0.484690
vt 0.657736 0.496348
vt 0.648482 0.484631
vt 0.648559 0.496334
vt 0.631496 0.472758
vt 0.631879 0.484471
vt 0.625908 0.484403
vt 0.625489 0.472644
vt 0.619405 0.496276
vt 0.619267 0.484344
vt 0.623263 0.321625
vt 0.625711 0.335737
vt 0.617845 0.335276
vt 0.615067 0.321157
vt 0.628248 0.350252
vt 0.620726 0.349829
vt 0.613121 0.349356
vt 0.609913 0.334784
vt 0.606820 0.320668
vt 0.610783 0.231436
vt 0.620007 0.231359
vt 0.621635 0.247479
vt 0.612537 0.247408
vt 0.628768 0.231286
vt 0.630244 0.247536
vt 0.631787 0.263395
vt 0.623366 0.263246
vt 0.638216 0.247568
vt 0.644818 0.231154
vt 0.645927 0.247587
vt 0.647056 0.263568
vt 0.639561 0.263497
vt 0.653789 0.247607
vt 0.661222 0.231087
vt 0.661843 0.247630
vt 0.662459 0.263674
vt 0.654675 0.263626
vt 0.616415 0.277982
vt 0.607412 0.277710
vt 0.618534 0.292535
vt 0.609747 0.292189
vt 0.598455 0.277372
vt 0.595422 0.305780
vt 0.586870 0.305253
vt 0.603804 0.306279
vt 0.598648 0.320198
vt 0.590263 0.319717
vt 0.631787 0.263395
vt 0.633353 0.278444
vt 0.625149 0.278232
vt 0.634990 0.293103
vt 0.627031 0.292847
vt 0.647056 0.263568
vt 0.648165 0.278697
vt 0.640904 0.278592
vt 0.639561 0.263497
vt 0.649309 0.293408
vt 0.642298 0.293281
vt 0.662459 0.263674
vt 0.663047 0.278846
vt 0.655533 0.278781
vt 0.663645 0.293597
vt 0.656410 0.293515
vt 0.620844 0.307164
vt 0.612333 0.306743
vt 0.603804 0.306279
vt 0.596165 0.262642
vt 0.587332 0.262311
vt 0.585150 0.247013
vt 0.594037 0.247210
vt 0.578437 0.261906
vt 0.576253 0.246730
vt 0.574440 0.231384
vt 0.583274 0.231520
vt 0.592151 0.231552
vt 0.636748 0.307824
vt 0.629061 0.307533
vt 0.638576 0.322329
vt 0.631177 0.322024
vt 0.650536 0.308164
vt 0.643793 0.308021
vt 0.651795 0.322696
vt 0.645338 0.322536
vt 0.664286 0.308400
vt 0.657353 0.308295
vt 0.664935 0.322991
vt 0.658313 0.322857
vt 0.578923 0.075204
vt 0.576503 0.071705
vt 0.585555 0.062009
vt 0.587675 0.065801
vt 0.574192 0.068603
vt 0.583435 0.058661
vt 0.593404 0.050010
vt 0.595291 0.053572
vt 0.597104 0.057607
vt 0.601997 0.334307
vt 0.593801 0.333839
vt 0.609913 0.334784
vt 0.640420 0.336407
vt 0.633317 0.336117
vt 0.653034 0.336797
vt 0.646881 0.336616
vt 0.665559 0.337160
vt 0.659245 0.336992
vt 0.666208 0.351628
vt 0.660212 0.351446
vt 0.670035 0.247649
vt 0.678314 0.263718
vt 0.670358 0.263708
vt 0.661843 0.247630
vt 0.539839 0.228370
vt 0.543365 0.228767
vt 0.544775 0.244350
vt 0.541275 0.244025
vt 0.547315 0.229272
vt 0.548733 0.244757
vt 0.550657 0.260089
vt 0.546668 0.259771
vt 0.543164 0.259512
vt 0.678326 0.278898
vt 0.670662 0.278887
vt 0.678336 0.293655
vt 0.670968 0.293643
vt 0.678344 0.308470
vt 0.671296 0.308456
vt 0.678349 0.323083
vt 0.671625 0.323064
vt 0.672266 0.351734
vt 0.671939 0.337253
vt 0.678353 0.337279
vt 0.666208 0.351628
vt 0.665559 0.337160
vt 0.664935 0.322991
vt 0.678349 0.323083
vt 0.589834 0.447663
vt 0.584777 0.447839
vt 0.582833 0.432328
vt 0.587750 0.432126
vt 0.580191 0.448043
vt 0.578377 0.432550
vt 0.575915 0.415663
vt 0.580223 0.415427
vt 0.584984 0.415186
vt 0.565931 0.381803
vt 0.562359 0.364870
vt 0.562646 0.381869
vt 0.559202 0.364891
vt 0.555591 0.348608
vt 0.558666 0.348597
vt 0.591820 0.472619
vt 0.586638 0.472729
vt 0.585983 0.460963
vt 0.591123 0.460813
vt 0.581924 0.472839
vt 0.581314 0.461128
vt 0.592275 0.496220
vt 0.587046 0.496197
vt 0.586961 0.484409
vt 0.592173 0.484358
vt 0.582294 0.496168
vt 0.582226 0.484453
vt 0.569489 0.381662
vt 0.577084 0.398384
vt 0.572912 0.398640
vt 0.578054 0.381056
vt 0.581715 0.398083
vt 0.584984 0.415186
vt 0.580224 0.415427
vt 0.575915 0.415663
vt 0.576206 0.448214
vt 0.574463 0.432757
vt 0.572569 0.448359
vt 0.570861 0.432952
vt 0.568538 0.416085
vt 0.572091 0.415880
vt 0.407441 0.967167
vt 0.406181 0.963734
vt 0.404836 0.959983
vt 0.577805 0.472915
vt 0.577253 0.461253
vt 0.574030 0.472968
vt 0.573547 0.461349
vt 0.578134 0.496142
vt 0.578082 0.484479
vt 0.574279 0.484492
vt 0.562758 0.318640
vt 0.558513 0.318656
vt 0.555000 0.303875
vt 0.559188 0.303948
vt 0.554749 0.318674
vt 0.551302 0.303814
vt 0.548148 0.288966
vt 0.551763 0.289097
vt 0.555878 0.289246
vt 0.569213 0.398828
vt 0.572912 0.398640
vt 0.565778 0.398974
vt 0.545086 0.288825
vt 0.542439 0.274151
vt 0.545442 0.274353
vt 0.542337 0.288677
vt 0.539741 0.273942
vt 0.537464 0.258993
vt 0.540171 0.259254
vt 0.548987 0.274550
vt 0.553031 0.274780
vt 0.550657 0.260089
vt 0.562012 0.348520
vt 0.558325 0.333357
vt 0.562122 0.333253
vt 0.558513 0.318656
vt 0.562758 0.318640
vt 0.566401 0.333125
vt 0.570172 0.348096
vt 0.539839 0.228370
vt 0.541275 0.244025
vt 0.538260 0.243703
vt 0.536786 0.227967
vt 0.543164 0.259512
vt 0.537464 0.258993
vt 0.535516 0.243373
vt 0.534000 0.227549
vt 0.551481 0.318686
vt 0.548133 0.303754
vt 0.548490 0.318693
vt 0.545262 0.303692
vt 0.558325 0.333357
vt 0.555014 0.333410
vt 0.555591 0.348608
vt 0.551973 0.333432
vt 0.548490 0.318693
vt 0.478758 0.891981
vt 0.476180 0.890116
vt 0.546029 0.176317
vt 0.542437 0.175192
vt 0.543406 0.162853
vt 0.546822 0.164122
vt 0.539286 0.174130
vt 0.540434 0.161636
vt 0.542293 0.148297
vt 0.545140 0.149659
vt 0.548413 0.151061
vt 0.539677 0.147029
vt 0.542458 0.132457
vt 0.545047 0.133915
vt 0.537166 0.145818
vt 0.539944 0.131063
vt 0.543702 0.116021
vt 0.546173 0.117623
vt 0.548711 0.119310
vt 0.547816 0.135471
vt 0.550991 0.137042
vt 0.551412 0.121131
vt 0.554487 0.122983
vt 0.538542 0.199106
vt 0.538665 0.186322
vt 0.542027 0.187171
vt 0.542062 0.199743
vt 0.539286 0.174130
vt 0.542437 0.175192
vt 0.545799 0.188117
vt 0.545967 0.200509
vt 0.559007 0.092219
vt 0.550875 0.103422
vt 0.556706 0.090006
vt 0.546173 0.117623
vt 0.543702 0.116021
vt 0.548534 0.101605
vt 0.554518 0.087962
vt 0.536513 0.173155
vt 0.537764 0.160516
vt 0.533943 0.172231
vt 0.535246 0.159456
vt 0.538542 0.199106
vt 0.538928 0.213212
vt 0.535846 0.212710
vt 0.535492 0.198472
vt 0.533037 0.212187
vt 0.532713 0.197826
vt 0.497891 0.755680
vt 0.498927 0.770065
vt 0.496062 0.769674
vt 0.495016 0.755333
vt 0.616816 0.044715
vt 0.615402 0.040396
vt 0.625089 0.035849
vt 0.626309 0.040237
vt 0.613985 0.036508
vt 0.623896 0.031838
vt 0.633891 0.028249
vt 0.634856 0.032359
vt 0.635855 0.036791
vt 0.633012 0.024550
vt 0.643771 0.021605
vt 0.644430 0.025398
vt 0.632188 0.021089
vt 0.643150 0.018042
vt 0.654557 0.015754
vt 0.654978 0.019414
vt 0.655420 0.023287
vt 0.645154 0.029582
vt 0.645914 0.034048
vt 0.655898 0.027519
vt 0.656408 0.031991
vt 0.605379 0.046327
vt 0.606971 0.050535
vt 0.603731 0.042587
vt 0.559007 0.092219
vt 0.565994 0.079876
vt 0.568422 0.082701
vt 0.561522 0.094729
vt 0.574192 0.068603
vt 0.576503 0.071705
vt 0.571044 0.085870
vt 0.564293 0.097500
vt 0.572094 0.065887
vt 0.581491 0.055735
vt 0.570125 0.063383
vt 0.579665 0.053042
vt 0.590001 0.044020
vt 0.591653 0.046893
vt 0.677986 0.030221
vt 0.667142 0.030685
vt 0.666886 0.026248
vt 0.677983 0.025811
vt 0.656408 0.031991
vt 0.655898 0.027519
vt 0.655420 0.023287
vt 0.666647 0.021992
vt 0.677979 0.021549
vt 0.612664 0.033038
vt 0.622797 0.028241
vt 0.611405 0.029798
vt 0.621755 0.024879
vt 0.602190 0.039283
vt 0.600728 0.036216
vt 0.574192 0.068603
vt 0.565994 0.079876
vt 0.563791 0.077400
vt 0.561716 0.075118
vt 0.570125 0.063383
vt 0.468226 0.632516
vt 0.465037 0.632555
vt 0.619382 0.056781
vt 0.618132 0.049719
vt 0.627477 0.045243
vt 0.628563 0.052460
vt 0.636821 0.041775
vt 0.637709 0.049084
vt 0.666423 0.018063
vt 0.677974 0.017596
vt 0.654978 0.019414
vt 0.666207 0.014332
vt 0.600235 0.068670
vt 0.609742 0.062220
vt 0.611236 0.071929
vt 0.601995 0.077620
vt 0.619382 0.056781
vt 0.620589 0.067115
vt 0.583707 0.084360
vt 0.591545 0.076012
vt 0.593501 0.084064
vt 0.585965 0.091308
vt 0.595111 0.094293
vt 0.570802 0.103928
vt 0.576685 0.093780
vt 0.579529 0.099314
vt 0.574512 0.107715
vt 0.583707 0.084360
vt 0.585965 0.091308
vt 0.587638 0.100171
vt 0.581513 0.106199
vt 0.557618 0.153382
vt 0.559846 0.139671
vt 0.566181 0.140323
vt 0.564424 0.153774
vt 0.562795 0.126338
vt 0.568467 0.127574
vt 0.574758 0.127694
vt 0.573249 0.140141
vt 0.572065 0.153443
vt 0.646664 0.039037
vt 0.647344 0.046438
vt 0.656928 0.036958
vt 0.600235 0.068670
vt 0.598671 0.062306
vt 0.608367 0.055440
vt 0.609742 0.062220
vt 0.395056 0.831401
vt 0.583707 0.084359
vt 0.581331 0.079207
vt 0.589630 0.070190
vt 0.591545 0.076012
vt 0.677995 0.042437
vt 0.667648 0.042991
vt 0.667410 0.035558
vt 0.677989 0.035032
vt 0.657392 0.044412
vt 0.656928 0.036958
vt 0.555745 0.178245
vt 0.556316 0.166214
vt 0.563438 0.166511
vt 0.563070 0.178548
vt 0.571339 0.178331
vt 0.573804 0.089429
vt 0.567360 0.100506
vt 0.581331 0.079207
vt 0.576685 0.093780
vt 0.566307 0.114570
vt 0.562248 0.112152
vt 0.567360 0.100506
vt 0.562795 0.126338
vt 0.558185 0.124742
vt 0.558844 0.109815
vt 0.564293 0.097500
vt 0.555928 0.202305
vt 0.555648 0.189983
vt 0.563111 0.190343
vt 0.563516 0.202728
vt 0.571561 0.190250
vt 0.572125 0.202762
vt 0.566307 0.114570
vt 0.571085 0.116854
vt 0.568467 0.127574
vt 0.576261 0.117527
vt 0.574758 0.127694
vt 0.563722 0.275465
vt 0.571845 0.275920
vt 0.561254 0.260984
vt 0.569350 0.261458
vt 0.580918 0.276420
vt 0.601590 0.447531
vt 0.599374 0.431892
vt 0.606876 0.431859
vt 0.609068 0.447515
vt 0.596466 0.414814
vt 0.604005 0.414783
vt 0.614593 0.431924
vt 0.552393 0.152390
vt 0.554862 0.138503
vt 0.559846 0.139671
vt 0.558185 0.124742
vt 0.555745 0.178245
vt 0.550230 0.177421
vt 0.550916 0.165332
vt 0.556316 0.166214
vt 0.550075 0.189149
vt 0.550301 0.201463
vt 0.550230 0.177421
vt 0.557622 0.230637
vt 0.559203 0.245879
vt 0.553253 0.245304
vt 0.551775 0.229958
vt 0.555231 0.260508
vt 0.548733 0.244757
vt 0.547315 0.229272
vt 0.581206 0.347833
vt 0.577372 0.333087
vt 0.585228 0.333391
vt 0.589025 0.348036
vt 0.593801 0.333839
vt 0.559203 0.245879
vt 0.567220 0.246357
vt 0.557622 0.230637
vt 0.565516 0.231109
vt 0.574440 0.231384
vt 0.611836 0.414893
vt 0.600651 0.397618
vt 0.608628 0.397797
vt 0.596466 0.414814
vt 0.593062 0.397607
vt 0.589279 0.380554
vt 0.596937 0.380625
vt 0.605079 0.380879
vt 0.560561 0.289446
vt 0.557657 0.275083
vt 0.563722 0.275465
vt 0.555231 0.260508
vt 0.561254 0.260984
vt 0.567569 0.318660
vt 0.563938 0.304061
vt 0.570032 0.304299
vt 0.571253 0.333029
vt 0.575069 0.347885
vt 0.567569 0.318660
vt 0.585244 0.363781
vt 0.579092 0.363914
vt 0.575069 0.347885
vt 0.589279 0.380554
vt 0.583108 0.380731
vt 0.574126 0.364208
vt 0.603773 0.472507
vt 0.602983 0.460700
vt 0.610454 0.460694
vt 0.611250 0.472507
vt 0.604345 0.496239
vt 0.604213 0.484299
vt 0.611705 0.484307
vt 0.619267 0.484344
vt 0.619405 0.496276
vt 0.601301 0.364230
vt 0.592990 0.363911
vt 0.589025 0.348036
vt 0.605079 0.380879
vt 0.590227 0.414965
vt 0.586860 0.397791
vt 0.581715 0.398083
vt 0.583108 0.380731
vt 0.603773 0.472507
vt 0.597384 0.472544
vt 0.596634 0.460732
vt 0.602983 0.460700
vt 0.595278 0.447570
vt 0.601590 0.447531
vt 0.593098 0.431981
vt 0.599374 0.431892
vt 0.592275 0.496220
vt 0.592173 0.484358
vt 0.597782 0.484318
vt 0.597901 0.496231
vt 0.591820 0.472619
vt 0.597384 0.472544
vt 0.628563 0.052460
vt 0.629542 0.063280
vt 0.637709 0.049084
vt 0.638488 0.060273
vt 0.360816 0.603852
vt 0.360218 0.590869
vt 0.354366 0.590768
vt 0.658032 0.070966
vt 0.648376 0.072481
vt 0.647909 0.057906
vt 0.657748 0.056094
vt 0.639141 0.074470
vt 0.638488 0.060273
vt 0.647344 0.046438
vt 0.546434 0.214324
vt 0.550830 0.215156
vt 0.551775 0.229958
vt 0.556558 0.215938
vt 0.564297 0.216395
vt 0.573071 0.216555
vt 0.496287 0.742627
vt 0.493453 0.742321
vt 0.490310 0.741901
vt 0.538665 0.186322
vt 0.535740 0.185519
vt 0.536513 0.173155
vt 0.533062 0.184736
vt 0.539840 0.228370
vt 0.538928 0.213212
vt 0.542485 0.213704
vt 0.678218 0.184277
vt 0.668917 0.184358
vt 0.659750 0.184552
vt 0.650838 0.184832
vt 0.642245 0.185192
vt 0.633924 0.185637
vt 0.625455 0.186183
vt 0.616459 0.186840
vt 0.607109 0.187584
vt 0.580010 0.189809
vt 0.571561 0.190250
vt 0.588623 0.189143
vt 0.597722 0.188374
vt 0.588623 0.189143
vt 0.482942 0.740758
vt 0.479359 0.740421
vt 0.477096 0.728862
vt 0.475296 0.740273
vt 0.473021 0.728744
vt 0.461212 0.728409
vt 0.463516 0.740101
vt 0.455783 0.739834
vt 0.453447 0.728081
vt 0.446895 0.739488
vt 0.470043 0.740213
vt 0.467759 0.728615
vt 0.486684 0.741316
vt 0.352814 0.738143
vt 0.361015 0.738168
vt 0.425981 0.738886
vt 0.414270 0.738660
vt 0.402094 0.738484
vt 0.389927 0.738355
vt 0.378764 0.738266
vt 0.369365 0.738207
vt 0.361015 0.738169
vt 0.436917 0.739163
s 1
usemtl baseball_01
f 29/1/29 1521/2/1521 4071/3/4071 1394/4/1394
f 1521/2/1521 97/5/97 1503/6/1503 4071/3/4071
f 4071/3/4071 1503/6/1503 96/7/96 1520/8/1520
f 1394/4/1394 4071/3/4071 1520/8/1520 30/9/30
f 1/10/1 1359/11/1359 4072/12/4072 1393/13/1393
f 1359/11/1359 10/14/10 1522/15/1522 4072/12/4072
f 4072/12/4072 1522/15/1522 97/5/97 1521/2/1521
f 1393/13/1393 4072/12/4072 1521/2/1521 29/1/29
f 12/16/12 1362/17/1362 4073/18/4073 1524/19/1524
f 1362/17/1362 2/20/2 1374/21/1374 4073/18/4073
f 4073/18/4073 1374/21/1374 22/22/22 1525/23/1525
f 1524/19/1524 4073/18/4073 1525/23/1525 105/24/105
f 95/25/95 1505/26/1505 4074/27/4074 1501/28/1501
f 1505/26/1505 99/29/99 1508/30/1508 4074/27/4074
f 4074/27/4074 1508/30/1508 98/31/98 1504/32/1504
f 1501/28/1501 4074/27/4074 1504/32/1504 94/33/94
f 97/5/97 1507/34/1507 4075/35/4075 1503/6/1503
f 1507/34/1507 101/36/101 1510/37/1510 4075/35/4075
f 4075/35/4075 1510/37/1510 100/38/100 1506/39/1506
f 1503/6/1503 4075/35/4075 1506/39/1506 96/7/96
f 10/14/10 1360/40/1360 4076/41/4076 1522/15/1522
f 1360/40/1360 11/42/11 1523/43/1523 4076/41/4076
f 4076/41/4076 1523/43/1523 101/36/101 1507/34/1507
f 1522/15/1522 4076/41/4076 1507/34/1507 97/5/97
f 100/38/100 1513/44/1513 4077/45/4077 1509/46/1509
f 1513/44/1513 104/47/104 1516/48/1516 4077/45/4077
f 4077/45/4077 1516/48/1516 103/49/103 1512/50/1512
f 1509/46/1509 4077/45/4077 1512/50/1512 99/29/99
f 99/29/99 1512/50/1512 4078/51/4078 1508/30/1508
f 1512/50/1512 103/49/103 1515/52/1515 4078/51/4078
f 4078/51/4078 1515/52/1515 102/53/102 1511/54/1511
f 1508/30/1508 4078/51/4078 1511/54/1511 98/31/98
f 101/36/101 1514/55/1514 4079/56/4079 1510/37/1510
f 1514/55/1514 105/57/105 1517/58/1517 4079/56/4079
f 4079/56/4079 1517/58/1517 104/47/104 1513/44/1513
f 1510/37/1510 4079/56/4079 1513/44/1513 100/38/100
f 11/42/11 1361/59/1361 4080/60/4080 1523/43/1523
f 1361/59/1361 12/61/12 1524/62/1524 4080/60/4080
f 4080/60/4080 1524/62/1524 105/57/105 1514/55/1514
f 1523/43/1523 4080/60/4080 1514/55/1514 101/36/101
f 30/9/30 1520/8/1520 4081/63/4081 1395/64/1395
f 1520/8/1520 96/7/96 1502/65/1502 4081/63/4081
f 4081/63/4081 1502/65/1502 95/25/95 1519/66/1519
f 1395/64/1395 4081/63/4081 1519/66/1519 31/67/31
f 103/49/103 1527/68/1527 4082/69/4082 1515/52/1515
f 1527/68/1527 24/70/24 1377/71/1377 4082/69/4082
f 4082/69/4082 1377/71/1377 25/72/25 1528/73/1528
f 1515/52/1515 4082/69/4082 1528/73/1528 102/53/102
f 107/74/107 1533/75/1533 4083/76/4083 1536/77/1536
f 1533/75/1533 108/78/108 1537/79/1537 4083/76/4083
f 4083/76/4083 1537/79/1537 112/80/112 1540/81/1540
f 1536/77/1536 4083/76/4083 1540/81/1540 111/82/111
f 104/47/104 1526/83/1526 4084/84/4084 1516/48/1516
f 1526/83/1526 23/85/23 1376/86/1376 4084/84/4084
f 4084/84/4084 1376/86/1376 24/70/24 1527/68/1527
f 1516/48/1516 4084/84/4084 1527/68/1527 103/49/103
f 105/57/105 1525/87/1525 4085/88/4085 1517/58/1517
f 1525/87/1525 22/89/22 1375/90/1375 4085/88/4085
f 4085/88/4085 1375/90/1375 23/85/23 1526/83/1526
f 1517/58/1517 4085/88/4085 1526/83/1526 104/47/104
f 21/91/21 1372/92/1372 4086/93/4086 1598/94/1598
f 1372/92/1372 20/95/20 1599/96/1599 4086/93/4086
f 4086/93/4086 1599/96/1599 127/97/127 1581/98/1581
f 1598/94/1598 4086/93/4086 1581/98/1581 126/99/126
f 961/100/961 1529/101/1529 4087/102/4087 1388/103/1388
f 1529/101/1529 102/104/102 1528/105/1528 4087/102/4087
f 4087/102/4087 1528/105/1528 25/106/25 1378/107/1378
f 1388/103/1388 4087/102/4087 1378/107/1378 651/108/651
f 962/109/962 1530/110/1530 4088/111/4088 1387/112/1387
f 1530/110/1530 98/31/98 1511/113/1511 4088/111/4088
f 4088/111/4088 1511/113/1511 102/104/102 1529/101/1529
f 1387/112/1387 4088/111/4088 1529/101/1529 961/100/961
f 963/114/963 1531/115/1531 4089/116/4089 1386/117/1386
f 1531/115/1531 94/33/94 1504/32/1504 4089/116/4089
f 4089/116/4089 1504/32/1504 98/31/98 1530/110/1530
f 1386/117/1386 4089/116/4089 1530/110/1530 962/109/962
f 94/118/94 1531/115/1531 4090/119/4090 1518/120/1518
f 1531/115/1531 963/121/963 1385/122/1385 4090/119/4090
f 4090/119/4090 1385/122/1385 964/123/964 1397/124/1397
f 1518/120/1518 4090/119/4090 1397/124/1397 32/125/32
f 106/126/106 1532/127/1532 4091/128/4091 1535/129/1535
f 1532/127/1532 107/74/107 1536/77/1536 4091/128/4091
f 4091/128/4091 1536/77/1536 111/82/111 1539/130/1539
f 1535/129/1535 4091/128/4091 1539/130/1539 110/131/110
f 108/78/108 1534/132/1534 4092/133/4092 1537/79/1537
f 1534/132/1534 109/134/109 1538/135/1538 4092/133/4092
f 4092/133/4092 1538/135/1538 113/136/113 1541/137/1541
f 1537/79/1537 4092/133/4092 1541/137/1541 112/80/112
f 109/134/109 1567/138/1567 4093/139/4093 1538/135/1538
f 1567/138/1567 13/140/13 1364/141/1364 4093/139/4093
f 4093/139/4093 1364/141/1364 14/142/14 1568/143/1568
f 1538/135/1538 4093/139/4093 1568/143/1568 113/136/113
f 111/82/111 1540/81/1540 4094/144/4094 1543/145/1543
f 1540/81/1540 112/80/112 1544/146/1544 4094/144/4094
f 4094/144/4094 1544/146/1544 116/147/116 1547/148/1547
f 1543/145/1543 4094/144/4094 1547/148/1547 115/149/115
f 110/131/110 1539/130/1539 4095/150/4095 1542/151/1542
f 1539/130/1539 111/82/111 1543/145/1543 4095/150/4095
f 4095/150/4095 1543/145/1543 115/149/115 1546/152/1546
f 1542/151/1542 4095/150/4095 1546/152/1546 114/153/114
f 112/80/112 1541/137/1541 4096/154/4096 1544/146/1544
f 1541/137/1541 113/136/113 1545/155/1545 4096/154/4096
f 4096/154/4096 1545/155/1545 117/156/117 1548/157/1548
f 1544/146/1544 4096/154/4096 1548/157/1548 116/147/116
f 113/136/113 1568/143/1568 4097/158/4097 1545/155/1545
f 1568/143/1568 14/142/14 1365/159/1365 4097/158/4097
f 4097/158/4097 1365/159/1365 15/160/15 1569/161/1569
f 1545/155/1545 4097/158/4097 1569/161/1569 117/156/117
f 115/149/115 1547/148/1547 4098/162/4098 1550/163/1550
f 1547/148/1547 116/147/116 1551/164/1551 4098/162/4098
f 4098/162/4098 1551/164/1551 120/165/120 1554/166/1554
f 1550/163/1550 4098/162/4098 1554/166/1554 119/167/119
f 114/153/114 1546/152/1546 4099/168/4099 1549/169/1549
f 1546/152/1546 115/149/115 1550/163/1550 4099/168/4099
f 4099/168/4099 1550/163/1550 119/167/119 1553/170/1553
f 1549/169/1549 4099/168/4099 1553/170/1553 118/171/118
f 116/147/116 1548/157/1548 4100/172/4100 1551/164/1551
f 1548/157/1548 117/156/117 1552/173/1552 4100/172/4100
f 4100/172/4100 1552/173/1552 121/174/121 1555/175/1555
f 1551/164/1551 4100/172/4100 1555/175/1555 120/165/120
f 117/156/117 1569/161/1569 4101/176/4101 1552/173/1552
f 1569/161/1569 15/160/15 1366/177/1366 4101/176/4101
f 4101/176/4101 1366/177/1366 16/178/16 1570/179/1570
f 1552/173/1552 4101/176/4101 1570/179/1570 121/174/121
f 120/180/120 1558/181/1558 4102/182/4102 1554/183/1554
f 1558/181/1558 124/184/124 1561/185/1561 4102/182/4102
f 4102/182/4102 1561/185/1561 123/186/123 1557/187/1557
f 1554/183/1554 4102/182/4102 1557/187/1557 119/188/119
f 121/174/121 1559/189/1559 4103/190/4103 1555/191/1555
f 1559/189/1559 125/192/125 1562/193/1562 4103/190/4103
f 4103/190/4103 1562/193/1562 124/184/124 1558/181/1558
f 1555/191/1555 4103/190/4103 1558/181/1558 120/180/120
f 16/178/16 1367/194/1367 4104/195/4104 1570/196/1570
f 1367/194/1367 17/197/17 1571/198/1571 4104/195/4104
f 4104/195/4104 1571/198/1571 125/192/125 1559/189/1559
f 1570/196/1570 4104/195/4104 1559/189/1559 121/174/121
f 622/199/622 1565/200/1565 4105/201/4105 1400/202/1400
f 1565/200/1565 108/203/108 1533/204/1533 4105/201/4105
f 4105/201/4105 1533/204/1533 107/205/107 1564/206/1564
f 1400/202/1400 4105/201/4105 1564/206/1564 623/207/623
f 123/186/123 1574/208/1574 4106/209/4106 1560/210/1560
f 1574/208/1574 20/211/20 1372/212/1372 4106/209/4106
f 4106/209/4106 1372/212/1372 21/91/21 1575/213/1575
f 1560/210/1560 4106/209/4106 1575/213/1575 122/214/122
f 128/215/128 1586/216/1586 4107/217/4107 1582/218/1582
f 1586/216/1586 132/219/132 1589/220/1589 4107/217/4107
f 4107/217/4107 1589/220/1589 131/221/131 1585/222/1585
f 1582/218/1582 4107/217/4107 1585/222/1585 127/223/127
f 124/184/124 1573/224/1573 4108/225/4108 1561/185/1561
f 1573/224/1573 19/226/19 1371/227/1371 4108/225/4108
f 4108/225/4108 1371/227/1371 20/211/20 1574/208/1574
f 1561/185/1561 4108/225/4108 1574/208/1574 123/186/123
f 125/192/125 1572/228/1572 4109/229/4109 1562/193/1562
f 1572/228/1572 18/230/18 1370/231/1370 4109/229/4109
f 4109/229/4109 1370/231/1370 19/226/19 1573/224/1573
f 1562/193/1562 4109/229/4109 1573/224/1573 124/184/124
f 1314/232/1314 1402/233/1402 4110/234/4110 1379/235/1379
f 1402/233/1402 624/236/624 1563/237/1563 4110/234/4110
f 4110/234/4110 1563/237/1563 106/126/106 1580/238/1580
f 1379/235/1379 4110/234/4110 1580/238/1580 969/239/969
f 624/236/624 1401/240/1401 4111/241/4111 1563/237/1563
f 1401/240/1401 623/242/623 1564/243/1564 4111/241/4111
f 4111/241/4111 1564/243/1564 107/74/107 1532/127/1532
f 1563/237/1563 4111/241/4111 1532/127/1532 106/126/106
f 621/244/621 1566/245/1566 4112/246/4112 1399/247/1399
f 1566/245/1566 109/248/109 1534/132/1534 4112/246/4112
f 4112/246/4112 1534/132/1534 108/203/108 1565/200/1565
f 1399/247/1399 4112/246/4112 1565/200/1565 622/199/622
f 620/249/620 1363/250/1363 4113/251/4113 1398/252/1398
f 1363/250/1363 13/253/13 1567/254/1567 4113/251/4113
f 4113/251/4113 1567/254/1567 109/248/109 1566/245/1566
f 1398/252/1398 4113/251/4113 1566/245/1566 621/244/621
f 17/197/17 1368/255/1368 4114/256/4114 1571/198/1571
f 1368/255/1368 3/257/3 1369/258/1369 4114/256/4114
f 4114/256/4114 1369/258/1369 18/230/18 1572/228/1572
f 1571/198/1571 4114/256/4114 1572/228/1572 125/192/125
f 965/259/965 1576/260/1576 4115/261/4115 1384/262/1384
f 1576/260/1576 122/263/122 1575/264/1575 4115/261/4115
f 4115/261/4115 1575/264/1575 21/91/21 1373/265/1373
f 1384/262/1384 4115/261/4115 1373/265/1373 650/266/650
f 966/267/966 1577/268/1577 4116/269/4116 1383/270/1383
f 1577/268/1577 118/171/118 1556/271/1556 4116/269/4116
f 4116/269/4116 1556/271/1556 122/263/122 1576/260/1576
f 1383/270/1383 4116/269/4116 1576/260/1576 965/259/965
f 149/272/149 1638/273/1638 4117/274/4117 1627/275/1627
f 1638/273/1638 43/276/43 1420/277/1420 4117/274/4117
f 4117/274/4117 1420/277/1420 44/278/44 1639/279/1639
f 1627/275/1627 4117/274/4117 1639/279/1639 144/280/144
f 967/281/967 1578/282/1578 4118/283/4118 1382/284/1382
f 1578/282/1578 114/153/114 1549/169/1549 4118/283/4118
f 4118/283/4118 1549/169/1549 118/171/118 1577/268/1577
f 1382/284/1382 4118/283/4118 1577/268/1577 966/267/966
f 968/285/968 1579/286/1579 4119/287/4119 1381/288/1381
f 1579/286/1579 110/131/110 1542/151/1542 4119/287/4119
f 4119/287/4119 1542/151/1542 114/153/114 1578/282/1578
f 1381/288/1381 4119/287/4119 1578/282/1578 967/281/967
f 969/239/969 1580/238/1580 4120/289/4120 1380/290/1380
f 1580/238/1580 106/126/106 1535/129/1535 4120/289/4120
f 4120/289/4120 1535/129/1535 110/131/110 1579/286/1579
f 1380/290/1380 4120/289/4120 1579/286/1579 968/285/968
f 18/230/18 1601/291/1601 4121/292/4121 1370/231/1370
f 1601/291/1601 129/293/129 1583/294/1583 4121/292/4121
f 4121/292/4121 1583/294/1583 128/215/128 1600/295/1600
f 1370/231/1370 4121/292/4121 1600/295/1600 19/226/19
f 3/257/3 1389/296/1389 4122/297/4122 1369/258/1369
f 1389/296/1389 26/298/26 1602/299/1602 4122/297/4122
f 4122/297/4122 1602/299/1602 129/293/129 1601/291/1601
f 1369/258/1369 4122/297/4122 1601/291/1601 18/230/18
f 293/300/293 1392/301/1392 4123/302/4123 2065/303/2065
f 1392/301/1392 1/10/1 1393/13/1393 4123/302/4123
f 4123/302/4123 1393/13/1393 29/1/29 2029/304/2029
f 2065/303/2065 4123/302/4123 2029/304/2029 296/305/296
f 127/223/127 1585/222/1585 4124/306/4124 1581/307/1581
f 1585/222/1585 131/221/131 1588/308/1588 4124/306/4124
f 4124/306/4124 1588/308/1588 130/309/130 1584/310/1584
f 1581/307/1581 4124/306/4124 1584/310/1584 126/99/126
f 129/293/129 1587/311/1587 4125/312/4125 1583/294/1583
f 1587/311/1587 133/313/133 1590/314/1590 4125/312/4125
f 4125/312/4125 1590/314/1590 132/219/132 1586/216/1586
f 1583/294/1583 4125/312/4125 1586/216/1586 128/215/128
f 26/298/26 1390/315/1390 4126/316/4126 1602/299/1602
f 1390/315/1390 27/317/27 1603/318/1603 4126/316/4126
f 4126/316/4126 1603/318/1603 133/313/133 1587/311/1587
f 1602/299/1602 4126/316/4126 1587/311/1587 129/293/129
f 132/219/132 1593/319/1593 4127/320/4127 1589/220/1589
f 1593/319/1593 136/321/136 1596/322/1596 4127/320/4127
f 4127/320/4127 1596/322/1596 135/323/135 1592/324/1592
f 1589/220/1589 4127/320/4127 1592/324/1592 131/221/131
f 131/221/131 1592/324/1592 4128/325/4128 1588/308/1588
f 1592/324/1592 135/323/135 1595/326/1595 4128/325/4128
f 4128/325/4128 1595/326/1595 134/327/134 1591/328/1591
f 1588/308/1588 4128/325/4128 1591/328/1591 130/309/130
f 133/313/133 1594/329/1594 4129/330/4129 1590/314/1590
f 1594/329/1594 137/331/137 1597/332/1597 4129/330/4129
f 4129/330/4129 1597/332/1597 136/321/136 1593/319/1593
f 1590/314/1590 4129/330/4129 1593/319/1593 132/219/132
f 27/317/27 1391/333/1391 4130/334/4130 1603/318/1603
f 1391/333/1391 28/335/28 1604/336/1604 4130/334/4130
f 4130/334/4130 1604/336/1604 137/331/137 1594/329/1594
f 1603/318/1603 4130/334/4130 1594/329/1594 133/313/133
f 19/226/19 1600/295/1600 4131/337/4131 1371/227/1371
f 1600/295/1600 128/215/128 1582/218/1582 4131/337/4131
f 4131/337/4131 1582/218/1582 127/223/127 1599/338/1599
f 1371/227/1371 4131/337/4131 1599/338/1599 20/211/20
f 298/339/298 2031/340/2031 4132/341/4132 2064/342/2064
f 2031/340/2031 31/67/31 1396/343/1396 4132/341/4132
f 4132/341/4132 1396/343/1396 32/344/32 2032/345/2032
f 2064/342/2064 4132/341/4132 2032/345/2032 299/346/299
f 156/347/156 1645/348/1645 4133/349/4133 1641/350/1641
f 1645/348/1645 160/351/160 1648/352/1648 4133/349/4133
f 4133/349/4133 1648/352/1648 159/353/159 1644/354/1644
f 1641/350/1641 4133/349/4133 1644/354/1644 155/355/155
f 297/356/297 2030/357/2030 4134/358/4134 2063/359/2063
f 2030/357/2030 30/9/30 1395/64/1395 4134/358/4134
f 4134/358/4134 1395/64/1395 31/67/31 2031/340/2031
f 2063/359/2063 4134/358/4134 2031/340/2031 298/339/298
f 296/305/296 2029/304/2029 4135/360/4135 2062/361/2062
f 2029/304/2029 29/1/29 1394/4/1394 4135/360/4135
f 4135/360/4135 1394/4/1394 30/9/30 2030/357/2030
f 2062/361/2062 4135/360/4135 2030/357/2030 297/356/297
f 141/362/141 1621/363/1621 4136/364/4136 1614/365/1614
f 1621/363/1621 39/366/39 1416/367/1416 4136/364/4136
f 4136/364/4136 1416/367/1416 40/368/40 1622/369/1622
f 1614/365/1614 4136/364/4136 1622/369/1622 138/370/138
f 972/371/972 2061/372/2061 4137/373/4137 1464/374/1464
f 2061/372/2061 299/375/299 2032/345/2032 4137/373/4137
f 4137/373/4137 2032/345/2032 32/376/32 1397/377/1397
f 1464/374/1464 4137/373/4137 1397/377/1397 964/378/964
f 682/379/682 1610/380/1610 4138/381/4138 1439/382/1439
f 1610/380/1610 130/383/130 1591/384/1591 4138/381/4138
f 4138/381/4138 1591/384/1591 134/385/134 1609/386/1609
f 1439/382/1439 4138/381/4138 1609/386/1609 683/387/683
f 681/388/681 1611/389/1611 4139/390/4139 1440/391/1440
f 1611/389/1611 126/99/126 1584/310/1584 4139/390/4139
f 4139/390/4139 1584/310/1584 130/383/130 1610/380/1610
f 1440/391/1440 4139/390/4139 1610/380/1610 682/379/682
f 126/392/126 1611/393/1611 4140/394/4140 1598/395/1598
f 1611/393/1611 681/388/681 1465/396/1465 4140/394/4140
f 4140/394/4140 1465/396/1465 650/397/650 1373/398/1373
f 1598/395/1598 4140/394/4140 1373/398/1373 21/399/21
f 139/400/139 1615/401/1615 4141/402/4141 1612/403/1612
f 1615/401/1615 142/404/142 1617/405/1617 4141/402/4141
f 4141/402/4141 1617/405/1617 141/362/141 1614/406/1614
f 1612/403/1612 4141/402/4141 1614/406/1614 138/407/138
f 140/408/140 1616/409/1616 4142/410/4142 1613/411/1613
f 1616/409/1616 143/412/143 1618/413/1618 4142/410/4142
f 4142/410/4142 1618/413/1618 142/404/142 1615/401/1615
f 1613/411/1613 4142/410/4142 1615/401/1615 139/400/139
f 35/414/35 1406/415/1406 4143/416/4143 1619/417/1619
f 1406/415/1406 36/418/36 1620/419/1620 4143/416/4143
f 4143/416/4143 1620/419/1620 143/412/143 1616/409/1616
f 1619/417/1619 4143/416/4143 1616/409/1616 140/408/140
f 300/420/300 2033/421/2033 4144/422/4144 2060/423/2060
f 2033/421/2033 36/424/36 1406/425/1406 4144/422/4144
f 4144/422/4144 1406/425/1406 35/426/35 2034/427/2034
f 2060/423/2060 4144/422/4144 2034/427/2034 301/428/301
f 260/429/260 1904/430/1904 4145/431/4145 1908/432/1908
f 1904/430/1904 261/433/261 1907/434/1907 4145/431/4145
f 4145/431/4145 1907/434/1907 141/362/141 1617/435/1617
f 1908/432/1908 4145/431/4145 1617/435/1617 142/436/142
f 259/437/259 1903/438/1903 4146/439/4146 1909/440/1909
f 1903/438/1903 260/429/260 1908/432/1908 4146/439/4146
f 4146/439/4146 1908/432/1908 142/436/142 1618/441/1618
f 1909/440/1909 4146/439/4146 1618/441/1618 143/412/143
f 70/442/70 1910/443/1910 4147/444/4147 1461/445/1461
f 1910/443/1910 259/437/259 1909/440/1909 4147/444/4147
f 4147/444/4147 1909/440/1909 143/412/143 1620/446/1620
f 1461/445/1461 4147/444/4147 1620/446/1620 36/424/36
f 76/447/76 1478/448/1478 4148/449/4148 1928/450/1928
f 1478/448/1478 9/451/9 1488/452/1488 4148/449/4148
f 4148/449/4148 1488/452/1488 84/453/84 1912/454/1912
f 1928/450/1928 4148/449/4148 1912/454/1912 262/455/262
f 145/456/145 1628/457/1628 4149/458/4149 1623/459/1623
f 1628/457/1628 150/460/150 1632/461/1632 4149/458/4149
f 4149/458/4149 1632/461/1632 149/462/149 1627/463/1627
f 1623/459/1623 4149/458/4149 1627/463/1627 144/464/144
f 187/465/187 1729/466/1729 4150/467/4150 1708/468/1708
f 1729/466/1729 37/469/37 1407/470/1407 4150/467/4150
f 4150/467/4150 1407/470/1407 38/471/38 1730/472/1730
f 1708/468/1708 4150/467/4150 1730/472/1730 182/473/182
f 146/474/146 1629/475/1629 4151/476/4151 1624/477/1624
f 1629/475/1629 151/478/151 1633/479/1633 4151/476/4151
f 4151/476/4151 1633/479/1633 150/460/150 1628/457/1628
f 1624/477/1624 4151/476/4151 1628/457/1628 145/456/145
f 147/480/147 1630/481/1630 4152/482/4152 1625/483/1625
f 1630/481/1630 152/484/152 1634/485/1634 4152/482/4152
f 4152/482/4152 1634/485/1634 151/478/151 1629/475/1629
f 1625/483/1625 4152/482/4152 1629/475/1629 146/474/146
f 148/486/148 1631/487/1631 4153/488/4153 1626/489/1626
f 1631/487/1631 153/490/153 1635/491/1635 4153/488/4153
f 4153/488/4153 1635/491/1635 152/484/152 1630/481/1630
f 1626/489/1626 4153/488/4153 1630/481/1630 147/480/147
f 276/492/276 1946/493/1946 4154/494/4154 1950/495/1950
f 1946/493/1946 277/496/277 1949/497/1949 4154/494/4154
f 4154/494/4154 1949/497/1949 149/272/149 1632/498/1632
f 1950/495/1950 4154/494/4154 1632/498/1632 150/499/150
f 278/500/278 1971/501/1971 4155/502/4155 1960/503/1960
f 1971/501/1971 628/504/628 1474/505/1474 4155/502/4155
f 4155/502/4155 1474/505/1474 316/506/316 1455/507/1455
f 1960/503/1960 4155/502/4155 1455/507/1455 65/508/65
f 275/509/275 1945/510/1945 4156/511/4156 1951/512/1951
f 1945/510/1945 276/492/276 1950/495/1950 4156/511/4156
f 4156/511/4156 1950/495/1950 150/499/150 1633/513/1633
f 1951/512/1951 4156/511/4156 1633/513/1633 151/514/151
f 274/515/274 1944/516/1944 4157/517/4157 1952/518/1952
f 1944/516/1944 275/509/275 1951/512/1951 4157/517/4157
f 4157/517/4157 1951/512/1951 151/514/151 1634/519/1634
f 1952/518/1952 4157/517/4157 1634/519/1634 152/520/152
f 273/521/273 1943/522/1943 4158/523/4158 1953/524/1953
f 1943/522/1943 274/515/274 1952/518/1952 4158/523/4158
f 4158/523/4158 1952/518/1952 152/520/152 1635/525/1635
f 1953/524/1953 4158/523/4158 1635/525/1635 153/526/153
f 625/527/625 1410/528/1410 4159/529/4159 1636/530/1636
f 1410/528/1410 626/531/626 1637/532/1637 4159/529/4159
f 4159/529/4159 1637/532/1637 153/490/153 1631/487/1631
f 1636/530/1636 4159/529/4159 1631/487/1631 148/486/148
f 401/533/401 1954/534/1954 4160/535/4160 2007/536/2007
f 1954/534/1954 273/521/273 1953/524/1953 4160/535/4160
f 4160/535/4160 1953/524/1953 153/526/153 1637/537/1637
f 2007/536/2007 4160/535/4160 1637/537/1637 626/531/626
f 155/355/155 1644/354/1644 4161/538/4161 1640/539/1640
f 1644/354/1644 159/353/159 1647/540/1647 4161/538/4161
f 4161/538/4161 1647/540/1647 158/541/158 1643/542/1643
f 1640/539/1640 4161/538/4161 1643/542/1643 154/543/154
f 157/544/157 1646/545/1646 4162/546/4162 1642/547/1642
f 1646/545/1646 161/548/161 1649/549/1649 4162/546/4162
f 4162/546/4162 1649/549/1649 160/351/160 1645/348/1645
f 1642/547/1642 4162/546/4162 1645/348/1645 156/347/156
f 39/366/39 1651/550/1651 4163/551/4163 1416/367/1416
f 1651/550/1651 161/552/161 1646/553/1646 4163/551/4163
f 4163/551/4163 1646/553/1646 157/554/157 1650/555/1650
f 1416/367/1416 4163/551/4163 1650/555/1650 40/368/40
f 176/556/176 1687/557/1687 4164/558/4164 1683/559/1683
f 1687/557/1687 180/560/180 1690/561/1690 4164/558/4164
f 4164/558/4164 1690/561/1690 179/562/179 1686/563/1686
f 1683/559/1683 4164/558/4164 1686/563/1686 175/564/175
f 254/565/254 1886/566/1886 4165/567/4165 1890/568/1890
f 1886/566/1886 255/569/255 1889/570/1889 4165/567/4165
f 4165/567/4165 1889/570/1889 158/541/158 1647/571/1647
f 1890/568/1890 4165/567/4165 1647/571/1647 159/353/159
f 252/572/252 1884/573/1884 4166/574/4166 1892/575/1892
f 1884/573/1884 253/576/253 1891/577/1891 4166/574/4166
f 4166/574/4166 1891/577/1891 160/578/160 1649/579/1649
f 1892/575/1892 4166/574/4166 1649/579/1649 161/552/161
f 92/580/92 1893/581/1893 4167/582/4167 1498/583/1498
f 1893/581/1893 252/572/252 1892/575/1892 4167/582/4167
f 4167/582/4167 1892/575/1892 161/552/161 1651/550/1651
f 1498/583/1498 4167/582/4167 1651/550/1651 39/366/39
f 255/569/255 1888/584/1888 4168/585/4168 1889/570/1889
f 1888/584/1888 739/586/739 1441/587/1441 4168/585/4168
f 4168/585/4168 1441/587/1441 689/588/689 1652/589/1652
f 1889/570/1889 4168/585/4168 1652/589/1652 158/541/158
f 154/543/154 1643/542/1643 4169/590/4169 1653/591/1653
f 1643/542/1643 158/541/158 1652/592/1652 4169/590/4169
f 4169/590/4169 1652/592/1652 689/593/689 1437/594/1437
f 1653/591/1653 4169/590/4169 1437/594/1437 688/595/688
f 163/596/163 1657/597/1657 4170/598/4170 1654/599/1654
f 1657/597/1657 166/600/166 1659/601/1659 4170/598/4170
f 4170/598/4170 1659/601/1659 165/602/165 1656/603/1656
f 1654/599/1654 4170/598/4170 1656/603/1656 162/604/162
f 164/605/164 1658/606/1658 4171/607/4171 1655/608/1655
f 1658/606/1658 167/609/167 1660/610/1660 4171/607/4171
f 4171/607/4171 1660/610/1660 166/600/166 1657/597/1657
f 1655/608/1655 4171/607/4171 1657/597/1657 163/596/163
f 43/276/43 1662/611/1662 4172/612/4172 1420/277/1420
f 1662/611/1662 167/613/167 1658/614/1658 4172/612/4172
f 4172/612/4172 1658/614/1658 164/615/164 1661/616/1661
f 1420/277/1420 4172/612/4172 1661/616/1661 44/278/44
f 302/617/302 2035/618/2035 4173/619/4173 2059/620/2059
f 2035/618/2035 42/621/42 1419/622/1419 4173/619/4173
f 4173/619/4173 1419/622/1419 41/623/41 2036/624/2036
f 2059/620/2059 4173/619/4173 2036/624/2036 303/625/303
f 266/626/266 1921/627/1921 4174/628/4174 1925/629/1925
f 1921/627/1921 267/630/267 1924/631/1924 4174/628/4174
f 4174/628/4174 1924/631/1924 165/632/165 1659/633/1659
f 1925/629/1925 4174/628/4174 1659/633/1659 166/600/166
f 265/634/265 1920/635/1920 4175/636/4175 1926/637/1926
f 1920/635/1920 266/626/266 1925/629/1925 4175/636/4175
f 4175/636/4175 1925/629/1925 166/600/166 1660/638/1660
f 1926/637/1926 4175/636/4175 1660/638/1660 167/613/167
f 75/639/75 1927/640/1927 4176/641/4176 1476/642/1476
f 1927/640/1927 265/634/265 1926/637/1926 4176/641/4176
f 4176/641/4176 1926/637/1926 167/613/167 1662/611/1662
f 1476/642/1476 4176/641/4176 1662/611/1662 43/276/43
f 288/643/288 1983/644/1983 4177/645/4177 1986/646/1986
f 1983/644/1983 287/647/287 1985/648/1985 4177/645/4177
f 4177/645/4177 1985/648/1985 60/649/60 1449/650/1449
f 1986/646/1986 4177/645/4177 1449/650/1449 61/651/61
f 163/652/163 1678/653/1678 4178/654/4178 1655/655/1655
f 1678/653/1678 172/656/172 1671/657/1671 4178/654/4178
f 4178/654/4178 1671/657/1671 173/658/173 1677/659/1677
f 1655/655/1655 4178/654/4178 1677/659/1677 164/660/164
f 27/317/27 1673/661/1673 4179/662/4179 1391/663/1391
f 1673/661/1673 169/664/169 1665/665/1665 4179/662/4179
f 4179/662/4179 1665/665/1665 168/666/168 1672/667/1672
f 1391/663/1391 4179/662/4179 1672/667/1672 28/668/28
f 26/298/26 1674/669/1674 4180/670/4180 1390/671/1390
f 1674/669/1674 170/672/170 1666/673/1666 4180/670/4180
f 4180/670/4180 1666/673/1666 169/664/169 1673/661/1673
f 1390/671/1390 4180/670/4180 1673/661/1673 27/317/27
f 38/471/38 1675/674/1675 4181/675/4181 1408/676/1408
f 1675/674/1675 170/677/170 1674/669/1674 4181/675/4181
f 4181/675/4181 1674/669/1674 26/298/26 1389/296/1389
f 1408/676/1408 4181/675/4181 1389/296/1389 3/257/3
f 164/660/164 1677/659/1677 4182/678/4182 1661/679/1661
f 1677/659/1677 173/658/173 1676/680/1676 4182/678/4182
f 4182/678/4182 1676/680/1676 37/469/37 1421/681/1421
f 1661/679/1661 4182/678/4182 1421/681/1421 44/682/44
f 169/664/169 1668/683/1668 4183/684/4183 1665/665/1665
f 1668/683/1668 172/685/172 1670/686/1670 4183/684/4183
f 4183/684/4183 1670/686/1670 171/687/171 1667/688/1667
f 1665/665/1665 4183/684/4183 1667/688/1667 168/666/168
f 170/672/170 1669/689/1669 4184/690/4184 1666/673/1666
f 1669/689/1669 173/658/173 1671/691/1671 4184/690/4184
f 4184/690/4184 1671/691/1671 172/685/172 1668/683/1668
f 1666/673/1666 4184/690/4184 1668/683/1668 169/664/169
f 37/469/37 1676/692/1676 4185/693/4185 1407/470/1407
f 1676/692/1676 173/694/173 1669/695/1669 4185/693/4185
f 4185/693/4185 1669/695/1669 170/677/170 1675/674/1675
f 1407/470/1407 4185/693/4185 1675/674/1675 38/471/38
f 303/625/303 2036/624/2036 4186/696/4186 2058/697/2058
f 2036/624/2036 41/623/41 1418/698/1418 4186/696/4186
f 4186/696/4186 1418/698/1418 1/10/1 1392/301/1392
f 2058/697/2058 4186/696/4186 1392/301/1392 293/300/293
f 162/699/162 1679/700/1679 4187/701/4187 1654/702/1654
f 1679/700/1679 171/703/171 1670/686/1670 4187/701/4187
f 4187/701/4187 1670/686/1670 172/656/172 1678/653/1678
f 1654/702/1654 4187/701/4187 1678/653/1678 163/652/163
f 301/428/301 2034/427/2034 4188/704/4188 2057/705/2057
f 2034/427/2034 35/426/35 1405/706/1405 4188/704/4188
f 4188/704/4188 1405/706/1405 42/621/42 2035/618/2035
f 2057/705/2057 4188/704/4188 2035/618/2035 302/617/302
f 195/707/195 1746/708/1746 4189/709/4189 1733/710/1733
f 1746/708/1746 33/711/33 1403/712/1403 4189/709/4189
f 4189/709/4189 1403/712/1403 34/713/34 1747/714/1747
f 1733/710/1733 4189/709/4189 1747/714/1747 192/715/192
f 156/716/156 1699/717/1699 4190/718/4190 1642/719/1642
f 1699/717/1699 180/560/180 1691/720/1691 4190/718/4190
f 4190/718/4190 1691/720/1691 181/721/181 1698/722/1698
f 1642/719/1642 4190/718/4190 1698/722/1698 157/544/157
f 25/106/25 1377/71/1377 4191/723/4191 1692/724/1692
f 1377/71/1377 24/70/24 1693/725/1693 4191/723/4191
f 4191/723/4191 1693/725/1693 175/726/175 1682/727/1682
f 1692/724/1692 4191/723/4191 1682/727/1682 174/728/174
f 22/89/22 1695/729/1695 4192/730/4192 1375/90/1375
f 1695/729/1695 177/731/177 1684/732/1684 4192/730/4192
f 4192/730/4192 1684/732/1684 176/556/176 1694/733/1694
f 1375/90/1375 4192/730/4192 1694/733/1694 23/85/23
f 34/734/34 1696/735/1696 4193/736/4193 1404/737/1404
f 1696/735/1696 177/738/177 1695/739/1695 4193/736/4193
f 4193/736/4193 1695/739/1695 22/740/22 1374/21/1374
f 1404/737/1404 4193/736/4193 1374/21/1374 2/20/2
f 157/544/157 1698/722/1698 4194/741/4194 1650/742/1650
f 1698/722/1698 181/721/181 1697/743/1697 4194/741/4194
f 4194/741/4194 1697/743/1697 33/711/33 1417/744/1417
f 1650/742/1650 4194/741/4194 1417/744/1417 40/745/40
f 175/564/175 1686/563/1686 4195/746/4195 1682/747/1682
f 1686/563/1686 179/562/179 1689/748/1689 4195/746/4195
f 4195/746/4195 1689/748/1689 178/749/178 1685/750/1685
f 1682/747/1682 4195/746/4195 1685/750/1685 174/728/174
f 177/731/177 1688/751/1688 4196/752/4196 1684/732/1684
f 1688/751/1688 181/721/181 1691/720/1691 4196/752/4196
f 4196/752/4196 1691/720/1691 180/560/180 1687/557/1687
f 1684/732/1684 4196/752/4196 1687/557/1687 176/556/176
f 33/711/33 1697/753/1697 4197/754/4197 1403/712/1403
f 1697/753/1697 181/721/181 1688/755/1688 4197/754/4197
f 4197/754/4197 1688/755/1688 177/756/177 1696/757/1696
f 1403/712/1403 4197/754/4197 1696/757/1696 34/713/34
f 23/85/23 1694/733/1694 4198/758/4198 1376/86/1376
f 1694/733/1694 176/556/176 1683/559/1683 4198/758/4198
f 4198/758/4198 1683/559/1683 175/564/175 1693/759/1693
f 1376/86/1376 4198/758/4198 1693/759/1693 24/70/24
f 155/760/155 1700/761/1700 4199/762/4199 1641/763/1641
f 1700/761/1700 179/764/179 1690/765/1690 4199/762/4199
f 4199/762/4199 1690/765/1690 180/560/180 1699/717/1699
f 1641/763/1641 4199/762/4199 1699/717/1699 156/716/156
f 215/766/215 1791/767/1791 4200/768/4200 1787/769/1787
f 1791/767/1791 219/770/219 1794/771/1794 4200/768/4200
f 4200/768/4200 1794/771/1794 218/772/218 1790/773/1790
f 1787/769/1787 4200/768/4200 1790/773/1790 214/774/214
f 155/760/155 1640/775/1640 4201/776/4201 1700/761/1700
f 1640/775/1640 154/777/154 1701/778/1701 4201/776/4201
f 4201/776/4201 1701/778/1701 178/749/178 1689/779/1689
f 1700/761/1700 4201/776/4201 1689/779/1689 179/764/179
f 154/777/154 1653/780/1653 4202/781/4202 1701/778/1701
f 1653/780/1653 688/782/688 1438/783/1438 4202/781/4202
f 4202/781/4202 1438/783/1438 959/784/959 1702/785/1702
f 1701/778/1701 4202/781/4202 1702/785/1702 178/749/178
f 359/786/359 1409/787/1409 4203/788/4203 1723/789/1723
f 1409/787/1409 625/527/625 1636/530/1636 4203/788/4203
f 4203/788/4203 1636/530/1636 148/486/148 1724/790/1724
f 1723/789/1723 4203/788/4203 1724/790/1724 191/791/191
f 174/728/174 1685/750/1685 4204/792/4204 1703/793/1703
f 1685/750/1685 178/749/178 1702/794/1702 4204/792/4204
f 4204/792/4204 1702/794/1702 959/795/959 1415/796/1415
f 1703/793/1703 4204/792/4204 1415/796/1415 960/797/960
f 174/798/174 1703/793/1703 4205/799/4205 1692/800/1692
f 1703/793/1703 960/797/960 1414/801/1414 4205/799/4205
f 4205/799/4205 1414/801/1414 651/108/651 1378/802/1378
f 1692/800/1692 4205/799/4205 1378/802/1378 25/803/25
f 16/178/16 1718/804/1718 4206/805/4206 1367/806/1367
f 1718/804/1718 183/807/183 1704/808/1704 4206/805/4206
f 4206/805/4206 1704/808/1704 182/809/182 1717/810/1717
f 1367/806/1367 4206/805/4206 1717/810/1717 17/811/17
f 144/280/144 1728/812/1728 4207/813/4207 1623/814/1623
f 1728/812/1728 187/465/187 1713/815/1713 4207/813/4207
f 4207/813/4207 1713/815/1713 188/816/188 1727/817/1727
f 1623/814/1623 4207/813/4207 1727/817/1727 145/818/145
f 16/819/16 1366/820/1366 4208/821/4208 1718/822/1718
f 1366/820/1366 15/823/15 1719/824/1719 4208/821/4208
f 4208/821/4208 1719/824/1719 184/825/184 1705/826/1705
f 1718/822/1718 4208/821/4208 1705/826/1705 183/827/183
f 15/823/15 1365/159/1365 4209/828/4209 1719/824/1719
f 1365/159/1365 14/829/14 1720/830/1720 4209/828/4209
f 4209/828/4209 1720/830/1720 185/831/185 1706/832/1706
f 1719/824/1719 4209/828/4209 1706/832/1706 184/825/184
f 14/829/14 1364/833/1364 4210/834/4210 1720/830/1720
f 1364/833/1364 13/835/13 1721/836/1721 4210/834/4210
f 4210/834/4210 1721/836/1721 186/837/186 1707/838/1707
f 1720/830/1720 4210/834/4210 1707/838/1707 185/831/185
f 183/807/183 1709/839/1709 4211/840/4211 1704/808/1704
f 1709/839/1709 188/841/188 1713/842/1713 4211/840/4211
f 4211/840/4211 1713/842/1713 187/843/187 1708/844/1708
f 1704/808/1704 4211/840/4211 1708/844/1708 182/809/182
f 182/473/182 1730/472/1730 4212/845/4212 1717/846/1717
f 1730/472/1730 38/471/38 1408/676/1408 4212/845/4212
f 4212/845/4212 1408/676/1408 3/257/3 1368/255/1368
f 1717/846/1717 4212/845/4212 1368/255/1368 17/197/17
f 184/847/184 1710/848/1710 4213/849/4213 1705/850/1705
f 1710/848/1710 189/851/189 1714/852/1714 4213/849/4213
f 4213/849/4213 1714/852/1714 188/841/188 1709/839/1709
f 1705/850/1705 4213/849/4213 1709/839/1709 183/807/183
f 185/853/185 1711/854/1711 4214/855/4214 1706/856/1706
f 1711/854/1711 190/857/190 1715/858/1715 4214/855/4214
f 4214/855/4214 1715/858/1715 189/851/189 1710/848/1710
f 1706/856/1706 4214/855/4214 1710/848/1710 184/847/184
f 186/859/186 1712/860/1712 4215/861/4215 1707/862/1707
f 1712/860/1712 191/791/191 1716/863/1716 4215/861/4215
f 4215/861/4215 1716/863/1716 190/857/190 1711/854/1711
f 1707/862/1707 4215/861/4215 1711/854/1711 185/853/185
f 620/864/620 2008/865/2008 4216/866/4216 1363/867/1363
f 2008/865/2008 358/868/358 1722/869/1722 4216/866/4216
f 4216/866/4216 1722/869/1722 186/859/186 1721/870/1721
f 1363/867/1363 4216/866/4216 1721/870/1721 13/140/13
f 358/868/358 2009/871/2009 4217/872/4217 1722/869/1722
f 2009/871/2009 359/786/359 1723/789/1723 4217/872/4217
f 4217/872/4217 1723/789/1723 191/791/191 1712/860/1712
f 1722/869/1722 4217/872/4217 1712/860/1712 186/859/186
f 148/873/148 1626/489/1626 4218/874/4218 1724/875/1724
f 1626/489/1626 147/480/147 1725/876/1725 4218/874/4218
f 4218/874/4218 1725/876/1725 190/857/190 1716/877/1716
f 1724/875/1724 4218/874/4218 1716/877/1716 191/878/191
f 147/480/147 1625/879/1625 4219/880/4219 1725/876/1725
f 1625/879/1625 146/881/146 1726/882/1726 4219/880/4219
f 4219/880/4219 1726/882/1726 189/851/189 1715/883/1715
f 1725/876/1725 4219/880/4219 1715/883/1715 190/857/190
f 146/881/146 1624/884/1624 4220/885/4220 1726/882/1726
f 1624/884/1624 145/886/145 1727/887/1727 4220/885/4220
f 4220/885/4220 1727/887/1727 188/816/188 1714/888/1714
f 1726/882/1726 4220/885/4220 1714/888/1714 189/851/189
f 144/280/144 1639/279/1639 4221/889/4221 1728/890/1728
f 1639/279/1639 44/278/44 1421/891/1421 4221/889/4221
f 4221/889/4221 1421/891/1421 37/469/37 1729/466/1729
f 1728/890/1728 4221/889/4221 1729/466/1729 187/465/187
f 62/892/62 1785/893/1785 4222/894/4222 1452/895/1452
f 1785/893/1785 198/896/198 1752/897/1752 4222/894/4222
f 4222/894/4222 1752/897/1752 203/898/203 1784/899/1784
f 1452/895/1452 4222/894/4222 1784/899/1784 63/900/63
f 139/901/139 1744/902/1744 4223/903/4223 1613/904/1613
f 1744/902/1744 196/905/196 1737/906/1737 4223/903/4223
f 4223/903/4223 1737/906/1737 197/907/197 1743/908/1743
f 1613/904/1613 4223/903/4223 1743/908/1743 140/909/140
f 11/910/11 1739/911/1739 4224/912/4224 1361/913/1361
f 1739/911/1739 193/914/193 1731/915/1731 4224/912/4224
f 4224/912/4224 1731/915/1731 192/916/192 1738/917/1738
f 1361/913/1361 4224/912/4224 1738/917/1738 12/61/12
f 10/918/10 1740/919/1740 4225/920/4225 1360/40/1360
f 1740/919/1740 194/921/194 1732/922/1732 4225/920/4225
f 4225/920/4225 1732/922/1732 193/914/193 1739/911/1739
f 1360/40/1360 4225/920/4225 1739/911/1739 11/910/11
f 1/923/1 1418/924/1418 4226/925/4226 1359/926/1359
f 1418/924/1418 41/927/41 1741/928/1741 4226/925/4226
f 4226/925/4226 1741/928/1741 194/921/194 1740/919/1740
f 1359/926/1359 4226/925/4226 1740/919/1740 10/918/10
f 140/909/140 1743/908/1743 4227/929/4227 1619/930/1619
f 1743/908/1743 197/907/197 1742/931/1742 4227/929/4227
f 4227/929/4227 1742/931/1742 42/932/42 1405/933/1405
f 1619/930/1619 4227/929/4227 1405/933/1405 35/934/35
f 193/914/193 1734/935/1734 4228/936/4228 1731/915/1731
f 1734/935/1734 196/937/196 1736/938/1736 4228/936/4228
f 4228/936/4228 1736/938/1736 195/707/195 1733/939/1733
f 1731/915/1731 4228/936/4228 1733/939/1733 192/916/192
f 194/921/194 1735/940/1735 4229/941/4229 1732/922/1732
f 1735/940/1735 197/942/197 1737/943/1737 4229/941/4229
f 4229/941/4229 1737/943/1737 196/937/196 1734/935/1734
f 1732/922/1732 4229/941/4229 1734/935/1734 193/914/193
f 41/927/41 1419/944/1419 4230/945/4230 1741/928/1741
f 1419/944/1419 42/946/42 1742/947/1742 4230/945/4230
f 4230/945/4230 1742/947/1742 197/942/197 1735/940/1735
f 1741/928/1741 4230/945/4230 1735/940/1735 194/921/194
f 192/715/192 1747/948/1747 4231/949/4231 1738/950/1738
f 1747/948/1747 34/734/34 1404/737/1404 4231/949/4231
f 4231/949/4231 1404/737/1404 2/20/2 1362/17/1362
f 1738/950/1738 4231/949/4231 1362/17/1362 12/16/12
f 32/376/32 1396/951/1396 4232/952/4232 1518/953/1518
f 1396/951/1396 31/954/31 1519/66/1519 4232/952/4232
f 4232/952/4232 1519/66/1519 95/955/95 1501/956/1501
f 1518/953/1518 4232/952/4232 1501/956/1501 94/33/94
f 138/957/138 1745/958/1745 4233/959/4233 1612/960/1612
f 1745/958/1745 195/961/195 1736/938/1736 4233/959/4233
f 4233/959/4233 1736/938/1736 196/905/196 1744/902/1744
f 1612/960/1612 4233/959/4233 1744/902/1744 139/901/139
f 138/370/138 1622/369/1622 4234/962/4234 1745/963/1745
f 1622/369/1622 40/368/40 1417/964/1417 4234/962/4234
f 4234/962/4234 1417/964/1417 33/711/33 1746/708/1746
f 1745/963/1745 4234/962/4234 1746/708/1746 195/707/195
f 68/965/68 1771/966/1771 4235/967/4235 1459/968/1459
f 1771/966/1771 199/969/199 1748/970/1748 4235/967/4235
f 4235/967/4235 1748/970/1748 198/896/198 1770/971/1770
f 1459/968/1459 4235/967/4235 1770/971/1770 69/972/69
f 307/973/307 2040/974/2040 4236/975/4236 2056/976/2056
f 2040/974/2040 48/977/48 1429/978/1429 4236/975/4236
f 4236/975/4236 1429/978/1429 49/979/49 2041/980/2041
f 2056/976/2056 4236/975/4236 2041/980/2041 308/981/308
f 68/965/68 1458/982/1458 4237/983/4237 1771/984/1771
f 1458/982/1458 67/985/67 1772/986/1772 4237/983/4237
f 4237/983/4237 1772/986/1772 200/987/200 1749/988/1749
f 1771/984/1771 4237/983/4237 1749/988/1749 199/989/199
f 67/985/67 1457/990/1457 4238/991/4238 1772/986/1772
f 1457/990/1457 66/992/66 1773/993/1773 4238/991/4238
f 4238/991/4238 1773/993/1773 201/994/201 1750/995/1750
f 1772/986/1772 4238/991/4238 1750/995/1750 200/987/200
f 66/992/66 1456/996/1456 4239/997/4239 1773/993/1773
f 1456/996/1456 65/508/65 1774/998/1774 4239/997/4239
f 4239/997/4239 1774/998/1774 202/999/202 1751/1000/1751
f 1773/993/1773 4239/997/4239 1751/1000/1751 201/994/201
f 199/969/199 1753/1001/1753 4240/1002/4240 1748/970/1748
f 1753/1001/1753 204/1003/204 1757/1004/1757 4240/1002/4240
f 4240/1002/4240 1757/1004/1757 203/898/203 1752/1005/1752
f 1748/970/1748 4240/1002/4240 1752/1005/1752 198/896/198
f 63/900/63 1784/899/1784 4241/1006/4241 1453/1007/1453
f 1784/899/1784 203/898/203 1761/1008/1761 4241/1006/4241
f 4241/1006/4241 1761/1008/1761 208/1009/208 1783/1010/1783
f 1453/1007/1453 4241/1006/4241 1783/1010/1783 64/1011/64
f 200/1012/200 1754/1013/1754 4242/1014/4242 1749/1015/1749
f 1754/1013/1754 205/1016/205 1758/1017/1758 4242/1014/4242
f 4242/1014/4242 1758/1017/1758 204/1003/204 1753/1001/1753
f 1749/1015/1749 4242/1014/4242 1753/1001/1753 199/969/199
f 201/1018/201 1755/1019/1755 4243/1020/4243 1750/995/1750
f 1755/1019/1755 206/1021/206 1759/1022/1759 4243/1020/4243
f 4243/1020/4243 1759/1022/1759 205/1016/205 1754/1013/1754
f 1750/995/1750 4243/1020/4243 1754/1013/1754 200/1012/200
f 202/1023/202 1756/1024/1756 4244/1025/4244 1751/1026/1751
f 1756/1024/1756 207/1027/207 1760/1028/1760 4244/1025/4244
f 4244/1025/4244 1760/1028/1760 206/1021/206 1755/1019/1755
f 1751/1026/1751 4244/1025/4244 1755/1019/1755 201/1018/201
f 204/1003/204 1762/1029/1762 4245/1030/4245 1757/1004/1757
f 1762/1029/1762 209/1031/209 1766/1032/1766 4245/1030/4245
f 4245/1030/4245 1766/1032/1766 208/1009/208 1761/1033/1761
f 1757/1004/1757 4245/1030/4245 1761/1033/1761 203/898/203
f 198/1034/198 1785/1035/1785 4246/1036/4246 1770/1037/1770
f 1785/1035/1785 62/1038/62 1451/1039/1451 4246/1036/4246
f 4246/1036/4246 1451/1039/1451 6/1040/6 1460/1041/1460
f 1770/1037/1770 4246/1036/4246 1460/1041/1460 69/1042/69
f 205/1016/205 1763/1043/1763 4247/1044/4247 1758/1017/1758
f 1763/1043/1763 210/1045/210 1767/1046/1767 4247/1044/4247
f 4247/1044/4247 1767/1046/1767 209/1031/209 1762/1029/1762
f 1758/1017/1758 4247/1044/4247 1762/1029/1762 204/1003/204
f 206/1021/206 1764/1047/1764 4248/1048/4248 1759/1022/1759
f 1764/1047/1764 211/1049/211 1768/1050/1768 4248/1048/4248
f 4248/1048/4248 1768/1050/1768 210/1045/210 1763/1043/1763
f 1759/1022/1759 4248/1048/4248 1763/1043/1763 205/1016/205
f 207/1027/207 1765/1051/1765 4249/1052/4249 1760/1028/1760
f 1765/1051/1765 212/1053/212 1769/1054/1769 4249/1052/4249
f 4249/1052/4249 1769/1054/1769 211/1049/211 1764/1047/1764
f 1760/1028/1760 4249/1052/4249 1764/1047/1764 206/1021/206
f 58/1055/58 1445/1056/1445 4250/1057/4250 1817/1058/1817
f 1445/1056/1445 57/1059/57 1818/1060/1818 4250/1057/4250
f 4250/1057/4250 1818/1060/1818 214/1061/214 1786/1062/1786
f 1817/1058/1817 4250/1057/4250 1786/1062/1786 213/1063/213
f 294/1064/294 2055/1065/2055 4251/1066/4251 1454/1067/1454
f 2055/1065/2055 308/1068/308 2041/980/2041 4251/1066/4251
f 4251/1066/4251 2041/980/2041 49/1069/49 1430/1070/1430
f 1454/1067/1454 4251/1066/4251 1430/1070/1430 5/1071/5
f 306/1072/306 2039/1073/2039 4252/1074/4252 2054/1075/2054
f 2039/1073/2039 47/1076/47 1428/1077/1428 4252/1074/4252
f 4252/1074/4252 1428/1077/1428 48/977/48 2040/974/2040
f 2054/1075/2054 4252/1074/4252 2040/974/2040 307/973/307
f 305/1078/305 2038/1079/2038 4253/1080/4253 2053/1081/2053
f 2038/1079/2038 46/1082/46 1427/1083/1427 4253/1080/4253
f 4253/1080/4253 1427/1083/1427 47/1076/47 2039/1073/2039
f 2053/1081/2053 4253/1080/4253 2039/1073/2039 306/1072/306
f 304/1084/304 2037/1085/2037 4254/1086/4254 2052/1087/2052
f 2037/1085/2037 45/1088/45 1426/1089/1426 4254/1086/4254
f 4254/1086/4254 1426/1089/1426 46/1082/46 2038/1079/2038
f 2052/1087/2052 4254/1086/4254 2038/1079/2038 305/1078/305
f 316/506/316 2010/1090/2010 4255/1091/4255 1455/1092/1455
f 2010/1090/2010 370/1093/370 1775/1094/1775 4255/1091/4255
f 4255/1091/4255 1775/1094/1775 202/1023/202 1774/998/1774
f 1455/1092/1455 4255/1091/4255 1774/998/1774 65/508/65
f 48/977/48 1858/1095/1858 4256/1096/4256 1429/978/1429
f 1858/1095/1858 234/1097/234 1835/1098/1835 4256/1096/4256
f 4256/1096/4256 1835/1098/1835 233/1099/233 1857/1100/1857
f 1429/978/1429 4256/1096/4256 1857/1100/1857 49/979/49
f 370/1093/370 2011/1101/2011 4257/1102/4257 1775/1094/1775
f 2011/1101/2011 371/1103/371 1776/1104/1776 4257/1102/4257
f 4257/1102/4257 1776/1104/1776 207/1027/207 1756/1024/1756
f 1775/1094/1775 4257/1102/4257 1756/1024/1756 202/1023/202
f 371/1103/371 2012/1105/2012 4258/1106/4258 1776/1104/1776
f 2012/1105/2012 372/1107/372 1777/1108/1777 4258/1106/4258
f 4258/1106/4258 1777/1108/1777 212/1053/212 1765/1051/1765
f 1776/1104/1776 4258/1106/4258 1765/1051/1765 207/1027/207
f 649/1109/649 2013/1110/2013 4259/1111/4259 2051/1112/2051
f 2013/1110/2013 627/1113/627 1425/1114/1425 4259/1111/4259
f 4259/1111/4259 1425/1114/1425 45/1088/45 2037/1085/2037
f 2051/1112/2051 4259/1111/4259 2037/1085/2037 304/1084/304
f 55/1115/55 1820/1116/1820 4260/1117/4260 1443/1118/1443
f 1820/1116/1820 216/1119/216 1788/1120/1788 4260/1117/4260
f 4260/1117/4260 1788/1120/1788 215/766/215 1819/1121/1819
f 1443/1118/1443 4260/1117/4260 1819/1121/1819 56/1122/56
f 4/1123/4 1431/1124/1431 4261/1125/4261 1442/1126/1442
f 1431/1124/1431 50/1127/50 1821/1128/1821 4261/1125/4261
f 4261/1125/4261 1821/1128/1821 216/1119/216 1820/1116/1820
f 1442/1126/1442 4261/1125/4261 1820/1116/1820 55/1115/55
f 232/1129/232 1825/1130/1825 4262/1131/4262 1826/1132/1826
f 1825/1130/1825 54/1133/54 1436/1134/1436 4262/1131/4262
f 4262/1131/4262 1436/1134/1436 315/1135/315 2015/1136/2015
f 1826/1132/1826 4262/1131/4262 2015/1136/2015 373/1137/373
f 214/774/214 1790/773/1790 4263/1138/4263 1786/1139/1786
f 1790/773/1790 218/772/218 1793/1140/1793 4263/1138/4263
f 4263/1138/4263 1793/1140/1793 217/1141/217 1789/1142/1789
f 1786/1139/1786 4263/1138/4263 1789/1142/1789 213/1063/213
f 216/1119/216 1792/1143/1792 4264/1144/4264 1788/1120/1788
f 1792/1143/1792 220/1145/220 1795/1146/1795 4264/1144/4264
f 4264/1144/4264 1795/1146/1795 219/770/219 1791/767/1791
f 1788/1120/1788 4264/1144/4264 1791/767/1791 215/766/215
f 50/1127/50 1432/1147/1432 4265/1148/4265 1821/1128/1821
f 1432/1147/1432 51/1149/51 1822/1150/1822 4265/1148/4265
f 4265/1148/4265 1822/1150/1822 220/1145/220 1792/1143/1792
f 1821/1128/1821 4265/1148/4265 1792/1143/1792 216/1119/216
f 218/1151/218 1794/1152/1794 4266/1153/4266 1797/1154/1797
f 1794/1152/1794 219/770/219 1798/1155/1798 4266/1153/4266
f 4266/1153/4266 1798/1155/1798 223/1156/223 1801/1157/1801
f 1797/1154/1797 4266/1153/4266 1801/1157/1801 222/1158/222
f 217/1159/217 1793/1160/1793 4267/1161/4267 1796/1162/1796
f 1793/1160/1793 218/1151/218 1797/1154/1797 4267/1161/4267
f 4267/1161/4267 1797/1154/1797 222/1158/222 1800/1163/1800
f 1796/1162/1796 4267/1161/4267 1800/1163/1800 221/1164/221
f 219/770/219 1795/1165/1795 4268/1166/4268 1798/1155/1798
f 1795/1165/1795 220/1167/220 1799/1168/1799 4268/1166/4268
f 4268/1166/4268 1799/1168/1799 224/1169/224 1802/1170/1802
f 1798/1155/1798 4268/1166/4268 1802/1170/1802 223/1156/223
f 220/1167/220 1822/1171/1822 4269/1172/4269 1799/1168/1799
f 1822/1171/1822 51/1173/51 1433/1174/1433 4269/1172/4269
f 4269/1172/4269 1433/1174/1433 52/1175/52 1823/1176/1823
f 1799/1168/1799 4269/1172/4269 1823/1176/1823 224/1169/224
f 222/1158/222 1801/1157/1801 4270/1177/4270 1804/1178/1804
f 1801/1157/1801 223/1156/223 1805/1179/1805 4270/1177/4270
f 4270/1177/4270 1805/1179/1805 227/1180/227 1808/1181/1808
f 1804/1178/1804 4270/1177/4270 1808/1181/1808 226/1182/226
f 221/1164/221 1800/1163/1800 4271/1183/4271 1803/1184/1803
f 1800/1163/1800 222/1158/222 1804/1178/1804 4271/1183/4271
f 4271/1183/4271 1804/1178/1804 226/1182/226 1807/1185/1807
f 1803/1184/1803 4271/1183/4271 1807/1185/1807 225/1186/225
f 223/1156/223 1802/1170/1802 4272/1187/4272 1805/1179/1805
f 1802/1170/1802 224/1169/224 1806/1188/1806 4272/1187/4272
f 4272/1187/4272 1806/1188/1806 228/1189/228 1809/1190/1809
f 1805/1179/1805 4272/1187/4272 1809/1190/1809 227/1180/227
f 224/1169/224 1823/1176/1823 4273/1191/4273 1806/1188/1806
f 1823/1176/1823 52/1175/52 1434/1192/1434 4273/1191/4273
f 4273/1191/4273 1434/1192/1434 53/1193/53 1824/1194/1824
f 1806/1188/1806 4273/1191/4273 1824/1194/1824 228/1189/228
f 226/1182/226 1808/1181/1808 4274/1195/4274 1811/1196/1811
f 1808/1181/1808 227/1180/227 1812/1197/1812 4274/1195/4274
f 4274/1195/4274 1812/1197/1812 231/1198/231 1815/1199/1815
f 1811/1196/1811 4274/1195/4274 1815/1199/1815 230/1200/230
f 225/1186/225 1807/1185/1807 4275/1201/4275 1810/1202/1810
f 1807/1185/1807 226/1182/226 1811/1196/1811 4275/1201/4275
f 4275/1201/4275 1811/1196/1811 230/1200/230 1814/1203/1814
f 1810/1202/1810 4275/1201/4275 1814/1203/1814 229/1204/229
f 227/1180/227 1809/1190/1809 4276/1205/4276 1812/1197/1812
f 1809/1190/1809 228/1189/228 1813/1206/1813 4276/1205/4276
f 4276/1205/4276 1813/1206/1813 232/1129/232 1816/1207/1816
f 1812/1197/1812 4276/1205/4276 1816/1207/1816 231/1198/231
f 228/1189/228 1824/1194/1824 4277/1208/4277 1813/1206/1813
f 1824/1194/1824 53/1193/53 1435/1209/1435 4277/1208/4277
f 4277/1208/4277 1435/1209/1435 54/1133/54 1825/1130/1825
f 1813/1206/1813 4277/1208/4277 1825/1130/1825 232/1129/232
f 56/1122/56 1819/1121/1819 4278/1210/4278 1444/1211/1444
f 1819/1121/1819 215/766/215 1787/769/1787 4278/1210/4278
f 4278/1210/4278 1787/769/1787 214/774/214 1818/1212/1818
f 1444/1211/1444 4278/1210/4278 1818/1212/1818 57/1213/57
f 59/1214/59 1872/1215/1872 4279/1216/4279 1448/1217/1448
f 1872/1215/1872 233/1218/233 1839/1219/1839 4279/1216/4279
f 4279/1216/4279 1839/1219/1839 238/1220/238 1871/1221/1871
f 1448/1217/1448 4279/1216/4279 1871/1221/1871 60/1222/60
f 712/1223/712 1834/1224/1834 4280/1225/4280 1423/1226/1423
f 1834/1224/1834 213/1063/213 1789/1227/1789 4280/1225/4280
f 4280/1225/4280 1789/1227/1789 217/1159/217 1833/1228/1833
f 1423/1226/1423 4280/1225/4280 1833/1228/1833 713/1229/713
f 231/1198/231 1816/1207/1816 4281/1230/4281 1827/1231/1827
f 1816/1207/1816 232/1129/232 1826/1132/1826 4281/1230/4281
f 4281/1230/4281 1826/1132/1826 373/1137/373 2016/1232/2016
f 1827/1231/1827 4281/1230/4281 2016/1232/2016 374/1233/374
f 230/1200/230 1815/1199/1815 4282/1234/4282 1828/1235/1828
f 1815/1199/1815 231/1198/231 1827/1231/1827 4282/1234/4282
f 4282/1234/4282 1827/1231/1827 374/1233/374 2017/1236/2017
f 1828/1235/1828 4282/1234/4282 2017/1236/2017 375/1237/375
f 91/1238/91 1873/1239/1873 4283/1240/4283 1497/1241/1497
f 1873/1239/1873 248/1242/248 1894/1243/1894 4283/1240/4283
f 4283/1240/4283 1894/1243/1894 93/1244/93 1500/1245/1500
f 1497/1241/1497 4283/1240/4283 1500/1245/1500 7/1246/7
f 229/1204/229 1814/1203/1814 4284/1247/4284 1829/1248/1829
f 1814/1203/1814 230/1200/230 1828/1235/1828 4284/1247/4284
f 4284/1247/4284 1828/1235/1828 375/1237/375 2018/1249/2018
f 1829/1248/1829 4284/1247/4284 2018/1249/2018 376/1250/376
f 716/1251/716 1830/1252/1830 4285/1253/4285 1411/1254/1411
f 1830/1252/1830 229/1204/229 1829/1248/1829 4285/1253/4285
f 4285/1253/4285 1829/1248/1829 376/1250/376 2014/1255/2014
f 1411/1254/1411 4285/1253/4285 2014/1255/2014 996/1256/996
f 715/1257/715 1831/1258/1831 4286/1259/4286 1412/1260/1412
f 1831/1258/1831 225/1186/225 1810/1202/1810 4286/1259/4286
f 4286/1259/4286 1810/1202/1810 229/1204/229 1830/1252/1830
f 1412/1260/1412 4286/1259/4286 1830/1252/1830 716/1251/716
f 714/1261/714 1832/1262/1832 4287/1263/4287 1413/1264/1413
f 1832/1262/1832 221/1164/221 1803/1184/1803 4287/1263/4287
f 4287/1263/4287 1803/1184/1803 225/1186/225 1831/1258/1831
f 1413/1264/1413 4287/1263/4287 1831/1258/1831 715/1257/715
f 713/1229/713 1833/1228/1833 4288/1265/4288 1422/1266/1422
f 1833/1228/1833 217/1159/217 1796/1162/1796 4288/1265/4288
f 4288/1265/4288 1796/1162/1796 221/1164/221 1832/1262/1832
f 1422/1266/1422 4288/1265/4288 1832/1262/1832 714/1261/714
f 213/1267/213 1834/1268/1834 4289/1269/4289 1817/1270/1817
f 1834/1268/1834 712/1271/712 1424/1272/1424 4289/1269/4289
f 4289/1269/4289 1424/1272/1424 655/1273/655 1446/1274/1446
f 1817/1270/1817 4289/1269/4289 1446/1274/1446 58/1055/58
f 244/1275/244 1868/1276/1868 4290/1277/4290 1853/1278/1853
f 1868/1276/1868 51/1279/51 1432/1280/1432 4290/1277/4290
f 4290/1277/4290 1432/1280/1432 50/1127/50 1869/1281/1869
f 1853/1278/1853 4290/1277/4290 1869/1281/1869 243/1282/243
f 48/1283/48 1428/1284/1428 4291/1285/4291 1858/1286/1858
f 1428/1284/1428 47/1287/47 1859/1288/1859 4291/1285/4291
f 4291/1285/4291 1859/1288/1859 235/1289/235 1836/1290/1836
f 1858/1286/1858 4291/1285/4291 1836/1290/1836 234/1291/234
f 47/1287/47 1427/1292/1427 4292/1293/4292 1859/1288/1859
f 1427/1292/1427 46/1294/46 1860/1295/1860 4292/1293/4292
f 4292/1293/4292 1860/1295/1860 236/1296/236 1837/1297/1837
f 1859/1288/1859 4292/1293/4292 1837/1297/1837 235/1289/235
f 46/1294/46 1426/1298/1426 4293/1299/4293 1860/1295/1860
f 1426/1298/1426 45/1300/45 1861/1301/1861 4293/1299/4293
f 4293/1299/4293 1861/1301/1861 237/1302/237 1838/1303/1838
f 1860/1295/1860 4293/1299/4293 1838/1303/1838 236/1296/236
f 234/1097/234 1840/1304/1840 4294/1305/4294 1835/1098/1835
f 1840/1304/1840 239/1306/239 1844/1307/1844 4294/1305/4294
f 4294/1305/4294 1844/1307/1844 238/1308/238 1839/1309/1839
f 1835/1098/1835 4294/1305/4294 1839/1309/1839 233/1099/233
f 60/1222/60 1871/1221/1871 4295/1310/4295 1449/1311/1449
f 1871/1221/1871 238/1220/238 1848/1312/1848 4295/1310/4295
f 4295/1310/4295 1848/1312/1848 243/1313/243 1870/1314/1870
f 1449/1311/1449 4295/1310/4295 1870/1314/1870 61/1315/61
f 235/1316/235 1841/1317/1841 4296/1318/4296 1836/1319/1836
f 1841/1317/1841 240/1320/240 1845/1321/1845 4296/1318/4296
f 4296/1318/4296 1845/1321/1845 239/1306/239 1840/1304/1840
f 1836/1319/1836 4296/1318/4296 1840/1304/1840 234/1097/234
f 236/1296/236 1842/1322/1842 4297/1323/4297 1837/1324/1837
f 1842/1322/1842 241/1325/241 1846/1326/1846 4297/1323/4297
f 4297/1323/4297 1846/1326/1846 240/1320/240 1841/1317/1841
f 1837/1324/1837 4297/1323/4297 1841/1317/1841 235/1316/235
f 237/1302/237 1843/1327/1843 4298/1328/4298 1838/1329/1838
f 1843/1327/1843 242/1330/242 1847/1331/1847 4298/1328/4298
f 4298/1328/4298 1847/1331/1847 241/1325/241 1842/1322/1842
f 1838/1329/1838 4298/1328/4298 1842/1322/1842 236/1296/236
f 239/1306/239 1849/1332/1849 4299/1333/4299 1844/1307/1844
f 1849/1332/1849 244/1275/244 1853/1278/1853 4299/1333/4299
f 4299/1333/4299 1853/1278/1853 243/1282/243 1848/1312/1848
f 1844/1307/1844 4299/1333/4299 1848/1312/1848 238/1308/238
f 233/1099/233 1872/1334/1872 4300/1335/4300 1857/1336/1857
f 1872/1334/1872 59/1337/59 1447/1338/1447 4300/1335/4300
f 4300/1335/4300 1447/1338/1447 5/1339/5 1430/1340/1430
f 1857/1336/1857 4300/1335/4300 1430/1340/1430 49/1341/49
f 240/1320/240 1850/1342/1850 4301/1343/4301 1845/1321/1845
f 1850/1342/1850 245/1344/245 1854/1345/1854 4301/1343/4301
f 4301/1343/4301 1854/1345/1854 244/1275/244 1849/1332/1849
f 1845/1321/1845 4301/1343/4301 1849/1332/1849 239/1306/239
f 241/1325/241 1851/1346/1851 4302/1347/4302 1846/1326/1846
f 1851/1346/1851 246/1348/246 1855/1349/1855 4302/1347/4302
f 4302/1347/4302 1855/1349/1855 245/1344/245 1850/1342/1850
f 1846/1326/1846 4302/1347/4302 1850/1342/1850 240/1320/240
f 242/1330/242 1852/1350/1852 4303/1351/4303 1847/1331/1847
f 1852/1350/1852 247/1352/247 1856/1353/1856 4303/1351/4303
f 4303/1351/4303 1856/1353/1856 246/1348/246 1851/1346/1851
f 1847/1331/1847 4303/1351/4303 1851/1346/1851 241/1325/241
f 77/1354/77 1933/1355/1933 4304/1356/4304 1480/1357/1480
f 1933/1355/1933 272/1358/272 1937/1359/1937 4304/1356/4304
f 4304/1356/4304 1937/1359/1937 271/1360/271 1932/1361/1932
f 1480/1357/1480 4304/1356/4304 1932/1361/1932 78/1362/78
f 61/1315/61 1870/1314/1870 4305/1363/4305 1450/1364/1450
f 1870/1314/1870 243/1313/243 1869/1365/1869 4305/1363/4305
f 4305/1363/4305 1869/1365/1869 50/1127/50 1431/1124/1431
f 1450/1364/1450 4305/1363/4305 1431/1124/1431 4/1123/4
f 245/1344/245 1867/1366/1867 4306/1367/4306 1854/1345/1854
f 1867/1366/1867 52/1368/52 1433/1369/1433 4306/1367/4306
f 4306/1367/4306 1433/1369/1433 51/1279/51 1868/1276/1868
f 1854/1345/1854 4306/1367/4306 1868/1276/1868 244/1275/244
f 246/1348/246 1866/1370/1866 4307/1371/4307 1855/1349/1855
f 1866/1370/1866 53/1193/53 1434/1372/1434 4307/1371/4307
f 4307/1371/4307 1434/1372/1434 52/1368/52 1867/1366/1867
f 1855/1349/1855 4307/1371/4307 1867/1366/1867 245/1344/245
f 247/1352/247 1865/1373/1865 4308/1374/4308 1856/1353/1856
f 1865/1373/1865 54/1133/54 1435/1375/1435 4308/1374/4308
f 4308/1374/4308 1435/1375/1435 53/1193/53 1866/1370/1866
f 1856/1353/1856 4308/1374/4308 1866/1370/1866 246/1348/246
f 627/1113/627 2019/1376/2019 4309/1377/4309 1425/1114/1425
f 2019/1376/2019 377/1378/377 1862/1379/1862 4309/1377/4309
f 4309/1377/4309 1862/1379/1862 237/1302/237 1861/1380/1861
f 1425/1114/1425 4309/1377/4309 1861/1380/1861 45/1088/45
f 71/1381/71 1463/1382/1463 4310/1383/4310 1911/1384/1911
f 1463/1382/1463 8/1385/8 1492/1386/1492 4310/1383/4310
f 4310/1383/4310 1492/1386/1492 87/1387/87 1895/1388/1895
f 1911/1384/1911 4310/1383/4310 1895/1388/1895 256/1389/256
f 377/1378/377 2020/1390/2020 4311/1391/4311 1862/1379/1862
f 2020/1390/2020 378/1392/378 1863/1393/1863 4311/1391/4311
f 4311/1391/4311 1863/1393/1863 242/1330/242 1843/1327/1843
f 1862/1379/1862 4311/1391/4311 1843/1327/1843 237/1302/237
f 378/1392/378 2021/1394/2021 4312/1395/4312 1863/1393/1863
f 2021/1394/2021 379/1396/379 1864/1397/1864 4312/1395/4312
f 4312/1395/4312 1864/1397/1864 247/1352/247 1852/1350/1852
f 1863/1393/1863 4312/1395/4312 1852/1350/1852 242/1330/242
f 315/1135/315 1436/1398/1436 4313/1399/4313 2022/1400/2022
f 1436/1398/1436 54/1401/54 1865/1402/1865 4313/1399/4313
f 4313/1399/4313 1865/1402/1865 247/1403/247 1864/1404/1864
f 2022/1400/2022 4313/1399/4313 1864/1404/1864 379/1405/379
f 89/1406/89 1875/1407/1875 4314/1408/4314 1495/1409/1495
f 1875/1407/1875 250/1410/250 1878/1411/1878 4314/1408/4314
f 4314/1408/4314 1878/1411/1878 249/1412/249 1874/1413/1874
f 1495/1409/1495 4314/1408/4314 1874/1413/1874 90/1414/90
f 248/1242/248 1880/1415/1880 4315/1416/4315 1894/1243/1894
f 1880/1415/1880 252/1417/252 1893/1418/1893 4315/1416/4315
f 4315/1416/4315 1893/1418/1893 92/1419/92 1499/1420/1499
f 1894/1243/1894 4315/1416/4315 1499/1420/1499 93/1244/93
f 88/1421/88 1876/1422/1876 4316/1423/4316 1494/1424/1494
f 1876/1422/1876 251/1425/251 1879/1426/1879 4316/1423/4316
f 4316/1423/4316 1879/1426/1879 250/1410/250 1875/1407/1875
f 1494/1424/1494 4316/1423/4316 1875/1407/1875 89/1406/89
f 958/1427/958 2005/1428/2005 4317/1429/4317 1493/1430/1493
f 2005/1428/2005 740/1431/740 1887/1432/1887 4317/1429/4317
f 4317/1429/4317 1887/1432/1887 251/1425/251 1876/1422/1876
f 1493/1430/1493 4317/1429/4317 1876/1422/1876 88/1421/88
f 248/1242/248 1873/1433/1873 4318/1434/4318 1877/1435/1877
f 1873/1433/1873 91/1436/91 1496/1437/1496 4318/1434/4318
f 4318/1434/4318 1496/1437/1496 90/1438/90 1874/1439/1874
f 1877/1435/1877 4318/1434/4318 1874/1439/1874 249/1440/249
f 250/1410/250 1882/1441/1882 4319/1442/4319 1878/1411/1878
f 1882/1441/1882 254/1443/254 1885/1444/1885 4319/1442/4319
f 4319/1442/4319 1885/1444/1885 253/1445/253 1881/1446/1881
f 1878/1411/1878 4319/1442/4319 1881/1446/1881 249/1412/249
f 253/576/253 1885/1447/1885 4320/1448/4320 1891/577/1891
f 1885/1447/1885 254/565/254 1890/568/1890 4320/1448/4320
f 4320/1448/4320 1890/568/1890 159/353/159 1648/352/1648
f 1891/577/1891 4320/1448/4320 1648/352/1648 160/578/160
f 251/1425/251 1883/1449/1883 4321/1450/4321 1879/1426/1879
f 1883/1449/1883 255/1451/255 1886/1452/1886 4321/1450/4321
f 4321/1450/4321 1886/1452/1886 254/1443/254 1882/1441/1882
f 1879/1426/1879 4321/1450/4321 1882/1441/1882 250/1410/250
f 740/1431/740 2006/1453/2006 4322/1454/4322 1887/1432/1887
f 2006/1453/2006 739/1455/739 1888/1456/1888 4322/1454/4322
f 4322/1454/4322 1888/1456/1888 255/1451/255 1883/1449/1883
f 1887/1432/1887 4322/1454/4322 1883/1449/1883 251/1425/251
f 85/1457/85 1897/1458/1897 4323/1459/4323 1490/1460/1490
f 1897/1458/1897 258/1461/258 1899/1462/1899 4323/1459/4323
f 4323/1459/4323 1899/1462/1899 257/1463/257 1896/1464/1896
f 1490/1460/1490 4323/1459/4323 1896/1464/1896 86/1465/86
f 249/1412/249 1881/1446/1881 4324/1466/4324 1877/1467/1877
f 1881/1446/1881 253/1445/253 1884/1468/1884 4324/1466/4324
f 4324/1466/4324 1884/1468/1884 252/1417/252 1880/1415/1880
f 1877/1467/1877 4324/1466/4324 1880/1415/1880 248/1242/248
f 257/1463/257 1901/1469/1901 4325/1470/4325 1898/1471/1898
f 1901/1469/1901 260/1472/260 1903/1473/1903 4325/1470/4325
f 4325/1470/4325 1903/1473/1903 259/1474/259 1900/1475/1900
f 1898/1471/1898 4325/1470/4325 1900/1475/1900 256/1476/256
f 86/1465/86 1896/1464/1896 4326/1477/4326 1491/1478/1491
f 1896/1464/1896 257/1463/257 1898/1471/1898 4326/1477/4326
f 4326/1477/4326 1898/1471/1898 256/1476/256 1895/1479/1895
f 1491/1478/1491 4326/1477/4326 1895/1479/1895 87/1480/87
f 93/1481/93 1905/1482/1905 4327/1483/4327 1500/1484/1500
f 1905/1482/1905 258/1485/258 1897/1486/1897 4327/1483/4327
f 4327/1483/4327 1897/1486/1897 85/1457/85 1489/1487/1489
f 1500/1484/1500 4327/1483/4327 1489/1487/1489 7/1488/7
f 71/1489/71 1911/1384/1911 4328/1490/4328 1462/1491/1462
f 1911/1384/1911 256/1476/256 1900/1475/1900 4328/1490/4328
f 4328/1490/4328 1900/1475/1900 259/1492/259 1910/1493/1910
f 1462/1491/1462 4328/1490/4328 1910/1493/1910 70/1494/70
f 258/1461/258 1902/1495/1902 4329/1496/4329 1899/1462/1899
f 1902/1495/1902 261/1497/261 1904/1498/1904 4329/1496/4329
f 4329/1496/4329 1904/1498/1904 260/1472/260 1901/1469/1901
f 1899/1462/1899 4329/1496/4329 1901/1469/1901 257/1463/257
f 258/1499/258 1905/1500/1905 4330/1501/4330 1902/1502/1902
f 1905/1500/1905 93/1481/93 1499/1503/1499 4330/1501/4330
f 4330/1501/4330 1499/1503/1499 92/1419/92 1906/1504/1906
f 1902/1502/1902 4330/1501/4330 1906/1504/1906 261/1497/261
f 261/433/261 1906/1505/1906 4331/1506/4331 1907/434/1907
f 1906/1505/1906 92/580/92 1498/583/1498 4331/1506/4331
f 4331/1506/4331 1498/583/1498 39/366/39 1621/363/1621
f 1907/434/1907 4331/1506/4331 1621/363/1621 141/362/141
f 82/1507/82 1914/1508/1914 4332/1509/4332 1486/1510/1486
f 1914/1508/1914 264/1511/264 1916/1512/1916 4332/1509/4332
f 4332/1509/4332 1916/1512/1916 263/1513/263 1913/1514/1913
f 1486/1510/1486 4332/1509/4332 1913/1514/1913 83/1515/83
f 263/1513/263 1918/1516/1918 4333/1517/4333 1915/1518/1915
f 1918/1516/1918 266/1519/266 1920/1520/1920 4333/1517/4333
f 4333/1517/4333 1920/1520/1920 265/1521/265 1917/1522/1917
f 1915/1518/1915 4333/1517/4333 1917/1522/1917 262/1523/262
f 83/1515/83 1913/1514/1913 4334/1524/4334 1487/1525/1487
f 1913/1514/1913 263/1513/263 1915/1518/1915 4334/1524/4334
f 4334/1524/4334 1915/1518/1915 262/1523/262 1912/454/1912
f 1487/1525/1487 4334/1524/4334 1912/454/1912 84/1526/84
f 309/1527/309 1922/1528/1922 4335/1529/4335 2050/1530/2050
f 1922/1528/1922 264/1531/264 1914/1532/1914 4335/1529/4335
f 4335/1529/4335 1914/1532/1914 82/1533/82 1485/1534/1485
f 2050/1530/2050 4335/1529/4335 1485/1534/1485 295/1535/295
f 76/1536/76 1928/1537/1928 4336/1538/4336 1477/1539/1477
f 1928/1537/1928 262/1540/262 1917/1541/1917 4336/1538/4336
f 4336/1538/4336 1917/1541/1917 265/1542/265 1927/1543/1927
f 1477/1539/1477 4336/1538/4336 1927/1543/1927 75/1544/75
f 264/1511/264 1919/1545/1919 4337/1546/4337 1916/1512/1916
f 1919/1545/1919 267/1547/267 1921/1548/1921 4337/1546/4337
f 4337/1546/4337 1921/1548/1921 266/1519/266 1918/1516/1918
f 1916/1512/1916 4337/1546/4337 1918/1516/1918 263/1513/263
f 309/1549/309 2042/1550/2042 4338/1551/4338 2049/1552/2049
f 2042/1550/2042 71/1489/71 1462/1491/1462 4338/1551/4338
f 4338/1551/4338 1462/1491/1462 70/1494/70 2043/1553/2043
f 2049/1552/2049 4338/1551/4338 2043/1553/2043 310/1554/310
f 310/1555/310 2043/1556/2043 4339/1557/4339 2048/1558/2048
f 2043/1556/2043 70/442/70 1461/445/1461 4339/1557/4339
f 4339/1557/4339 1461/445/1461 36/424/36 2033/421/2033
f 2048/1558/2048 4339/1557/4339 2033/421/2033 300/420/300
f 79/1559/79 1931/1560/1931 4340/1561/4340 1482/1562/1482
f 1931/1560/1931 270/1563/270 1935/1564/1935 4340/1561/4340
f 4340/1561/4340 1935/1564/1935 269/1565/269 1930/1566/1930
f 1482/1562/1482 4340/1561/4340 1930/1566/1930 80/1567/80
f 269/1565/269 1939/1568/1939 4341/1569/4341 1934/1570/1934
f 1939/1568/1939 274/1571/274 1943/1572/1943 4341/1569/4341
f 4341/1569/4341 1943/1572/1943 273/1573/273 1938/1574/1938
f 1934/1570/1934 4341/1569/4341 1938/1574/1938 268/1575/268
f 80/1567/80 1930/1566/1930 4342/1576/4342 1483/1577/1483
f 1930/1566/1930 269/1565/269 1934/1570/1934 4342/1576/4342
f 4342/1576/4342 1934/1570/1934 268/1575/268 1929/1578/1929
f 1483/1577/1483 4342/1576/4342 1929/1578/1929 81/1579/81
f 78/1362/78 1932/1361/1932 4343/1580/4343 1481/1581/1481
f 1932/1361/1932 271/1360/271 1936/1582/1936 4343/1580/4343
f 4343/1580/4343 1936/1582/1936 270/1563/270 1931/1560/1931
f 1481/1581/1481 4343/1580/4343 1931/1560/1931 79/1559/79
f 76/1583/76 1947/1584/1947 4344/1585/4344 1478/448/1478
f 1947/1584/1947 272/1586/272 1933/1587/1933 4344/1585/4344
f 4344/1585/4344 1933/1587/1933 77/1588/77 1479/1589/1479
f 1478/448/1478 4344/1585/4344 1479/1589/1479 9/1590/9
f 272/1358/272 1942/1591/1942 4345/1592/4345 1937/1359/1937
f 1942/1591/1942 277/1593/277 1946/1594/1946 4345/1592/4345
f 4345/1592/4345 1946/1594/1946 276/1595/276 1941/1596/1941
f 1937/1359/1937 4345/1592/4345 1941/1596/1941 271/1360/271
f 629/1597/629 1484/1598/1484 4346/1599/4346 2023/1600/2023
f 1484/1598/1484 81/1601/81 1929/1602/1929 4346/1599/4346
f 4346/1599/4346 1929/1602/1929 268/1603/268 1955/1604/1955
f 2023/1600/2023 4346/1599/4346 1955/1604/1955 400/1605/400
f 270/1563/270 1940/1606/1940 4347/1607/4347 1935/1564/1935
f 1940/1606/1940 275/1608/275 1944/1609/1944 4347/1607/4347
f 4347/1607/4347 1944/1609/1944 274/1571/274 1939/1568/1939
f 1935/1564/1935 4347/1607/4347 1939/1568/1939 269/1565/269
f 271/1360/271 1941/1596/1941 4348/1610/4348 1936/1582/1936
f 1941/1596/1941 276/1595/276 1945/1611/1945 4348/1610/4348
f 4348/1610/4348 1945/1611/1945 275/1608/275 1940/1606/1940
f 1936/1582/1936 4348/1610/4348 1940/1606/1940 270/1563/270
f 272/1612/272 1947/1584/1947 4349/1613/4349 1942/1614/1942
f 1947/1584/1947 76/1536/76 1477/1539/1477 4349/1613/4349
f 4349/1613/4349 1477/1539/1477 75/1544/75 1948/1615/1948
f 1942/1614/1942 4349/1613/4349 1948/1615/1948 277/1616/277
f 277/496/277 1948/1617/1948 4350/1618/4350 1949/497/1949
f 1948/1617/1948 75/639/75 1476/642/1476 4350/1618/4350
f 4350/1618/4350 1476/642/1476 43/276/43 1638/273/1638
f 1949/497/1949 4350/1618/4350 1638/273/1638 149/272/149
f 280/1619/280 1968/1620/1968 4351/1621/4351 1957/1622/1957
f 1968/1620/1968 79/1559/79 1482/1562/1482 4351/1621/4351
f 4351/1621/4351 1482/1562/1482 80/1567/80 1969/1623/1969
f 1957/1622/1957 4351/1621/4351 1969/1623/1969 279/1624/279
f 400/1605/400 1955/1604/1955 4352/1625/4352 2024/1626/2024
f 1955/1604/1955 268/1603/268 1938/1627/1938 4352/1625/4352
f 4352/1625/4352 1938/1627/1938 273/1573/273 1954/1628/1954
f 2024/1626/2024 4352/1625/4352 1954/1628/1954 401/1629/401
f 281/1630/281 1958/1631/1958 4353/1632/4353 1963/1633/1963
f 1958/1631/1958 280/1634/280 1962/1635/1962 4353/1632/4353
f 4353/1632/4353 1962/1635/1962 67/985/67 1458/982/1458
f 1963/1633/1963 4353/1632/4353 1458/982/1458 68/965/68
f 282/1636/282 1959/1637/1959 4354/1638/4354 1964/1639/1964
f 1959/1637/1959 281/1630/281 1963/1633/1963 4354/1638/4354
f 4354/1638/4354 1963/1633/1963 68/965/68 1459/1640/1459
f 1964/1639/1964 4354/1638/4354 1459/1640/1459 69/972/69
f 74/1641/74 1965/1642/1965 4355/1643/4355 1473/1644/1473
f 1965/1642/1965 282/1645/282 1964/1646/1964 4355/1643/4355
f 4355/1643/4355 1964/1646/1964 69/972/69 1460/1647/1460
f 1473/1644/1473 4355/1643/4355 1460/1647/1460 6/1040/6
f 284/1648/284 1972/1649/1972 4356/1650/4356 1975/1651/1975
f 1972/1649/1972 283/1652/283 1974/1653/1974 4356/1650/4356
f 4356/1650/4356 1974/1653/1974 62/1654/62 1452/895/1452
f 1975/1651/1975 4356/1650/4356 1452/895/1452 63/1655/63
f 279/1624/279 1969/1623/1969 4357/1656/4357 1956/1657/1956
f 1969/1623/1969 80/1567/80 1483/1577/1483 4357/1656/4357
f 4357/1656/4357 1483/1577/1483 81/1579/81 1970/1658/1970
f 1956/1657/1956 4357/1656/4357 1970/1658/1970 278/1659/278
f 281/1660/281 1967/1661/1967 4358/1662/4358 1958/1663/1958
f 1967/1661/1967 78/1362/78 1481/1581/1481 4358/1662/4358
f 4358/1662/4358 1481/1581/1481 79/1559/79 1968/1620/1968
f 1958/1663/1958 4358/1662/4358 1968/1620/1968 280/1619/280
f 96/7/96 1506/39/1506 4359/1664/4359 1502/65/1502
f 1506/39/1506 100/38/100 1509/46/1509 4359/1664/4359
f 4359/1664/4359 1509/46/1509 99/29/99 1505/26/1505
f 1502/65/1502 4359/1664/4359 1505/26/1505 95/25/95
f 282/1665/282 1966/1666/1966 4360/1667/4360 1959/1668/1959
f 1966/1666/1966 77/1354/77 1480/1357/1480 4360/1667/4360
f 4360/1667/4360 1480/1357/1480 78/1362/78 1967/1661/1967
f 1959/1668/1959 4360/1667/4360 1967/1661/1967 281/1660/281
f 628/1669/628 1971/501/1971 4361/1670/4361 1475/1671/1475
f 1971/501/1971 278/1672/278 1970/1673/1970 4361/1670/4361
f 4361/1670/4361 1970/1673/1970 81/1601/81 1484/1598/1484
f 1475/1671/1475 4361/1670/4361 1484/1598/1484 629/1597/629
f 285/1674/285 1973/1675/1973 4362/1676/4362 1976/1677/1976
f 1973/1675/1973 284/1648/284 1975/1651/1975 4362/1676/4362
f 4362/1676/4362 1975/1651/1975 63/1655/63 1453/1678/1453
f 1976/1677/1976 4362/1676/4362 1453/1678/1453 64/1679/64
f 9/1590/9 1479/1589/1479 4363/1680/4363 1472/1681/1472
f 1479/1589/1479 77/1588/77 1966/1682/1966 4363/1680/4363
f 4363/1680/4363 1966/1682/1966 282/1636/282 1965/1683/1965
f 1472/1681/1472 4363/1680/4363 1965/1683/1965 74/1684/74
f 74/1685/74 1981/1686/1981 4364/1687/4364 1472/1688/1472
f 1981/1686/1981 283/1689/283 1980/1690/1980 4364/1687/4364
f 4364/1687/4364 1980/1690/1980 84/1691/84 1488/1692/1488
f 1472/1688/1472 4364/1687/4364 1488/1692/1488 9/1693/9
f 311/1694/311 1977/1695/1977 4365/1696/4365 2047/1697/2047
f 1977/1695/1977 285/1674/285 1976/1677/1976 4365/1696/4365
f 4365/1696/4365 1976/1677/1976 64/1679/64 2026/1698/2026
f 2047/1697/2047 4365/1696/4365 2026/1698/2026 294/1064/294
f 283/1699/283 1981/1700/1981 4366/1701/4366 1974/1702/1974
f 1981/1700/1981 74/1641/74 1473/1644/1473 4366/1701/4366
f 4366/1701/4366 1473/1644/1473 6/1040/6 1451/1039/1451
f 1974/1702/1974 4366/1701/4366 1451/1039/1451 62/1038/62
f 287/647/287 1982/1703/1982 4367/1704/4367 1985/648/1985
f 1982/1703/1982 286/1705/286 1984/1706/1984 4367/1704/4367
f 4367/1704/4367 1984/1706/1984 59/1707/59 1448/1708/1448
f 1985/648/1985 4367/1704/4367 1448/1708/1448 60/649/60
f 291/1709/291 1995/1710/1995 4368/1711/4368 1997/1712/1997
f 1995/1710/1995 290/1713/290 1993/1714/1993 4368/1711/4368
f 4368/1711/4368 1993/1714/1993 56/1122/56 1444/1715/1444
f 1997/1712/1997 4368/1711/4368 1444/1715/1444 57/1059/57
f 284/1716/284 1979/1717/1979 4369/1718/4369 1972/1719/1972
f 1979/1717/1979 83/1515/83 1487/1525/1487 4369/1718/4369
f 4369/1718/4369 1487/1525/1487 84/1526/84 1980/1720/1980
f 1972/1719/1972 4369/1718/4369 1980/1720/1980 283/1689/283
f 285/1721/285 1978/1722/1978 4370/1723/4370 1973/1724/1973
f 1978/1722/1978 82/1507/82 1486/1510/1486 4370/1723/4370
f 4370/1723/4370 1486/1510/1486 83/1515/83 1979/1717/1979
f 1973/1724/1973 4370/1723/4370 1979/1717/1979 284/1716/284
f 295/1535/295 1485/1534/1485 4371/1725/4371 2046/1726/2046
f 1485/1534/1485 82/1533/82 1978/1727/1978 4371/1725/4371
f 4371/1725/4371 1978/1727/1978 285/1674/285 1977/1695/1977
f 2046/1726/2046 4371/1725/4371 1977/1695/1977 311/1694/311
f 73/1728/73 1991/1729/1991 4372/1730/4372 1470/1731/1470
f 1991/1729/1991 286/1732/286 1990/1733/1990 4372/1730/4372
f 4372/1730/4372 1990/1733/1990 87/1480/87 1492/1734/1492
f 1470/1731/1470 4372/1730/4372 1492/1734/1492 8/1735/8
f 72/1736/72 1987/1737/1987 4373/1738/4373 1469/1739/1469
f 1987/1737/1987 288/643/288 1986/646/1986 4373/1738/4373
f 4373/1738/4373 1986/646/1986 61/651/61 1450/1740/1450
f 1469/1739/1469 4373/1738/4373 1450/1740/1450 4/1123/4
f 286/1705/286 1991/1741/1991 4374/1742/4374 1984/1706/1984
f 1991/1741/1991 73/1743/73 1471/1744/1471 4374/1742/4374
f 4374/1742/4374 1471/1744/1471 5/1745/5 1447/1746/1447
f 1984/1706/1984 4374/1742/4374 1447/1746/1447 59/1707/59
f 56/1122/56 1993/1747/1993 4375/1748/4375 1443/1749/1443
f 1993/1747/1993 290/1750/290 1994/1751/1994 4375/1748/4375
f 4375/1748/4375 1994/1751/1994 289/1752/289 1992/1753/1992
f 1443/1749/1443 4375/1748/4375 1992/1753/1992 55/1754/55
f 287/1755/287 1989/1756/1989 4376/1757/4376 1982/1758/1982
f 1989/1756/1989 86/1465/86 1491/1478/1491 4376/1757/4376
f 4376/1757/4376 1491/1478/1491 87/1480/87 1990/1733/1990
f 1982/1758/1982 4376/1757/4376 1990/1733/1990 286/1759/286
f 288/1760/288 1988/1761/1988 4377/1762/4377 1983/1763/1983
f 1988/1761/1988 85/1457/85 1490/1460/1490 4377/1762/4377
f 4377/1762/4377 1490/1460/1490 86/1465/86 1989/1756/1989
f 1983/1763/1983 4377/1762/4377 1989/1756/1989 287/1755/287
f 7/1488/7 1489/1487/1489 4378/1764/4378 1468/1765/1468
f 1489/1487/1489 85/1457/85 1988/1766/1988 4378/1764/4378
f 4378/1764/4378 1988/1766/1988 288/643/288 1987/1737/1987
f 1468/1765/1468 4378/1764/4378 1987/1737/1987 72/1736/72
f 72/1767/72 2004/1768/2004 4379/1769/4379 1468/1770/1468
f 2004/1768/2004 289/1771/289 2003/1772/2003 4379/1769/4379
f 4379/1769/4379 2003/1772/2003 91/1436/91 1497/1773/1497
f 1468/1770/1468 4379/1769/4379 1497/1773/1497 7/1774/7
f 292/1775/292 1996/1776/1996 4380/1777/4380 1998/1778/1998
f 1996/1776/1996 291/1709/291 1997/1712/1997 4380/1777/4380
f 4380/1777/4380 1997/1712/1997 57/1059/57 1445/1056/1445
f 1998/1778/1998 4380/1777/4380 1445/1056/1445 58/1055/58
f 957/1779/957 1999/1780/1999 4381/1781/4381 1467/1782/1467
f 1999/1780/1999 292/1775/292 1998/1778/1998 4381/1781/4381
f 4381/1781/4381 1998/1778/1998 58/1055/58 1446/1783/1446
f 1467/1782/1467 4381/1781/4381 1446/1783/1446 655/1784/655
f 4/1123/4 1442/1126/1442 4382/1785/4382 1469/1786/1469
f 1442/1126/1442 55/1787/55 1992/1788/1992 4382/1785/4382
f 4382/1785/4382 1992/1788/1992 289/1771/289 2004/1768/2004
f 1469/1786/1469 4382/1785/4382 2004/1768/2004 72/1767/72
f 290/1750/290 2002/1789/2002 4383/1790/4383 1994/1751/1994
f 2002/1789/2002 90/1414/90 1496/1791/1496 4383/1790/4383
f 4383/1790/4383 1496/1791/1496 91/1238/91 2003/1792/2003
f 1994/1751/1994 4383/1790/4383 2003/1792/2003 289/1752/289
f 292/1793/292 2000/1794/2000 4384/1795/4384 1996/1776/1996
f 2000/1794/2000 88/1421/88 1494/1424/1494 4384/1795/4384
f 4384/1795/4384 1494/1424/1494 89/1406/89 2001/1796/2001
f 1996/1776/1996 4384/1795/4384 2001/1796/2001 291/1797/291
f 291/1797/291 2001/1796/2001 4385/1798/4385 1995/1799/1995
f 2001/1796/2001 89/1406/89 1495/1409/1495 4385/1798/4385
f 4385/1798/4385 1495/1409/1495 90/1414/90 2002/1789/2002
f 1995/1799/1995 4385/1798/4385 2002/1789/2002 290/1750/290
f 958/1800/958 1493/1801/1493 4386/1802/4386 1466/1803/1466
f 1493/1801/1493 88/1804/88 2000/1805/2000 4386/1802/4386
f 4386/1802/4386 2000/1805/2000 292/1775/292 1999/1780/1999
f 1466/1803/1466 4386/1802/4386 1999/1780/1999 957/1779/957
f 280/1634/280 1957/1806/1957 4387/1807/4387 1962/1635/1962
f 1957/1806/1957 279/1808/279 1961/1809/1961 4387/1807/4387
f 4387/1807/4387 1961/1809/1961 66/992/66 1457/990/1457
f 1962/1635/1962 4387/1807/4387 1457/990/1457 67/985/67
f 119/188/119 1557/187/1557 4388/1810/4388 1553/1811/1553
f 1557/187/1557 123/186/123 1560/210/1560 4388/1810/4388
f 4388/1810/4388 1560/210/1560 122/214/122 1556/1812/1556
f 1553/1811/1553 4388/1810/4388 1556/1812/1556 118/1813/118
f 65/1814/65 1456/1815/1456 4389/1816/4389 1960/1817/1960
f 1456/1815/1456 66/1818/66 1961/1819/1961 4389/1816/4389
f 4389/1816/4389 1961/1819/1961 279/1820/279 1956/1821/1956
f 1960/1817/1960 4389/1816/4389 1956/1821/1956 278/1672/278
f 8/1822/8 2028/1823/2028 4390/1824/4390 1470/1825/1470
f 2028/1823/2028 295/1535/295 2046/1726/2046 4390/1824/4390
f 4390/1824/4390 2046/1726/2046 311/1694/311 2044/1826/2044
f 1470/1825/1470 4390/1824/4390 2044/1826/2044 73/1743/73
f 73/1743/73 2044/1826/2044 4391/1827/4391 1471/1744/1471
f 2044/1826/2044 311/1694/311 2047/1697/2047 4391/1827/4391
f 4391/1827/4391 2047/1697/2047 294/1064/294 1454/1828/1454
f 1471/1744/1471 4391/1827/4391 1454/1828/1454 5/1745/5
f 267/630/267 1923/1829/1923 4392/1830/4392 1924/631/1924
f 1923/1829/1923 310/1555/310 2048/1558/2048 4392/1830/4392
f 4392/1830/4392 2048/1558/2048 300/420/300 1663/1831/1663
f 1924/631/1924 4392/1830/4392 1663/1831/1663 165/632/165
f 264/1832/264 1922/1833/1922 4393/1834/4393 1919/1835/1919
f 1922/1833/1922 309/1549/309 2049/1552/2049 4393/1834/4393
f 4393/1834/4393 2049/1552/2049 310/1554/310 1923/1836/1923
f 1919/1835/1919 4393/1834/4393 1923/1836/1923 267/1547/267
f 71/1837/71 2042/1838/2042 4394/1839/4394 1463/1382/1463
f 2042/1838/2042 309/1527/309 2050/1530/2050 4394/1839/4394
f 4394/1839/4394 2050/1530/2050 295/1535/295 2028/1823/2028
f 1463/1382/1463 4394/1839/4394 2028/1823/2028 8/1822/8
f 372/1107/372 2045/1840/2045 4395/1841/4395 1777/1108/1777
f 2045/1840/2045 649/1109/649 2051/1112/2051 4395/1841/4395
f 4395/1841/4395 2051/1112/2051 304/1084/304 1778/1842/1778
f 1777/1108/1777 4395/1841/4395 1778/1842/1778 212/1053/212
f 212/1053/212 1778/1842/1778 4396/1843/4396 1769/1054/1769
f 1778/1842/1778 304/1084/304 2052/1087/2052 4396/1843/4396
f 4396/1843/4396 2052/1087/2052 305/1078/305 1779/1844/1779
f 1769/1054/1769 4396/1843/4396 1779/1844/1779 211/1049/211
f 211/1049/211 1779/1844/1779 4397/1845/4397 1768/1050/1768
f 1779/1844/1779 305/1078/305 2053/1081/2053 4397/1845/4397
f 4397/1845/4397 2053/1081/2053 306/1072/306 1780/1846/1780
f 1768/1050/1768 4397/1845/4397 1780/1846/1780 210/1045/210
f 210/1045/210 1780/1846/1780 4398/1847/4398 1767/1046/1767
f 1780/1846/1780 306/1072/306 2054/1075/2054 4398/1847/4398
f 4398/1847/4398 2054/1075/2054 307/973/307 1781/1848/1781
f 1767/1046/1767 4398/1847/4398 1781/1848/1781 209/1031/209
f 64/1011/64 1783/1010/1783 4399/1849/4399 2026/1850/2026
f 1783/1010/1783 208/1009/208 1782/1851/1782 4399/1849/4399
f 4399/1849/4399 1782/1851/1782 308/1068/308 2055/1065/2055
f 2026/1850/2026 4399/1849/4399 2055/1065/2055 294/1064/294
f 209/1031/209 1781/1848/1781 4400/1852/4400 1766/1032/1766
f 1781/1848/1781 307/973/307 2056/976/2056 4400/1852/4400
f 4400/1852/4400 2056/976/2056 308/981/308 1782/1853/1782
f 1766/1032/1766 4400/1852/4400 1782/1853/1782 208/1009/208
f 162/699/162 1664/1854/1664 4401/1855/4401 1679/1856/1679
f 1664/1854/1664 301/428/301 2057/705/2057 4401/1855/4401
f 4401/1855/4401 2057/705/2057 302/617/302 1680/1857/1680
f 1679/1856/1679 4401/1855/4401 1680/1857/1680 171/1858/171
f 168/1859/168 1681/1860/1681 4402/1861/4402 1672/667/1672
f 1681/1860/1681 303/625/303 2058/697/2058 4402/1861/4402
f 4402/1861/4402 2058/697/2058 293/300/293 2025/1862/2025
f 1672/667/1672 4402/1861/4402 2025/1862/2025 28/335/28
f 171/1858/171 1680/1857/1680 4403/1863/4403 1667/1864/1667
f 1680/1857/1680 302/617/302 2059/620/2059 4403/1863/4403
f 4403/1863/4403 2059/620/2059 303/625/303 1681/1860/1681
f 1667/1864/1667 4403/1863/4403 1681/1860/1681 168/1859/168
f 165/632/165 1663/1831/1663 4404/1865/4404 1656/1866/1656
f 1663/1831/1663 300/420/300 2060/423/2060 4404/1865/4404
f 4404/1865/4404 2060/423/2060 301/428/301 1664/1854/1664
f 1656/1866/1656 4404/1865/4404 1664/1854/1664 162/699/162
f 683/387/683 1609/386/1609 4405/1867/4405 2027/1868/2027
f 1609/386/1609 134/385/134 1608/1869/1608 4405/1867/4405
f 4405/1867/4405 1608/1869/1608 299/375/299 2061/372/2061
f 2027/1868/2027 4405/1867/4405 2061/372/2061 972/371/972
f 137/331/137 1605/1870/1605 4406/1871/4406 1597/332/1597
f 1605/1870/1605 296/305/296 2062/361/2062 4406/1871/4406
f 4406/1871/4406 2062/361/2062 297/356/297 1606/1872/1606
f 1597/332/1597 4406/1871/4406 1606/1872/1606 136/321/136
f 136/321/136 1606/1872/1606 4407/1873/4407 1596/322/1596
f 1606/1872/1606 297/356/297 2063/359/2063 4407/1873/4407
f 4407/1873/4407 2063/359/2063 298/339/298 1607/1874/1607
f 1596/322/1596 4407/1873/4407 1607/1874/1607 135/323/135
f 135/323/135 1607/1874/1607 4408/1875/4408 1595/326/1595
f 1607/1874/1607 298/339/298 2064/342/2064 4408/1875/4408
f 4408/1875/4408 2064/342/2064 299/346/299 1608/1876/1608
f 1595/326/1595 4408/1875/4408 1608/1876/1608 134/327/134
f 28/335/28 2025/1862/2025 4409/1877/4409 1604/336/1604
f 2025/1862/2025 293/300/293 2065/303/2065 4409/1877/4409
f 4409/1877/4409 2065/303/2065 296/305/296 1605/1870/1605
f 1604/336/1604 4409/1877/4409 1605/1870/1605 137/331/137
f 342/1878/342 2101/1879/2101 4410/1880/4410 2219/1881/2219
f 2101/1879/2101 343/1882/343 2218/1883/2218 4410/1880/4410
f 4410/1880/4410 2218/1883/2218 423/1884/423 2201/1885/2201
f 2219/1881/2219 4410/1880/4410 2201/1885/2201 424/1886/424
f 312/1887/312 2100/1888/2100 4411/1889/4411 2066/1890/2066
f 2100/1888/2100 342/1878/342 2219/1881/2219 4411/1889/4411
f 4411/1889/4411 2219/1881/2219 424/1886/424 2220/1891/2220
f 2066/1890/2066 4411/1889/4411 2220/1891/2220 323/1892/323
f 325/1893/325 2222/1894/2222 4412/1895/4412 2069/1896/2069
f 2222/1894/2222 432/1897/432 2223/1898/2223 4412/1895/4412
f 4412/1895/4412 2223/1898/2223 335/1899/335 2081/1900/2081
f 2069/1896/2069 4412/1895/4412 2081/1900/2081 313/1901/313
f 422/1902/422 2199/1903/2199 4413/1904/4413 2203/1905/2203
f 2199/1903/2199 421/1906/421 2202/1907/2202 4413/1904/4413
f 4413/1904/4413 2202/1907/2202 425/1908/425 2206/1909/2206
f 2203/1905/2203 4413/1904/4413 2206/1909/2206 426/1910/426
f 424/1886/424 2201/1885/2201 4414/1911/4414 2205/1912/2205
f 2201/1885/2201 423/1884/423 2204/1913/2204 4414/1911/4414
f 4414/1911/4414 2204/1913/2204 427/1914/427 2208/1915/2208
f 2205/1912/2205 4414/1911/4414 2208/1915/2208 428/1916/428
f 323/1892/323 2220/1891/2220 4415/1917/4415 2067/1918/2067
f 2220/1891/2220 424/1886/424 2205/1912/2205 4415/1917/4415
f 4415/1917/4415 2205/1912/2205 428/1916/428 2221/1919/2221
f 2067/1918/2067 4415/1917/4415 2221/1919/2221 324/1920/324
f 427/1914/427 2207/1921/2207 4416/1922/4416 2211/1923/2211
f 2207/1921/2207 426/1910/426 2210/1924/2210 4416/1922/4416
f 4416/1922/4416 2210/1924/2210 430/1925/430 2214/1926/2214
f 2211/1923/2211 4416/1922/4416 2214/1926/2214 431/1927/431
f 426/1910/426 2206/1909/2206 4417/1928/4417 2210/1924/2210
f 2206/1909/2206 425/1908/425 2209/1929/2209 4417/1928/4417
f 4417/1928/4417 2209/1929/2209 429/1930/429 2213/1931/2213
f 2210/1924/2210 4417/1928/4417 2213/1931/2213 430/1925/430
f 428/1916/428 2208/1915/2208 4418/1932/4418 2212/1933/2212
f 2208/1915/2208 427/1914/427 2211/1923/2211 4418/1932/4418
f 4418/1932/4418 2211/1923/2211 431/1927/431 2215/1934/2215
f 2212/1933/2212 4418/1932/4418 2215/1934/2215 432/1935/432
f 324/1920/324 2221/1919/2221 4419/1936/4419 2068/1937/2068
f 2221/1919/2221 428/1916/428 2212/1933/2212 4419/1936/4419
f 4419/1936/4419 2212/1933/2212 432/1935/432 2222/1938/2222
f 2068/1937/2068 4419/1936/4419 2222/1938/2222 325/1893/325
f 343/1882/343 2102/1939/2102 4420/1940/4420 2218/1883/2218
f 2102/1939/2102 344/1941/344 2217/1942/2217 4420/1940/4420
f 4420/1940/4420 2217/1942/2217 422/1902/422 2200/1943/2200
f 2218/1883/2218 4420/1940/4420 2200/1943/2200 423/1884/423
f 430/1925/430 2213/1931/2213 4421/1944/4421 2225/1945/2225
f 2213/1931/2213 429/1930/429 2226/1946/2226 4421/1944/4421
f 4421/1944/4421 2226/1946/2226 338/1947/338 2084/1948/2084
f 2225/1945/2225 4421/1944/4421 2084/1948/2084 337/1949/337
f 434/1950/434 2234/1951/2234 4422/1952/4422 2231/1953/2231
f 2234/1951/2234 438/1954/438 2238/1955/2238 4422/1952/4422
f 4422/1952/4422 2238/1955/2238 439/1956/439 2235/1957/2235
f 2231/1953/2231 4422/1952/4422 2235/1957/2235 435/1958/435
f 431/1927/431 2214/1926/2214 4423/1959/4423 2224/1960/2224
f 2214/1926/2214 430/1925/430 2225/1945/2225 4423/1959/4423
f 4423/1959/4423 2225/1945/2225 337/1949/337 2083/1961/2083
f 2224/1960/2224 4423/1959/4423 2083/1961/2083 336/1962/336
f 432/1935/432 2215/1934/2215 4424/1963/4424 2223/1964/2223
f 2215/1934/2215 431/1927/431 2224/1960/2224 4424/1963/4424
f 4424/1963/4424 2224/1960/2224 336/1962/336 2082/1965/2082
f 2223/1964/2223 4424/1963/4424 2082/1965/2082 335/1899/335
f 334/1966/334 2296/1967/2296 4425/1968/4425 2079/1969/2079
f 2296/1967/2296 453/1970/453 2279/1971/2279 4425/1968/4425
f 4425/1968/4425 2279/1971/2279 454/1972/454 2297/1973/2297
f 2079/1969/2079 4425/1968/4425 2297/1973/2297 333/1974/333
f 1327/1975/1327 2095/1976/2095 4426/1977/4426 2227/1978/2227
f 2095/1976/2095 991/1979/991 2085/1980/2085 4426/1977/4426
f 4426/1977/4426 2085/1980/2085 338/1981/338 2226/1982/2226
f 2227/1978/2227 4426/1977/4426 2226/1982/2226 429/1930/429
f 1328/1983/1328 2094/1984/2094 4427/1985/4427 2228/1986/2228
f 2094/1984/2094 1327/1975/1327 2227/1978/2227 4427/1985/4427
f 4427/1985/4427 2227/1978/2227 429/1930/429 2209/1987/2209
f 2228/1986/2228 4427/1985/4427 2209/1987/2209 425/1988/425
f 1329/1989/1329 2093/1990/2093 4428/1991/4428 2229/1992/2229
f 2093/1990/2093 1328/1983/1328 2228/1986/2228 4428/1991/4428
f 4428/1991/4428 2228/1986/2228 425/1988/425 2202/1993/2202
f 2229/1992/2229 4428/1991/4428 2202/1993/2202 421/1906/421
f 421/1994/421 2216/1995/2216 4429/1996/4429 2229/1997/2229
f 2216/1995/2216 345/1998/345 2104/1999/2104 4429/1996/4429
f 4429/1996/4429 2104/1999/2104 1330/2000/1330 2092/2001/2092
f 2229/1997/2229 4429/1996/4429 2092/2001/2092 1329/1989/1329
f 433/2002/433 2233/2003/2233 4430/2004/4430 2230/2005/2230
f 2233/2003/2233 437/2006/437 2237/2007/2237 4430/2004/4430
f 4430/2004/4430 2237/2007/2237 438/1954/438 2234/1951/2234
f 2230/2005/2230 4430/2004/4430 2234/1951/2234 434/1950/434
f 435/1958/435 2235/1957/2235 4431/2008/4431 2232/2009/2232
f 2235/1957/2235 439/1956/439 2239/2010/2239 4431/2008/4431
f 4431/2008/4431 2239/2010/2239 440/2011/440 2236/2012/2236
f 2232/2009/2232 4431/2008/4431 2236/2012/2236 436/2013/436
f 436/2013/436 2236/2012/2236 4432/2014/4432 2265/2015/2265
f 2236/2012/2236 440/2011/440 2266/2016/2266 4432/2014/4432
f 4432/2014/4432 2266/2016/2266 327/2017/327 2071/2018/2071
f 2265/2015/2265 4432/2014/4432 2071/2018/2071 326/2019/326
f 438/1954/438 2241/2020/2241 4433/2021/4433 2238/1955/2238
f 2241/2020/2241 442/2022/442 2245/2023/2245 4433/2021/4433
f 4433/2021/4433 2245/2023/2245 443/2024/443 2242/2025/2242
f 2238/1955/2238 4433/2021/4433 2242/2025/2242 439/1956/439
f 437/2006/437 2240/2026/2240 4434/2027/4434 2237/2007/2237
f 2240/2026/2240 441/2028/441 2244/2029/2244 4434/2027/4434
f 4434/2027/4434 2244/2029/2244 442/2022/442 2241/2020/2241
f 2237/2007/2237 4434/2027/4434 2241/2020/2241 438/1954/438
f 439/1956/439 2242/2025/2242 4435/2030/4435 2239/2010/2239
f 2242/2025/2242 443/2024/443 2246/2031/2246 4435/2030/4435
f 4435/2030/4435 2246/2031/2246 444/2032/444 2243/2033/2243
f 2239/2010/2239 4435/2030/4435 2243/2033/2243 440/2011/440
f 440/2011/440 2243/2033/2243 4436/2034/4436 2266/2016/2266
f 2243/2033/2243 444/2032/444 2267/2035/2267 4436/2034/4436
f 4436/2034/4436 2267/2035/2267 328/2036/328 2072/2037/2072
f 2266/2016/2266 4436/2034/4436 2072/2037/2072 327/2017/327
f 442/2022/442 2248/2038/2248 4437/2039/4437 2245/2023/2245
f 2248/2038/2248 446/2040/446 2252/2041/2252 4437/2039/4437
f 4437/2039/4437 2252/2041/2252 447/2042/447 2249/2043/2249
f 2245/2023/2245 4437/2039/4437 2249/2043/2249 443/2024/443
f 441/2028/441 2247/2044/2247 4438/2045/4438 2244/2029/2244
f 2247/2044/2247 445/2046/445 2251/2047/2251 4438/2045/4438
f 4438/2045/4438 2251/2047/2251 446/2040/446 2248/2038/2248
f 2244/2029/2244 4438/2045/4438 2248/2038/2248 442/2022/442
f 443/2024/443 2249/2043/2249 4439/2048/4439 2246/2031/2246
f 2249/2043/2249 447/2042/447 2253/2049/2253 4439/2048/4439
f 4439/2048/4439 2253/2049/2253 448/2050/448 2250/2051/2250
f 2246/2031/2246 4439/2048/4439 2250/2051/2250 444/2032/444
f 444/2032/444 2250/2051/2250 4440/2052/4440 2267/2035/2267
f 2250/2051/2250 448/2050/448 2268/2053/2268 4440/2052/4440
f 4440/2052/4440 2268/2053/2268 329/2054/329 2073/2055/2073
f 2267/2035/2267 4440/2052/4440 2073/2055/2073 328/2036/328
f 447/2056/447 2252/2057/2252 4441/2058/4441 2256/2059/2256
f 2252/2057/2252 446/2060/446 2255/2061/2255 4441/2058/4441
f 4441/2058/4441 2255/2061/2255 450/2062/450 2259/2063/2259
f 2256/2059/2256 4441/2058/4441 2259/2063/2259 451/2064/451
f 448/2065/448 2253/2066/2253 4442/2067/4442 2257/2068/2257
f 2253/2066/2253 447/2056/447 2256/2059/2256 4442/2067/4442
f 4442/2067/4442 2256/2059/2256 451/2064/451 2260/2069/2260
f 2257/2068/2257 4442/2067/4442 2260/2069/2260 452/2070/452
f 329/2071/329 2268/2053/2268 4443/2072/4443 2074/2073/2074
f 2268/2053/2268 448/2065/448 2257/2068/2257 4443/2072/4443
f 4443/2072/4443 2257/2068/2257 452/2070/452 2269/2074/2269
f 2074/2073/2074 4443/2072/4443 2269/2074/2269 330/2075/330
f 622/2076/622 1400/2077/1400 4444/2078/4444 2263/2079/2263
f 1400/2077/1400 623/2080/623 2262/2081/2262 4444/2078/4444
f 4444/2078/4444 2262/2081/2262 434/1950/434 2231/2082/2231
f 2263/2079/2263 4444/2078/4444 2231/2082/2231 435/2083/435
f 450/2062/450 2258/2084/2258 4445/2085/4445 2272/2086/2272
f 2258/2084/2258 449/2087/449 2273/2088/2273 4445/2085/4445
f 4445/2085/4445 2273/2088/2273 334/2089/334 2079/2090/2079
f 2272/2086/2272 4445/2085/4445 2079/2090/2079 333/2091/333
f 455/2092/455 2280/2093/2280 4446/2094/4446 2284/2095/2284
f 2280/2093/2280 454/2096/454 2283/2097/2283 4446/2094/4446
f 4446/2094/4446 2283/2097/2283 458/2098/458 2287/2099/2287
f 2284/2095/2284 4446/2094/4446 2287/2099/2287 459/2100/459
f 451/2064/451 2259/2063/2259 4447/2101/4447 2271/2102/2271
f 2259/2063/2259 450/2062/450 2272/2086/2272 4447/2101/4447
f 4447/2101/4447 2272/2086/2272 333/2091/333 2078/2103/2078
f 2271/2102/2271 4447/2101/4447 2078/2103/2078 332/2104/332
f 452/2070/452 2260/2069/2260 4448/2105/4448 2270/2106/2270
f 2260/2069/2260 451/2064/451 2271/2102/2271 4448/2105/4448
f 4448/2105/4448 2271/2102/2271 332/2104/332 2077/2107/2077
f 2270/2106/2270 4448/2105/4448 2077/2107/2077 331/2108/331
f 1314/2109/1314 2086/2110/2086 4449/2111/4449 1402/2112/1402
f 2086/2110/2086 1337/2113/1337 2278/2114/2278 4449/2111/4449
f 4449/2111/4449 2278/2114/2278 433/2002/433 2261/2115/2261
f 1402/2112/1402 4449/2111/4449 2261/2115/2261 624/2116/624
f 624/2116/624 2261/2115/2261 4450/2117/4450 1401/2118/1401
f 2261/2115/2261 433/2002/433 2230/2005/2230 4450/2117/4450
f 4450/2117/4450 2230/2005/2230 434/1950/434 2262/2119/2262
f 1401/2118/1401 4450/2117/4450 2262/2119/2262 623/2080/623
f 621/244/621 1399/2120/1399 4451/2121/4451 2264/2122/2264
f 1399/2120/1399 622/2076/622 2263/2079/2263 4451/2121/4451
f 4451/2121/4451 2263/2079/2263 435/2083/435 2232/2009/2232
f 2264/2122/2264 4451/2121/4451 2232/2009/2232 436/2123/436
f 620/2124/620 1398/2125/1398 4452/2126/4452 2070/2127/2070
f 1398/2125/1398 621/244/621 2264/2122/2264 4452/2126/4452
f 4452/2126/4452 2264/2122/2264 436/2123/436 2265/2128/2265
f 2070/2127/2070 4452/2126/4452 2265/2128/2265 326/2019/326
f 330/2075/330 2269/2074/2269 4453/2129/4453 2075/2130/2075
f 2269/2074/2269 452/2070/452 2270/2106/2270 4453/2129/4453
f 4453/2129/4453 2270/2106/2270 331/2108/331 2076/2131/2076
f 2075/2130/2075 4453/2129/4453 2076/2131/2076 314/2132/314
f 1333/2133/1333 2091/2134/2091 4454/2135/4454 2274/2136/2274
f 2091/2134/2091 990/2137/990 2080/2138/2080 4454/2135/4454
f 4454/2135/4454 2080/2138/2080 334/1966/334 2273/2088/2273
f 2274/2136/2274 4454/2135/4454 2273/2088/2273 449/2139/449
f 1334/2140/1334 2090/2141/2090 4455/2142/4455 2275/2143/2275
f 2090/2141/2090 1333/2133/1333 2274/2136/2274 4455/2142/4455
f 4455/2142/4455 2274/2136/2274 449/2139/449 2254/2144/2254
f 2275/2143/2275 4455/2142/4455 2254/2144/2254 445/2046/445
f 476/2145/476 2325/2146/2325 4456/2147/4456 2336/2148/2336
f 2325/2146/2325 471/2149/471 2337/2150/2337 4456/2147/4456
f 4456/2147/4456 2337/2150/2337 357/2151/357 2120/2152/2120
f 2336/2148/2336 4456/2147/4456 2120/2152/2120 356/2153/356
f 1335/2154/1335 2089/2155/2089 4457/2156/4457 2276/2157/2276
f 2089/2155/2089 1334/2140/1334 2275/2143/2275 4457/2156/4457
f 4457/2156/4457 2275/2143/2275 445/2046/445 2247/2044/2247
f 2276/2157/2276 4457/2156/4457 2247/2044/2247 441/2028/441
f 1336/2158/1336 2088/2159/2088 4458/2160/4458 2277/2161/2277
f 2088/2159/2088 1335/2154/1335 2276/2157/2276 4458/2160/4458
f 4458/2160/4458 2276/2157/2276 441/2028/441 2240/2026/2240
f 2277/2161/2277 4458/2160/4458 2240/2026/2240 437/2006/437
f 1337/2113/1337 2087/2162/2087 4459/2163/4459 2278/2114/2278
f 2087/2162/2087 1336/2158/1336 2277/2161/2277 4459/2163/4459
f 4459/2163/4459 2277/2161/2277 437/2006/437 2233/2003/2233
f 2278/2114/2278 4459/2163/4459 2233/2003/2233 433/2002/433
f 331/2108/331 2077/2107/2077 4460/2164/4460 2299/2165/2299
f 2077/2107/2077 332/2104/332 2298/2166/2298 4460/2164/4460
f 4460/2164/4460 2298/2166/2298 455/2092/455 2281/2167/2281
f 2299/2165/2299 4460/2164/4460 2281/2167/2281 456/2168/456
f 314/2132/314 2076/2131/2076 4461/2169/4461 2096/2170/2096
f 2076/2131/2076 331/2108/331 2299/2165/2299 4461/2169/4461
f 4461/2169/4461 2299/2165/2299 456/2168/456 2300/2171/2300
f 2096/2170/2096 4461/2169/4461 2300/2171/2300 339/2172/339
f 630/2173/630 2744/2174/2744 4462/2175/4462 2099/2176/2099
f 2744/2174/2744 633/2177/633 2709/2178/2709 4462/2175/4462
f 4462/2175/4462 2709/2178/2709 342/1878/342 2100/1888/2100
f 2099/2176/2099 4462/2175/4462 2100/1888/2100 312/1887/312
f 454/2096/454 2279/2179/2279 4463/2180/4463 2283/2097/2283
f 2279/2179/2279 453/1970/453 2282/2181/2282 4463/2180/4463
f 4463/2180/4463 2282/2181/2282 457/2182/457 2286/2183/2286
f 2283/2097/2283 4463/2180/4463 2286/2183/2286 458/2098/458
f 456/2168/456 2281/2167/2281 4464/2184/4464 2285/2185/2285
f 2281/2167/2281 455/2092/455 2284/2095/2284 4464/2184/4464
f 4464/2184/4464 2284/2095/2284 459/2100/459 2288/2186/2288
f 2285/2185/2285 4464/2184/4464 2288/2186/2288 460/2187/460
f 339/2172/339 2300/2171/2300 4465/2188/4465 2097/2189/2097
f 2300/2171/2300 456/2168/456 2285/2185/2285 4465/2188/4465
f 4465/2188/4465 2285/2185/2285 460/2187/460 2301/2190/2301
f 2097/2189/2097 4465/2188/4465 2301/2190/2301 340/2191/340
f 459/2100/459 2287/2099/2287 4466/2192/4466 2291/2193/2291
f 2287/2099/2287 458/2098/458 2290/2194/2290 4466/2192/4466
f 4466/2192/4466 2290/2194/2290 462/2195/462 2294/2196/2294
f 2291/2193/2291 4466/2192/4466 2294/2196/2294 463/2197/463
f 458/2098/458 2286/2183/2286 4467/2198/4467 2290/2194/2290
f 2286/2183/2286 457/2182/457 2289/2199/2289 4467/2198/4467
f 4467/2198/4467 2289/2199/2289 461/2200/461 2293/2201/2293
f 2290/2194/2290 4467/2198/4467 2293/2201/2293 462/2195/462
f 460/2187/460 2288/2186/2288 4468/2202/4468 2292/2203/2292
f 2288/2186/2288 459/2100/459 2291/2193/2291 4468/2202/4468
f 4468/2202/4468 2291/2193/2291 463/2197/463 2295/2204/2295
f 2292/2203/2292 4468/2202/4468 2295/2204/2295 464/2205/464
f 340/2191/340 2301/2190/2301 4469/2206/4469 2098/2207/2098
f 2301/2190/2301 460/2187/460 2292/2203/2292 4469/2206/4469
f 4469/2206/4469 2292/2203/2292 464/2205/464 2302/2208/2302
f 2098/2207/2098 4469/2206/4469 2302/2208/2302 341/2209/341
f 332/2104/332 2078/2103/2078 4470/2210/4470 2298/2166/2298
f 2078/2103/2078 333/2091/333 2297/2211/2297 4470/2210/4470
f 4470/2210/4470 2297/2211/2297 454/2096/454 2280/2093/2280
f 2298/2166/2298 4470/2210/4470 2280/2093/2280 455/2092/455
f 635/2212/635 2743/2213/2743 4471/2214/4471 2711/2215/2711
f 2743/2213/2743 636/2216/636 2712/2217/2712 4471/2214/4471
f 4471/2214/4471 2712/2217/2712 345/2218/345 2103/2219/2103
f 2711/2215/2711 4471/2214/4471 2103/2219/2103 344/1941/344
f 483/2220/483 2339/2221/2339 4472/2222/4472 2343/2223/2343
f 2339/2221/2339 482/2224/482 2342/2225/2342 4472/2222/4472
f 4472/2222/4472 2342/2225/2342 486/2226/486 2346/2227/2346
f 2343/2223/2343 4472/2222/4472 2346/2227/2346 487/2228/487
f 634/2229/634 2742/2230/2742 4473/2231/4473 2710/2232/2710
f 2742/2230/2742 635/2212/635 2711/2215/2711 4473/2231/4473
f 4473/2231/4473 2711/2215/2711 344/1941/344 2102/1939/2102
f 2710/2232/2710 4473/2231/4473 2102/1939/2102 343/1882/343
f 633/2177/633 2741/2233/2741 4474/2234/4474 2709/2178/2709
f 2741/2233/2741 634/2229/634 2710/2232/2710 4474/2234/4474
f 4474/2234/4474 2710/2232/2710 343/1882/343 2101/1879/2101
f 2709/2178/2709 4474/2234/4474 2101/1879/2101 342/1878/342
f 468/2235/468 2312/2236/2312 4475/2237/4475 2319/2238/2319
f 2312/2236/2312 465/2239/465 2320/2240/2320 4475/2237/4475
f 4475/2237/4475 2320/2240/2320 353/2241/353 2116/2242/2116
f 2319/2238/2319 4475/2237/4475 2116/2242/2116 352/2243/352
f 1340/2244/1340 2164/2245/2164 4476/2246/4476 2740/2247/2740
f 2164/2245/2164 1330/2248/1330 2104/1999/2104 4476/2246/4476
f 4476/2246/4476 2104/1999/2104 345/2249/345 2712/2250/2712
f 2740/2247/2740 4476/2246/4476 2712/2250/2712 636/2251/636
f 1025/2252/1025 2139/2253/2139 4477/2254/4477 2308/2255/2308
f 2139/2253/2139 1026/2256/1026 2307/2257/2307 4477/2254/4477
f 4477/2254/4477 2307/2257/2307 461/2258/461 2289/2199/2289
f 2308/2255/2308 4477/2254/4477 2289/2199/2289 457/2259/457
f 1024/2260/1024 2140/2261/2140 4478/2262/4478 2309/2263/2309
f 2140/2261/2140 1025/2252/1025 2308/2255/2308 4478/2262/4478
f 4478/2262/4478 2308/2255/2308 457/2259/457 2282/2264/2282
f 2309/2263/2309 4478/2262/4478 2282/2264/2282 453/1970/453
f 453/2265/453 2296/2266/2296 4479/2267/4479 2309/2268/2309
f 2296/2266/2296 334/2269/334 2080/2270/2080 4479/2267/4479
f 4479/2267/4479 2080/2270/2080 990/2271/990 2165/2272/2165
f 2309/2268/2309 4479/2267/4479 2165/2272/2165 1024/2260/1024
f 466/2273/466 2310/2274/2310 4480/2275/4480 2313/2276/2313
f 2310/2274/2310 465/2277/465 2312/2278/2312 4480/2275/4480
f 4480/2275/4480 2312/2278/2312 468/2279/468 2315/2280/2315
f 2313/2276/2313 4480/2275/4480 2315/2280/2315 469/2281/469
f 467/2282/467 2311/2283/2311 4481/2284/4481 2314/2285/2314
f 2311/2283/2311 466/2273/466 2313/2276/2313 4481/2284/4481
f 4481/2284/4481 2313/2276/2313 469/2281/469 2316/2286/2316
f 2314/2285/2314 4481/2284/4481 2316/2286/2316 470/2287/470
f 348/2288/348 2317/2289/2317 4482/2290/4482 2108/2291/2108
f 2317/2289/2317 467/2282/467 2314/2285/2314 4482/2290/4482
f 4482/2290/4482 2314/2285/2314 470/2287/470 2318/2292/2318
f 2108/2291/2108 4482/2290/4482 2318/2292/2318 349/2293/349
f 637/2294/637 2739/2295/2739 4483/2296/4483 2713/2297/2713
f 2739/2295/2739 638/2298/638 2714/2299/2714 4483/2296/4483
f 4483/2296/4483 2714/2299/2714 348/2288/348 2108/2300/2108
f 2713/2297/2713 4483/2296/4483 2108/2300/2108 349/2301/349
f 587/2302/587 2606/2303/2606 4484/2304/4484 2602/2305/2602
f 2606/2303/2606 469/2306/469 2315/2307/2315 4484/2304/4484
f 4484/2304/4484 2315/2307/2315 468/2235/468 2605/2308/2605
f 2602/2305/2602 4484/2304/4484 2605/2308/2605 588/2309/588
f 586/2310/586 2607/2311/2607 4485/2312/4485 2601/2313/2601
f 2607/2311/2607 470/2314/470 2316/2315/2316 4485/2312/4485
f 4485/2312/4485 2316/2315/2316 469/2306/469 2606/2303/2606
f 2601/2313/2601 4485/2312/4485 2606/2303/2606 587/2302/587
f 395/2316/395 2161/2317/2161 4486/2318/4486 2608/2319/2608
f 2161/2317/2161 349/2301/349 2318/2320/2318 4486/2318/4486
f 4486/2318/4486 2318/2320/2318 470/2314/470 2607/2311/2607
f 2608/2319/2608 4486/2318/4486 2607/2311/2607 586/2310/586
f 403/2321/403 2626/2322/2626 4487/2323/4487 2176/2324/2176
f 2626/2322/2626 589/2325/589 2610/2326/2610 4487/2323/4487
f 4487/2323/4487 2610/2326/2610 411/2327/411 2186/2328/2186
f 2176/2324/2176 4487/2323/4487 2186/2328/2186 322/2329/322
f 472/2330/472 2321/2331/2321 4488/2332/4488 2326/2333/2326
f 2321/2331/2321 471/2149/471 2325/2334/2325 4488/2332/4488
f 4488/2332/4488 2325/2334/2325 476/2145/476 2330/2335/2330
f 2326/2333/2326 4488/2332/4488 2330/2335/2330 477/2336/477
f 514/2337/514 2406/2338/2406 4489/2339/4489 2427/2340/2427
f 2406/2338/2406 509/2341/509 2428/2342/2428 4489/2339/4489
f 4489/2339/4489 2428/2342/2428 351/2343/351 2109/2344/2109
f 2427/2340/2427 4489/2339/4489 2109/2344/2109 350/2345/350
f 473/2346/473 2322/2347/2322 4490/2348/4490 2327/2349/2327
f 2322/2347/2322 472/2330/472 2326/2333/2326 4490/2348/4490
f 4490/2348/4490 2326/2333/2326 477/2336/477 2331/2350/2331
f 2327/2349/2327 4490/2348/4490 2331/2350/2331 478/2351/478
f 474/2352/474 2323/2353/2323 4491/2354/4491 2328/2355/2328
f 2323/2353/2323 473/2346/473 2327/2349/2327 4491/2354/4491
f 4491/2354/4491 2327/2349/2327 478/2351/478 2332/2356/2332
f 2328/2355/2328 4491/2354/4491 2332/2356/2332 479/2357/479
f 475/2358/475 2324/2359/2324 4492/2360/4492 2329/2361/2329
f 2324/2359/2324 474/2352/474 2328/2355/2328 4492/2360/4492
f 4492/2360/4492 2328/2355/2328 479/2357/479 2333/2362/2333
f 2329/2361/2329 4492/2360/4492 2333/2362/2333 480/2363/480
f 603/2364/603 2648/2365/2648 4493/2366/4493 2644/2367/2644
f 2648/2365/2648 477/2368/477 2330/2335/2330 4493/2366/4493
f 4493/2366/4493 2330/2335/2330 476/2145/476 2647/2369/2647
f 2644/2367/2644 4493/2366/4493 2647/2369/2647 604/2370/604
f 605/2371/605 2658/2372/2658 4494/2373/4494 2669/2374/2669
f 2658/2372/2658 390/2375/390 2155/2376/2155 4494/2373/4494
f 4494/2373/4494 2155/2376/2155 316/506/316 1474/2377/1474
f 2669/2374/2669 4494/2373/4494 1474/2377/1474 628/2378/628
f 602/2379/602 2649/2380/2649 4495/2381/4495 2643/2382/2643
f 2649/2380/2649 478/2351/478 2331/2350/2331 4495/2381/4495
f 4495/2381/4495 2331/2350/2331 477/2368/477 2648/2365/2648
f 2643/2382/2643 4495/2381/4495 2648/2365/2648 603/2364/603
f 601/2383/601 2650/2384/2650 4496/2385/4496 2642/2386/2642
f 2650/2384/2650 479/2387/479 2332/2388/2332 4496/2385/4496
f 4496/2385/4496 2332/2388/2332 478/2351/478 2649/2380/2649
f 2642/2386/2642 4496/2385/4496 2649/2380/2649 602/2379/602
f 600/2389/600 2651/2390/2651 4497/2391/4497 2641/2392/2641
f 2651/2390/2651 480/2393/480 2333/2362/2333 4497/2391/4497
f 4497/2391/4497 2333/2362/2333 479/2387/479 2650/2384/2650
f 2641/2392/2641 4497/2391/4497 2650/2384/2650 601/2383/601
f 625/2394/625 2334/2395/2334 4498/2396/4498 1410/528/1410
f 2334/2395/2334 475/2358/475 2329/2361/2329 4498/2396/4498
f 4498/2396/4498 2329/2361/2329 480/2363/480 2335/2397/2335
f 1410/528/1410 4498/2396/4498 2335/2397/2335 626/2398/626
f 401/533/401 2007/2399/2007 4499/2400/4499 2652/2401/2652
f 2007/2399/2007 626/2402/626 2335/2403/2335 4499/2400/4499
f 4499/2400/4499 2335/2403/2335 480/2393/480 2651/2390/2651
f 2652/2401/2652 4499/2400/4499 2651/2390/2651 600/2389/600
f 482/2224/482 2338/2404/2338 4500/2405/4500 2342/2225/2342
f 2338/2404/2338 481/2406/481 2341/2407/2341 4500/2405/4500
f 4500/2405/4500 2341/2407/2341 485/2408/485 2345/2409/2345
f 2342/2225/2342 4500/2405/4500 2345/2409/2345 486/2226/486
f 484/2410/484 2340/2411/2340 4501/2412/4501 2344/2413/2344
f 2340/2411/2340 483/2220/483 2343/2223/2343 4501/2412/4501
f 4501/2412/4501 2343/2223/2343 487/2228/487 2347/2414/2347
f 2344/2413/2344 4501/2412/4501 2347/2414/2347 488/2415/488
f 352/2243/352 2116/2242/2116 4502/2416/4502 2349/2417/2349
f 2116/2242/2116 353/2241/353 2348/2418/2348 4502/2416/4502
f 4502/2416/4502 2348/2418/2348 484/2419/484 2344/2413/2344
f 2349/2417/2349 4502/2416/4502 2344/2413/2344 488/2420/488
f 503/2421/503 2381/2422/2381 4503/2423/4503 2385/2424/2385
f 2381/2422/2381 502/2425/502 2384/2426/2384 4503/2423/4503
f 4503/2423/4503 2384/2426/2384 506/2427/506 2388/2428/2388
f 2385/2424/2385 4503/2423/4503 2388/2428/2388 507/2429/507
f 581/2430/581 2588/2431/2588 4504/2432/4504 2584/2433/2584
f 2588/2431/2588 486/2226/486 2345/2409/2345 4504/2432/4504
f 4504/2432/4504 2345/2409/2345 485/2434/485 2587/2435/2587
f 2584/2433/2584 4504/2432/4504 2587/2435/2587 582/2436/582
f 579/2437/579 2590/2438/2590 4505/2439/4505 2582/2440/2582
f 2590/2438/2590 488/2420/488 2347/2441/2347 4505/2439/4505
f 4505/2439/4505 2347/2441/2347 487/2228/487 2589/2442/2589
f 2582/2440/2582 4505/2439/4505 2589/2442/2589 580/2443/580
f 419/2444/419 2196/2445/2196 4506/2446/4506 2591/2447/2591
f 2196/2445/2196 352/2243/352 2349/2417/2349 4506/2446/4506
f 4506/2446/4506 2349/2417/2349 488/2420/488 2590/2438/2590
f 2591/2447/2591 4506/2446/4506 2590/2438/2590 579/2437/579
f 582/2436/582 2587/2435/2587 4507/2448/4507 2586/2449/2586
f 2587/2435/2587 485/2434/485 2350/2450/2350 4507/2448/4507
f 4507/2448/4507 2350/2450/2350 1032/2451/1032 2141/2452/2141
f 2586/2449/2586 4507/2448/4507 2141/2452/2141 1096/2453/1096
f 481/2406/481 2351/2454/2351 4508/2455/4508 2341/2407/2341
f 2351/2454/2351 1031/2456/1031 2137/2457/2137 4508/2455/4508
f 4508/2455/4508 2137/2457/2137 1032/2458/1032 2350/2459/2350
f 2341/2407/2341 4508/2455/4508 2350/2459/2350 485/2408/485
f 490/2460/490 2352/2461/2352 4509/2462/4509 2355/2463/2355
f 2352/2461/2352 489/2464/489 2354/2465/2354 4509/2462/4509
f 4509/2462/4509 2354/2465/2354 492/2466/492 2357/2467/2357
f 2355/2463/2355 4509/2462/4509 2357/2467/2357 493/2468/493
f 491/2469/491 2353/2470/2353 4510/2471/4510 2356/2472/2356
f 2353/2470/2353 490/2460/490 2355/2463/2355 4510/2471/4510
f 4510/2471/4510 2355/2463/2355 493/2468/493 2358/2473/2358
f 2356/2472/2356 4510/2471/4510 2358/2473/2358 494/2474/494
f 356/2153/356 2120/2152/2120 4511/2475/4511 2360/2476/2360
f 2120/2152/2120 357/2151/357 2359/2477/2359 4511/2475/4511
f 4511/2475/4511 2359/2477/2359 491/2478/491 2356/2472/2356
f 2360/2476/2360 4511/2475/4511 2356/2472/2356 494/2479/494
f 639/2480/639 2738/2481/2738 4512/2482/4512 2715/2483/2715
f 2738/2481/2738 640/2484/640 2716/2485/2716 4512/2482/4512
f 4512/2482/4512 2716/2485/2716 354/2486/354 2119/2487/2119
f 2715/2483/2715 4512/2482/4512 2119/2487/2119 355/2488/355
f 593/2489/593 2623/2490/2623 4513/2491/4513 2619/2492/2619
f 2623/2490/2623 493/2493/493 2357/2494/2357 4513/2491/4513
f 4513/2491/4513 2357/2494/2357 492/2495/492 2622/2496/2622
f 2619/2492/2619 4513/2491/4513 2622/2496/2622 594/2497/594
f 592/2498/592 2624/2499/2624 4514/2500/4514 2618/2501/2618
f 2624/2499/2624 494/2479/494 2358/2502/2358 4514/2500/4514
f 4514/2500/4514 2358/2502/2358 493/2493/493 2623/2490/2623
f 2618/2501/2618 4514/2500/4514 2623/2490/2623 593/2489/593
f 402/2503/402 2174/2504/2174 4515/2505/4515 2625/2506/2625
f 2174/2504/2174 356/2153/356 2360/2476/2360 4515/2505/4515
f 4515/2505/4515 2360/2476/2360 494/2479/494 2624/2499/2624
f 2625/2506/2625 4515/2505/4515 2624/2499/2624 592/2498/592
f 615/2507/615 2684/2508/2684 4516/2509/4516 2681/2510/2681
f 2684/2508/2684 386/2511/386 2149/2512/2149 4516/2509/4516
f 4516/2509/4516 2149/2512/2149 385/2513/385 2683/2514/2683
f 2681/2510/2681 4516/2509/4516 2683/2514/2683 614/2515/614
f 490/2516/490 2353/2517/2353 4517/2518/4517 2376/2519/2376
f 2353/2517/2353 491/2478/491 2375/2520/2375 4517/2518/4517
f 4517/2518/4517 2375/2520/2375 500/2521/500 2369/2522/2369
f 2376/2519/2376 4517/2518/4517 2369/2522/2369 499/2523/499
f 340/2191/340 2098/2207/2098 4518/2524/4518 2371/2525/2371
f 2098/2207/2098 341/2526/341 2370/2527/2370 4518/2524/4518
f 4518/2524/4518 2370/2527/2370 495/2528/495 2363/2529/2363
f 2371/2525/2371 4518/2524/4518 2363/2529/2363 496/2530/496
f 339/2172/339 2097/2189/2097 4519/2531/4519 2372/2532/2372
f 2097/2189/2097 340/2191/340 2371/2525/2371 4519/2531/4519
f 4519/2531/4519 2371/2525/2371 496/2530/496 2364/2533/2364
f 2372/2532/2372 4519/2531/4519 2364/2533/2364 497/2534/497
f 351/2343/351 2110/2535/2110 4520/2536/4520 2373/2537/2373
f 2110/2535/2110 314/2132/314 2096/2170/2096 4520/2536/4520
f 4520/2536/4520 2096/2170/2096 339/2172/339 2372/2538/2372
f 2373/2537/2373 4520/2536/4520 2372/2538/2372 497/2539/497
f 491/2478/491 2359/2477/2359 4521/2540/4521 2375/2520/2375
f 2359/2477/2359 357/2151/357 2121/2541/2121 4521/2540/4521
f 4521/2540/4521 2121/2541/2121 350/2542/350 2374/2543/2374
f 2375/2520/2375 4521/2540/4521 2374/2543/2374 500/2521/500
f 496/2530/496 2363/2529/2363 4522/2544/4522 2366/2545/2366
f 2363/2529/2363 495/2528/495 2365/2546/2365 4522/2544/4522
f 4522/2544/4522 2365/2546/2365 498/2547/498 2368/2548/2368
f 2366/2545/2366 4522/2544/4522 2368/2548/2368 499/2549/499
f 497/2534/497 2364/2533/2364 4523/2550/4523 2367/2551/2367
f 2364/2533/2364 496/2530/496 2366/2545/2366 4523/2550/4523
f 4523/2550/4523 2366/2545/2366 499/2549/499 2369/2552/2369
f 2367/2551/2367 4523/2550/4523 2369/2552/2369 500/2553/500
f 350/2345/350 2109/2344/2109 4524/2554/4524 2374/2555/2374
f 2109/2344/2109 351/2343/351 2373/2537/2373 4524/2554/4524
f 4524/2554/4524 2373/2537/2373 497/2539/497 2367/2556/2367
f 2374/2555/2374 4524/2554/4524 2367/2556/2367 500/2557/500
f 640/2484/640 2737/2558/2737 4525/2559/4525 2716/2485/2716
f 2737/2558/2737 630/2173/630 2099/2176/2099 4525/2559/4525
f 4525/2559/4525 2099/2176/2099 312/1887/312 2118/2560/2118
f 2716/2485/2716 4525/2559/4525 2118/2560/2118 354/2486/354
f 489/2464/489 2352/2561/2352 4526/2562/4526 2377/2563/2377
f 2352/2561/2352 490/2516/490 2376/2519/2376 4526/2562/4526
f 4526/2562/4526 2376/2519/2376 499/2523/499 2368/2548/2368
f 2377/2563/2377 4526/2562/4526 2368/2548/2368 498/2564/498
f 638/2298/638 2736/2565/2736 4527/2566/4527 2714/2299/2714
f 2736/2565/2736 639/2480/639 2715/2483/2715 4527/2566/4527
f 4527/2566/4527 2715/2483/2715 355/2488/355 2107/2567/2107
f 2714/2299/2714 4527/2566/4527 2107/2567/2107 348/2288/348
f 522/2568/522 2431/2569/2431 4528/2570/4528 2444/2571/2444
f 2431/2569/2431 519/2572/519 2445/2573/2445 4528/2570/4528
f 4528/2570/4528 2445/2573/2445 347/2574/347 2105/2575/2105
f 2444/2571/2444 4528/2570/4528 2105/2575/2105 346/2576/346
f 483/2220/483 2340/2577/2340 4529/2578/4529 2397/2579/2397
f 2340/2577/2340 484/2419/484 2396/2580/2396 4529/2578/4529
f 4529/2578/4529 2396/2580/2396 508/2581/508 2389/2582/2389
f 2397/2579/2397 4529/2578/4529 2389/2582/2389 507/2583/507
f 338/1981/338 2390/2584/2390 4530/2585/4530 2084/2586/2084
f 2390/2584/2390 501/2587/501 2380/2588/2380 4530/2585/4530
f 4530/2585/4530 2380/2588/2380 502/2589/502 2391/2590/2391
f 2084/2586/2084 4530/2585/4530 2391/2590/2391 337/1949/337
f 335/1899/335 2082/1965/2082 4531/2591/4531 2393/2592/2393
f 2082/1965/2082 336/1962/336 2392/2593/2392 4531/2591/4531
f 4531/2591/4531 2392/2593/2392 503/2421/503 2382/2594/2382
f 2393/2592/2393 4531/2591/4531 2382/2594/2382 504/2595/504
f 347/2596/347 2106/2597/2106 4532/2598/4532 2394/2599/2394
f 2106/2597/2106 313/1901/313 2081/2600/2081 4532/2598/4532
f 4532/2598/4532 2081/2600/2081 335/2601/335 2393/2602/2393
f 2394/2599/2394 4532/2598/4532 2393/2602/2393 504/2603/504
f 484/2419/484 2348/2604/2348 4533/2605/4533 2396/2580/2396
f 2348/2604/2348 353/2606/353 2117/2607/2117 4533/2605/4533
f 4533/2605/4533 2117/2607/2117 346/2576/346 2395/2608/2395
f 2396/2580/2396 4533/2605/4533 2395/2608/2395 508/2581/508
f 502/2425/502 2380/2588/2380 4534/2609/4534 2384/2426/2384
f 2380/2588/2380 501/2587/501 2383/2610/2383 4534/2609/4534
f 4534/2609/4534 2383/2610/2383 505/2611/505 2387/2612/2387
f 2384/2426/2384 4534/2609/4534 2387/2612/2387 506/2427/506
f 504/2595/504 2382/2594/2382 4535/2613/4535 2386/2614/2386
f 2382/2594/2382 503/2421/503 2385/2424/2385 4535/2613/4535
f 4535/2613/4535 2385/2424/2385 507/2429/507 2389/2615/2389
f 2386/2614/2386 4535/2613/4535 2389/2615/2389 508/2616/508
f 346/2576/346 2105/2575/2105 4536/2617/4536 2395/2618/2395
f 2105/2575/2105 347/2574/347 2394/2619/2394 4536/2617/4536
f 4536/2617/4536 2394/2619/2394 504/2620/504 2386/2621/2386
f 2395/2618/2395 4536/2617/4536 2386/2621/2386 508/2581/508
f 336/1962/336 2083/1961/2083 4537/2622/4537 2392/2593/2392
f 2083/1961/2083 337/1949/337 2391/2623/2391 4537/2622/4537
f 4537/2622/4537 2391/2623/2391 502/2425/502 2381/2422/2381
f 2392/2593/2392 4537/2622/4537 2381/2422/2381 503/2421/503
f 482/2224/482 2339/2624/2339 4538/2625/4538 2398/2626/2398
f 2339/2624/2339 483/2220/483 2397/2579/2397 4538/2625/4538
f 4538/2625/4538 2397/2579/2397 507/2583/507 2388/2627/2388
f 2398/2626/2398 4538/2625/4538 2388/2627/2388 506/2628/506
f 542/2629/542 2485/2630/2485 4539/2631/4539 2489/2632/2489
f 2485/2630/2485 541/2633/541 2488/2634/2488 4539/2631/4539
f 4539/2631/4539 2488/2634/2488 545/2635/545 2492/2636/2492
f 2489/2632/2489 4539/2631/4539 2492/2636/2492 546/2637/546
f 482/2638/482 2398/2639/2398 4540/2640/4540 2338/2641/2338
f 2398/2639/2398 506/2642/506 2387/2643/2387 4540/2640/4540
f 4540/2640/4540 2387/2643/2387 505/2644/505 2399/2645/2399
f 2338/2641/2338 4540/2640/4540 2399/2645/2399 481/2406/481
f 481/2406/481 2399/2645/2399 4541/2646/4541 2351/2647/2351
f 2399/2645/2399 505/2644/505 2400/2648/2400 4541/2646/4541
f 4541/2646/4541 2400/2648/2400 1324/2649/1324 2138/2650/2138
f 2351/2647/2351 4541/2646/4541 2138/2650/2138 1031/2651/1031
f 359/786/359 2421/2652/2421 4542/2653/4542 1409/787/1409
f 2421/2652/2421 518/2654/518 2422/2655/2422 4542/2653/4542
f 4542/2653/4542 2422/2655/2422 475/2358/475 2334/2395/2334
f 1409/787/1409 4542/2653/4542 2334/2395/2334 625/2394/625
f 501/2587/501 2401/2656/2401 4543/2657/4543 2383/2610/2383
f 2401/2656/2401 1326/2658/1326 2115/2659/2115 4543/2657/4543
f 4543/2657/4543 2115/2659/2115 1324/2660/1324 2400/2648/2400
f 2383/2610/2383 4543/2657/4543 2400/2648/2400 505/2611/505
f 501/2661/501 2390/2662/2390 4544/2663/4544 2401/2664/2401
f 2390/2662/2390 338/2665/338 2085/2666/2085 4544/2663/4544
f 4544/2663/4544 2085/2666/2085 991/2667/991 2114/2668/2114
f 2401/2664/2401 4544/2663/4544 2114/2668/2114 1326/2658/1326
f 329/2054/329 2074/2073/2074 4545/2669/4545 2416/2670/2416
f 2074/2073/2074 330/2671/330 2415/2672/2415 4545/2669/4545
f 4545/2669/4545 2415/2672/2415 509/2673/509 2402/2674/2402
f 2416/2670/2416 4545/2669/4545 2402/2674/2402 510/2675/510
f 471/2149/471 2321/2676/2321 4546/2677/4546 2426/2678/2426
f 2321/2676/2321 472/2679/472 2425/2680/2425 4546/2677/4546
f 4546/2677/4546 2425/2680/2425 515/2681/515 2411/2682/2411
f 2426/2678/2426 4546/2677/4546 2411/2682/2411 514/2683/514
f 329/2684/329 2416/2670/2416 4547/2685/4547 2073/2686/2073
f 2416/2670/2416 510/2687/510 2403/2688/2403 4547/2685/4547
f 4547/2685/4547 2403/2688/2403 511/2689/511 2417/2690/2417
f 2073/2686/2073 4547/2685/4547 2417/2690/2417 328/2691/328
f 328/2691/328 2417/2690/2417 4548/2692/4548 2072/2693/2072
f 2417/2690/2417 511/2689/511 2404/2694/2404 4548/2692/4548
f 4548/2692/4548 2404/2694/2404 512/2695/512 2418/2696/2418
f 2072/2693/2072 4548/2692/4548 2418/2696/2418 327/2697/327
f 327/2697/327 2418/2696/2418 4549/2698/4549 2071/2699/2071
f 2418/2696/2418 512/2695/512 2405/2700/2405 4549/2698/4549
f 4549/2698/4549 2405/2700/2405 513/2701/513 2419/2702/2419
f 2071/2699/2071 4549/2698/4549 2419/2702/2419 326/2703/326
f 510/2675/510 2402/2674/2402 4550/2704/4550 2407/2705/2407
f 2402/2674/2402 509/2673/509 2406/2706/2406 4550/2704/4550
f 4550/2704/4550 2406/2706/2406 514/2707/514 2411/2708/2411
f 2407/2705/2407 4550/2704/4550 2411/2708/2411 515/2681/515
f 509/2341/509 2415/2709/2415 4551/2710/4551 2428/2342/2428
f 2415/2709/2415 330/2075/330 2075/2130/2075 4551/2710/4551
f 4551/2710/4551 2075/2130/2075 314/2132/314 2110/2535/2110
f 2428/2342/2428 4551/2710/4551 2110/2535/2110 351/2343/351
f 511/2711/511 2403/2712/2403 4552/2713/4552 2408/2714/2408
f 2403/2712/2403 510/2675/510 2407/2705/2407 4552/2713/4552
f 4552/2713/4552 2407/2705/2407 515/2681/515 2412/2715/2412
f 2408/2714/2408 4552/2713/4552 2412/2715/2412 516/2716/516
f 512/2717/512 2404/2718/2404 4553/2719/4553 2409/2720/2409
f 2404/2718/2404 511/2711/511 2408/2714/2408 4553/2719/4553
f 4553/2719/4553 2408/2714/2408 516/2716/516 2413/2721/2413
f 2409/2720/2409 4553/2719/4553 2413/2721/2413 517/2722/517
f 513/2723/513 2405/2700/2405 4554/2724/4554 2410/2725/2410
f 2405/2700/2405 512/2717/512 2409/2720/2409 4554/2724/4554
f 4554/2724/4554 2409/2720/2409 517/2722/517 2414/2726/2414
f 2410/2725/2410 4554/2724/4554 2414/2726/2414 518/2654/518
f 620/2124/620 2070/2727/2070 4555/2728/4555 2008/2729/2008
f 2070/2727/2070 326/2019/326 2419/2702/2419 4555/2728/4555
f 4555/2728/4555 2419/2702/2419 513/2723/513 2420/2730/2420
f 2008/2729/2008 4555/2728/4555 2420/2730/2420 358/2731/358
f 358/2731/358 2420/2730/2420 4556/2732/4556 2009/2733/2009
f 2420/2730/2420 513/2723/513 2410/2725/2410 4556/2732/4556
f 4556/2732/4556 2410/2725/2410 518/2654/518 2421/2652/2421
f 2009/2733/2009 4556/2732/4556 2421/2652/2421 359/786/359
f 475/2358/475 2422/2734/2422 4557/2735/4557 2324/2736/2324
f 2422/2734/2422 518/2654/518 2414/2737/2414 4557/2735/4557
f 4557/2735/4557 2414/2737/2414 517/2738/517 2423/2739/2423
f 2324/2736/2324 4557/2735/4557 2423/2739/2423 474/2352/474
f 474/2352/474 2423/2739/2423 4558/2740/4558 2323/2741/2323
f 2423/2739/2423 517/2738/517 2413/2742/2413 4558/2740/4558
f 4558/2740/4558 2413/2742/2413 516/2716/516 2424/2743/2424
f 2323/2741/2323 4558/2740/4558 2424/2743/2424 473/2744/473
f 473/2744/473 2424/2743/2424 4559/2745/4559 2322/2746/2322
f 2424/2743/2424 516/2716/516 2412/2715/2412 4559/2745/4559
f 4559/2745/4559 2412/2715/2412 515/2681/515 2425/2747/2425
f 2322/2746/2322 4559/2745/4559 2425/2747/2425 472/2748/472
f 471/2149/471 2426/2749/2426 4560/2750/4560 2337/2150/2337
f 2426/2749/2426 514/2337/514 2427/2340/2427 4560/2750/4560
f 4560/2750/4560 2427/2340/2427 350/2345/350 2121/2751/2121
f 2337/2150/2337 4560/2750/4560 2121/2751/2121 357/2151/357
f 387/2752/387 2152/2753/2152 4561/2754/4561 2483/2755/2483
f 2152/2753/2152 388/2756/388 2482/2757/2482 4561/2754/4561
f 4561/2754/4561 2482/2757/2482 530/2758/530 2450/2759/2450
f 2483/2755/2483 4561/2754/4561 2450/2759/2450 525/2760/525
f 466/2761/466 2311/2762/2311 4562/2763/4562 2442/2764/2442
f 2311/2762/2311 467/2765/467 2441/2766/2441 4562/2763/4562
f 4562/2763/4562 2441/2766/2441 524/2767/524 2435/2768/2435
f 2442/2764/2442 4562/2763/4562 2435/2768/2435 523/2769/523
f 324/2770/324 2068/2771/2068 4563/2772/4563 2437/2773/2437
f 2068/2771/2068 325/1893/325 2436/2774/2436 4563/2772/4563
f 4563/2772/4563 2436/2774/2436 519/2775/519 2429/2776/2429
f 2437/2773/2437 4563/2772/4563 2429/2776/2429 520/2777/520
f 323/2778/323 2067/2779/2067 4564/2780/4564 2438/2781/2438
f 2067/2779/2067 324/2770/324 2437/2773/2437 4564/2780/4564
f 4564/2780/4564 2437/2773/2437 520/2777/520 2430/2782/2430
f 2438/2781/2438 4564/2780/4564 2430/2782/2430 521/2783/521
f 312/1887/312 2066/2784/2066 4565/2785/4565 2118/2786/2118
f 2066/2784/2066 323/2778/323 2438/2781/2438 4565/2785/4565
f 4565/2785/4565 2438/2781/2438 521/2783/521 2439/2787/2439
f 2118/2786/2118 4565/2785/4565 2439/2787/2439 354/2788/354
f 467/2765/467 2317/2789/2317 4566/2790/4566 2441/2766/2441
f 2317/2789/2317 348/2791/348 2107/2567/2107 4566/2790/4566
f 4566/2790/4566 2107/2567/2107 355/2792/355 2440/2793/2440
f 2441/2766/2441 4566/2790/4566 2440/2793/2440 524/2767/524
f 520/2777/520 2429/2776/2429 4567/2794/4567 2432/2795/2432
f 2429/2776/2429 519/2775/519 2431/2796/2431 4567/2794/4567
f 4567/2794/4567 2431/2796/2431 522/2797/522 2434/2798/2434
f 2432/2795/2432 4567/2794/4567 2434/2798/2434 523/2799/523
f 521/2783/521 2430/2782/2430 4568/2800/4568 2433/2801/2433
f 2430/2782/2430 520/2777/520 2432/2795/2432 4568/2800/4568
f 4568/2800/4568 2432/2795/2432 523/2799/523 2435/2802/2435
f 2433/2801/2433 4568/2800/4568 2435/2802/2435 524/2803/524
f 354/2788/354 2439/2787/2439 4569/2804/4569 2119/2487/2119
f 2439/2787/2439 521/2783/521 2433/2801/2433 4569/2804/4569
f 4569/2804/4569 2433/2801/2433 524/2803/524 2440/2805/2440
f 2119/2487/2119 4569/2804/4569 2440/2805/2440 355/2806/355
f 519/2807/519 2436/2808/2436 4570/2809/4570 2445/2810/2445
f 2436/2808/2436 325/1893/325 2069/1896/2069 4570/2809/4570
f 4570/2809/4570 2069/1896/2069 313/1901/313 2106/2597/2106
f 2445/2810/2445 4570/2809/4570 2106/2597/2106 347/2596/347
f 345/2249/345 2216/2811/2216 4571/2812/4571 2103/2813/2103
f 2216/2811/2216 421/1906/421 2199/1903/2199 4571/2812/4571
f 4571/2812/4571 2199/1903/2199 422/1902/422 2217/2814/2217
f 2103/2813/2103 4571/2812/4571 2217/2814/2217 344/1941/344
f 465/2815/465 2310/2274/2310 4572/2816/4572 2443/2817/2443
f 2310/2274/2310 466/2761/466 2442/2764/2442 4572/2816/4572
f 4572/2816/4572 2442/2764/2442 523/2769/523 2434/2798/2434
f 2443/2817/2443 4572/2816/4572 2434/2798/2434 522/2818/522
f 465/2239/465 2443/2819/2443 4573/2820/4573 2320/2240/2320
f 2443/2819/2443 522/2568/522 2444/2571/2444 4573/2820/4573
f 4573/2820/4573 2444/2571/2444 346/2576/346 2117/2821/2117
f 2320/2240/2320 4573/2820/4573 2117/2821/2117 353/2241/353
f 393/2822/393 2159/2823/2159 4574/2824/4574 2469/2825/2469
f 2159/2823/2159 394/2826/394 2468/2827/2468 4574/2824/4574
f 4574/2824/4574 2468/2827/2468 525/2828/525 2446/2829/2446
f 2469/2825/2469 4574/2824/4574 2446/2829/2446 526/2830/526
f 644/2831/644 2735/2832/2735 4575/2833/4575 2720/2834/2720
f 2735/2832/2735 645/2835/645 2721/2836/2721 4575/2833/4575
f 4575/2833/4575 2721/2836/2721 364/2837/364 2129/2838/2129
f 2720/2834/2720 4575/2833/4575 2129/2838/2129 363/2839/363
f 393/2840/393 2469/2841/2469 4576/2842/4576 2158/2843/2158
f 2469/2841/2469 526/2844/526 2447/2845/2447 4576/2842/4576
f 4576/2842/4576 2447/2845/2447 527/2846/527 2470/2847/2470
f 2158/2843/2158 4576/2842/4576 2470/2847/2470 392/2848/392
f 392/2848/392 2470/2847/2470 4577/2849/4577 2157/2850/2157
f 2470/2847/2470 527/2846/527 2448/2851/2448 4577/2849/4577
f 4577/2849/4577 2448/2851/2448 528/2852/528 2471/2853/2471
f 2157/2850/2157 4577/2849/4577 2471/2853/2471 391/2854/391
f 391/2854/391 2471/2853/2471 4578/2855/4578 2156/2856/2156
f 2471/2853/2471 528/2852/528 2449/2857/2449 4578/2855/4578
f 4578/2855/4578 2449/2857/2449 529/2858/529 2472/2859/2472
f 2156/2856/2156 4578/2855/4578 2472/2859/2472 390/2375/390
f 526/2830/526 2446/2829/2446 4579/2860/4579 2451/2861/2451
f 2446/2829/2446 525/2828/525 2450/2862/2450 4579/2860/4579
f 4579/2860/4579 2450/2862/2450 530/2863/530 2455/2864/2455
f 2451/2861/2451 4579/2860/4579 2455/2864/2455 531/2865/531
f 388/2756/388 2153/2866/2153 4580/2867/4580 2482/2757/2482
f 2153/2866/2153 389/2868/389 2481/2869/2481 4580/2867/4580
f 4580/2867/4580 2481/2869/2481 535/2870/535 2459/2871/2459
f 2482/2757/2482 4580/2867/4580 2459/2871/2459 530/2758/530
f 527/2846/527 2447/2872/2447 4581/2873/4581 2452/2874/2452
f 2447/2872/2447 526/2830/526 2451/2861/2451 4581/2873/4581
f 4581/2873/4581 2451/2861/2451 531/2865/531 2456/2875/2456
f 2452/2874/2452 4581/2873/4581 2456/2875/2456 532/2876/532
f 528/2852/528 2448/2877/2448 4582/2878/4582 2453/2879/2453
f 2448/2877/2448 527/2846/527 2452/2874/2452 4582/2878/4582
f 4582/2878/4582 2452/2874/2452 532/2876/532 2457/2880/2457
f 2453/2879/2453 4582/2878/4582 2457/2880/2457 533/2881/533
f 529/2882/529 2449/2883/2449 4583/2884/4583 2454/2885/2454
f 2449/2883/2449 528/2852/528 2453/2879/2453 4583/2884/4583
f 4583/2884/4583 2453/2879/2453 533/2881/533 2458/2886/2458
f 2454/2885/2454 4583/2884/4583 2458/2886/2458 534/2887/534
f 531/2865/531 2455/2864/2455 4584/2888/4584 2460/2889/2460
f 2455/2864/2455 530/2863/530 2459/2890/2459 4584/2888/4584
f 4584/2888/4584 2459/2890/2459 535/2891/535 2464/2892/2464
f 2460/2889/2460 4584/2888/4584 2464/2892/2464 536/2893/536
f 525/2894/525 2468/2895/2468 4585/2896/4585 2483/2897/2483
f 2468/2895/2468 394/2898/394 2160/2899/2160 4585/2896/4585
f 4585/2896/4585 2160/2899/2160 319/2900/319 2151/2901/2151
f 2483/2897/2483 4585/2896/4585 2151/2901/2151 387/2902/387
f 532/2876/532 2456/2875/2456 4586/2903/4586 2461/2904/2461
f 2456/2875/2456 531/2865/531 2460/2889/2460 4586/2903/4586
f 4586/2903/4586 2460/2889/2460 536/2893/536 2465/2905/2465
f 2461/2904/2461 4586/2903/4586 2465/2905/2465 537/2906/537
f 533/2881/533 2457/2880/2457 4587/2907/4587 2462/2908/2462
f 2457/2880/2457 532/2876/532 2461/2904/2461 4587/2907/4587
f 4587/2907/4587 2461/2904/2461 537/2906/537 2466/2909/2466
f 2462/2908/2462 4587/2907/4587 2466/2909/2466 538/2910/538
f 534/2887/534 2458/2886/2458 4588/2911/4588 2463/2912/2463
f 2458/2886/2458 533/2881/533 2462/2908/2462 4588/2911/4588
f 4588/2911/4588 2462/2908/2462 538/2910/538 2467/2913/2467
f 2463/2912/2463 4588/2911/4588 2467/2913/2467 539/2914/539
f 383/2915/383 2515/2916/2515 4589/2917/4589 2145/2918/2145
f 2515/2916/2515 540/2919/540 2484/2920/2484 4589/2917/4589
f 4589/2917/4589 2484/2920/2484 541/2921/541 2516/2922/2516
f 2145/2918/2145 4589/2917/4589 2516/2922/2516 382/2923/382
f 631/2924/631 2154/2925/2154 4590/2926/4590 2734/2927/2734
f 2154/2925/2154 318/2928/318 2130/2929/2130 4590/2926/4590
f 4590/2926/4590 2130/2929/2130 364/2930/364 2721/2931/2721
f 2734/2927/2734 4590/2926/4590 2721/2931/2721 645/2932/645
f 643/2933/643 2733/2934/2733 4591/2935/4591 2719/2936/2719
f 2733/2934/2733 644/2831/644 2720/2834/2720 4591/2935/4591
f 4591/2935/4591 2720/2834/2720 363/2839/363 2128/2937/2128
f 2719/2936/2719 4591/2935/4591 2128/2937/2128 362/2938/362
f 642/2939/642 2732/2940/2732 4592/2941/4592 2718/2942/2718
f 2732/2940/2732 643/2933/643 2719/2936/2719 4592/2941/4592
f 4592/2941/4592 2719/2936/2719 362/2938/362 2127/2943/2127
f 2718/2942/2718 4592/2941/4592 2127/2943/2127 361/2944/361
f 641/2945/641 2731/2946/2731 4593/2947/4593 2717/2948/2717
f 2731/2946/2731 642/2939/642 2718/2942/2718 4593/2947/4593
f 4593/2947/4593 2718/2942/2718 361/2944/361 2126/2949/2126
f 2717/2948/2717 4593/2947/4593 2126/2949/2126 360/2950/360
f 316/506/316 2155/2951/2155 4594/2952/4594 2010/1090/2010
f 2155/2951/2155 390/2953/390 2472/2859/2472 4594/2952/4594
f 4594/2952/4594 2472/2859/2472 529/2882/529 2473/2954/2473
f 2010/1090/2010 4594/2952/4594 2473/2954/2473 370/2955/370
f 363/2839/363 2129/2838/2129 4595/2956/4595 2556/2957/2556
f 2129/2838/2129 364/2837/364 2555/2958/2555 4595/2956/4595
f 4595/2956/4595 2555/2958/2555 560/2959/560 2533/2960/2533
f 2556/2957/2556 4595/2956/4595 2533/2960/2533 561/2961/561
f 370/2955/370 2473/2954/2473 4596/2962/4596 2011/2963/2011
f 2473/2954/2473 529/2882/529 2454/2885/2454 4596/2962/4596
f 4596/2962/4596 2454/2885/2454 534/2887/534 2474/2964/2474
f 2011/2963/2011 4596/2962/4596 2474/2964/2474 371/2965/371
f 371/2965/371 2474/2964/2474 4597/2966/4597 2012/2967/2012
f 2474/2964/2474 534/2887/534 2463/2912/2463 4597/2966/4597
f 4597/2966/4597 2463/2912/2463 539/2914/539 2475/2968/2475
f 2012/2967/2012 4597/2966/4597 2475/2968/2475 372/2969/372
f 649/2970/649 2730/2971/2730 4598/2972/4598 2013/2973/2013
f 2730/2971/2730 641/2945/641 2717/2948/2717 4598/2972/4598
f 4598/2972/4598 2717/2948/2717 360/2950/360 2125/2974/2125
f 2013/2973/2013 4598/2972/4598 2125/2974/2125 627/1113/627
f 380/2975/380 2143/2976/2143 4599/2977/4599 2518/2978/2518
f 2143/2976/2143 381/2979/381 2517/2980/2517 4599/2977/4599
f 4599/2977/4599 2517/2980/2517 542/2629/542 2486/2981/2486
f 2518/2978/2518 4599/2977/4599 2486/2981/2486 543/2982/543
f 317/2983/317 2142/2984/2142 4600/2985/4600 2131/2986/2131
f 2142/2984/2142 380/2975/380 2518/2978/2518 4600/2985/4600
f 4600/2985/4600 2518/2978/2518 543/2982/543 2519/2987/2519
f 2131/2986/2131 4600/2985/4600 2519/2987/2519 365/2988/365
f 559/2989/559 2524/2990/2524 4601/2991/4601 2523/2992/2523
f 2524/2990/2524 373/2993/373 2015/2994/2015 4601/2991/4601
f 4601/2991/4601 2015/2994/2015 315/1135/315 2136/2995/2136
f 2523/2992/2523 4601/2991/4601 2136/2995/2136 369/2996/369
f 541/2633/541 2484/2997/2484 4602/2998/4602 2488/2634/2488
f 2484/2997/2484 540/2919/540 2487/2999/2487 4602/2998/4602
f 4602/2998/4602 2487/2999/2487 544/3000/544 2491/3001/2491
f 2488/2634/2488 4602/2998/4602 2491/3001/2491 545/2635/545
f 543/2982/543 2486/2981/2486 4603/3002/4603 2490/3003/2490
f 2486/2981/2486 542/2629/542 2489/2632/2489 4603/3002/4603
f 4603/3002/4603 2489/2632/2489 546/2637/546 2493/3004/2493
f 2490/3003/2490 4603/3002/4603 2493/3004/2493 547/3005/547
f 365/2988/365 2519/2987/2519 4604/3006/4604 2132/3007/2132
f 2519/2987/2519 543/2982/543 2490/3003/2490 4604/3006/4604
f 4604/3006/4604 2490/3003/2490 547/3005/547 2520/3008/2520
f 2132/3007/2132 4604/3006/4604 2520/3008/2520 366/3009/366
f 545/3010/545 2495/3011/2495 4605/3012/4605 2492/3013/2492
f 2495/3011/2495 549/3014/549 2499/3015/2499 4605/3012/4605
f 4605/3012/4605 2499/3015/2499 550/3016/550 2496/3017/2496
f 2492/3013/2492 4605/3012/4605 2496/3017/2496 546/3018/546
f 544/3019/544 2494/3020/2494 4606/3021/4606 2491/3001/2491
f 2494/3020/2494 548/3022/548 2498/3023/2498 4606/3021/4606
f 4606/3021/4606 2498/3023/2498 549/3014/549 2495/3011/2495
f 2491/3001/2491 4606/3021/4606 2495/3011/2495 545/3010/545
f 546/3018/546 2496/3017/2496 4607/3024/4607 2493/3025/2493
f 2496/3017/2496 550/3016/550 2500/3026/2500 4607/3024/4607
f 4607/3024/4607 2500/3026/2500 551/3027/551 2497/3028/2497
f 2493/3025/2493 4607/3024/4607 2497/3028/2497 547/3005/547
f 547/3005/547 2497/3028/2497 4608/3029/4608 2520/3030/2520
f 2497/3028/2497 551/3027/551 2521/3031/2521 4608/3029/4608
f 4608/3029/4608 2521/3031/2521 367/3032/367 2133/3033/2133
f 2520/3030/2520 4608/3029/4608 2133/3033/2133 366/3034/366
f 549/3014/549 2502/3035/2502 4609/3036/4609 2499/3015/2499
f 2502/3035/2502 553/3037/553 2506/3038/2506 4609/3036/4609
f 4609/3036/4609 2506/3038/2506 554/3039/554 2503/3040/2503
f 2499/3015/2499 4609/3036/4609 2503/3040/2503 550/3016/550
f 548/3022/548 2501/3041/2501 4610/3042/4610 2498/3023/2498
f 2501/3041/2501 552/3043/552 2505/3044/2505 4610/3042/4610
f 4610/3042/4610 2505/3044/2505 553/3037/553 2502/3035/2502
f 2498/3023/2498 4610/3042/4610 2502/3035/2502 549/3014/549
f 550/3016/550 2503/3040/2503 4611/3045/4611 2500/3026/2500
f 2503/3040/2503 554/3039/554 2507/3046/2507 4611/3045/4611
f 4611/3045/4611 2507/3046/2507 555/3047/555 2504/3048/2504
f 2500/3026/2500 4611/3045/4611 2504/3048/2504 551/3027/551
f 551/3027/551 2504/3048/2504 4612/3049/4612 2521/3031/2521
f 2504/3048/2504 555/3047/555 2522/3050/2522 4612/3049/4612
f 4612/3049/4612 2522/3050/2522 368/3051/368 2134/3052/2134
f 2521/3031/2521 4612/3049/4612 2134/3052/2134 367/3032/367
f 553/3037/553 2509/3053/2509 4613/3054/4613 2506/3038/2506
f 2509/3053/2509 557/3055/557 2513/3056/2513 4613/3054/4613
f 4613/3054/4613 2513/3056/2513 558/3057/558 2510/3058/2510
f 2506/3038/2506 4613/3054/4613 2510/3058/2510 554/3039/554
f 552/3043/552 2508/3059/2508 4614/3060/4614 2505/3044/2505
f 2508/3059/2508 556/3061/556 2512/3062/2512 4614/3060/4614
f 4614/3060/4614 2512/3062/2512 557/3055/557 2509/3053/2509
f 2505/3044/2505 4614/3060/4614 2509/3053/2509 553/3037/553
f 554/3039/554 2510/3058/2510 4615/3063/4615 2507/3046/2507
f 2510/3058/2510 558/3057/558 2514/3064/2514 4615/3063/4615
f 4615/3063/4615 2514/3064/2514 559/2989/559 2511/3065/2511
f 2507/3046/2507 4615/3063/4615 2511/3065/2511 555/3047/555
f 555/3047/555 2511/3065/2511 4616/3066/4616 2522/3050/2522
f 2511/3065/2511 559/2989/559 2523/2992/2523 4616/3066/4616
f 4616/3066/4616 2523/2992/2523 369/2996/369 2135/3067/2135
f 2522/3050/2522 4616/3066/4616 2135/3067/2135 368/3051/368
f 381/2979/381 2144/3068/2144 4617/3069/4617 2517/2980/2517
f 2144/3068/2144 382/3070/382 2516/2922/2516 4617/3069/4617
f 4617/3069/4617 2516/2922/2516 541/2633/541 2485/2630/2485
f 2517/2980/2517 4617/3069/4617 2485/2630/2485 542/2629/542
f 384/3071/384 2148/3072/2148 4618/3073/4618 2570/3074/2570
f 2148/3072/2148 385/3075/385 2569/3076/2569 4618/3073/4618
f 4618/3073/4618 2569/3076/2569 565/3077/565 2537/3078/2537
f 2570/3074/2570 4618/3073/4618 2537/3078/2537 560/3079/560
f 1057/3080/1057 2123/3081/2123 4619/3082/4619 2532/3083/2532
f 2123/3081/2123 1058/3084/1058 2531/3085/2531 4619/3082/4619
f 4619/3082/4619 2531/3085/2531 544/3019/544 2487/2999/2487
f 2532/3083/2532 4619/3082/4619 2487/2999/2487 540/2919/540
f 558/3057/558 2525/3086/2525 4620/3087/4620 2514/3064/2514
f 2525/3086/2525 374/3088/374 2016/1232/2016 4620/3087/4620
f 4620/3087/4620 2016/1232/2016 373/2993/373 2524/2990/2524
f 2514/3064/2514 4620/3087/4620 2524/2990/2524 559/2989/559
f 557/3055/557 2526/3089/2526 4621/3090/4621 2513/3056/2513
f 2526/3089/2526 375/1237/375 2017/3091/2017 4621/3090/4621
f 4621/3090/4621 2017/3091/2017 374/3088/374 2525/3086/2525
f 2513/3056/2513 4621/3090/4621 2525/3086/2525 558/3057/558
f 418/3092/418 2195/3093/2195 4622/3094/4622 2571/3095/2571
f 2195/3093/2195 320/3096/320 2198/3097/2198 4622/3094/4622
f 4622/3094/4622 2198/3097/2198 420/3098/420 2592/3099/2592
f 2571/3095/2571 4622/3094/4622 2592/3099/2592 575/3100/575
f 556/3061/556 2527/3101/2527 4623/3102/4623 2512/3062/2512
f 2527/3101/2527 376/3103/376 2018/3104/2018 4623/3102/4623
f 4623/3102/4623 2018/3104/2018 375/1237/375 2526/3089/2526
f 2512/3062/2512 4623/3102/4623 2526/3089/2526 557/3055/557
f 1061/3105/1061 2111/3106/2111 4624/3107/4624 2528/3108/2528
f 2111/3106/2111 996/3109/996 2014/3110/2014 4624/3107/4624
f 4624/3107/4624 2014/3110/2014 376/3103/376 2527/3101/2527
f 2528/3108/2528 4624/3107/4624 2527/3101/2527 556/3061/556
f 1060/3111/1060 2112/3112/2112 4625/3113/4625 2529/3114/2529
f 2112/3112/2112 1061/3105/1061 2528/3108/2528 4625/3113/4625
f 4625/3113/4625 2528/3108/2528 556/3061/556 2508/3059/2508
f 2529/3114/2529 4625/3113/4625 2508/3059/2508 552/3043/552
f 1059/3115/1059 2113/3116/2113 4626/3117/4626 2530/3118/2530
f 2113/3116/2113 1060/3111/1060 2529/3114/2529 4626/3117/4626
f 4626/3117/4626 2529/3114/2529 552/3043/552 2501/3041/2501
f 2530/3118/2530 4626/3117/4626 2501/3041/2501 548/3022/548
f 1058/3084/1058 2122/3119/2122 4627/3120/4627 2531/3085/2531
f 2122/3119/2122 1059/3115/1059 2530/3118/2530 4627/3120/4627
f 4627/3120/4627 2530/3118/2530 548/3022/548 2494/3020/2494
f 2531/3085/2531 4627/3120/4627 2494/3020/2494 544/3019/544
f 540/3121/540 2515/2916/2515 4628/3122/4628 2532/3123/2532
f 2515/2916/2515 383/3124/383 2146/3125/2146 4628/3122/4628
f 4628/3122/4628 2146/3125/2146 998/3126/998 2124/3127/2124
f 2532/3123/2532 4628/3122/4628 2124/3127/2124 1057/3128/1057
f 571/3129/571 2551/3130/2551 4629/3131/4629 2566/3132/2566
f 2551/3130/2551 570/3133/570 2567/3134/2567 4629/3131/4629
f 4629/3131/4629 2567/3134/2567 365/2988/365 2132/3135/2132
f 2566/3132/2566 4629/3131/4629 2132/3135/2132 366/3136/366
f 363/3137/363 2556/3138/2556 4630/3139/4630 2128/3140/2128
f 2556/3138/2556 561/3141/561 2534/3142/2534 4630/3139/4630
f 4630/3139/4630 2534/3142/2534 562/3143/562 2557/3144/2557
f 2128/3140/2128 4630/3139/4630 2557/3144/2557 362/3145/362
f 362/3145/362 2557/3144/2557 4631/3146/4631 2127/3147/2127
f 2557/3144/2557 562/3143/562 2535/3148/2535 4631/3146/4631
f 4631/3146/4631 2535/3148/2535 563/3149/563 2558/3150/2558
f 2127/3147/2127 4631/3146/4631 2558/3150/2558 361/2944/361
f 361/2944/361 2558/3150/2558 4632/3151/4632 2126/2949/2126
f 2558/3150/2558 563/3149/563 2536/3152/2536 4632/3151/4632
f 4632/3151/4632 2536/3152/2536 564/3153/564 2559/3154/2559
f 2126/2949/2126 4632/3151/4632 2559/3154/2559 360/3155/360
f 561/2961/561 2533/2960/2533 4633/3156/4633 2538/3157/2538
f 2533/2960/2533 560/2959/560 2537/3078/2537 4633/3156/4633
f 4633/3156/4633 2537/3078/2537 565/3158/565 2542/3159/2542
f 2538/3157/2538 4633/3156/4633 2542/3159/2542 566/3160/566
f 385/3075/385 2149/3161/2149 4634/3162/4634 2569/3076/2569
f 2149/3161/2149 386/3163/386 2568/3164/2568 4634/3162/4634
f 4634/3162/4634 2568/3164/2568 570/3133/570 2546/3165/2546
f 2569/3076/2569 4634/3162/4634 2546/3165/2546 565/3077/565
f 562/3166/562 2534/3167/2534 4635/3168/4635 2539/3169/2539
f 2534/3167/2534 561/2961/561 2538/3157/2538 4635/3168/4635
f 4635/3168/4635 2538/3157/2538 566/3160/566 2543/3170/2543
f 2539/3169/2539 4635/3168/4635 2543/3170/2543 567/3171/567
f 563/3149/563 2535/3148/2535 4636/3172/4636 2540/3173/2540
f 2535/3148/2535 562/3166/562 2539/3169/2539 4636/3172/4636
f 4636/3172/4636 2539/3169/2539 567/3171/567 2544/3174/2544
f 2540/3173/2540 4636/3172/4636 2544/3174/2544 568/3175/568
f 564/3176/564 2536/3177/2536 4637/3178/4637 2541/3179/2541
f 2536/3177/2536 563/3149/563 2540/3173/2540 4637/3178/4637
f 4637/3178/4637 2540/3173/2540 568/3175/568 2545/3180/2545
f 2541/3179/2541 4637/3178/4637 2545/3180/2545 569/3181/569
f 566/3160/566 2542/3159/2542 4638/3182/4638 2547/3183/2547
f 2542/3159/2542 565/3158/565 2546/3184/2546 4638/3182/4638
f 4638/3182/4638 2546/3184/2546 570/3133/570 2551/3130/2551
f 2547/3183/2547 4638/3182/4638 2551/3130/2551 571/3129/571
f 560/3185/560 2555/3186/2555 4639/3187/4639 2570/3188/2570
f 2555/3186/2555 364/3189/364 2130/3190/2130 4639/3187/4639
f 4639/3187/4639 2130/3190/2130 318/3191/318 2147/3192/2147
f 2570/3188/2570 4639/3187/4639 2147/3192/2147 384/3193/384
f 567/3171/567 2543/3170/2543 4640/3194/4640 2548/3195/2548
f 2543/3170/2543 566/3160/566 2547/3183/2547 4640/3194/4640
f 4640/3194/4640 2547/3183/2547 571/3129/571 2552/3196/2552
f 2548/3195/2548 4640/3194/4640 2552/3196/2552 572/3197/572
f 568/3175/568 2544/3174/2544 4641/3198/4641 2549/3199/2549
f 2544/3174/2544 567/3171/567 2548/3195/2548 4641/3198/4641
f 4641/3198/4641 2548/3195/2548 572/3197/572 2553/3200/2553
f 2549/3199/2549 4641/3198/4641 2553/3200/2553 573/3201/573
f 569/3181/569 2545/3180/2545 4642/3202/4642 2550/3203/2550
f 2545/3180/2545 568/3175/568 2549/3199/2549 4642/3202/4642
f 4642/3202/4642 2549/3199/2549 573/3201/573 2554/3204/2554
f 2550/3203/2550 4642/3202/4642 2554/3204/2554 574/3205/574
f 404/3206/404 2178/3207/2178 4643/3208/4643 2631/3209/2631
f 2178/3207/2178 405/3210/405 2630/3211/2630 4643/3208/4643
f 4643/3208/4643 2630/3211/2630 598/3212/598 2635/3213/2635
f 2631/3209/2631 4643/3208/4643 2635/3213/2635 599/3214/599
f 386/3163/386 2150/3215/2150 4644/3216/4644 2568/3164/2568
f 2150/3215/2150 317/2983/317 2131/2986/2131 4644/3216/4644
f 4644/3216/4644 2131/2986/2131 365/2988/365 2567/3134/2567
f 2568/3164/2568 4644/3216/4644 2567/3134/2567 570/3133/570
f 572/3197/572 2552/3196/2552 4645/3217/4645 2565/3218/2565
f 2552/3196/2552 571/3129/571 2566/3132/2566 4645/3217/4645
f 4645/3217/4645 2566/3132/2566 366/3136/366 2133/3219/2133
f 2565/3218/2565 4645/3217/4645 2133/3219/2133 367/3220/367
f 573/3201/573 2553/3200/2553 4646/3221/4646 2564/3222/2564
f 2553/3200/2553 572/3197/572 2565/3218/2565 4646/3221/4646
f 4646/3221/4646 2565/3218/2565 367/3220/367 2134/3223/2134
f 2564/3222/2564 4646/3221/4646 2134/3223/2134 368/3224/368
f 574/3205/574 2554/3204/2554 4647/3225/4647 2563/3226/2563
f 2554/3204/2554 573/3201/573 2564/3222/2564 4647/3225/4647
f 4647/3225/4647 2564/3222/2564 368/3224/368 2135/3227/2135
f 2563/3226/2563 4647/3225/4647 2135/3227/2135 369/3228/369
f 627/1113/627 2125/2974/2125 4648/3229/4648 2019/3230/2019
f 2125/2974/2125 360/2950/360 2559/3231/2559 4648/3229/4648
f 4648/3229/4648 2559/3231/2559 564/3176/564 2560/3232/2560
f 2019/3230/2019 4648/3229/4648 2560/3232/2560 377/3233/377
f 396/3234/396 2609/3235/2609 4649/3236/4649 2163/3237/2163
f 2609/3235/2609 583/3238/583 2593/3239/2593 4649/3236/4649
f 4649/3236/4649 2593/3239/2593 414/3240/414 2190/3241/2190
f 2163/3237/2163 4649/3236/4649 2190/3241/2190 321/3242/321
f 377/3233/377 2560/3232/2560 4650/3243/4650 2020/1390/2020
f 2560/3232/2560 564/3176/564 2541/3179/2541 4650/3243/4650
f 4650/3243/4650 2541/3179/2541 569/3181/569 2561/3244/2561
f 2020/1390/2020 4650/3243/4650 2561/3244/2561 378/3245/378
f 378/3245/378 2561/3244/2561 4651/3246/4651 2021/3247/2021
f 2561/3244/2561 569/3181/569 2550/3203/2550 4651/3246/4651
f 4651/3246/4651 2550/3203/2550 574/3205/574 2562/3248/2562
f 2021/3247/2021 4651/3246/4651 2562/3248/2562 379/3249/379
f 315/1135/315 2022/3250/2022 4652/3251/4652 2136/3252/2136
f 2022/3250/2022 379/3253/379 2562/3248/2562 4652/3251/4652
f 4652/3251/4652 2562/3248/2562 574/3205/574 2563/3254/2563
f 2136/3252/2136 4652/3251/4652 2563/3254/2563 369/3255/369
f 416/3256/416 2193/3257/2193 4653/3258/4653 2573/3259/2573
f 2193/3257/2193 417/3260/417 2572/3261/2572 4653/3258/4653
f 4653/3258/4653 2572/3261/2572 576/3262/576 2576/3263/2576
f 2573/3259/2573 4653/3258/4653 2576/3263/2576 577/3264/577
f 575/3100/575 2592/3099/2592 4654/3265/4654 2578/3266/2578
f 2592/3099/2592 420/3098/420 2197/3267/2197 4654/3265/4654
f 4654/3265/4654 2197/3267/2197 419/3268/419 2591/3269/2591
f 2578/3266/2578 4654/3265/4654 2591/3269/2591 579/3270/579
f 415/3271/415 2192/3272/2192 4655/3273/4655 2574/3274/2574
f 2192/3272/2192 416/3256/416 2573/3259/2573 4655/3273/4655
f 4655/3273/4655 2573/3259/2573 577/3264/577 2577/3275/2577
f 2574/3274/2574 4655/3273/4655 2577/3275/2577 578/3276/578
f 1323/3277/1323 2191/3278/2191 4656/3279/4656 2703/3280/2703
f 2191/3278/2191 415/3271/415 2574/3274/2574 4656/3279/4656
f 4656/3279/4656 2574/3274/2574 578/3276/578 2585/3281/2585
f 2703/3280/2703 4656/3279/4656 2585/3281/2585 1097/3282/1097
f 575/3100/575 2575/3283/2575 4657/3284/4657 2571/3095/2571
f 2575/3283/2575 576/3285/576 2572/3286/2572 4657/3284/4657
f 4657/3284/4657 2572/3286/2572 417/3287/417 2194/3288/2194
f 2571/3095/2571 4657/3284/4657 2194/3288/2194 418/3289/418
f 577/3264/577 2576/3263/2576 4658/3290/4658 2580/3291/2580
f 2576/3263/2576 576/3262/576 2579/3292/2579 4658/3290/4658
f 4658/3290/4658 2579/3292/2579 580/3293/580 2583/3294/2583
f 2580/3291/2580 4658/3290/4658 2583/3294/2583 581/3295/581
f 580/2443/580 2589/2442/2589 4659/3296/4659 2583/3297/2583
f 2589/2442/2589 487/2228/487 2346/3298/2346 4659/3296/4659
f 4659/3296/4659 2346/3298/2346 486/2226/486 2588/2431/2588
f 2583/3297/2583 4659/3296/4659 2588/2431/2588 581/2430/581
f 578/3276/578 2577/3275/2577 4660/3299/4660 2581/3300/2581
f 2577/3275/2577 577/3264/577 2580/3291/2580 4660/3299/4660
f 4660/3299/4660 2580/3291/2580 581/3295/581 2584/3301/2584
f 2581/3300/2581 4660/3299/4660 2584/3301/2584 582/3302/582
f 1097/3282/1097 2585/3281/2585 4661/3303/4661 2704/3304/2704
f 2585/3281/2585 578/3276/578 2581/3300/2581 4661/3303/4661
f 4661/3303/4661 2581/3300/2581 582/3302/582 2586/3305/2586
f 2704/3304/2704 4661/3303/4661 2586/3305/2586 1096/3306/1096
f 412/3307/412 2188/3308/2188 4662/3309/4662 2595/3310/2595
f 2188/3308/2188 413/3311/413 2594/3312/2594 4662/3309/4662
f 4662/3309/4662 2594/3312/2594 584/3313/584 2597/3314/2597
f 2595/3310/2595 4662/3309/4662 2597/3314/2597 585/3315/585
f 576/3262/576 2575/3283/2575 4663/3316/4663 2579/3292/2579
f 2575/3283/2575 575/3100/575 2578/3266/2578 4663/3316/4663
f 4663/3316/4663 2578/3266/2578 579/3270/579 2582/3317/2582
f 2579/3292/2579 4663/3316/4663 2582/3317/2582 580/3293/580
f 584/3313/584 2596/3318/2596 4664/3319/4664 2599/3320/2599
f 2596/3318/2596 583/3321/583 2598/3322/2598 4664/3319/4664
f 4664/3319/4664 2598/3322/2598 586/3323/586 2601/3324/2601
f 2599/3320/2599 4664/3319/4664 2601/3324/2601 587/3325/587
f 413/3311/413 2189/3326/2189 4665/3327/4665 2594/3312/2594
f 2189/3326/2189 414/3240/414 2593/3328/2593 4665/3327/4665
f 4665/3327/4665 2593/3328/2593 583/3321/583 2596/3318/2596
f 2594/3312/2594 4665/3327/4665 2596/3318/2596 584/3313/584
f 420/3098/420 2198/3329/2198 4666/3330/4666 2603/3331/2603
f 2198/3329/2198 320/3332/320 2187/3333/2187 4666/3330/4666
f 4666/3330/4666 2187/3333/2187 412/3307/412 2595/3334/2595
f 2603/3331/2603 4666/3330/4666 2595/3334/2595 585/3335/585
f 396/3336/396 2162/3337/2162 4667/3338/4667 2609/3339/2609
f 2162/3337/2162 395/3340/395 2608/3341/2608 4667/3338/4667
f 4667/3338/4667 2608/3341/2608 586/3323/586 2598/3342/2598
f 2609/3339/2609 4667/3338/4667 2598/3342/2598 583/3321/583
f 585/3315/585 2597/3314/2597 4668/3343/4668 2600/3344/2600
f 2597/3314/2597 584/3313/584 2599/3320/2599 4668/3343/4668
f 4668/3343/4668 2599/3320/2599 587/3325/587 2602/3345/2602
f 2600/3344/2600 4668/3343/4668 2602/3345/2602 588/3346/588
f 585/3335/585 2600/3347/2600 4669/3348/4669 2603/3349/2603
f 2600/3347/2600 588/3346/588 2604/3350/2604 4669/3348/4669
f 4669/3348/4669 2604/3350/2604 419/3351/419 2197/3352/2197
f 2603/3349/2603 4669/3348/4669 2197/3352/2197 420/3353/420
f 588/2309/588 2605/2308/2605 4670/3354/4670 2604/3355/2604
f 2605/2308/2605 468/2235/468 2319/2238/2319 4670/3354/4670
f 4670/3354/4670 2319/2238/2319 352/2243/352 2196/2445/2196
f 2604/3355/2604 4670/3354/4670 2196/2445/2196 419/2444/419
f 409/3356/409 2184/3357/2184 4671/3358/4671 2612/3359/2612
f 2184/3357/2184 410/3360/410 2611/3361/2611 4671/3358/4671
f 4671/3358/4671 2611/3361/2611 590/3362/590 2614/3363/2614
f 2612/3359/2612 4671/3358/4671 2614/3363/2614 591/3364/591
f 590/3362/590 2613/3365/2613 4672/3366/4672 2616/3367/2616
f 2613/3365/2613 589/3368/589 2615/3369/2615 4672/3366/4672
f 4672/3366/4672 2615/3369/2615 592/3370/592 2618/3371/2618
f 2616/3367/2616 4672/3366/4672 2618/3371/2618 593/3372/593
f 410/3360/410 2185/3373/2185 4673/3374/4673 2611/3361/2611
f 2185/3373/2185 411/2327/411 2610/2326/2610 4673/3374/4673
f 4673/3374/4673 2610/2326/2610 589/3368/589 2613/3365/2613
f 2611/3361/2611 4673/3374/4673 2613/3365/2613 590/3362/590
f 646/3375/646 2729/3376/2729 4674/3377/4674 2620/3378/2620
f 2729/3376/2729 632/3379/632 2183/3380/2183 4674/3377/4674
f 4674/3377/4674 2183/3380/2183 409/3381/409 2612/3359/2612
f 2620/3378/2620 4674/3377/4674 2612/3359/2612 591/3382/591
f 403/2321/403 2175/3383/2175 4675/3384/4675 2626/3385/2626
f 2175/3383/2175 402/3386/402 2625/3387/2625 4675/3384/4675
f 4675/3384/4675 2625/3387/2625 592/3370/592 2615/3388/2615
f 2626/3385/2626 4675/3384/4675 2615/3388/2615 589/3389/589
f 591/3364/591 2614/3363/2614 4676/3390/4676 2617/3391/2617
f 2614/3363/2614 590/3362/590 2616/3367/2616 4676/3390/4676
f 4676/3390/4676 2616/3367/2616 593/3372/593 2619/3392/2619
f 2617/3391/2617 4676/3390/4676 2619/3392/2619 594/3393/594
f 646/3394/646 2728/3395/2728 4677/3396/4677 2722/3397/2722
f 2728/3395/2728 647/3398/647 2723/3399/2723 4677/3396/4677
f 4677/3396/4677 2723/3399/2723 395/3340/395 2162/3337/2162
f 2722/3397/2722 4677/3396/4677 2162/3337/2162 396/3336/396
f 647/3400/647 2727/3401/2727 4678/3402/4678 2723/3403/2723
f 2727/3401/2727 637/2294/637 2713/2297/2713 4678/3402/4678
f 4678/3402/4678 2713/2297/2713 349/2301/349 2161/2317/2161
f 2723/3403/2723 4678/3402/4678 2161/2317/2161 395/2316/395
f 406/3404/406 2180/3405/2180 4679/3406/4679 2629/3407/2629
f 2180/3405/2180 407/3408/407 2628/3409/2628 4679/3406/4679
f 4679/3406/4679 2628/3409/2628 596/3410/596 2633/3411/2633
f 2629/3407/2629 4679/3406/4679 2633/3411/2633 597/3412/597
f 596/3410/596 2632/3413/2632 4680/3414/4680 2637/3415/2637
f 2632/3413/2632 595/3416/595 2636/3417/2636 4680/3414/4680
f 4680/3414/4680 2636/3417/2636 600/3418/600 2641/3419/2641
f 2637/3415/2637 4680/3414/4680 2641/3419/2641 601/3420/601
f 407/3408/407 2181/3421/2181 4681/3422/4681 2628/3409/2628
f 2181/3421/2181 408/3423/408 2627/3424/2627 4681/3422/4681
f 4681/3422/4681 2627/3424/2627 595/3416/595 2632/3413/2632
f 2628/3409/2628 4681/3422/4681 2632/3413/2632 596/3410/596
f 405/3210/405 2179/3425/2179 4682/3426/4682 2630/3211/2630
f 2179/3425/2179 406/3404/406 2629/3407/2629 4682/3426/4682
f 4682/3426/4682 2629/3407/2629 597/3412/597 2634/3427/2634
f 2630/3211/2630 4682/3426/4682 2634/3427/2634 598/3212/598
f 403/2321/403 2176/3428/2176 4683/3429/4683 2645/3430/2645
f 2176/3428/2176 322/3431/322 2177/3432/2177 4683/3429/4683
f 4683/3429/4683 2177/3432/2177 404/3433/404 2631/3434/2631
f 2645/3430/2645 4683/3429/4683 2631/3434/2631 599/3435/599
f 599/3214/599 2635/3213/2635 4684/3436/4684 2640/3437/2640
f 2635/3213/2635 598/3212/598 2639/3438/2639 4684/3436/4684
f 4684/3436/4684 2639/3438/2639 603/3439/603 2644/3440/2644
f 2640/3437/2640 4684/3436/4684 2644/3440/2644 604/3441/604
f 629/1597/629 2023/3442/2023 4685/3443/4685 2182/3444/2182
f 2023/3442/2023 400/3445/400 2653/3446/2653 4685/3443/4685
f 4685/3443/4685 2653/3446/2653 595/3416/595 2627/3447/2627
f 2182/3444/2182 4685/3443/4685 2627/3447/2627 408/3448/408
f 597/3412/597 2633/3411/2633 4686/3449/4686 2638/3450/2638
f 2633/3411/2633 596/3410/596 2637/3415/2637 4686/3449/4686
f 4686/3449/4686 2637/3415/2637 601/3420/601 2642/3451/2642
f 2638/3450/2638 4686/3449/4686 2642/3451/2642 602/3452/602
f 598/3212/598 2634/3427/2634 4687/3453/4687 2639/3438/2639
f 2634/3427/2634 597/3412/597 2638/3450/2638 4687/3453/4687
f 4687/3453/4687 2638/3450/2638 602/3452/602 2643/3454/2643
f 2639/3438/2639 4687/3453/4687 2643/3454/2643 603/3439/603
f 599/3455/599 2640/3437/2640 4688/3456/4688 2645/3457/2645
f 2640/3437/2640 604/3441/604 2646/3458/2646 4688/3456/4688
f 4688/3456/4688 2646/3458/2646 402/3386/402 2175/3383/2175
f 2645/3457/2645 4688/3456/4688 2175/3383/2175 403/2321/403
f 604/2370/604 2647/2369/2647 4689/3459/4689 2646/3460/2646
f 2647/2369/2647 476/2145/476 2336/2148/2336 4689/3459/4689
f 4689/3459/4689 2336/2148/2336 356/2153/356 2174/2504/2174
f 2646/3460/2646 4689/3459/4689 2174/2504/2174 402/2503/402
f 607/3461/607 2655/3462/2655 4690/3463/4690 2666/3464/2666
f 2655/3462/2655 606/3465/606 2667/3466/2667 4690/3463/4690
f 4690/3463/4690 2667/3466/2667 407/3408/407 2180/3405/2180
f 2666/3464/2666 4690/3463/4690 2180/3405/2180 406/3404/406
f 400/3445/400 2024/3467/2024 4691/3468/4691 2653/3446/2653
f 2024/3467/2024 401/1629/401 2652/3469/2652 4691/3468/4691
f 4691/3468/4691 2652/3469/2652 600/3418/600 2636/3470/2636
f 2653/3446/2653 4691/3468/4691 2636/3470/2636 595/3416/595
f 608/3471/608 2661/3472/2661 4692/3473/4692 2656/3474/2656
f 2661/3472/2661 393/2840/393 2158/2843/2158 4692/3473/4692
f 4692/3473/4692 2158/2843/2158 392/2848/392 2660/3475/2660
f 2656/3474/2656 4692/3473/4692 2660/3475/2660 607/3461/607
f 609/3476/609 2662/3477/2662 4693/3478/4693 2657/3479/2657
f 2662/3477/2662 394/3480/394 2159/3481/2159 4693/3478/4693
f 4693/3478/4693 2159/3481/2159 393/2840/393 2661/3472/2661
f 2657/3479/2657 4693/3478/4693 2661/3472/2661 608/3471/608
f 399/3482/399 2173/3483/2173 4694/3484/4694 2663/3485/2663
f 2173/3483/2173 319/2900/319 2160/3486/2160 4694/3484/4694
f 4694/3484/4694 2160/3486/2160 394/3487/394 2662/3488/2662
f 2663/3485/2663 4694/3484/4694 2662/3488/2662 609/3489/609
f 611/3490/611 2673/3491/2673 4695/3492/4695 2670/3493/2670
f 2673/3491/2673 388/2756/388 2152/2753/2152 4695/3492/4695
f 4695/3492/4695 2152/2753/2152 387/3494/387 2672/3495/2672
f 2670/3493/2670 4695/3492/4695 2672/3495/2672 610/3496/610
f 606/3465/606 2654/3497/2654 4696/3498/4696 2667/3466/2667
f 2654/3497/2654 605/3499/605 2668/3500/2668 4696/3498/4696
f 4696/3498/4696 2668/3500/2668 408/3423/408 2181/3421/2181
f 2667/3466/2667 4696/3498/4696 2181/3421/2181 407/3408/407
f 608/3501/608 2656/3474/2656 4697/3502/4697 2665/3503/2665
f 2656/3474/2656 607/3461/607 2666/3464/2666 4697/3502/4697
f 4697/3502/4697 2666/3464/2666 406/3404/406 2179/3425/2179
f 2665/3503/2665 4697/3502/4697 2179/3425/2179 405/3210/405
f 423/1884/423 2200/1943/2200 4698/3504/4698 2204/1913/2204
f 2200/1943/2200 422/1902/422 2203/1905/2203 4698/3504/4698
f 4698/3504/4698 2203/1905/2203 426/1910/426 2207/1921/2207
f 2204/1913/2204 4698/3504/4698 2207/1921/2207 427/1914/427
f 609/3505/609 2657/3479/2657 4699/3506/4699 2664/3507/2664
f 2657/3479/2657 608/3501/608 2665/3503/2665 4699/3506/4699
f 4699/3506/4699 2665/3503/2665 405/3210/405 2178/3207/2178
f 2664/3507/2664 4699/3506/4699 2178/3207/2178 404/3206/404
f 628/504/628 1475/3508/1475 4700/3509/4700 2669/3510/2669
f 1475/3508/1475 629/1597/629 2182/3444/2182 4700/3509/4700
f 4700/3509/4700 2182/3444/2182 408/3448/408 2668/3511/2668
f 2669/3510/2669 4700/3509/4700 2668/3511/2668 605/3512/605
f 612/3513/612 2674/3514/2674 4701/3515/4701 2671/3516/2671
f 2674/3514/2674 389/3517/389 2153/3518/2153 4701/3515/4701
f 4701/3515/4701 2153/3518/2153 388/2756/388 2673/3491/2673
f 2671/3516/2671 4701/3515/4701 2673/3491/2673 611/3490/611
f 322/3431/322 2172/3519/2172 4702/3520/4702 2177/3432/2177
f 2172/3519/2172 399/3521/399 2663/3522/2663 4702/3520/4702
f 4702/3520/4702 2663/3522/2663 609/3476/609 2664/3523/2664
f 2177/3432/2177 4702/3520/4702 2664/3523/2664 404/3433/404
f 399/3524/399 2172/3525/2172 4703/3526/4703 2679/3527/2679
f 2172/3525/2172 322/3528/322 2186/3529/2186 4703/3526/4703
f 4703/3526/4703 2186/3529/2186 411/2327/411 2678/3530/2678
f 2679/3527/2679 4703/3526/4703 2678/3530/2678 610/3531/610
f 648/3532/648 2726/3533/2726 4704/3534/4704 2675/3535/2675
f 2726/3533/2726 631/2924/631 2706/3536/2706 4704/3534/4704
f 4704/3534/4704 2706/3536/2706 389/3517/389 2674/3514/2674
f 2675/3535/2675 4704/3534/4704 2674/3514/2674 612/3513/612
f 610/3537/610 2672/3538/2672 4705/3539/4705 2679/3540/2679
f 2672/3538/2672 387/3541/387 2151/3542/2151 4705/3539/4705
f 4705/3539/4705 2151/3542/2151 319/2900/319 2173/3483/2173
f 2679/3540/2679 4705/3539/4705 2173/3483/2173 399/3482/399
f 614/2515/614 2683/2514/2683 4706/3543/4706 2680/3544/2680
f 2683/2514/2683 385/2513/385 2148/3545/2148 4706/3543/4706
f 4706/3543/4706 2148/3545/2148 384/3546/384 2682/3547/2682
f 2680/3544/2680 4706/3543/4706 2682/3547/2682 613/3548/613
f 618/3549/618 2695/3550/2695 4707/3551/4707 2693/3552/2693
f 2695/3550/2695 382/2923/382 2144/3068/2144 4707/3551/4707
f 4707/3551/4707 2144/3068/2144 381/3553/381 2691/3554/2691
f 2693/3552/2693 4707/3551/4707 2691/3554/2691 617/3555/617
f 611/3556/611 2670/3557/2670 4708/3558/4708 2677/3559/2677
f 2670/3557/2670 610/3560/610 2678/3561/2678 4708/3558/4708
f 4708/3558/4708 2678/3561/2678 411/2327/411 2185/3373/2185
f 2677/3559/2677 4708/3558/4708 2185/3373/2185 410/3360/410
f 612/3562/612 2671/3563/2671 4709/3564/4709 2676/3565/2676
f 2671/3563/2671 611/3556/611 2677/3559/2677 4709/3564/4709
f 4709/3564/4709 2677/3559/2677 410/3360/410 2184/3357/2184
f 2676/3565/2676 4709/3564/4709 2184/3357/2184 409/3356/409
f 632/3379/632 2725/3566/2725 4710/3567/4710 2183/3380/2183
f 2725/3566/2725 648/3532/648 2675/3535/2675 4710/3567/4710
f 4710/3567/4710 2675/3535/2675 612/3513/612 2676/3568/2676
f 2183/3380/2183 4710/3567/4710 2676/3568/2676 409/3381/409
f 398/3569/398 2170/3570/2170 4711/3571/4711 2689/3572/2689
f 2170/3570/2170 321/3242/321 2190/3573/2190 4711/3571/4711
f 4711/3571/4711 2190/3573/2190 414/3574/414 2688/3575/2688
f 2689/3572/2689 4711/3571/4711 2688/3575/2688 613/3576/613
f 397/3577/397 2169/3578/2169 4712/3579/4712 2685/3580/2685
f 2169/3578/2169 317/3581/317 2150/3582/2150 4712/3579/4712
f 4712/3579/4712 2150/3582/2150 386/2511/386 2684/2508/2684
f 2685/3580/2685 4712/3579/4712 2684/2508/2684 615/2507/615
f 613/3548/613 2682/3547/2682 4713/3583/4713 2689/3584/2689
f 2682/3547/2682 384/3546/384 2147/3585/2147 4713/3583/4713
f 4713/3583/4713 2147/3585/2147 318/3191/318 2171/3586/2171
f 2689/3584/2689 4713/3583/4713 2171/3586/2171 398/3587/398
f 381/3588/381 2143/2976/2143 4714/3589/4714 2691/3554/2691
f 2143/2976/2143 380/3590/380 2690/3591/2690 4714/3589/4714
f 4714/3589/4714 2690/3591/2690 616/3592/616 2692/3593/2692
f 2691/3554/2691 4714/3589/4714 2692/3593/2692 617/3555/617
f 614/3594/614 2680/3544/2680 4715/3595/4715 2687/3596/2687
f 2680/3544/2680 613/3576/613 2688/3597/2688 4715/3595/4715
f 4715/3595/4715 2688/3597/2688 414/3240/414 2189/3326/2189
f 2687/3596/2687 4715/3595/4715 2189/3326/2189 413/3311/413
f 615/3598/615 2681/3599/2681 4716/3600/4716 2686/3601/2686
f 2681/3599/2681 614/3594/614 2687/3596/2687 4716/3600/4716
f 4716/3600/4716 2687/3596/2687 413/3311/413 2188/3308/2188
f 2686/3601/2686 4716/3600/4716 2188/3308/2188 412/3307/412
f 320/3332/320 2168/3602/2168 4717/3603/4717 2187/3333/2187
f 2168/3602/2168 397/3577/397 2685/3580/2685 4717/3603/4717
f 4717/3603/4717 2685/3580/2685 615/2507/615 2686/3601/2686
f 2187/3333/2187 4717/3603/4717 2686/3601/2686 412/3307/412
f 397/3604/397 2168/3605/2168 4718/3606/4718 2702/3607/2702
f 2168/3605/2168 320/3608/320 2195/3093/2195 4718/3606/4718
f 4718/3606/4718 2195/3093/2195 418/3609/418 2701/3610/2701
f 2702/3607/2702 4718/3606/4718 2701/3610/2701 616/3611/616
f 619/3612/619 2696/3613/2696 4719/3614/4719 2694/3615/2694
f 2696/3613/2696 383/2915/383 2145/2918/2145 4719/3614/4719
f 4719/3614/4719 2145/2918/2145 382/2923/382 2695/3550/2695
f 2694/3615/2694 4719/3614/4719 2695/3550/2695 618/3549/618
f 1322/3616/1322 2167/3617/2167 4720/3618/4720 2697/3619/2697
f 2167/3617/2167 998/3126/998 2146/3620/2146 4720/3618/4720
f 4720/3618/4720 2146/3620/2146 383/2915/383 2696/3613/2696
f 2697/3619/2697 4720/3618/4720 2696/3613/2696 619/3612/619
f 317/3621/317 2169/3622/2169 4721/3623/4721 2142/3624/2142
f 2169/3622/2169 397/3604/397 2702/3607/2702 4721/3623/4721
f 4721/3623/4721 2702/3607/2702 616/3611/616 2690/3625/2690
f 2142/3624/2142 4721/3623/4721 2690/3625/2690 380/3626/380
f 617/3555/617 2692/3593/2692 4722/3627/4722 2700/3628/2700
f 2692/3593/2692 616/3592/616 2701/3629/2701 4722/3627/4722
f 4722/3627/4722 2701/3629/2701 418/3092/418 2194/3630/2194
f 2700/3628/2700 4722/3627/4722 2194/3630/2194 417/3260/417
f 619/3612/619 2694/3631/2694 4723/3632/4723 2698/3633/2698
f 2694/3631/2694 618/3549/618 2699/3634/2699 4723/3632/4723
f 4723/3632/4723 2699/3634/2699 416/3256/416 2192/3272/2192
f 2698/3633/2698 4723/3632/4723 2192/3272/2192 415/3271/415
f 618/3549/618 2693/3635/2693 4724/3636/4724 2699/3634/2699
f 2693/3635/2693 617/3555/617 2700/3628/2700 4724/3636/4724
f 4724/3636/4724 2700/3628/2700 417/3260/417 2193/3257/2193
f 2699/3634/2699 4724/3636/4724 2193/3257/2193 416/3256/416
f 1323/3637/1323 2166/3638/2166 4725/3639/4725 2191/3640/2191
f 2166/3638/2166 1322/3616/1322 2697/3619/2697 4725/3639/4725
f 4725/3639/4725 2697/3619/2697 619/3612/619 2698/3633/2698
f 2191/3640/2191 4725/3639/4725 2698/3633/2698 415/3641/415
f 607/3461/607 2660/3475/2660 4726/3642/4726 2655/3462/2655
f 2660/3475/2660 392/2848/392 2157/2850/2157 4726/3642/4726
f 4726/3642/4726 2157/2850/2157 391/2854/391 2659/3643/2659
f 2655/3462/2655 4726/3642/4726 2659/3643/2659 606/3644/606
f 446/2060/446 2251/3645/2251 4727/3646/4727 2255/2061/2255
f 2251/3645/2251 445/3647/445 2254/3648/2254 4727/3646/4727
f 4727/3646/4727 2254/3648/2254 449/2087/449 2258/2084/2258
f 2255/2061/2255 4727/3646/4727 2258/2084/2258 450/2062/450
f 390/3649/390 2658/3650/2658 4728/3651/4728 2156/3652/2156
f 2658/3650/2658 605/3512/605 2654/3653/2654 4728/3651/4728
f 4728/3651/4728 2654/3653/2654 606/3465/606 2659/3643/2659
f 2156/3652/2156 4728/3651/4728 2659/3643/2659 391/3654/391
f 321/3242/321 2170/3655/2170 4729/3656/4729 2708/3657/2708
f 2170/3655/2170 398/3587/398 2724/3658/2724 4729/3656/4729
f 4729/3656/4729 2724/3658/2724 648/3532/648 2725/3566/2725
f 2708/3657/2708 4729/3656/4729 2725/3566/2725 632/3379/632
f 398/3587/398 2171/3586/2171 4730/3659/4730 2724/3658/2724
f 2171/3586/2171 318/3191/318 2154/3660/2154 4730/3659/4730
f 4730/3659/4730 2154/3660/2154 631/2924/631 2726/3533/2726
f 2724/3658/2724 4730/3659/4730 2726/3533/2726 648/3532/648
f 594/2497/594 2622/2496/2622 4731/3661/4731 2621/3662/2621
f 2622/2496/2622 492/2495/492 2361/3663/2361 4731/3661/4731
f 4731/3661/4731 2361/3663/2361 637/2294/637 2727/3401/2727
f 2621/3662/2621 4731/3661/4731 2727/3401/2727 647/3400/647
f 591/3382/591 2617/3664/2617 4732/3665/4732 2620/3666/2620
f 2617/3664/2617 594/3393/594 2621/3667/2621 4732/3665/4732
f 4732/3665/4732 2621/3667/2621 647/3398/647 2728/3395/2728
f 2620/3666/2620 4732/3665/4732 2728/3395/2728 646/3394/646
f 396/3668/396 2163/3669/2163 4733/3670/4733 2722/3671/2722
f 2163/3669/2163 321/3242/321 2708/3657/2708 4733/3670/4733
f 4733/3670/4733 2708/3657/2708 632/3379/632 2729/3376/2729
f 2722/3671/2722 4733/3670/4733 2729/3376/2729 646/3375/646
f 372/2969/372 2475/2968/2475 4734/3672/4734 2045/3673/2045
f 2475/2968/2475 539/2914/539 2476/3674/2476 4734/3672/4734
f 4734/3672/4734 2476/3674/2476 641/2945/641 2730/2971/2730
f 2045/3673/2045 4734/3672/4734 2730/2971/2730 649/2970/649
f 539/2914/539 2467/2913/2467 4735/3675/4735 2476/3674/2476
f 2467/2913/2467 538/2910/538 2477/3676/2477 4735/3675/4735
f 4735/3675/4735 2477/3676/2477 642/2939/642 2731/2946/2731
f 2476/3674/2476 4735/3675/4735 2731/2946/2731 641/2945/641
f 538/2910/538 2466/2909/2466 4736/3677/4736 2477/3676/2477
f 2466/2909/2466 537/2906/537 2478/3678/2478 4736/3677/4736
f 4736/3677/4736 2478/3678/2478 643/2933/643 2732/2940/2732
f 2477/3676/2477 4736/3677/4736 2732/2940/2732 642/2939/642
f 537/2906/537 2465/2905/2465 4737/3679/4737 2478/3678/2478
f 2465/2905/2465 536/2893/536 2479/3680/2479 4737/3679/4737
f 4737/3679/4737 2479/3680/2479 644/2831/644 2733/2934/2733
f 2478/3678/2478 4737/3679/4737 2733/2934/2733 643/2933/643
f 389/2868/389 2706/3681/2706 4738/3682/4738 2481/2869/2481
f 2706/3681/2706 631/2924/631 2734/2927/2734 4738/3682/4738
f 4738/3682/4738 2734/2927/2734 645/2932/645 2480/3683/2480
f 2481/2869/2481 4738/3682/4738 2480/3683/2480 535/2870/535
f 536/2893/536 2464/2892/2464 4739/3684/4739 2479/3680/2479
f 2464/2892/2464 535/2891/535 2480/3683/2480 4739/3684/4739
f 4739/3684/4739 2480/3683/2480 645/2835/645 2735/2832/2735
f 2479/3680/2479 4739/3684/4739 2735/2832/2735 644/2831/644
f 489/2464/489 2377/3685/2377 4740/3686/4740 2362/3687/2362
f 2377/3685/2377 498/3688/498 2378/3689/2378 4740/3686/4740
f 4740/3686/4740 2378/3689/2378 639/2480/639 2736/2565/2736
f 2362/3687/2362 4740/3686/4740 2736/2565/2736 638/2298/638
f 495/3690/495 2370/3691/2370 4741/3692/4741 2379/3693/2379
f 2370/3691/2370 341/2209/341 2705/3694/2705 4741/3692/4741
f 4741/3692/4741 2705/3694/2705 630/2173/630 2737/2558/2737
f 2379/3693/2379 4741/3692/4741 2737/2558/2737 640/2484/640
f 498/3688/498 2365/3695/2365 4742/3696/4742 2378/3689/2378
f 2365/3695/2365 495/3690/495 2379/3693/2379 4742/3696/4742
f 4742/3696/4742 2379/3693/2379 640/2484/640 2738/2481/2738
f 2378/3689/2378 4742/3696/4742 2738/2481/2738 639/2480/639
f 492/2495/492 2354/3697/2354 4743/3698/4743 2361/3663/2361
f 2354/3697/2354 489/2464/489 2362/3687/2362 4743/3698/4743
f 4743/3698/4743 2362/3687/2362 638/2298/638 2739/2295/2739
f 2361/3663/2361 4743/3698/4743 2739/2295/2739 637/2294/637
f 1026/2256/1026 2707/3699/2707 4744/3700/4744 2307/2257/2307
f 2707/3699/2707 1340/2244/1340 2740/2247/2740 4744/3700/4744
f 4744/3700/4744 2740/2247/2740 636/2251/636 2306/3701/2306
f 2307/2257/2307 4744/3700/4744 2306/3701/2306 461/2258/461
f 464/2205/464 2295/2204/2295 4745/3702/4745 2303/3703/2303
f 2295/2204/2295 463/2197/463 2304/3704/2304 4745/3702/4745
f 4745/3702/4745 2304/3704/2304 634/2229/634 2741/2233/2741
f 2303/3703/2303 4745/3702/4745 2741/2233/2741 633/2177/633
f 463/2197/463 2294/2196/2294 4746/3705/4746 2304/3704/2304
f 2294/2196/2294 462/2195/462 2305/3706/2305 4746/3705/4746
f 4746/3705/4746 2305/3706/2305 635/2212/635 2742/2230/2742
f 2304/3704/2304 4746/3705/4746 2742/2230/2742 634/2229/634
f 462/2195/462 2293/2201/2293 4747/3707/4747 2305/3706/2305
f 2293/2201/2293 461/2200/461 2306/3708/2306 4747/3707/4747
f 4747/3707/4747 2306/3708/2306 636/2216/636 2743/2213/2743
f 2305/3706/2305 4747/3707/4747 2743/2213/2743 635/2212/635
f 341/2209/341 2302/2208/2302 4748/3709/4748 2705/3694/2705
f 2302/2208/2302 464/2205/464 2303/3703/2303 4748/3709/4748
f 4748/3709/4748 2303/3703/2303 633/2177/633 2744/2174/2744
f 2705/3694/2705 4748/3709/4748 2744/2174/2744 630/2173/630
f 684/3710/684 2770/3711/2770 4749/3712/4749 2880/3713/2880
f 2770/3711/2770 685/3714/685 2879/3715/2879 4749/3712/4749
f 4749/3712/4749 2879/3715/2879 760/3716/760 2862/3717/2862
f 2880/3713/2880 4749/3712/4749 2862/3717/2862 761/3718/761
f 652/3719/652 2769/3720/2769 4750/3721/4750 2745/3722/2745
f 2769/3720/2769 684/3710/684 2880/3713/2880 4750/3721/4750
f 4750/3721/4750 2880/3713/2880 761/3718/761 2881/3723/2881
f 2745/3722/2745 4750/3721/4750 2881/3723/2881 662/3724/662
f 664/3725/664 2883/3726/2883 4751/3727/4751 2748/3728/2748
f 2883/3726/2883 769/3729/769 2884/3730/2884 4751/3727/4751
f 4751/3727/4751 2884/3730/2884 674/3731/674 2760/3732/2760
f 2748/3728/2748 4751/3727/4751 2760/3732/2760 653/3733/653
f 759/3734/759 2860/3735/2860 4752/3736/4752 2864/3737/2864
f 2860/3735/2860 758/3738/758 2863/3739/2863 4752/3736/4752
f 4752/3736/4752 2863/3739/2863 762/3740/762 2867/3741/2867
f 2864/3737/2864 4752/3736/4752 2867/3741/2867 763/3742/763
f 761/3718/761 2862/3717/2862 4753/3743/4753 2866/3744/2866
f 2862/3717/2862 760/3716/760 2865/3745/2865 4753/3743/4753
f 4753/3743/4753 2865/3745/2865 764/3746/764 2869/3747/2869
f 2866/3744/2866 4753/3743/4753 2869/3747/2869 765/3748/765
f 662/3724/662 2881/3723/2881 4754/3749/4754 2746/3750/2746
f 2881/3723/2881 761/3718/761 2866/3744/2866 4754/3749/4754
f 4754/3749/4754 2866/3744/2866 765/3748/765 2882/3751/2882
f 2746/3750/2746 4754/3749/4754 2882/3751/2882 663/3752/663
f 764/3746/764 2868/3753/2868 4755/3754/4755 2872/3755/2872
f 2868/3753/2868 763/3742/763 2871/3756/2871 4755/3754/4755
f 4755/3754/4755 2871/3756/2871 767/3757/767 2875/3758/2875
f 2872/3755/2872 4755/3754/4755 2875/3758/2875 768/3759/768
f 763/3742/763 2867/3741/2867 4756/3760/4756 2871/3756/2871
f 2867/3741/2867 762/3740/762 2870/3761/2870 4756/3760/4756
f 4756/3760/4756 2870/3761/2870 766/3762/766 2874/3763/2874
f 2871/3756/2871 4756/3760/4756 2874/3763/2874 767/3757/767
f 765/3748/765 2869/3747/2869 4757/3764/4757 2873/3765/2873
f 2869/3747/2869 764/3746/764 2872/3755/2872 4757/3764/4757
f 4757/3764/4757 2872/3755/2872 768/3759/768 2876/3766/2876
f 2873/3765/2873 4757/3764/4757 2876/3766/2876 769/3767/769
f 663/3752/663 2882/3751/2882 4758/3768/4758 2747/3769/2747
f 2882/3751/2882 765/3748/765 2873/3765/2873 4758/3768/4758
f 4758/3768/4758 2873/3765/2873 769/3767/769 2883/3770/2883
f 2747/3769/2747 4758/3768/4758 2883/3770/2883 664/3771/664
f 685/3714/685 2771/3772/2771 4759/3773/4759 2879/3715/2879
f 2771/3772/2771 686/3774/686 2878/3775/2878 4759/3773/4759
f 4759/3773/4759 2878/3775/2878 759/3734/759 2861/3776/2861
f 2879/3715/2879 4759/3773/4759 2861/3776/2861 760/3716/760
f 767/3757/767 2874/3763/2874 4760/3777/4760 2886/3778/2886
f 2874/3763/2874 766/3762/766 2887/3779/2887 4760/3777/4760
f 4760/3777/4760 2887/3779/2887 677/3780/677 2763/3781/2763
f 2886/3778/2886 4760/3777/4760 2763/3781/2763 676/3782/676
f 771/3783/771 2895/3784/2895 4761/3785/4761 2892/3786/2892
f 2895/3784/2895 775/3787/775 2899/3788/2899 4761/3785/4761
f 4761/3785/4761 2899/3788/2899 776/3789/776 2896/3790/2896
f 2892/3786/2892 4761/3785/4761 2896/3790/2896 772/3791/772
f 768/3759/768 2875/3758/2875 4762/3792/4762 2885/3793/2885
f 2875/3758/2875 767/3757/767 2886/3778/2886 4762/3792/4762
f 4762/3792/4762 2886/3778/2886 676/3782/676 2762/3794/2762
f 2885/3793/2885 4762/3792/4762 2762/3794/2762 675/3795/675
f 769/3767/769 2876/3766/2876 4763/3796/4763 2884/3797/2884
f 2876/3766/2876 768/3759/768 2885/3793/2885 4763/3796/4763
f 4763/3796/4763 2885/3793/2885 675/3795/675 2761/3798/2761
f 2884/3797/2884 4763/3796/4763 2761/3798/2761 674/3799/674
f 673/3800/673 2957/3801/2957 4764/3802/4764 2758/3803/2758
f 2957/3801/2957 790/3804/790 2940/3805/2940 4764/3802/4764
f 4764/3802/4764 2940/3805/2940 791/3806/791 2958/3807/2958
f 2758/3803/2758 4764/3802/4764 2958/3807/2958 672/3808/672
f 961/3809/961 1388/3810/1388 4765/3811/4765 2888/3812/2888
f 1388/3810/1388 651/108/651 2764/3813/2764 4765/3811/4765
f 4765/3811/4765 2764/3813/2764 677/3814/677 2887/3815/2887
f 2888/3812/2888 4765/3811/4765 2887/3815/2887 766/3816/766
f 962/3817/962 1387/3818/1387 4766/3819/4766 2889/3820/2889
f 1387/3818/1387 961/3809/961 2888/3812/2888 4766/3819/4766
f 4766/3819/4766 2888/3812/2888 766/3816/766 2870/3821/2870
f 2889/3820/2889 4766/3819/4766 2870/3821/2870 762/3822/762
f 963/121/963 1386/3823/1386 4767/3824/4767 2890/3825/2890
f 1386/3823/1386 962/3817/962 2889/3820/2889 4767/3824/4767
f 4767/3824/4767 2889/3820/2889 762/3822/762 2863/3826/2863
f 2890/3825/2890 4767/3824/4767 2863/3826/2863 758/3827/758
f 758/3828/758 2877/3829/2877 4768/3830/4768 2890/3831/2890
f 2877/3829/2877 687/3832/687 2773/3833/2773 4768/3830/4768
f 4768/3830/4768 2773/3833/2773 964/3834/964 1385/3835/1385
f 2890/3831/2890 4768/3830/4768 1385/3835/1385 963/121/963
f 770/3836/770 2894/3837/2894 4769/3838/4769 2891/3839/2891
f 2894/3837/2894 774/3840/774 2898/3841/2898 4769/3838/4769
f 4769/3838/4769 2898/3841/2898 775/3787/775 2895/3784/2895
f 2891/3839/2891 4769/3838/4769 2895/3784/2895 771/3783/771
f 772/3791/772 2896/3790/2896 4770/3842/4770 2893/3843/2893
f 2896/3790/2896 776/3789/776 2900/3844/2900 4770/3842/4770
f 4770/3842/4770 2900/3844/2900 777/3845/777 2897/3846/2897
f 2893/3843/2893 4770/3842/4770 2897/3846/2897 773/3847/773
f 773/3847/773 2897/3846/2897 4771/3848/4771 2926/3849/2926
f 2897/3846/2897 777/3845/777 2927/3850/2927 4771/3848/4771
f 4771/3848/4771 2927/3850/2927 666/3851/666 2750/3852/2750
f 2926/3849/2926 4771/3848/4771 2750/3852/2750 665/3853/665
f 775/3787/775 2902/3854/2902 4772/3855/4772 2899/3788/2899
f 2902/3854/2902 779/3856/779 2906/3857/2906 4772/3855/4772
f 4772/3855/4772 2906/3857/2906 780/3858/780 2903/3859/2903
f 2899/3788/2899 4772/3855/4772 2903/3859/2903 776/3789/776
f 774/3840/774 2901/3860/2901 4773/3861/4773 2898/3841/2898
f 2901/3860/2901 778/3862/778 2905/3863/2905 4773/3861/4773
f 4773/3861/4773 2905/3863/2905 779/3856/779 2902/3854/2902
f 2898/3841/2898 4773/3861/4773 2902/3854/2902 775/3787/775
f 776/3789/776 2903/3859/2903 4774/3864/4774 2900/3844/2900
f 2903/3859/2903 780/3858/780 2907/3865/2907 4774/3864/4774
f 4774/3864/4774 2907/3865/2907 781/3866/781 2904/3867/2904
f 2900/3844/2900 4774/3864/4774 2904/3867/2904 777/3845/777
f 777/3845/777 2904/3867/2904 4775/3868/4775 2927/3850/2927
f 2904/3867/2904 781/3866/781 2928/3869/2928 4775/3868/4775
f 4775/3868/4775 2928/3869/2928 667/3870/667 2751/3871/2751
f 2927/3850/2927 4775/3868/4775 2751/3871/2751 666/3851/666
f 779/3856/779 2909/3872/2909 4776/3873/4776 2906/3857/2906
f 2909/3872/2909 783/3874/783 2913/3875/2913 4776/3873/4776
f 4776/3873/4776 2913/3875/2913 784/3876/784 2910/3877/2910
f 2906/3857/2906 4776/3873/4776 2910/3877/2910 780/3858/780
f 778/3862/778 2908/3878/2908 4777/3879/4777 2905/3863/2905
f 2908/3878/2908 782/3880/782 2912/3881/2912 4777/3879/4777
f 4777/3879/4777 2912/3881/2912 783/3874/783 2909/3872/2909
f 2905/3863/2905 4777/3879/4777 2909/3872/2909 779/3856/779
f 780/3858/780 2910/3877/2910 4778/3882/4778 2907/3865/2907
f 2910/3877/2910 784/3876/784 2914/3883/2914 4778/3882/4778
f 4778/3882/4778 2914/3883/2914 785/3884/785 2911/3885/2911
f 2907/3865/2907 4778/3882/4778 2911/3885/2911 781/3866/781
f 781/3866/781 2911/3885/2911 4779/3886/4779 2928/3869/2928
f 2911/3885/2911 785/3884/785 2929/3887/2929 4779/3886/4779
f 4779/3886/4779 2929/3887/2929 668/3888/668 2752/3889/2752
f 2928/3869/2928 4779/3886/4779 2752/3889/2752 667/3870/667
f 784/3890/784 2913/3875/2913 4780/3891/4780 2917/3892/2917
f 2913/3875/2913 783/3874/783 2916/3893/2916 4780/3891/4780
f 4780/3891/4780 2916/3893/2916 787/3894/787 2920/3895/2920
f 2917/3892/2917 4780/3891/4780 2920/3895/2920 788/3896/788
f 785/3897/785 2914/3898/2914 4781/3899/4781 2918/3900/2918
f 2914/3898/2914 784/3890/784 2917/3892/2917 4781/3899/4781
f 4781/3899/4781 2917/3892/2917 788/3896/788 2921/3901/2921
f 2918/3900/2918 4781/3899/4781 2921/3901/2921 789/3902/789
f 668/3903/668 2929/3904/2929 4782/3905/4782 2753/3906/2753
f 2929/3904/2929 785/3897/785 2918/3900/2918 4782/3905/4782
f 4782/3905/4782 2918/3900/2918 789/3902/789 2930/3907/2930
f 2753/3906/2753 4782/3905/4782 2930/3907/2930 669/3908/669
f 1317/3909/1317 2776/3910/2776 4783/3911/4783 2924/3912/2924
f 2776/3910/2776 1318/3913/1318 2923/3914/2923 4783/3911/4783
f 4783/3911/4783 2923/3914/2923 771/3915/771 2892/3916/2892
f 2924/3912/2924 4783/3911/4783 2892/3916/2892 772/3917/772
f 787/3894/787 2919/3918/2919 4784/3919/4784 2933/3920/2933
f 2919/3918/2919 786/3921/786 2934/3922/2934 4784/3919/4784
f 4784/3919/4784 2934/3922/2934 673/3923/673 2758/3924/2758
f 2933/3920/2933 4784/3919/4784 2758/3924/2758 672/3925/672
f 792/3926/792 2941/3927/2941 4785/3928/4785 2945/3929/2945
f 2941/3927/2941 791/3806/791 2944/3930/2944 4785/3928/4785
f 4785/3928/4785 2944/3930/2944 795/3931/795 2948/3932/2948
f 2945/3929/2945 4785/3928/4785 2948/3932/2948 796/3933/796
f 788/3896/788 2920/3895/2920 4786/3934/4786 2932/3935/2932
f 2920/3895/2920 787/3894/787 2933/3920/2933 4786/3934/4786
f 4786/3934/4786 2933/3920/2933 672/3925/672 2757/3936/2757
f 2932/3935/2932 4786/3934/4786 2757/3936/2757 671/3937/671
f 789/3902/789 2921/3901/2921 4787/3938/4787 2931/3939/2931
f 2921/3901/2921 788/3896/788 2932/3935/2932 4787/3938/4787
f 4787/3938/4787 2932/3935/2932 671/3937/671 2756/3940/2756
f 2931/3939/2931 4787/3938/4787 2756/3940/2756 670/3941/670
f 1314/3942/1314 1379/3943/1379 4788/3944/4788 2778/3945/2778
f 1379/3943/1379 969/3946/969 2939/3947/2939 4788/3944/4788
f 4788/3944/4788 2939/3947/2939 770/3836/770 2922/3948/2922
f 2778/3945/2778 4788/3944/4788 2922/3948/2922 1319/3949/1319
f 1319/3949/1319 2922/3948/2922 4789/3950/4789 2777/3951/2777
f 2922/3948/2922 770/3836/770 2891/3839/2891 4789/3950/4789
f 4789/3950/4789 2891/3839/2891 771/3783/771 2923/3914/2923
f 2777/3951/2777 4789/3950/4789 2923/3914/2923 1318/3952/1318
f 1316/3953/1316 2775/3954/2775 4790/3955/4790 2925/3956/2925
f 2775/3954/2775 1317/3909/1317 2924/3912/2924 4790/3955/4790
f 4790/3955/4790 2924/3912/2924 772/3917/772 2893/3843/2893
f 2925/3956/2925 4790/3955/4790 2893/3843/2893 773/3957/773
f 1315/3958/1315 2774/3959/2774 4791/3960/4791 2749/3961/2749
f 2774/3959/2774 1316/3953/1316 2925/3956/2925 4791/3960/4791
f 4791/3960/4791 2925/3956/2925 773/3957/773 2926/3962/2926
f 2749/3961/2749 4791/3960/4791 2926/3962/2926 665/3963/665
f 669/3908/669 2930/3907/2930 4792/3964/4792 2754/3965/2754
f 2930/3907/2930 789/3902/789 2931/3939/2931 4792/3964/4792
f 4792/3964/4792 2931/3939/2931 670/3941/670 2755/3966/2755
f 2754/3965/2754 4792/3964/4792 2755/3966/2755 654/3967/654
f 965/3968/965 1384/3969/1384 4793/3970/4793 2935/3971/2935
f 1384/3969/1384 650/3972/650 2759/3973/2759 4793/3970/4793
f 4793/3970/4793 2759/3973/2759 673/3800/673 2934/3974/2934
f 2935/3971/2935 4793/3970/4793 2934/3974/2934 786/3975/786
f 966/3976/966 1383/3977/1383 4794/3978/4794 2936/3979/2936
f 1383/3977/1383 965/3968/965 2935/3971/2935 4794/3978/4794
f 4794/3978/4794 2935/3971/2935 786/3975/786 2915/3980/2915
f 2936/3979/2936 4794/3978/4794 2915/3980/2915 782/3880/782
f 813/3981/813 2986/3982/2986 4795/3983/4795 2997/3984/2997
f 2986/3982/2986 808/3985/808 2998/3986/2998 4795/3983/4795
f 4795/3983/4795 2998/3986/2998 701/3987/701 2791/3988/2791
f 2997/3984/2997 4795/3983/4795 2791/3988/2791 700/3989/700
f 967/281/967 1382/284/1382 4796/3990/4796 2937/3991/2937
f 1382/284/1382 966/3976/966 2936/3979/2936 4796/3990/4796
f 4796/3990/4796 2936/3979/2936 782/3880/782 2908/3878/2908
f 2937/3991/2937 4796/3990/4796 2908/3878/2908 778/3862/778
f 968/3992/968 1381/3993/1381 4797/3994/4797 2938/3995/2938
f 1381/3993/1381 967/281/967 2937/3991/2937 4797/3994/4797
f 4797/3994/4797 2937/3991/2937 778/3862/778 2901/3860/2901
f 2938/3995/2938 4797/3994/4797 2901/3860/2901 774/3840/774
f 969/3946/969 1380/3996/1380 4798/3997/4798 2939/3947/2939
f 1380/3996/1380 968/3992/968 2938/3995/2938 4798/3997/4798
f 4798/3997/4798 2938/3995/2938 774/3840/774 2894/3837/2894
f 2939/3947/2939 4798/3997/4798 2894/3837/2894 770/3836/770
f 670/3941/670 2756/3940/2756 4799/3998/4799 2960/3999/2960
f 2756/3940/2756 671/3937/671 2959/4000/2959 4799/3998/4799
f 4799/3998/4799 2959/4000/2959 792/3926/792 2942/4001/2942
f 2960/3999/2960 4799/3998/4799 2942/4001/2942 793/4002/793
f 654/3967/654 2755/3966/2755 4800/4003/4800 2765/4004/2765
f 2755/3966/2755 670/3941/670 2960/3999/2960 4800/4003/4800
f 4800/4003/4800 2960/3999/2960 793/4002/793 2961/4005/2961
f 2765/4004/2765 4800/4003/4800 2961/4005/2961 678/4006/678
f 970/4007/970 3421/4008/3421 4801/4009/4801 2768/4010/2768
f 3421/4008/3421 974/4011/974 3385/4012/3385 4801/4009/4801
f 4801/4009/4801 3385/4012/3385 684/3710/684 2769/3720/2769
f 2768/4010/2768 4801/4009/4801 2769/3720/2769 652/3719/652
f 791/3806/791 2940/4013/2940 4802/4014/4802 2944/3930/2944
f 2940/4013/2940 790/4015/790 2943/4016/2943 4802/4014/4802
f 4802/4014/4802 2943/4016/2943 794/4017/794 2947/4018/2947
f 2944/3930/2944 4802/4014/4802 2947/4018/2947 795/3931/795
f 793/4002/793 2942/4001/2942 4803/4019/4803 2946/4020/2946
f 2942/4001/2942 792/3926/792 2945/3929/2945 4803/4019/4803
f 4803/4019/4803 2945/3929/2945 796/3933/796 2949/4021/2949
f 2946/4020/2946 4803/4019/4803 2949/4021/2949 797/4022/797
f 678/4006/678 2961/4005/2961 4804/4023/4804 2766/4024/2766
f 2961/4005/2961 793/4002/793 2946/4020/2946 4804/4023/4804
f 4804/4023/4804 2946/4020/2946 797/4022/797 2962/4025/2962
f 2766/4024/2766 4804/4023/4804 2962/4025/2962 679/4026/679
f 796/3933/796 2948/3932/2948 4805/4027/4805 2952/4028/2952
f 2948/3932/2948 795/3931/795 2951/4029/2951 4805/4027/4805
f 4805/4027/4805 2951/4029/2951 799/4030/799 2955/4031/2955
f 2952/4028/2952 4805/4027/4805 2955/4031/2955 800/4032/800
f 795/3931/795 2947/4018/2947 4806/4033/4806 2951/4029/2951
f 2947/4018/2947 794/4017/794 2950/4034/2950 4806/4033/4806
f 4806/4033/4806 2950/4034/2950 798/4035/798 2954/4036/2954
f 2951/4029/2951 4806/4033/4806 2954/4036/2954 799/4030/799
f 797/4022/797 2949/4021/2949 4807/4037/4807 2953/4038/2953
f 2949/4021/2949 796/3933/796 2952/4028/2952 4807/4037/4807
f 4807/4037/4807 2952/4028/2952 800/4032/800 2956/4039/2956
f 2953/4038/2953 4807/4037/4807 2956/4039/2956 801/4040/801
f 679/4026/679 2962/4025/2962 4808/4041/4808 2767/4042/2767
f 2962/4025/2962 797/4022/797 2953/4038/2953 4808/4041/4808
f 4808/4041/4808 2953/4038/2953 801/4040/801 2963/4043/2963
f 2767/4042/2767 4808/4041/4808 2963/4043/2963 680/4044/680
f 671/3937/671 2757/3936/2757 4809/4045/4809 2959/4000/2959
f 2757/3936/2757 672/3925/672 2958/4046/2958 4809/4045/4809
f 4809/4045/4809 2958/4046/2958 791/3806/791 2941/3927/2941
f 2959/4000/2959 4809/4045/4809 2941/3927/2941 792/3926/792
f 976/4047/976 3420/4048/3420 4810/4049/4810 3387/4050/3387
f 3420/4048/3420 977/4051/977 3388/4052/3388 4810/4049/4810
f 4810/4049/4810 3388/4052/3388 687/4053/687 2772/4054/2772
f 3387/4050/3387 4810/4049/4810 2772/4054/2772 686/3774/686
f 820/4055/820 3000/4056/3000 4811/4057/4811 3004/4058/3004
f 3000/4056/3000 819/4059/819 3003/4060/3003 4811/4057/4811
f 4811/4057/4811 3003/4060/3003 823/4061/823 3007/4062/3007
f 3004/4058/3004 4811/4057/4811 3007/4062/3007 824/4063/824
f 975/4064/975 3419/4065/3419 4812/4066/4812 3386/4067/3386
f 3419/4065/3419 976/4047/976 3387/4050/3387 4812/4066/4812
f 4812/4066/4812 3387/4050/3387 686/3774/686 2771/3772/2771
f 3386/4067/3386 4812/4066/4812 2771/3772/2771 685/3714/685
f 974/4011/974 3418/4068/3418 4813/4069/4813 3385/4012/3385
f 3418/4068/3418 975/4064/975 3386/4067/3386 4813/4069/4813
f 4813/4069/4813 3386/4067/3386 685/3714/685 2770/3711/2770
f 3385/4012/3385 4813/4069/4813 2770/3711/2770 684/3710/684
f 805/4070/805 2973/4071/2973 4814/4072/4814 2980/4073/2980
f 2973/4071/2973 802/4074/802 2981/4075/2981 4814/4072/4814
f 4814/4072/4814 2981/4075/2981 697/4076/697 2787/4077/2787
f 2980/4073/2980 4814/4072/4814 2787/4077/2787 696/4078/696
f 972/4079/972 1464/4080/1464 4815/4081/4815 3417/4082/3417
f 1464/4080/1464 964/3834/964 2773/4083/2773 4815/4081/4815
f 4815/4081/4815 2773/4083/2773 687/3832/687 3388/4084/3388
f 3417/4082/3417 4815/4081/4815 3388/4084/3388 977/4085/977
f 682/379/682 1439/4086/1439 4816/4087/4816 2969/4088/2969
f 1439/4086/1439 683/387/683 2968/4089/2968 4816/4087/4816
f 4816/4087/4816 2968/4089/2968 798/4035/798 2950/4090/2950
f 2969/4088/2969 4816/4087/4816 2950/4090/2950 794/4091/794
f 681/388/681 1440/4092/1440 4817/4093/4817 2970/4094/2970
f 1440/4092/1440 682/379/682 2969/4088/2969 4817/4093/4817
f 4817/4093/4817 2969/4088/2969 794/4091/794 2943/4095/2943
f 2970/4094/2970 4817/4093/4817 2943/4095/2943 790/3804/790
f 790/4096/790 2957/4097/2957 4818/4098/4818 2970/4099/2970
f 2957/4097/2957 673/4100/673 2759/3973/2759 4818/4098/4818
f 4818/4098/4818 2759/3973/2759 650/4101/650 1465/4102/1465
f 2970/4099/2970 4818/4098/4818 1465/4102/1465 681/388/681
f 803/4103/803 2971/4104/2971 4819/4105/4819 2974/4106/2974
f 2971/4104/2971 802/4107/802 2973/4108/2973 4819/4105/4819
f 4819/4105/4819 2973/4108/2973 805/4109/805 2976/4110/2976
f 2974/4106/2974 4819/4105/4819 2976/4110/2976 806/4111/806
f 804/4112/804 2972/4113/2972 4820/4114/4820 2975/4115/2975
f 2972/4113/2972 803/4103/803 2974/4106/2974 4820/4114/4820
f 4820/4114/4820 2974/4106/2974 806/4111/806 2977/4116/2977
f 2975/4115/2975 4820/4114/4820 2977/4116/2977 807/4117/807
f 692/4118/692 2978/4119/2978 4821/4120/4821 2782/4121/2782
f 2978/4119/2978 804/4112/804 2975/4115/2975 4821/4120/4821
f 4821/4120/4821 2975/4115/2975 807/4117/807 2979/4122/2979
f 2782/4121/2782 4821/4120/4821 2979/4122/2979 693/4123/693
f 978/4124/978 3416/4125/3416 4822/4126/4822 3389/4127/3389
f 3416/4125/3416 979/4128/979 3390/4129/3390 4822/4126/4822
f 4822/4126/4822 3390/4129/3390 692/4118/692 2782/4130/2782
f 3389/4127/3389 4822/4126/4822 2782/4130/2782 693/4131/693
f 924/4132/924 3267/4133/3267 4823/4134/4823 3263/4135/3263
f 3267/4133/3267 806/4136/806 2976/4137/2976 4823/4134/4823
f 4823/4134/4823 2976/4137/2976 805/4070/805 3266/4138/3266
f 3263/4135/3263 4823/4134/4823 3266/4138/3266 925/4139/925
f 923/4140/923 3268/4141/3268 4824/4142/4824 3262/4143/3262
f 3268/4141/3268 807/4144/807 2977/4145/2977 4824/4142/4824
f 4824/4142/4824 2977/4145/2977 806/4136/806 3267/4133/3267
f 3262/4143/3262 4824/4142/4824 3267/4133/3267 924/4132/924
f 732/4146/732 2824/4147/2824 4825/4148/4825 3269/4149/3269
f 2824/4147/2824 693/4131/693 2979/4150/2979 4825/4148/4825
f 4825/4148/4825 2979/4150/2979 807/4144/807 3268/4141/3268
f 3269/4149/3269 4825/4148/4825 3268/4141/3268 923/4140/923
f 738/4151/738 3287/4152/3287 4826/4153/4826 2837/4154/2837
f 3287/4152/3287 926/4155/926 3271/4156/3271 4826/4153/4826
f 4826/4153/4826 3271/4156/3271 748/4157/748 2847/4158/2847
f 2837/4154/2837 4826/4153/4826 2847/4158/2847 661/4159/661
f 809/4160/809 2982/4161/2982 4827/4162/4827 2987/4163/2987
f 2982/4161/2982 808/4164/808 2986/4165/2986 4827/4162/4827
f 4827/4162/4827 2986/4165/2986 813/3981/813 2991/4166/2991
f 2987/4163/2987 4827/4162/4827 2991/4166/2991 814/4167/814
f 851/4168/851 3067/4169/3067 4828/4170/4828 3088/4171/3088
f 3067/4169/3067 846/4172/846 3089/4173/3089 4828/4170/4828
f 4828/4170/4828 3089/4173/3089 695/4174/695 2783/4175/2783
f 3088/4171/3088 4828/4170/4828 2783/4175/2783 694/4176/694
f 810/4177/810 2983/4178/2983 4829/4179/4829 2988/4180/2988
f 2983/4178/2983 809/4160/809 2987/4163/2987 4829/4179/4829
f 4829/4179/4829 2987/4163/2987 814/4167/814 2992/4181/2992
f 2988/4180/2988 4829/4179/4829 2992/4181/2992 815/4182/815
f 811/4183/811 2984/4184/2984 4830/4185/4830 2989/4186/2989
f 2984/4184/2984 810/4177/810 2988/4180/2988 4830/4185/4830
f 4830/4185/4830 2988/4180/2988 815/4182/815 2993/4187/2993
f 2989/4186/2989 4830/4185/4830 2993/4187/2993 816/4188/816
f 812/4189/812 2985/4190/2985 4831/4191/4831 2990/4192/2990
f 2985/4190/2985 811/4183/811 2989/4186/2989 4831/4191/4831
f 4831/4191/4831 2989/4186/2989 816/4188/816 2994/4193/2994
f 2990/4192/2990 4831/4191/4831 2994/4193/2994 817/4194/817
f 940/4195/940 3309/4196/3309 4832/4197/4832 3305/4198/3305
f 3309/4196/3309 814/4167/814 2991/4199/2991 4832/4197/4832
f 4832/4197/4832 2991/4199/2991 813/3981/813 3308/4200/3308
f 3305/4198/3305 4832/4197/4832 3308/4200/3308 941/4201/941
f 942/4202/942 3319/4203/3319 4833/4204/4833 3330/4205/3330
f 3319/4203/3319 727/4206/727 2818/4207/2818 4833/4204/4833
f 4833/4204/4833 2818/4207/2818 997/4208/997 2833/4209/2833
f 3330/4205/3330 4833/4204/4833 2833/4209/2833 1331/4210/1331
f 939/4211/939 3310/4212/3310 4834/4213/4834 3304/4214/3304
f 3310/4212/3310 815/4215/815 2992/4216/2992 4834/4213/4834
f 4834/4213/4834 2992/4216/2992 814/4167/814 3309/4196/3309
f 3304/4214/3304 4834/4213/4834 3309/4196/3309 940/4195/940
f 938/4217/938 3311/4218/3311 4835/4219/4835 3303/4220/3303
f 3311/4218/3311 816/4221/816 2993/4187/2993 4835/4219/4835
f 4835/4219/4835 2993/4187/2993 815/4215/815 3310/4212/3310
f 3303/4220/3303 4835/4219/4835 3310/4212/3310 939/4211/939
f 937/4222/937 3312/4223/3312 4836/4224/4836 3302/4225/3302
f 3312/4223/3312 817/4226/817 2994/4227/2994 4836/4224/4836
f 4836/4224/4836 2994/4227/2994 816/4221/816 3311/4218/3311
f 3302/4225/3302 4836/4224/4836 3311/4218/3311 938/4217/938
f 1320/4228/1320 2995/4229/2995 4837/4230/4837 2786/4231/2786
f 2995/4229/2995 812/4189/812 2990/4192/2990 4837/4230/4837
f 4837/4230/4837 2990/4192/2990 817/4194/817 2996/4232/2996
f 2786/4231/2786 4837/4230/4837 2996/4232/2996 1321/4233/1321
f 1093/4234/1093 3364/4235/3364 4838/4236/4838 3313/4237/3313
f 3364/4235/3364 1321/4233/1321 2996/4238/2996 4838/4236/4838
f 4838/4236/4838 2996/4238/2996 817/4226/817 3312/4223/3312
f 3313/4237/3313 4838/4236/4838 3312/4223/3312 937/4222/937
f 819/4059/819 2999/4239/2999 4839/4240/4839 3003/4060/3003
f 2999/4239/2999 818/4241/818 3002/4242/3002 4839/4240/4839
f 4839/4240/4839 3002/4242/3002 822/4243/822 3006/4244/3006
f 3003/4060/3003 4839/4240/4839 3006/4244/3006 823/4061/823
f 821/4245/821 3001/4246/3001 4840/4247/4840 3005/4248/3005
f 3001/4246/3001 820/4055/820 3004/4058/3004 4840/4247/4840
f 4840/4247/4840 3004/4058/3004 824/4063/824 3008/4249/3008
f 3005/4248/3005 4840/4247/4840 3008/4249/3008 825/4250/825
f 696/4078/696 2787/4077/2787 4841/4251/4841 3010/4252/3010
f 2787/4077/2787 697/4076/697 3009/4253/3009 4841/4251/4841
f 4841/4251/4841 3009/4253/3009 821/4254/821 3005/4248/3005
f 3010/4252/3010 4841/4251/4841 3005/4248/3005 825/4255/825
f 840/4256/840 3042/4257/3042 4842/4258/4842 3046/4259/3046
f 3042/4257/3042 839/4260/839 3045/4261/3045 4842/4258/4842
f 4842/4258/4842 3045/4261/3045 843/4262/843 3049/4263/3049
f 3046/4259/3046 4842/4258/4842 3049/4263/3049 844/4264/844
f 918/4265/918 3249/4266/3249 4843/4267/4843 3245/4268/3245
f 3249/4266/3249 823/4269/823 3006/4244/3006 4843/4267/4843
f 4843/4267/4843 3006/4244/3006 822/4270/822 3248/4271/3248
f 3245/4268/3245 4843/4267/4843 3248/4271/3248 919/4272/919
f 916/4273/916 3251/4274/3251 4844/4275/4844 3243/4276/3243
f 3251/4274/3251 825/4255/825 3008/4277/3008 4844/4275/4844
f 4844/4275/4844 3008/4277/3008 824/4278/824 3250/4279/3250
f 3243/4276/3243 4844/4275/4844 3250/4279/3250 917/4280/917
f 756/4281/756 2857/4282/2857 4845/4283/4845 3252/4284/3252
f 2857/4282/2857 696/4078/696 3010/4252/3010 4845/4283/4845
f 4845/4283/4845 3010/4252/3010 825/4255/825 3251/4274/3251
f 3252/4284/3252 4845/4283/4845 3251/4274/3251 916/4273/916
f 919/4272/919 3248/4271/3248 4846/4285/4846 3247/4286/3247
f 3248/4271/3248 822/4270/822 3011/4287/3011 4846/4285/4846
f 4846/4285/4846 3011/4287/3011 689/4288/689 1441/4289/1441
f 3247/4286/3247 4846/4285/4846 1441/4289/1441 739/4290/739
f 818/4241/818 3012/4291/3012 4847/4292/4847 3002/4242/3002
f 3012/4291/3012 688/595/688 1437/594/1437 4847/4292/4847
f 4847/4292/4847 1437/594/1437 689/4288/689 3011/4293/3011
f 3002/4242/3002 4847/4292/4847 3011/4293/3011 822/4243/822
f 827/4294/827 3013/4295/3013 4848/4296/4848 3016/4297/3016
f 3013/4295/3013 826/4298/826 3015/4299/3015 4848/4296/4848
f 4848/4296/4848 3015/4299/3015 829/4300/829 3018/4301/3018
f 3016/4297/3016 4848/4296/4848 3018/4301/3018 830/4302/830
f 828/4303/828 3014/4304/3014 4849/4305/4849 3017/4306/3017
f 3014/4304/3014 827/4294/827 3016/4297/3016 4849/4305/4849
f 4849/4305/4849 3016/4297/3016 830/4302/830 3019/4307/3019
f 3017/4306/3017 4849/4305/4849 3019/4307/3019 831/4308/831
f 700/3989/700 2791/3988/2791 4850/4309/4850 3021/4310/3021
f 2791/3988/2791 701/3987/701 3020/4311/3020 4850/4309/4850
f 4850/4309/4850 3020/4311/3020 828/4303/828 3017/4312/3017
f 3021/4310/3021 4850/4309/4850 3017/4312/3017 831/4313/831
f 980/4314/980 3415/4315/3415 4851/4316/4851 3391/4317/3391
f 3415/4315/3415 981/4318/981 3392/4319/3392 4851/4316/4851
f 4851/4316/4851 3392/4319/3392 698/4320/698 2790/4321/2790
f 3391/4317/3391 4851/4316/4851 2790/4321/2790 699/4322/699
f 930/4323/930 3284/4324/3284 4852/4325/4852 3280/4326/3280
f 3284/4324/3284 830/4302/830 3018/4327/3018 4852/4325/4852
f 4852/4325/4852 3018/4327/3018 829/4328/829 3283/4329/3283
f 3280/4326/3280 4852/4325/4852 3283/4329/3283 931/4330/931
f 929/4331/929 3285/4332/3285 4853/4333/4853 3279/4334/3279
f 3285/4332/3285 831/4313/831 3019/4335/3019 4853/4333/4853
f 4853/4333/4853 3019/4335/3019 830/4302/830 3284/4324/3284
f 3279/4334/3279 4853/4333/4853 3284/4324/3284 930/4323/930
f 737/4336/737 2835/4337/2835 4854/4338/4854 3286/4339/3286
f 2835/4337/2835 700/3989/700 3021/4310/3021 4854/4338/4854
f 4854/4338/4854 3021/4310/3021 831/4313/831 3285/4332/3285
f 3286/4339/3286 4854/4338/4854 3285/4332/3285 929/4331/929
f 952/4340/952 3345/4341/3345 4855/4342/4855 3342/4343/3342
f 3345/4341/3345 723/4344/723 2812/4345/2812 4855/4342/4855
f 4855/4342/4855 2812/4345/2812 722/4346/722 3344/4347/3344
f 3342/4343/3342 4855/4342/4855 3344/4347/3344 951/4348/951
f 827/4349/827 3014/4304/3014 4856/4350/4856 3037/4351/3037
f 3014/4304/3014 828/4352/828 3036/4353/3036 4856/4350/4856
f 4856/4350/4856 3036/4353/3036 837/4354/837 3030/4355/3030
f 3037/4351/3037 4856/4350/4856 3030/4355/3030 836/4356/836
f 679/4357/679 2767/4042/2767 4857/4358/4857 3032/4359/3032
f 2767/4042/2767 680/4360/680 3031/4361/3031 4857/4358/4857
f 4857/4358/4857 3031/4361/3031 832/4362/832 3024/4363/3024
f 3032/4359/3032 4857/4358/4857 3024/4363/3024 833/4364/833
f 678/4365/678 2766/4366/2766 4858/4367/4858 3033/4368/3033
f 2766/4366/2766 679/4357/679 3032/4359/3032 4858/4367/4858
f 4858/4367/4858 3032/4359/3032 833/4364/833 3025/4369/3025
f 3033/4368/3033 4858/4367/4858 3025/4369/3025 834/4370/834
f 695/4174/695 2784/4371/2784 4859/4372/4859 3034/4373/3034
f 2784/4371/2784 654/3967/654 2765/4004/2765 4859/4372/4859
f 4859/4372/4859 2765/4004/2765 678/4006/678 3033/4368/3033
f 3034/4373/3034 4859/4372/4859 3033/4368/3033 834/4374/834
f 828/4352/828 3020/4375/3020 4860/4376/4860 3036/4353/3036
f 3020/4375/3020 701/3987/701 2792/4377/2792 4860/4376/4860
f 4860/4376/4860 2792/4377/2792 694/4378/694 3035/4379/3035
f 3036/4353/3036 4860/4376/4860 3035/4379/3035 837/4354/837
f 833/4364/833 3024/4363/3024 4861/4380/4861 3027/4381/3027
f 3024/4363/3024 832/4362/832 3026/4382/3026 4861/4380/4861
f 4861/4380/4861 3026/4382/3026 835/4383/835 3029/4384/3029
f 3027/4381/3027 4861/4380/4861 3029/4384/3029 836/4385/836
f 834/4370/834 3025/4369/3025 4862/4386/4862 3028/4387/3028
f 3025/4369/3025 833/4364/833 3027/4381/3027 4862/4386/4862
f 4862/4386/4862 3027/4381/3027 836/4385/836 3030/4388/3030
f 3028/4387/3028 4862/4386/4862 3030/4388/3030 837/4389/837
f 694/4176/694 2783/4175/2783 4863/4390/4863 3035/4391/3035
f 2783/4175/2783 695/4174/695 3034/4373/3034 4863/4390/4863
f 4863/4390/4863 3034/4373/3034 834/4374/834 3028/4392/3028
f 3035/4391/3035 4863/4390/4863 3028/4392/3028 837/4393/837
f 981/4318/981 3414/4394/3414 4864/4395/4864 3392/4319/3392
f 3414/4394/3414 970/4007/970 2768/4010/2768 4864/4395/4864
f 4864/4395/4864 2768/4010/2768 652/3719/652 2789/4396/2789
f 3392/4319/3392 4864/4395/4864 2789/4396/2789 698/4320/698
f 826/4397/826 3013/4398/3013 4865/4399/4865 3038/4400/3038
f 3013/4398/3013 827/4349/827 3037/4351/3037 4865/4399/4865
f 4865/4399/4865 3037/4351/3037 836/4356/836 3029/4401/3029
f 3038/4400/3038 4865/4399/4865 3029/4401/3029 835/4383/835
f 979/4128/979 3413/4402/3413 4866/4403/4866 3390/4129/3390
f 3413/4402/3413 980/4314/980 3391/4317/3391 4866/4403/4866
f 4866/4403/4866 3391/4317/3391 699/4322/699 2781/4404/2781
f 3390/4129/3390 4866/4403/4866 2781/4404/2781 692/4118/692
f 859/4405/859 3092/4406/3092 4867/4407/4867 3105/4408/3105
f 3092/4406/3092 856/4409/856 3106/4410/3106 4867/4407/4867
f 4867/4407/4867 3106/4410/3106 691/4411/691 2779/4412/2779
f 3105/4408/3105 4867/4407/4867 2779/4412/2779 690/4413/690
f 820/4414/820 3001/4415/3001 4868/4416/4868 3058/4417/3058
f 3001/4415/3001 821/4418/821 3057/4419/3057 4868/4416/4868
f 4868/4416/4868 3057/4419/3057 845/4420/845 3050/4421/3050
f 3058/4417/3058 4868/4416/4868 3050/4421/3050 844/4422/844
f 677/3814/677 3051/4423/3051 4869/4424/4869 2763/3781/2763
f 3051/4423/3051 838/4425/838 3041/4426/3041 4869/4424/4869
f 4869/4424/4869 3041/4426/3041 839/4427/839 3052/4428/3052
f 2763/3781/2763 4869/4424/4869 3052/4428/3052 676/4429/676
f 674/3799/674 2761/3798/2761 4870/4430/4870 3054/4431/3054
f 2761/3798/2761 675/3795/675 3053/4432/3053 4870/4430/4870
f 4870/4430/4870 3053/4432/3053 840/4256/840 3043/4433/3043
f 3054/4431/3054 4870/4430/4870 3043/4433/3043 841/4434/841
f 691/4435/691 2780/4436/2780 4871/4437/4871 3055/4438/3055
f 2780/4436/2780 653/3733/653 2760/4439/2760 4871/4437/4871
f 4871/4437/4871 2760/4439/2760 674/4440/674 3054/4441/3054
f 3055/4438/3055 4871/4437/4871 3054/4441/3054 841/4442/841
f 821/4418/821 3009/4443/3009 4872/4444/4872 3057/4419/3057
f 3009/4443/3009 697/4076/697 2788/4445/2788 4872/4444/4872
f 4872/4444/4872 2788/4445/2788 690/4446/690 3056/4447/3056
f 3057/4419/3057 4872/4444/4872 3056/4447/3056 845/4420/845
f 839/4260/839 3041/4448/3041 4873/4449/4873 3045/4261/3045
f 3041/4448/3041 838/4450/838 3044/4451/3044 4873/4449/4873
f 4873/4449/4873 3044/4451/3044 842/4452/842 3048/4453/3048
f 3045/4261/3045 4873/4449/4873 3048/4453/3048 843/4262/843
f 841/4434/841 3043/4433/3043 4874/4454/4874 3047/4455/3047
f 3043/4433/3043 840/4256/840 3046/4259/3046 4874/4454/4874
f 4874/4454/4874 3046/4259/3046 844/4264/844 3050/4456/3050
f 3047/4455/3047 4874/4454/4874 3050/4456/3050 845/4457/845
f 690/4413/690 2779/4412/2779 4875/4458/4875 3056/4459/3056
f 2779/4412/2779 691/4411/691 3055/4460/3055 4875/4458/4875
f 4875/4458/4875 3055/4460/3055 841/4434/841 3047/4461/3047
f 3056/4459/3056 4875/4458/4875 3047/4461/3047 845/4462/845
f 675/3795/675 2762/3794/2762 4876/4463/4876 3053/4432/3053
f 2762/3794/2762 676/3782/676 3052/4464/3052 4876/4463/4876
f 4876/4463/4876 3052/4464/3052 839/4260/839 3042/4257/3042
f 3053/4432/3053 4876/4463/4876 3042/4257/3042 840/4256/840
f 819/4465/819 3000/4056/3000 4877/4466/4877 3059/4467/3059
f 3000/4056/3000 820/4414/820 3058/4417/3058 4877/4466/4877
f 4877/4466/4877 3058/4417/3058 844/4422/844 3049/4263/3049
f 3059/4467/3059 4877/4466/4877 3049/4263/3049 843/4468/843
f 879/4469/879 3146/4470/3146 4878/4471/4878 3150/4472/3150
f 3146/4470/3146 878/4473/878 3149/4474/3149 4878/4471/4878
f 4878/4471/4878 3149/4474/3149 882/4475/882 3153/4476/3153
f 3150/4472/3150 4878/4471/4878 3153/4476/3153 883/4477/883
f 819/4478/819 3059/4479/3059 4879/4480/4879 2999/4239/2999
f 3059/4479/3059 843/4481/843 3048/4453/3048 4879/4480/4879
f 4879/4480/4879 3048/4453/3048 842/4482/842 3060/4483/3060
f 2999/4239/2999 4879/4480/4879 3060/4483/3060 818/4241/818
f 818/4241/818 3060/4483/3060 4880/4484/4880 3012/4485/3012
f 3060/4483/3060 842/4482/842 3061/4486/3061 4880/4484/4880
f 4880/4484/4880 3061/4486/3061 959/784/959 1438/4487/1438
f 3012/4485/3012 4880/4484/4880 1438/4487/1438 688/4488/688
f 1046/4489/1046 3082/4490/3082 4881/4491/4881 2785/4492/2785
f 3082/4490/3082 855/4493/855 3083/4494/3083 4881/4491/4881
f 4881/4491/4881 3083/4494/3083 812/4189/812 2995/4229/2995
f 2785/4492/2785 4881/4491/4881 2995/4229/2995 1320/4228/1320
f 838/4450/838 3062/4495/3062 4882/4496/4882 3044/4451/3044
f 3062/4495/3062 960/4497/960 1415/4498/1415 4882/4496/4882
f 4882/4496/4882 1415/4498/1415 959/795/959 3061/4499/3061
f 3044/4451/3044 4882/4496/4882 3061/4499/3061 842/4452/842
f 838/4425/838 3051/4500/3051 4883/4501/4883 3062/4502/3062
f 3051/4500/3051 677/4503/677 2764/4504/2764 4883/4501/4883
f 4883/4501/4883 2764/4504/2764 651/108/651 1414/4505/1414
f 3062/4502/3062 4883/4501/4883 1414/4505/1414 960/4497/960
f 668/3888/668 2753/4506/2753 4884/4507/4884 3077/4508/3077
f 2753/4506/2753 669/4509/669 3076/4510/3076 4884/4507/4884
f 4884/4507/4884 3076/4510/3076 846/4172/846 3063/4511/3063
f 3077/4508/3077 4884/4507/4884 3063/4511/3063 847/4512/847
f 808/4513/808 2982/4514/2982 4885/4515/4885 3087/4516/3087
f 2982/4514/2982 809/4517/809 3086/4518/3086 4885/4515/4885
f 4885/4515/4885 3086/4518/3086 852/4519/852 3072/4520/3072
f 3087/4516/3087 4885/4515/4885 3072/4520/3072 851/4168/851
f 668/4521/668 3077/4522/3077 4886/4523/4886 2752/4524/2752
f 3077/4522/3077 847/4525/847 3064/4526/3064 4886/4523/4886
f 4886/4523/4886 3064/4526/3064 848/4527/848 3078/4528/3078
f 2752/4524/2752 4886/4523/4886 3078/4528/3078 667/3870/667
f 667/3870/667 3078/4528/3078 4887/4529/4887 2751/3871/2751
f 3078/4528/3078 848/4527/848 3065/4530/3065 4887/4529/4887
f 4887/4529/4887 3065/4530/3065 849/4531/849 3079/4532/3079
f 2751/3871/2751 4887/4529/4887 3079/4532/3079 666/4533/666
f 666/4533/666 3079/4532/3079 4888/4534/4888 2750/4535/2750
f 3079/4532/3079 849/4531/849 3066/4536/3066 4888/4534/4888
f 4888/4534/4888 3066/4536/3066 850/4537/850 3080/4538/3080
f 2750/4535/2750 4888/4534/4888 3080/4538/3080 665/3853/665
f 847/4512/847 3063/4511/3063 4889/4539/4889 3068/4540/3068
f 3063/4511/3063 846/4172/846 3067/4541/3067 4889/4539/4889
f 4889/4539/4889 3067/4541/3067 851/4542/851 3072/4520/3072
f 3068/4540/3068 4889/4539/4889 3072/4520/3072 852/4543/852
f 846/4172/846 3076/4544/3076 4890/4545/4890 3089/4173/3089
f 3076/4544/3076 669/3908/669 2754/3965/2754 4890/4545/4890
f 4890/4545/4890 2754/3965/2754 654/3967/654 2784/4371/2784
f 3089/4173/3089 4890/4545/4890 2784/4371/2784 695/4174/695
f 848/4546/848 3064/4547/3064 4891/4548/4891 3069/4549/3069
f 3064/4547/3064 847/4512/847 3068/4540/3068 4891/4548/4891
f 4891/4548/4891 3068/4540/3068 852/4543/852 3073/4550/3073
f 3069/4549/3069 4891/4548/4891 3073/4550/3073 853/4551/853
f 849/4531/849 3065/4552/3065 4892/4553/4892 3070/4554/3070
f 3065/4552/3065 848/4546/848 3069/4549/3069 4892/4553/4892
f 4892/4553/4892 3069/4549/3069 853/4551/853 3074/4555/3074
f 3070/4554/3070 4892/4553/4892 3074/4555/3074 854/4556/854
f 850/4557/850 3066/4536/3066 4893/4558/4893 3071/4559/3071
f 3066/4536/3066 849/4531/849 3070/4554/3070 4893/4558/4893
f 4893/4558/4893 3070/4554/3070 854/4556/854 3075/4560/3075
f 3071/4559/3071 4893/4558/4893 3075/4560/3075 855/4493/855
f 1315/4561/1315 2749/4562/2749 4894/4563/4894 3365/4564/3365
f 2749/4562/2749 665/3853/665 3080/4565/3080 4894/4563/4894
f 4894/4563/4894 3080/4565/3080 850/4557/850 3081/4566/3081
f 3365/4564/3365 4894/4563/4894 3081/4566/3081 1045/4567/1045
f 1045/4567/1045 3081/4566/3081 4895/4568/4895 3366/4569/3366
f 3081/4566/3081 850/4557/850 3071/4559/3071 4895/4568/4895
f 4895/4568/4895 3071/4559/3071 855/4493/855 3082/4490/3082
f 3366/4569/3366 4895/4568/4895 3082/4490/3082 1046/4489/1046
f 812/4570/812 3083/4571/3083 4896/4572/4896 2985/4573/2985
f 3083/4571/3083 855/4574/855 3075/4575/3075 4896/4572/4896
f 4896/4572/4896 3075/4575/3075 854/4576/854 3084/4577/3084
f 2985/4573/2985 4896/4572/4896 3084/4577/3084 811/4578/811
f 811/4578/811 3084/4577/3084 4897/4579/4897 2984/4580/2984
f 3084/4577/3084 854/4576/854 3074/4555/3074 4897/4579/4897
f 4897/4579/4897 3074/4555/3074 853/4581/853 3085/4582/3085
f 2984/4580/2984 4897/4579/4897 3085/4582/3085 810/4583/810
f 810/4583/810 3085/4582/3085 4898/4584/4898 2983/4585/2983
f 3085/4582/3085 853/4581/853 3073/4586/3073 4898/4584/4898
f 4898/4584/4898 3073/4586/3073 852/4543/852 3086/4518/3086
f 2983/4585/2983 4898/4584/4898 3086/4518/3086 809/4587/809
f 808/3985/808 3087/4588/3087 4899/4589/4899 2998/3986/2998
f 3087/4588/3087 851/4168/851 3088/4171/3088 4899/4589/4899
f 4899/4589/4899 3088/4171/3088 694/4176/694 2792/4590/2792
f 2998/3986/2998 4899/4589/4899 2792/4590/2792 701/3987/701
f 724/4591/724 2815/4592/2815 4900/4593/4900 3144/4594/3144
f 2815/4592/2815 725/4595/725 3143/4596/3143 4900/4593/4900
f 4900/4593/4900 3143/4596/3143 867/4597/867 3111/4598/3111
f 3144/4594/3144 4900/4593/4900 3111/4598/3111 862/4599/862
f 803/4600/803 2972/4601/2972 4901/4602/4901 3103/4603/3103
f 2972/4601/2972 804/4604/804 3102/4605/3102 4901/4602/4901
f 4901/4602/4901 3102/4605/3102 861/4606/861 3096/4607/3096
f 3103/4603/3103 4901/4602/4901 3096/4607/3096 860/4608/860
f 663/4609/663 2747/4610/2747 4902/4611/4902 3098/4612/3098
f 2747/4610/2747 664/3725/664 3097/4613/3097 4902/4611/4902
f 4902/4611/4902 3097/4613/3097 856/4614/856 3090/4615/3090
f 3098/4612/3098 4902/4611/4902 3090/4615/3090 857/4616/857
f 662/4617/662 2746/4618/2746 4903/4619/4903 3099/4620/3099
f 2746/4618/2746 663/4609/663 3098/4612/3098 4903/4619/4903
f 4903/4619/4903 3098/4612/3098 857/4616/857 3091/4621/3091
f 3099/4620/3099 4903/4619/4903 3091/4621/3091 858/4622/858
f 652/4623/652 2745/3722/2745 4904/4624/4904 2789/4625/2789
f 2745/3722/2745 662/4617/662 3099/4620/3099 4904/4624/4904
f 4904/4624/4904 3099/4620/3099 858/4622/858 3100/4626/3100
f 2789/4625/2789 4904/4624/4904 3100/4626/3100 698/4320/698
f 804/4604/804 2978/4627/2978 4905/4628/4905 3102/4605/3102
f 2978/4627/2978 692/4629/692 2781/4630/2781 4905/4628/4905
f 4905/4628/4905 2781/4630/2781 699/4322/699 3101/4631/3101
f 3102/4605/3102 4905/4628/4905 3101/4631/3101 861/4606/861
f 857/4616/857 3090/4615/3090 4906/4632/4906 3093/4633/3093
f 3090/4615/3090 856/4614/856 3092/4634/3092 4906/4632/4906
f 4906/4632/4906 3092/4634/3092 859/4405/859 3095/4635/3095
f 3093/4633/3093 4906/4632/4906 3095/4635/3095 860/4636/860
f 858/4622/858 3091/4621/3091 4907/4637/4907 3094/4638/3094
f 3091/4621/3091 857/4616/857 3093/4633/3093 4907/4637/4907
f 4907/4637/4907 3093/4633/3093 860/4636/860 3096/4639/3096
f 3094/4638/3094 4907/4637/4907 3096/4639/3096 861/4606/861
f 698/4320/698 3100/4626/3100 4908/4640/4908 2790/4641/2790
f 3100/4626/3100 858/4622/858 3094/4638/3094 4908/4640/4908
f 4908/4640/4908 3094/4638/3094 861/4606/861 3101/4642/3101
f 2790/4641/2790 4908/4640/4908 3101/4642/3101 699/4643/699
f 856/4644/856 3097/4645/3097 4909/4646/4909 3106/4410/3106
f 3097/4645/3097 664/3725/664 2748/3728/2748 4909/4646/4909
f 4909/4646/4909 2748/3728/2748 653/3733/653 2780/4436/2780
f 3106/4410/3106 4909/4646/4909 2780/4436/2780 691/4435/691
f 687/3832/687 2877/4647/2877 4910/4648/4910 2772/4054/2772
f 2877/4647/2877 758/3827/758 2860/4649/2860 4910/4648/4910
f 4910/4648/4910 2860/4649/2860 759/3734/759 2878/4650/2878
f 2772/4054/2772 4910/4648/4910 2878/4650/2878 686/3774/686
f 802/4074/802 2971/4651/2971 4911/4652/4911 3104/4653/3104
f 2971/4651/2971 803/4600/803 3103/4603/3103 4911/4652/4911
f 4911/4652/4911 3103/4603/3103 860/4608/860 3095/4654/3095
f 3104/4653/3104 4911/4652/4911 3095/4654/3095 859/4655/859
f 802/4074/802 3104/4656/3104 4912/4657/4912 2981/4075/2981
f 3104/4656/3104 859/4405/859 3105/4408/3105 4912/4657/4912
f 4912/4657/4912 3105/4408/3105 690/4413/690 2788/4445/2788
f 2981/4075/2981 4912/4657/4912 2788/4445/2788 697/4076/697
f 730/4658/730 2822/4659/2822 4913/4660/4913 3130/4661/3130
f 2822/4659/2822 731/4662/731 3129/4663/3129 4913/4660/4913
f 4913/4660/4913 3129/4663/3129 862/4664/862 3107/4665/3107
f 3130/4661/3130 4913/4660/4913 3107/4665/3107 863/4666/863
f 985/4667/985 3412/4668/3412 4914/4669/4914 3396/4670/3396
f 3412/4668/3412 986/4671/986 3397/4672/3397 4914/4669/4914
f 4914/4669/4914 3397/4672/3397 706/4673/706 2797/4674/2797
f 3396/4670/3396 4914/4669/4914 2797/4674/2797 705/4675/705
f 730/4676/730 3130/4661/3130 4915/4677/4915 2821/4678/2821
f 3130/4661/3130 863/4679/863 3108/4680/3108 4915/4677/4915
f 4915/4677/4915 3108/4680/3108 864/4681/864 3131/4682/3131
f 2821/4678/2821 4915/4677/4915 3131/4682/3131 729/4683/729
f 729/4683/729 3131/4682/3131 4916/4684/4916 2820/4685/2820
f 3131/4682/3131 864/4681/864 3109/4686/3109 4916/4684/4916
f 4916/4684/4916 3109/4686/3109 865/4687/865 3132/4688/3132
f 2820/4685/2820 4916/4684/4916 3132/4688/3132 728/4689/728
f 728/4689/728 3132/4688/3132 4917/4690/4917 2819/4691/2819
f 3132/4688/3132 865/4687/865 3110/4692/3110 4917/4690/4917
f 4917/4690/4917 3110/4692/3110 866/4693/866 3133/4694/3133
f 2819/4691/2819 4917/4690/4917 3133/4694/3133 727/4206/727
f 863/4666/863 3107/4665/3107 4918/4695/4918 3112/4696/3112
f 3107/4665/3107 862/4664/862 3111/4598/3111 4918/4695/4918
f 4918/4695/4918 3111/4598/3111 867/4697/867 3116/4698/3116
f 3112/4696/3112 4918/4695/4918 3116/4698/3116 868/4699/868
f 725/4595/725 2816/4700/2816 4919/4701/4919 3143/4596/3143
f 2816/4700/2816 726/4702/726 3142/4703/3142 4919/4701/4919
f 4919/4701/4919 3142/4703/3142 872/4704/872 3120/4705/3120
f 3143/4596/3143 4919/4701/4919 3120/4705/3120 867/4597/867
f 864/4706/864 3108/4707/3108 4920/4708/4920 3113/4709/3113
f 3108/4707/3108 863/4666/863 3112/4696/3112 4920/4708/4920
f 4920/4708/4920 3112/4696/3112 868/4699/868 3117/4710/3117
f 3113/4709/3113 4920/4708/4920 3117/4710/3117 869/4711/869
f 865/4712/865 3109/4713/3109 4921/4714/4921 3114/4715/3114
f 3109/4713/3109 864/4706/864 3113/4709/3113 4921/4714/4921
f 4921/4714/4921 3113/4709/3113 869/4711/869 3118/4716/3118
f 3114/4715/3114 4921/4714/4921 3118/4716/3118 870/4717/870
f 866/4718/866 3110/4719/3110 4922/4720/4922 3115/4721/3115
f 3110/4719/3110 865/4712/865 3114/4715/3114 4922/4720/4922
f 4922/4720/4922 3114/4715/3114 870/4717/870 3119/4722/3119
f 3115/4721/3115 4922/4720/4922 3119/4722/3119 871/4723/871
f 868/4699/868 3116/4698/3116 4923/4724/4923 3121/4725/3121
f 3116/4698/3116 867/4697/867 3120/4705/3120 4923/4724/4923
f 4923/4724/4923 3120/4705/3120 872/4704/872 3125/4726/3125
f 3121/4725/3121 4923/4724/4923 3125/4726/3125 873/4727/873
f 862/4728/862 3129/4729/3129 4924/4730/4924 3144/4594/3144
f 3129/4729/3129 731/4731/731 2823/4732/2823 4924/4730/4924
f 4924/4730/4924 2823/4732/2823 658/4733/658 2814/4734/2814
f 3144/4594/3144 4924/4730/4924 2814/4734/2814 724/4735/724
f 869/4711/869 3117/4710/3117 4925/4736/4925 3122/4737/3122
f 3117/4710/3117 868/4699/868 3121/4725/3121 4925/4736/4925
f 4925/4736/4925 3121/4725/3121 873/4727/873 3126/4738/3126
f 3122/4737/3122 4925/4736/4925 3126/4738/3126 874/4739/874
f 870/4717/870 3118/4716/3118 4926/4740/4926 3123/4741/3123
f 3118/4716/3118 869/4711/869 3122/4737/3122 4926/4740/4926
f 4926/4740/4926 3122/4737/3122 874/4739/874 3127/4742/3127
f 3123/4741/3123 4926/4740/4926 3127/4742/3127 875/4743/875
f 871/4723/871 3119/4722/3119 4927/4744/4927 3124/4745/3124
f 3119/4722/3119 870/4717/870 3123/4741/3123 4927/4744/4927
f 4927/4744/4927 3123/4741/3123 875/4743/875 3128/4746/3128
f 3124/4745/3124 4927/4744/4927 3128/4746/3128 876/4747/876
f 720/4748/720 3176/4749/3176 4928/4750/4928 2808/4751/2808
f 3176/4749/3176 877/4752/877 3145/4753/3145 4928/4750/4928
f 4928/4750/4928 3145/4753/3145 878/4754/878 3177/4755/3177
f 2808/4751/2808 4928/4750/4928 3177/4755/3177 719/4756/719
f 971/4757/971 2817/4758/2817 4929/4759/4929 3411/4760/3411
f 2817/4758/2817 657/4761/657 2798/4762/2798 4929/4759/4929
f 4929/4759/4929 2798/4762/2798 706/4763/706 3397/4672/3397
f 3411/4760/3411 4929/4759/4929 3397/4672/3397 986/4764/986
f 984/4765/984 3410/4766/3410 4930/4767/4930 3395/4768/3395
f 3410/4766/3410 985/4667/985 3396/4670/3396 4930/4767/4930
f 4930/4767/4930 3396/4670/3396 705/4675/705 2796/4769/2796
f 3395/4768/3395 4930/4767/4930 2796/4769/2796 704/4770/704
f 983/4771/983 3409/4772/3409 4931/4773/4931 3394/4774/3394
f 3409/4772/3409 984/4765/984 3395/4768/3395 4931/4773/4931
f 4931/4773/4931 3395/4768/3395 704/4770/704 2795/4775/2795
f 3394/4774/3394 4931/4773/4931 2795/4775/2795 703/4776/703
f 982/4777/982 3408/4778/3408 4932/4779/4932 3393/4780/3393
f 3408/4778/3408 983/4771/983 3394/4774/3394 4932/4779/4932
f 4932/4779/4932 3394/4774/3394 703/4776/703 2794/4781/2794
f 3393/4780/3393 4932/4779/4932 2794/4781/2794 702/4782/702
f 997/4208/997 2818/4783/2818 4933/4784/4933 3367/4785/3367
f 2818/4783/2818 727/4786/727 3133/4787/3133 4933/4784/4933
f 4933/4784/4933 3133/4787/3133 866/4718/866 3134/4788/3134
f 3367/4785/3367 4933/4784/4933 3134/4788/3134 1062/4789/1062
f 705/4675/705 2797/4674/2797 4934/4790/4934 3217/4791/3217
f 2797/4674/2797 706/4673/706 3216/4792/3216 4934/4790/4934
f 4934/4790/4934 3216/4792/3216 897/4793/897 3194/4794/3194
f 3217/4791/3217 4934/4790/4934 3194/4794/3194 898/4795/898
f 1062/4789/1062 3134/4788/3134 4935/4796/4935 3368/4797/3368
f 3134/4788/3134 866/4718/866 3115/4721/3115 4935/4796/4935
f 4935/4796/4935 3115/4721/3115 871/4723/871 3135/4798/3135
f 3368/4797/3368 4935/4796/4935 3135/4798/3135 1063/4799/1063
f 1063/4799/1063 3135/4798/3135 4936/4800/4936 3369/4801/3369
f 3135/4798/3135 871/4723/871 3124/4745/3124 4936/4800/4936
f 4936/4800/4936 3124/4745/3124 876/4747/876 3136/4802/3136
f 3369/4801/3369 4936/4800/4936 3136/4802/3136 1064/4803/1064
f 1358/4804/1358 3407/4805/3407 4937/4806/4937 3370/4807/3370
f 3407/4805/3407 982/4777/982 3393/4780/3393 4937/4806/4937
f 4937/4806/4937 3393/4780/3393 702/4782/702 2793/4808/2793
f 3370/4807/3370 4937/4806/4937 2793/4808/2793 1325/4809/1325
f 717/4810/717 2806/4811/2806 4938/4812/4938 3179/4813/3179
f 2806/4811/2806 718/4814/718 3178/4815/3178 4938/4812/4938
f 4938/4812/4938 3178/4815/3178 879/4469/879 3147/4816/3147
f 3179/4813/3179 4938/4812/4938 3147/4816/3147 880/4817/880
f 656/4818/656 2805/4819/2805 4939/4820/4939 2799/4821/2799
f 2805/4819/2805 717/4810/717 3179/4813/3179 4939/4820/4939
f 4939/4820/4939 3179/4813/3179 880/4817/880 3180/4822/3180
f 2799/4821/2799 4939/4820/4939 3180/4822/3180 707/4823/707
f 896/4824/896 3185/4825/3185 4940/4826/4940 3184/4827/3184
f 3185/4825/3185 1065/4828/1065 3372/4829/3372 4940/4826/4940
f 4940/4826/4940 3372/4829/3372 995/4830/995 2804/4831/2804
f 3184/4827/3184 4940/4826/4940 2804/4831/2804 711/4832/711
f 878/4473/878 3145/4833/3145 4941/4834/4941 3149/4474/3149
f 3145/4833/3145 877/4835/877 3148/4836/3148 4941/4834/4941
f 4941/4834/4941 3148/4836/3148 881/4837/881 3152/4838/3152
f 3149/4474/3149 4941/4834/4941 3152/4838/3152 882/4475/882
f 880/4817/880 3147/4816/3147 4942/4839/4942 3151/4840/3151
f 3147/4816/3147 879/4469/879 3150/4472/3150 4942/4839/4942
f 4942/4839/4942 3150/4472/3150 883/4477/883 3154/4841/3154
f 3151/4840/3151 4942/4839/4942 3154/4841/3154 884/4842/884
f 707/4823/707 3180/4822/3180 4943/4843/4943 2800/4844/2800
f 3180/4822/3180 880/4817/880 3151/4840/3151 4943/4843/4943
f 4943/4843/4943 3151/4840/3151 884/4842/884 3181/4845/3181
f 2800/4844/2800 4943/4843/4943 3181/4845/3181 708/4846/708
f 882/4847/882 3156/4848/3156 4944/4849/4944 3153/4850/3153
f 3156/4848/3156 886/4851/886 3160/4852/3160 4944/4849/4944
f 4944/4849/4944 3160/4852/3160 887/4853/887 3157/4854/3157
f 3153/4850/3153 4944/4849/4944 3157/4854/3157 883/4855/883
f 881/4856/881 3155/4857/3155 4945/4858/4945 3152/4859/3152
f 3155/4857/3155 885/4860/885 3159/4861/3159 4945/4858/4945
f 4945/4858/4945 3159/4861/3159 886/4851/886 3156/4848/3156
f 3152/4859/3152 4945/4858/4945 3156/4848/3156 882/4847/882
f 883/4855/883 3157/4854/3157 4946/4862/4946 3154/4863/3154
f 3157/4854/3157 887/4853/887 3161/4864/3161 4946/4862/4946
f 4946/4862/4946 3161/4864/3161 888/4865/888 3158/4866/3158
f 3154/4863/3154 4946/4862/4946 3158/4866/3158 884/4867/884
f 884/4867/884 3158/4866/3158 4947/4868/4947 3181/4869/3181
f 3158/4866/3158 888/4865/888 3182/4870/3182 4947/4868/4947
f 4947/4868/4947 3182/4870/3182 709/4871/709 2801/4872/2801
f 3181/4869/3181 4947/4868/4947 2801/4872/2801 708/4846/708
f 886/4851/886 3163/4873/3163 4948/4874/4948 3160/4852/3160
f 3163/4873/3163 890/4875/890 3167/4876/3167 4948/4874/4948
f 4948/4874/4948 3167/4876/3167 891/4877/891 3164/4878/3164
f 3160/4852/3160 4948/4874/4948 3164/4878/3164 887/4853/887
f 885/4860/885 3162/4879/3162 4949/4880/4949 3159/4861/3159
f 3162/4879/3162 889/4881/889 3166/4882/3166 4949/4880/4949
f 4949/4880/4949 3166/4882/3166 890/4875/890 3163/4873/3163
f 3159/4861/3159 4949/4880/4949 3163/4873/3163 886/4851/886
f 887/4853/887 3164/4878/3164 4950/4883/4950 3161/4864/3161
f 3164/4878/3164 891/4877/891 3168/4884/3168 4950/4883/4950
f 4950/4883/4950 3168/4884/3168 892/4885/892 3165/4886/3165
f 3161/4864/3161 4950/4883/4950 3165/4886/3165 888/4865/888
f 888/4865/888 3165/4886/3165 4951/4887/4951 3182/4870/3182
f 3165/4886/3165 892/4885/892 3183/4888/3183 4951/4887/4951
f 4951/4887/4951 3183/4888/3183 710/4889/710 2802/4890/2802
f 3182/4870/3182 4951/4887/4951 2802/4890/2802 709/4871/709
f 890/4875/890 3170/4891/3170 4952/4892/4952 3167/4876/3167
f 3170/4891/3170 894/4893/894 3174/4894/3174 4952/4892/4952
f 4952/4892/4952 3174/4894/3174 895/4895/895 3171/4896/3171
f 3167/4876/3167 4952/4892/4952 3171/4896/3171 891/4877/891
f 889/4881/889 3169/4897/3169 4953/4898/4953 3166/4882/3166
f 3169/4897/3169 893/4899/893 3173/4900/3173 4953/4898/4953
f 4953/4898/4953 3173/4900/3173 894/4893/894 3170/4891/3170
f 3166/4882/3166 4953/4898/4953 3170/4891/3170 890/4875/890
f 891/4877/891 3171/4896/3171 4954/4901/4954 3168/4884/3168
f 3171/4896/3171 895/4895/895 3175/4902/3175 4954/4901/4954
f 4954/4901/4954 3175/4902/3175 896/4824/896 3172/4903/3172
f 3168/4884/3168 4954/4901/4954 3172/4903/3172 892/4885/892
f 892/4885/892 3172/4903/3172 4955/4904/4955 3183/4888/3183
f 3172/4903/3172 896/4824/896 3184/4827/3184 4955/4904/4955
f 4955/4904/4955 3184/4827/3184 711/4832/711 2803/4905/2803
f 3183/4888/3183 4955/4904/4955 2803/4905/2803 710/4889/710
f 718/4814/718 2807/4906/2807 4956/4907/4956 3178/4815/3178
f 2807/4906/2807 719/4756/719 3177/4908/3177 4956/4907/4956
f 4956/4907/4956 3177/4908/3177 878/4473/878 3146/4470/3146
f 3178/4815/3178 4956/4907/4956 3146/4470/3146 879/4469/879
f 721/4909/721 2811/4910/2811 4957/4911/4957 3231/4912/3231
f 2811/4910/2811 722/4346/722 3230/4913/3230 4957/4911/4957
f 4957/4911/4957 3230/4913/3230 902/4914/902 3198/4915/3198
f 3231/4912/3231 4957/4911/4957 3198/4915/3198 897/4916/897
f 712/1223/712 1423/4917/1423 4958/4918/4958 3193/4919/3193
f 1423/4917/1423 713/4920/713 3192/4921/3192 4958/4918/4958
f 4958/4918/4958 3192/4921/3192 881/4856/881 3148/4922/3148
f 3193/4919/3193 4958/4918/4958 3148/4922/3148 877/4752/877
f 895/4895/895 3186/4923/3186 4959/4924/4959 3175/4902/3175
f 3186/4923/3186 1066/4925/1066 3373/4926/3373 4959/4924/4959
f 4959/4924/4959 3373/4926/3373 1065/4828/1065 3185/4825/3185
f 3175/4902/3175 4959/4924/4959 3185/4825/3185 896/4824/896
f 894/4893/894 3187/4927/3187 4960/4928/4960 3174/4894/3174
f 3187/4927/3187 1067/4929/1067 3374/4930/3374 4960/4928/4960
f 4960/4928/4960 3374/4930/3374 1066/4925/1066 3186/4923/3186
f 3174/4894/3174 4960/4928/4960 3186/4923/3186 895/4895/895
f 755/4931/755 2856/4932/2856 4961/4933/4961 3232/4934/3232
f 2856/4932/2856 659/4935/659 2859/4936/2859 4961/4933/4961
f 4961/4933/4961 2859/4936/2859 757/4937/757 3253/4938/3253
f 3232/4934/3232 4961/4933/4961 3253/4938/3253 912/4939/912
f 893/4899/893 3188/4940/3188 4962/4941/4962 3173/4900/3173
f 3188/4940/3188 1068/4942/1068 3375/4943/3375 4962/4941/4962
f 4962/4941/4962 3375/4943/3375 1067/4929/1067 3187/4927/3187
f 3173/4900/3173 4962/4941/4962 3187/4927/3187 894/4893/894
f 716/4944/716 1411/4945/1411 4963/4946/4963 3189/4947/3189
f 1411/4945/1411 996/4948/996 3371/4949/3371 4963/4946/4963
f 4963/4946/4963 3371/4949/3371 1068/4942/1068 3188/4940/3188
f 3189/4947/3189 4963/4946/4963 3188/4940/3188 893/4899/893
f 715/1257/715 1412/4950/1412 4964/4951/4964 3190/4952/3190
f 1412/4950/1412 716/4944/716 3189/4947/3189 4964/4951/4964
f 4964/4951/4964 3189/4947/3189 893/4899/893 3169/4897/3169
f 3190/4952/3190 4964/4951/4964 3169/4897/3169 889/4881/889
f 714/4953/714 1413/4954/1413 4965/4955/4965 3191/4956/3191
f 1413/4954/1413 715/1257/715 3190/4952/3190 4965/4955/4965
f 4965/4955/4965 3190/4952/3190 889/4881/889 3162/4879/3162
f 3191/4956/3191 4965/4955/4965 3162/4879/3162 885/4860/885
f 713/4920/713 1422/4957/1422 4966/4958/4966 3192/4921/3192
f 1422/4957/1422 714/4953/714 3191/4956/3191 4966/4958/4966
f 4966/4958/4966 3191/4956/3191 885/4860/885 3155/4857/3155
f 3192/4921/3192 4966/4958/4966 3155/4857/3155 881/4856/881
f 877/4959/877 3176/4960/3176 4967/4961/4967 3193/4919/3193
f 3176/4960/3176 720/4962/720 2809/4963/2809 4967/4961/4967
f 4967/4961/4967 2809/4963/2809 655/4964/655 1424/4965/1424
f 3193/4919/3193 4967/4961/4967 1424/4965/1424 712/4966/712
f 908/4967/908 3212/4968/3212 4968/4969/4968 3227/4970/3227
f 3212/4968/3212 907/4971/907 3228/4972/3228 4968/4969/4968
f 4968/4969/4968 3228/4972/3228 707/4973/707 2800/4974/2800
f 3227/4970/3227 4968/4969/4968 2800/4974/2800 708/4975/708
f 705/4976/705 3217/4977/3217 4969/4978/4969 2796/4979/2796
f 3217/4977/3217 898/4980/898 3195/4981/3195 4969/4978/4969
f 4969/4978/4969 3195/4981/3195 899/4982/899 3218/4983/3218
f 2796/4979/2796 4969/4978/4969 3218/4983/3218 704/4770/704
f 704/4770/704 3218/4983/3218 4970/4984/4970 2795/4985/2795
f 3218/4983/3218 899/4982/899 3196/4986/3196 4970/4984/4970
f 4970/4984/4970 3196/4986/3196 900/4987/900 3219/4988/3219
f 2795/4985/2795 4970/4984/4970 3219/4988/3219 703/4989/703
f 703/4989/703 3219/4988/3219 4971/4990/4971 2794/4991/2794
f 3219/4988/3219 900/4987/900 3197/4992/3197 4971/4990/4971
f 4971/4990/4971 3197/4992/3197 901/4993/901 3220/4994/3220
f 2794/4991/2794 4971/4990/4971 3220/4994/3220 702/4995/702
f 898/4795/898 3194/4794/3194 4972/4996/4972 3199/4997/3199
f 3194/4794/3194 897/4793/897 3198/4998/3198 4972/4996/4972
f 4972/4996/4972 3198/4998/3198 902/4999/902 3203/5000/3203
f 3199/4997/3199 4972/4996/4972 3203/5000/3203 903/5001/903
f 722/4346/722 2812/5002/2812 4973/5003/4973 3230/4913/3230
f 2812/5002/2812 723/5004/723 3229/5005/3229 4973/5003/4973
f 4973/5003/4973 3229/5005/3229 907/5006/907 3207/5007/3207
f 3230/4913/3230 4973/5003/4973 3207/5007/3207 902/4914/902
f 899/5008/899 3195/5009/3195 4974/5010/4974 3200/5011/3200
f 3195/5009/3195 898/4795/898 3199/4997/3199 4974/5010/4974
f 4974/5010/4974 3199/4997/3199 903/5001/903 3204/5012/3204
f 3200/5011/3200 4974/5010/4974 3204/5012/3204 904/5013/904
f 900/5014/900 3196/5015/3196 4975/5016/4975 3201/5017/3201
f 3196/5015/3196 899/5008/899 3200/5011/3200 4975/5016/4975
f 4975/5016/4975 3200/5011/3200 904/5013/904 3205/5018/3205
f 3201/5017/3201 4975/5016/4975 3205/5018/3205 905/5019/905
f 901/5020/901 3197/5021/3197 4976/5022/4976 3202/5023/3202
f 3197/5021/3197 900/5014/900 3201/5017/3201 4976/5022/4976
f 4976/5022/4976 3201/5017/3201 905/5019/905 3206/5024/3206
f 3202/5023/3202 4976/5022/4976 3206/5024/3206 906/5025/906
f 903/5001/903 3203/5000/3203 4977/5026/4977 3208/5027/3208
f 3203/5000/3203 902/4999/902 3207/5007/3207 4977/5026/4977
f 4977/5026/4977 3207/5007/3207 907/4971/907 3212/4968/3212
f 3208/5027/3208 4977/5026/4977 3212/4968/3212 908/4967/908
f 897/4793/897 3216/5028/3216 4978/5029/4978 3231/5030/3231
f 3216/5028/3216 706/5031/706 2798/5032/2798 4978/5029/4978
f 4978/5029/4978 2798/5032/2798 657/5033/657 2810/5034/2810
f 3231/5030/3231 4978/5029/4978 2810/5034/2810 721/5035/721
f 904/5013/904 3204/5012/3204 4979/5036/4979 3209/5037/3209
f 3204/5012/3204 903/5001/903 3208/5027/3208 4979/5036/4979
f 4979/5036/4979 3208/5027/3208 908/4967/908 3213/5038/3213
f 3209/5037/3209 4979/5036/4979 3213/5038/3213 909/5039/909
f 905/5019/905 3205/5018/3205 4980/5040/4980 3210/5041/3210
f 3205/5018/3205 904/5013/904 3209/5037/3209 4980/5040/4980
f 4980/5040/4980 3209/5037/3209 909/5039/909 3214/5042/3214
f 3210/5041/3210 4980/5040/4980 3214/5042/3214 910/5043/910
f 906/5025/906 3206/5024/3206 4981/5044/4981 3211/5045/3211
f 3206/5024/3206 905/5019/905 3210/5041/3210 4981/5044/4981
f 4981/5044/4981 3210/5041/3210 910/5043/910 3215/5046/3215
f 3211/5045/3211 4981/5044/4981 3215/5046/3215 911/5047/911
f 741/5048/741 2839/5049/2839 4982/5050/4982 3292/5051/3292
f 2839/5049/2839 742/5052/742 3291/5053/3291 4982/5050/4982
f 4982/5050/4982 3291/5053/3291 935/5054/935 3296/5055/3296
f 3292/5051/3292 4982/5050/4982 3296/5055/3296 936/5056/936
f 723/5004/723 2813/5057/2813 4983/5058/4983 3229/5005/3229
f 2813/5057/2813 656/4818/656 2799/4821/2799 4983/5058/4983
f 4983/5058/4983 2799/4821/2799 707/4823/707 3228/5059/3228
f 3229/5005/3229 4983/5058/4983 3228/5059/3228 907/5006/907
f 909/5039/909 3213/5038/3213 4984/5060/4984 3226/5061/3226
f 3213/5038/3213 908/4967/908 3227/4970/3227 4984/5060/4984
f 4984/5060/4984 3227/4970/3227 708/4975/708 2801/5062/2801
f 3226/5061/3226 4984/5060/4984 2801/5062/2801 709/5063/709
f 910/5043/910 3214/5042/3214 4985/5064/4985 3225/5065/3225
f 3214/5042/3214 909/5039/909 3226/5061/3226 4985/5064/4985
f 4985/5064/4985 3226/5061/3226 709/5063/709 2802/5066/2802
f 3225/5065/3225 4985/5064/4985 2802/5066/2802 710/5067/710
f 911/5047/911 3215/5046/3215 4986/5068/4986 3224/5069/3224
f 3215/5046/3215 910/5043/910 3225/5065/3225 4986/5068/4986
f 4986/5068/4986 3225/5065/3225 710/5067/710 2803/5070/2803
f 3224/5069/3224 4986/5068/4986 2803/5070/2803 711/5071/711
f 1325/4809/1325 2793/4808/2793 4987/5072/4987 3376/5073/3376
f 2793/4808/2793 702/4782/702 3220/5074/3220 4987/5072/4987
f 4987/5072/4987 3220/5074/3220 901/5020/901 3221/5075/3221
f 3376/5073/3376 4987/5072/4987 3221/5075/3221 1069/5076/1069
f 733/5077/733 3270/5078/3270 4988/5079/4988 2826/5080/2826
f 3270/5078/3270 920/5081/920 3254/5082/3254 4988/5079/4988
f 4988/5079/4988 3254/5082/3254 751/5083/751 2851/5084/2851
f 2826/5080/2826 4988/5079/4988 2851/5084/2851 660/5085/660
f 1069/5076/1069 3221/5075/3221 4989/5086/4989 3377/5087/3377
f 3221/5075/3221 901/5020/901 3202/5023/3202 4989/5086/4989
f 4989/5086/4989 3202/5023/3202 906/5025/906 3222/5088/3222
f 3377/5087/3377 4989/5086/4989 3222/5088/3222 1070/5089/1070
f 1070/5089/1070 3222/5088/3222 4990/5090/4990 3378/5091/3378
f 3222/5088/3222 906/5025/906 3211/5045/3211 4990/5090/4990
f 4990/5090/4990 3211/5045/3211 911/5047/911 3223/5092/3223
f 3378/5091/3378 4990/5090/4990 3223/5092/3223 1071/5093/1071
f 995/5094/995 3379/5095/3379 4991/5096/4991 2804/5097/2804
f 3379/5095/3379 1071/5098/1071 3223/5099/3223 4991/5096/4991
f 4991/5096/4991 3223/5099/3223 911/5047/911 3224/5069/3224
f 2804/5097/2804 4991/5096/4991 3224/5069/3224 711/5071/711
f 753/5100/753 2854/5101/2854 4992/5102/4992 3234/5103/3234
f 2854/5101/2854 754/5104/754 3233/5105/3233 4992/5102/4992
f 4992/5102/4992 3233/5105/3233 913/5106/913 3237/5107/3237
f 3234/5103/3234 4992/5102/4992 3237/5107/3237 914/5108/914
f 912/4939/912 3253/4938/3253 4993/5109/4993 3239/5110/3239
f 3253/4938/3253 757/4937/757 2858/5111/2858 4993/5109/4993
f 4993/5109/4993 2858/5111/2858 756/5112/756 3252/5113/3252
f 3239/5110/3239 4993/5109/4993 3252/5113/3252 916/5114/916
f 752/5115/752 2853/5116/2853 4994/5117/4994 3235/5118/3235
f 2853/5116/2853 753/5100/753 3234/5103/3234 4994/5117/4994
f 4994/5117/4994 3234/5103/3234 914/5108/914 3238/5119/3238
f 3235/5118/3235 4994/5117/4994 3238/5119/3238 915/5120/915
f 958/5121/958 2852/5122/2852 4995/5123/4995 2005/5124/2005
f 2852/5122/2852 752/5115/752 3235/5118/3235 4995/5123/4995
f 4995/5123/4995 3235/5118/3235 915/5120/915 3246/5125/3246
f 2005/5124/2005 4995/5123/4995 3246/5125/3246 740/1431/740
f 912/5126/912 3236/5127/3236 4996/5128/4996 3232/5129/3232
f 3236/5127/3236 913/5130/913 3233/5105/3233 4996/5128/4996
f 4996/5128/4996 3233/5105/3233 754/5131/754 2855/5132/2855
f 3232/5129/3232 4996/5128/4996 2855/5132/2855 755/5133/755
f 914/5108/914 3237/5107/3237 4997/5134/4997 3241/5135/3241
f 3237/5107/3237 913/5106/913 3240/5136/3240 4997/5134/4997
f 4997/5134/4997 3240/5136/3240 917/5137/917 3244/5138/3244
f 3241/5135/3241 4997/5134/4997 3244/5138/3244 918/5139/918
f 917/4280/917 3250/4279/3250 4998/5140/4998 3244/5141/3244
f 3250/4279/3250 824/4278/824 3007/4062/3007 4998/5140/4998
f 4998/5140/4998 3007/4062/3007 823/4269/823 3249/4266/3249
f 3244/5141/3244 4998/5140/4998 3249/4266/3249 918/4265/918
f 915/5120/915 3238/5119/3238 4999/5142/4999 3242/5143/3242
f 3238/5119/3238 914/5108/914 3241/5135/3241 4999/5142/4999
f 4999/5142/4999 3241/5135/3241 918/5139/918 3245/5144/3245
f 3242/5143/3242 4999/5142/4999 3245/5144/3245 919/5145/919
f 740/1431/740 3246/5125/3246 5000/5146/5000 2006/5147/2006
f 3246/5125/3246 915/5120/915 3242/5143/3242 5000/5146/5000
f 5000/5146/5000 3242/5143/3242 919/5145/919 3247/5148/3247
f 2006/5147/2006 5000/5146/5000 3247/5148/3247 739/5149/739
f 749/5150/749 2849/5151/2849 5001/5152/5001 3256/5153/3256
f 2849/5151/2849 750/5154/750 3255/5155/3255 5001/5152/5001
f 5001/5152/5001 3255/5155/3255 921/5156/921 3258/5157/3258
f 3256/5153/3256 5001/5152/5001 3258/5157/3258 922/5158/922
f 913/5106/913 3236/5127/3236 5002/5159/5002 3240/5136/3240
f 3236/5127/3236 912/4939/912 3239/5110/3239 5002/5159/5002
f 5002/5159/5002 3239/5110/3239 916/5114/916 3243/5160/3243
f 3240/5136/3240 5002/5159/5002 3243/5160/3243 917/5137/917
f 921/5156/921 3257/5161/3257 5003/5162/5003 3260/5163/3260
f 3257/5161/3257 920/5164/920 3259/5165/3259 5003/5162/5003
f 5003/5162/5003 3259/5165/3259 923/5166/923 3262/5167/3262
f 3260/5163/3260 5003/5162/5003 3262/5167/3262 924/5168/924
f 750/5154/750 2850/5169/2850 5004/5170/5004 3255/5155/3255
f 2850/5169/2850 751/5171/751 3254/5082/3254 5004/5170/5004
f 5004/5170/5004 3254/5082/3254 920/5164/920 3257/5161/3257
f 3255/5155/3255 5004/5170/5004 3257/5161/3257 921/5156/921
f 757/4937/757 2859/5172/2859 5005/5173/5005 3264/5174/3264
f 2859/5172/2859 659/5175/659 2848/5176/2848 5005/5173/5005
f 5005/5173/5005 2848/5176/2848 749/5177/749 3256/5178/3256
f 3264/5174/3264 5005/5173/5005 3256/5178/3256 922/5179/922
f 733/5077/733 2825/5180/2825 5006/5181/5006 3270/5078/3270
f 2825/5180/2825 732/5182/732 3269/5183/3269 5006/5181/5006
f 5006/5181/5006 3269/5183/3269 923/5184/923 3259/5165/3259
f 3270/5078/3270 5006/5181/5006 3259/5165/3259 920/5185/920
f 922/5158/922 3258/5157/3258 5007/5186/5007 3261/5187/3261
f 3258/5157/3258 921/5156/921 3260/5163/3260 5007/5186/5007
f 5007/5186/5007 3260/5163/3260 924/5168/924 3263/5188/3263
f 3261/5187/3261 5007/5186/5007 3263/5188/3263 925/5189/925
f 922/5190/922 3261/5187/3261 5008/5191/5008 3264/5192/3264
f 3261/5187/3261 925/5189/925 3265/5193/3265 5008/5191/5008
f 5008/5191/5008 3265/5193/3265 756/5194/756 2858/5195/2858
f 3264/5192/3264 5008/5191/5008 2858/5195/2858 757/5196/757
f 925/4139/925 3266/4138/3266 5009/5197/5009 3265/5198/3265
f 3266/4138/3266 805/4070/805 2980/4073/2980 5009/5197/5009
f 5009/5197/5009 2980/4073/2980 696/4078/696 2857/4282/2857
f 3265/5198/3265 5009/5197/5009 2857/4282/2857 756/4281/756
f 746/5199/746 2845/5200/2845 5010/5201/5010 3273/5202/3273
f 2845/5200/2845 747/5203/747 3272/5204/3272 5010/5201/5010
f 5010/5201/5010 3272/5204/3272 927/5205/927 3275/5206/3275
f 3273/5202/3273 5010/5201/5010 3275/5206/3275 928/5207/928
f 927/5205/927 3274/5208/3274 5011/5209/5011 3277/5210/3277
f 3274/5208/3274 926/5211/926 3276/5212/3276 5011/5209/5011
f 5011/5209/5011 3276/5212/3276 929/5213/929 3279/5214/3279
f 3277/5210/3277 5011/5209/5011 3279/5214/3279 930/5215/930
f 747/5203/747 2846/5216/2846 5012/5217/5012 3272/5204/3272
f 2846/5216/2846 748/5218/748 3271/5219/3271 5012/5217/5012
f 5012/5217/5012 3271/5219/3271 926/5211/926 3274/5208/3274
f 3272/5204/3272 5012/5217/5012 3274/5208/3274 927/5205/927
f 987/5220/987 3406/5221/3406 5013/5222/5013 3281/5223/3281
f 3406/5221/3406 973/5224/973 2844/5225/2844 5013/5222/5013
f 5013/5222/5013 2844/5225/2844 746/5226/746 3273/5202/3273
f 3281/5223/3281 5013/5222/5013 3273/5202/3273 928/5227/928
f 738/4151/738 2836/5228/2836 5014/5229/5014 3287/5230/3287
f 2836/5228/2836 737/5231/737 3286/5232/3286 5014/5229/5014
f 5014/5229/5014 3286/5232/3286 929/5233/929 3276/5234/3276
f 3287/5230/3287 5014/5229/5014 3276/5234/3276 926/5211/926
f 928/5207/928 3275/5206/3275 5015/5235/5015 3278/5236/3278
f 3275/5206/3275 927/5205/927 3277/5210/3277 5015/5235/5015
f 5015/5235/5015 3277/5210/3277 930/5215/930 3280/5237/3280
f 3278/5236/3278 5015/5235/5015 3280/5237/3280 931/5238/931
f 987/5239/987 3405/5240/3405 5016/5241/5016 3398/5242/3398
f 3405/5240/3405 988/5243/988 3399/5244/3399 5016/5241/5016
f 5016/5241/5016 3399/5244/3399 732/5182/732 2825/5180/2825
f 3398/5242/3398 5016/5241/5016 2825/5180/2825 733/5077/733
f 988/5245/988 3404/5246/3404 5017/5247/5017 3399/5248/3399
f 3404/5246/3404 978/4124/978 3389/4127/3389 5017/5247/5017
f 5017/5247/5017 3389/4127/3389 693/4131/693 2824/4147/2824
f 3399/5248/3399 5017/5247/5017 2824/4147/2824 732/4146/732
f 743/5249/743 2841/5250/2841 5018/5251/5018 3290/5252/3290
f 2841/5250/2841 744/5253/744 3289/5254/3289 5018/5251/5018
f 5018/5251/5018 3289/5254/3289 933/5255/933 3294/5256/3294
f 3290/5252/3290 5018/5251/5018 3294/5256/3294 934/5257/934
f 933/5255/933 3293/5258/3293 5019/5259/5019 3298/5260/3298
f 3293/5258/3293 932/5261/932 3297/5262/3297 5019/5259/5019
f 5019/5259/5019 3297/5262/3297 937/5263/937 3302/5264/3302
f 3298/5260/3298 5019/5259/5019 3302/5264/3302 938/5265/938
f 744/5253/744 2842/5266/2842 5020/5267/5020 3289/5254/3289
f 2842/5266/2842 745/5268/745 3288/5269/3288 5020/5267/5020
f 5020/5267/5020 3288/5269/3288 932/5261/932 3293/5258/3293
f 3289/5254/3289 5020/5267/5020 3293/5258/3293 933/5255/933
f 742/5052/742 2840/5270/2840 5021/5271/5021 3291/5053/3291
f 2840/5270/2840 743/5249/743 3290/5252/3290 5021/5271/5021
f 5021/5271/5021 3290/5252/3290 934/5257/934 3295/5272/3295
f 3291/5053/3291 5021/5271/5021 3295/5272/3295 935/5054/935
f 738/5273/738 2837/5274/2837 5022/5275/5022 3306/5276/3306
f 2837/5274/2837 661/5277/661 2838/5278/2838 5022/5275/5022
f 5022/5275/5022 2838/5278/2838 741/5279/741 3292/5280/3292
f 3306/5276/3306 5022/5275/5022 3292/5280/3292 936/5281/936
f 936/5056/936 3296/5055/3296 5023/5282/5023 3301/5283/3301
f 3296/5055/3296 935/5054/935 3300/5284/3300 5023/5282/5023
f 5023/5282/5023 3300/5284/3300 940/5285/940 3305/5286/3305
f 3301/5283/3301 5023/5282/5023 3305/5286/3305 941/5287/941
f 1332/5288/1332 3380/5289/3380 5024/5290/5024 2843/5291/2843
f 3380/5289/3380 1092/5292/1092 3314/5293/3314 5024/5290/5024
f 5024/5290/5024 3314/5293/3314 932/5294/932 3288/5295/3288
f 2843/5291/2843 5024/5290/5024 3288/5295/3288 745/5296/745
f 934/5257/934 3294/5256/3294 5025/5297/5025 3299/5298/3299
f 3294/5256/3294 933/5255/933 3298/5260/3298 5025/5297/5025
f 5025/5297/5025 3298/5260/3298 938/5265/938 3303/5299/3303
f 3299/5298/3299 5025/5297/5025 3303/5299/3303 939/5300/939
f 935/5054/935 3295/5272/3295 5026/5301/5026 3300/5284/3300
f 3295/5272/3295 934/5257/934 3299/5298/3299 5026/5301/5026
f 5026/5301/5026 3299/5298/3299 939/5300/939 3304/5302/3304
f 3300/5284/3300 5026/5301/5026 3304/5302/3304 940/5285/940
f 936/5303/936 3301/5304/3301 5027/5305/5027 3306/5306/3306
f 3301/5304/3301 941/5307/941 3307/5308/3307 5027/5305/5027
f 5027/5305/5027 3307/5308/3307 737/5231/737 2836/5228/2836
f 3306/5306/3306 5027/5305/5027 2836/5228/2836 738/4151/738
f 941/4201/941 3308/4200/3308 5028/5309/5028 3307/5310/3307
f 3308/4200/3308 813/3981/813 2997/3984/2997 5028/5309/5028
f 5028/5309/5028 2997/3984/2997 700/3989/700 2835/4337/2835
f 3307/5310/3307 5028/5309/5028 2835/4337/2835 737/4336/737
f 944/5311/944 3316/5312/3316 5029/5313/5029 3327/5314/3327
f 3316/5312/3316 943/5315/943 3328/5316/3328 5029/5313/5029
f 5029/5313/5029 3328/5316/3328 744/5253/744 2841/5250/2841
f 3327/5314/3327 5029/5313/5029 2841/5250/2841 743/5249/743
f 1092/5292/1092 3381/5317/3381 5030/5318/5030 3314/5293/3314
f 3381/5317/3381 1093/5319/1093 3313/5320/3313 5030/5318/5030
f 5030/5318/5030 3313/5320/3313 937/5263/937 3297/5321/3297
f 3314/5293/3314 5030/5318/5030 3297/5321/3297 932/5294/932
f 945/5322/945 3322/5323/3322 5031/5324/5031 3317/5325/3317
f 3322/5323/3322 730/4676/730 2821/4678/2821 5031/5324/5031
f 5031/5324/5031 2821/4678/2821 729/4683/729 3321/5326/3321
f 3317/5325/3317 5031/5324/5031 3321/5326/3321 944/5327/944
f 946/5328/946 3323/5329/3323 5032/5330/5032 3318/5331/3318
f 3323/5329/3323 731/5332/731 2822/4659/2822 5032/5330/5032
f 5032/5330/5032 2822/4659/2822 730/4676/730 3322/5323/3322
f 3318/5331/3318 5032/5330/5032 3322/5323/3322 945/5322/945
f 736/5333/736 2832/5334/2832 5033/5335/5033 3324/5336/3324
f 2832/5334/2832 658/4733/658 2823/4732/2823 5033/5335/5033
f 5033/5335/5033 2823/4732/2823 731/4662/731 3323/5337/3323
f 3324/5336/3324 5033/5335/5033 3323/5337/3323 946/5338/946
f 948/5339/948 3334/5340/3334 5034/5341/5034 3331/5342/3331
f 3334/5340/3334 725/4595/725 2815/5343/2815 5034/5341/5034
f 5034/5341/5034 2815/5343/2815 724/5344/724 3333/5345/3333
f 3331/5342/3331 5034/5341/5034 3333/5345/3333 947/5346/947
f 943/5315/943 3315/5347/3315 5035/5348/5035 3328/5316/3328
f 3315/5347/3315 942/5349/942 3329/5350/3329 5035/5348/5035
f 5035/5348/5035 3329/5350/3329 745/5268/745 2842/5266/2842
f 3328/5316/3328 5035/5348/5035 2842/5266/2842 744/5253/744
f 945/5351/945 3317/5325/3317 5036/5352/5036 3326/5353/3326
f 3317/5325/3317 944/5311/944 3327/5314/3327 5036/5352/5036
f 5036/5352/5036 3327/5314/3327 743/5249/743 2840/5270/2840
f 3326/5353/3326 5036/5352/5036 2840/5270/2840 742/5052/742
f 760/3716/760 2861/3776/2861 5037/5354/5037 2865/3745/2865
f 2861/3776/2861 759/3734/759 2864/3737/2864 5037/5354/5037
f 5037/5354/5037 2864/3737/2864 763/3742/763 2868/3753/2868
f 2865/3745/2865 5037/5354/5037 2868/3753/2868 764/3746/764
f 946/5355/946 3318/5331/3318 5038/5356/5038 3325/5357/3325
f 3318/5331/3318 945/5351/945 3326/5353/3326 5038/5356/5038
f 5038/5356/5038 3326/5353/3326 742/5052/742 2839/5049/2839
f 3325/5357/3325 5038/5356/5038 2839/5049/2839 741/5048/741
f 1331/4210/1331 2834/5358/2834 5039/5359/5039 3330/4205/3330
f 2834/5358/2834 1332/5288/1332 2843/5291/2843 5039/5359/5039
f 5039/5359/5039 2843/5291/2843 745/5296/745 3329/5360/3329
f 3330/4205/3330 5039/5359/5039 3329/5360/3329 942/5361/942
f 949/5362/949 3335/5363/3335 5040/5364/5040 3332/5365/3332
f 3335/5363/3335 726/5366/726 2816/5367/2816 5040/5364/5040
f 5040/5364/5040 2816/5367/2816 725/4595/725 3334/5340/3334
f 3332/5365/3332 5040/5364/5040 3334/5340/3334 948/5339/948
f 661/5277/661 2831/5368/2831 5041/5369/5041 2838/5278/2838
f 2831/5368/2831 736/5370/736 3324/5371/3324 5041/5369/5041
f 5041/5369/5041 3324/5371/3324 946/5328/946 3325/5372/3325
f 2838/5278/2838 5041/5369/5041 3325/5372/3325 741/5279/741
f 736/5373/736 2831/5374/2831 5042/5375/5042 3340/5376/3340
f 2831/5374/2831 661/5377/661 2847/5378/2847 5042/5375/5042
f 5042/5375/5042 2847/5378/2847 748/5379/748 3339/5380/3339
f 3340/5376/3340 5042/5375/5042 3339/5380/3339 947/5381/947
f 989/5382/989 3403/5383/3403 5043/5384/5043 3336/5385/3336
f 3403/5383/3403 971/5386/971 3383/5387/3383 5043/5384/5043
f 5043/5384/5043 3383/5387/3383 726/5366/726 3335/5363/3335
f 3336/5385/3336 5043/5384/5043 3335/5363/3335 949/5362/949
f 947/5388/947 3333/5389/3333 5044/5390/5044 3340/5391/3340
f 3333/5389/3333 724/5344/724 2814/4734/2814 5044/5390/5044
f 5044/5390/5044 2814/4734/2814 658/4733/658 2832/5334/2832
f 3340/5391/3340 5044/5390/5044 2832/5334/2832 736/5333/736
f 951/4348/951 3344/4347/3344 5045/5392/5045 3341/5393/3341
f 3344/4347/3344 722/4346/722 2811/5394/2811 5045/5392/5045
f 5045/5392/5045 2811/5394/2811 721/5035/721 3343/5395/3343
f 3341/5393/3341 5045/5392/5045 3343/5395/3343 950/5396/950
f 955/5397/955 3356/5398/3356 5046/5399/5046 3354/5400/3354
f 3356/5398/3356 719/4756/719 2807/5401/2807 5046/5399/5046
f 5046/5399/5046 2807/5401/2807 718/5402/718 3352/5403/3352
f 3354/5400/3354 5046/5399/5046 3352/5403/3352 954/5404/954
f 948/5405/948 3331/5406/3331 5047/5407/5047 3338/5408/3338
f 3331/5406/3331 947/5409/947 3339/5410/3339 5047/5407/5047
f 5047/5407/5047 3339/5410/3339 748/5218/748 2846/5216/2846
f 3338/5408/3338 5047/5407/5047 2846/5216/2846 747/5203/747
f 949/5411/949 3332/5412/3332 5048/5413/5048 3337/5414/3337
f 3332/5412/3332 948/5405/948 3338/5408/3338 5048/5413/5048
f 5048/5413/5048 3338/5408/3338 747/5203/747 2845/5200/2845
f 3337/5414/3337 5048/5413/5048 2845/5200/2845 746/5199/746
f 973/5224/973 3402/5415/3402 5049/5416/5049 2844/5225/2844
f 3402/5415/3402 989/5382/989 3336/5385/3336 5049/5416/5049
f 5049/5416/5049 3336/5385/3336 949/5362/949 3337/5417/3337
f 2844/5225/2844 5049/5416/5049 3337/5417/3337 746/5226/746
f 735/5418/735 2829/5419/2829 5050/5420/5050 3350/5421/3350
f 2829/5419/2829 660/5422/660 2851/5423/2851 5050/5420/5050
f 5050/5420/5050 2851/5423/2851 751/5424/751 3349/5425/3349
f 3350/5421/3350 5050/5420/5050 3349/5425/3349 950/5396/950
f 734/5426/734 2828/5427/2828 5051/5428/5051 3346/5429/3346
f 2828/5427/2828 656/4818/656 2813/5430/2813 5051/5428/5051
f 5051/5428/5051 2813/5430/2813 723/4344/723 3345/4341/3345
f 3346/5429/3346 5051/5428/5051 3345/4341/3345 952/4340/952
f 950/5396/950 3343/5395/3343 5052/5431/5052 3350/5432/3350
f 3343/5395/3343 721/5035/721 2810/5034/2810 5052/5431/5052
f 5052/5431/5052 2810/5034/2810 657/5033/657 2830/5433/2830
f 3350/5432/3350 5052/5431/5052 2830/5433/2830 735/5418/735
f 718/5434/718 2806/5435/2806 5053/5436/5053 3352/5403/3352
f 2806/5435/2806 717/5437/717 3351/5438/3351 5053/5436/5053
f 5053/5436/5053 3351/5438/3351 953/5439/953 3353/5440/3353
f 3352/5403/3352 5053/5436/5053 3353/5440/3353 954/5441/954
f 951/5442/951 3341/5443/3341 5054/5444/5054 3348/5445/3348
f 3341/5443/3341 950/5446/950 3349/5447/3349 5054/5444/5054
f 5054/5444/5054 3349/5447/3349 751/5171/751 2850/5169/2850
f 3348/5445/3348 5054/5444/5054 2850/5169/2850 750/5154/750
f 952/5448/952 3342/5449/3342 5055/5450/5055 3347/5451/3347
f 3342/5449/3342 951/5442/951 3348/5445/3348 5055/5450/5055
f 5055/5450/5055 3348/5445/3348 750/5154/750 2849/5151/2849
f 3347/5451/3347 5055/5450/5055 2849/5151/2849 749/5150/749
f 659/5175/659 2827/5452/2827 5056/5453/5056 2848/5176/2848
f 2827/5452/2827 734/5426/734 3346/5429/3346 5056/5453/5056
f 5056/5453/5056 3346/5429/3346 952/4340/952 3347/5454/3347
f 2848/5176/2848 5056/5453/5056 3347/5454/3347 749/5177/749
f 734/5455/734 2827/5456/2827 5057/5457/5057 3363/5458/3363
f 2827/5456/2827 659/5459/659 2856/5460/2856 5057/5457/5057
f 5057/5457/5057 2856/5460/2856 755/5461/755 3362/5462/3362
f 3363/5458/3363 5057/5457/5057 3362/5462/3362 953/5463/953
f 956/5464/956 3357/5465/3357 5058/5466/5058 3355/5467/3355
f 3357/5465/3357 720/4748/720 2808/4751/2808 5058/5466/5058
f 5058/5466/5058 2808/4751/2808 719/4756/719 3356/5398/3356
f 3355/5467/3355 5058/5466/5058 3356/5398/3356 955/5397/955
f 957/5468/957 1467/5469/1467 5059/5470/5059 3358/5471/3358
f 1467/5469/1467 655/1784/655 2809/5472/2809 5059/5470/5059
f 5059/5470/5059 2809/5472/2809 720/4748/720 3357/5465/3357
f 3358/5471/3358 5059/5470/5059 3357/5465/3357 956/5464/956
f 656/4818/656 2828/5473/2828 5060/5474/5060 2805/5475/2805
f 2828/5473/2828 734/5455/734 3363/5458/3363 5060/5474/5060
f 5060/5474/5060 3363/5458/3363 953/5463/953 3351/5438/3351
f 2805/5475/2805 5060/5474/5060 3351/5438/3351 717/5476/717
f 954/5441/954 3353/5440/3353 5061/5477/5061 3361/5478/3361
f 3353/5440/3353 953/5439/953 3362/5479/3362 5061/5477/5061
f 5061/5477/5061 3362/5479/3362 755/4931/755 2855/5480/2855
f 3361/5478/3361 5061/5477/5061 2855/5480/2855 754/5104/754
f 956/5481/956 3355/5482/3355 5062/5483/5062 3359/5484/3359
f 3355/5482/3355 955/5485/955 3360/5486/3360 5062/5483/5062
f 5062/5483/5062 3360/5486/3360 753/5100/753 2853/5116/2853
f 3359/5484/3359 5062/5483/5062 2853/5116/2853 752/5115/752
f 955/5485/955 3354/5487/3354 5063/5488/5063 3360/5486/3360
f 3354/5487/3354 954/5441/954 3361/5478/3361 5063/5488/5063
f 5063/5488/5063 3361/5478/3361 754/5104/754 2854/5101/2854
f 3360/5486/3360 5063/5488/5063 2854/5101/2854 753/5100/753
f 958/5121/958 1466/1803/1466 5064/5489/5064 2852/5122/2852
f 1466/1803/1466 957/5468/957 3358/5471/3358 5064/5489/5064
f 5064/5489/5064 3358/5471/3358 956/5464/956 3359/5490/3359
f 2852/5122/2852 5064/5489/5064 3359/5490/3359 752/5491/752
f 944/5327/944 3321/5326/3321 5065/5492/5065 3316/5493/3316
f 3321/5326/3321 729/4683/729 2820/4685/2820 5065/5492/5065
f 5065/5492/5065 2820/4685/2820 728/4689/728 3320/5494/3320
f 3316/5493/3316 5065/5492/5065 3320/5494/3320 943/5495/943
f 783/3874/783 2912/5496/2912 5066/5497/5066 2916/3893/2916
f 2912/5496/2912 782/3880/782 2915/5498/2915 5066/5497/5066
f 5066/5497/5066 2915/5498/2915 786/3921/786 2919/3918/2919
f 2916/3893/2916 5066/5497/5066 2919/3918/2919 787/3894/787
f 727/4786/727 3319/5499/3319 5067/5500/5067 2819/5501/2819
f 3319/5499/3319 942/5361/942 3315/5502/3315 5067/5500/5067
f 5067/5500/5067 3315/5502/3315 943/5503/943 3320/5504/3320
f 2819/5501/2819 5067/5500/5067 3320/5504/3320 728/5505/728
f 660/5506/660 2829/5507/2829 5068/5508/5068 3384/5509/3384
f 2829/5507/2829 735/5418/735 3400/5510/3400 5068/5508/5068
f 5068/5508/5068 3400/5510/3400 989/5382/989 3402/5415/3402
f 3384/5509/3384 5068/5508/5068 3402/5415/3402 973/5224/973
f 735/5418/735 2830/5433/2830 5069/5511/5069 3400/5510/3400
f 2830/5433/2830 657/5033/657 2817/5512/2817 5069/5511/5069
f 5069/5511/5069 2817/5512/2817 971/5386/971 3403/5383/3403
f 3400/5510/3400 5069/5511/5069 3403/5383/3403 989/5382/989
f 931/4330/931 3283/4329/3283 5070/5513/5070 3282/5514/3282
f 3283/4329/3283 829/4328/829 3022/5515/3022 5070/5513/5070
f 5070/5513/5070 3022/5515/3022 978/4124/978 3404/5246/3404
f 3282/5514/3282 5070/5513/5070 3404/5246/3404 988/5245/988
f 928/5516/928 3278/5517/3278 5071/5518/5071 3281/5519/3281
f 3278/5517/3278 931/5238/931 3282/5520/3282 5071/5518/5071
f 5071/5518/5071 3282/5520/3282 988/5243/988 3405/5240/3405
f 3281/5519/3281 5071/5518/5071 3405/5240/3405 987/5239/987
f 733/5521/733 2826/5522/2826 5072/5523/5072 3398/5524/3398
f 2826/5522/2826 660/5506/660 3384/5509/3384 5072/5523/5072
f 5072/5523/5072 3384/5509/3384 973/5224/973 3406/5221/3406
f 3398/5524/3398 5072/5523/5072 3406/5221/3406 987/5220/987
f 1064/4803/1064 3136/4802/3136 5073/5525/5073 3401/5526/3401
f 3136/4802/3136 876/4747/876 3137/5527/3137 5073/5525/5073
f 5073/5525/5073 3137/5527/3137 982/4777/982 3407/4805/3407
f 3401/5526/3401 5073/5525/5073 3407/4805/3407 1358/4804/1358
f 876/4747/876 3128/4746/3128 5074/5528/5074 3137/5527/3137
f 3128/4746/3128 875/4743/875 3138/5529/3138 5074/5528/5074
f 5074/5528/5074 3138/5529/3138 983/4771/983 3408/4778/3408
f 3137/5527/3137 5074/5528/5074 3408/4778/3408 982/4777/982
f 875/4743/875 3127/4742/3127 5075/5530/5075 3138/5529/3138
f 3127/4742/3127 874/4739/874 3139/5531/3139 5075/5530/5075
f 5075/5530/5075 3139/5531/3139 984/4765/984 3409/4772/3409
f 3138/5529/3138 5075/5530/5075 3409/4772/3409 983/4771/983
f 874/4739/874 3126/4738/3126 5076/5532/5076 3139/5531/3139
f 3126/4738/3126 873/4727/873 3140/5533/3140 5076/5532/5076
f 5076/5532/5076 3140/5533/3140 985/4667/985 3410/4766/3410
f 3139/5531/3139 5076/5532/5076 3410/4766/3410 984/4765/984
f 726/4702/726 3383/5534/3383 5077/5535/5077 3142/4703/3142
f 3383/5534/3383 971/4757/971 3411/4760/3411 5077/5535/5077
f 5077/5535/5077 3411/4760/3411 986/4764/986 3141/5536/3141
f 3142/4703/3142 5077/5535/5077 3141/5536/3141 872/4704/872
f 873/4727/873 3125/4726/3125 5078/5537/5078 3140/5533/3140
f 3125/4726/3125 872/4704/872 3141/5538/3141 5078/5537/5078
f 5078/5537/5078 3141/5538/3141 986/4671/986 3412/4668/3412
f 3140/5533/3140 5078/5537/5078 3412/4668/3412 985/4667/985
f 826/4298/826 3038/5539/3038 5079/5540/5079 3023/5541/3023
f 3038/5539/3038 835/4383/835 3039/5542/3039 5079/5540/5079
f 5079/5540/5079 3039/5542/3039 980/4314/980 3413/4402/3413
f 3023/5541/3023 5079/5540/5079 3413/4402/3413 979/4128/979
f 832/5543/832 3031/5544/3031 5080/5545/5080 3040/5546/3040
f 3031/5544/3031 680/4044/680 3382/5547/3382 5080/5545/5080
f 5080/5545/5080 3382/5547/3382 970/4007/970 3414/4394/3414
f 3040/5546/3040 5080/5545/5080 3414/4394/3414 981/4318/981
f 835/4383/835 3026/5548/3026 5081/5549/5081 3039/5542/3039
f 3026/5548/3026 832/5543/832 3040/5546/3040 5081/5549/5081
f 5081/5549/5081 3040/5546/3040 981/4318/981 3415/4315/3415
f 3039/5542/3039 5081/5549/5081 3415/4315/3415 980/4314/980
f 829/4328/829 3015/4299/3015 5082/5550/5082 3022/5515/3022
f 3015/4299/3015 826/4298/826 3023/5541/3023 5082/5550/5082
f 5082/5550/5082 3023/5541/3023 979/4128/979 3416/4125/3416
f 3022/5515/3022 5082/5550/5082 3416/4125/3416 978/4124/978
f 683/387/683 2027/5551/2027 5083/5552/5083 2968/4089/2968
f 2027/5551/2027 972/4079/972 3417/4082/3417 5083/5552/5083
f 5083/5552/5083 3417/4082/3417 977/4085/977 2967/5553/2967
f 2968/4089/2968 5083/5552/5083 2967/5553/2967 798/4035/798
f 801/4040/801 2956/4039/2956 5084/5554/5084 2964/5555/2964
f 2956/4039/2956 800/4032/800 2965/5556/2965 5084/5554/5084
f 5084/5554/5084 2965/5556/2965 975/4064/975 3418/4068/3418
f 2964/5555/2964 5084/5554/5084 3418/4068/3418 974/4011/974
f 800/4032/800 2955/4031/2955 5085/5557/5085 2965/5556/2965
f 2955/4031/2955 799/4030/799 2966/5558/2966 5085/5557/5085
f 5085/5557/5085 2966/5558/2966 976/4047/976 3419/4065/3419
f 2965/5556/2965 5085/5557/5085 3419/4065/3419 975/4064/975
f 799/4030/799 2954/4036/2954 5086/5559/5086 2966/5558/2966
f 2954/4036/2954 798/4035/798 2967/5560/2967 5086/5559/5086
f 5086/5559/5086 2967/5560/2967 977/4051/977 3420/4048/3420
f 2966/5558/2966 5086/5559/5086 3420/4048/3420 976/4047/976
f 680/4044/680 2963/4043/2963 5087/5561/5087 3382/5547/3382
f 2963/4043/2963 801/4040/801 2964/5555/2964 5087/5561/5087
f 5087/5561/5087 2964/5555/2964 974/4011/974 3421/4008/3421
f 3382/5547/3382 5087/5561/5087 3421/4008/3421 970/4007/970
f 1027/5562/1027 3548/5563/3548 5088/5564/5088 3447/5565/3447
f 3548/5563/3548 1118/5566/1118 3530/5567/3530 5088/5564/5088
f 5088/5564/5088 3530/5567/3530 1117/5568/1117 3547/5569/3547
f 3447/5565/3447 5088/5564/5088 3547/5569/3547 1028/5570/1028
f 992/5571/992 3422/5572/3422 5089/5573/5089 3446/5574/3446
f 3422/5572/3422 1005/5575/1005 3549/5576/3549 5089/5573/5089
f 5089/5573/5089 3549/5576/3549 1118/5566/1118 3548/5563/3548
f 3446/5574/3446 5089/5573/5089 3548/5563/3548 1027/5562/1027
f 1007/5577/1007 3425/5578/3425 5090/5579/5090 3551/5580/3551
f 3425/5578/3425 993/5581/993 3437/5582/3437 5090/5579/5090
f 5090/5579/5090 3437/5582/3437 1017/5583/1017 3552/5584/3552
f 3551/5580/3551 5090/5579/5090 3552/5584/3552 1126/5585/1126
f 1116/5586/1116 3532/5587/3532 5091/5588/5091 3528/5589/3528
f 3532/5587/3532 1120/5590/1120 3535/5591/3535 5091/5588/5091
f 5091/5588/5091 3535/5591/3535 1119/5592/1119 3531/5593/3531
f 3528/5589/3528 5091/5588/5091 3531/5593/3531 1115/5594/1115
f 1118/5566/1118 3534/5595/3534 5092/5596/5092 3530/5567/3530
f 3534/5595/3534 1122/5597/1122 3537/5598/3537 5092/5596/5092
f 5092/5596/5092 3537/5598/3537 1121/5599/1121 3533/5600/3533
f 3530/5567/3530 5092/5596/5092 3533/5600/3533 1117/5568/1117
f 1005/5575/1005 3423/5601/3423 5093/5602/5093 3549/5576/3549
f 3423/5601/3423 1006/5603/1006 3550/5604/3550 5093/5602/5093
f 5093/5602/5093 3550/5604/3550 1122/5597/1122 3534/5595/3534
f 3549/5576/3549 5093/5602/5093 3534/5595/3534 1118/5566/1118
f 1121/5599/1121 3540/5605/3540 5094/5606/5094 3536/5607/3536
f 3540/5605/3540 1125/5608/1125 3543/5609/3543 5094/5606/5094
f 5094/5606/5094 3543/5609/3543 1124/5610/1124 3539/5611/3539
f 3536/5607/3536 5094/5606/5094 3539/5611/3539 1120/5590/1120
f 1120/5590/1120 3539/5611/3539 5095/5612/5095 3535/5591/3535
f 3539/5611/3539 1124/5610/1124 3542/5613/3542 5095/5612/5095
f 5095/5612/5095 3542/5613/3542 1123/5614/1123 3538/5615/3538
f 3535/5591/3535 5095/5612/5095 3538/5615/3538 1119/5592/1119
f 1122/5597/1122 3541/5616/3541 5096/5617/5096 3537/5598/3537
f 3541/5616/3541 1126/5618/1126 3544/5619/3544 5096/5617/5096
f 5096/5617/5096 3544/5619/3544 1125/5608/1125 3540/5605/3540
f 3537/5598/3537 5096/5617/5096 3540/5605/3540 1121/5599/1121
f 1006/5603/1006 3424/5620/3424 5097/5621/5097 3550/5604/3550
f 3424/5620/3424 1007/5622/1007 3551/5623/3551 5097/5621/5097
f 5097/5621/5097 3551/5623/3551 1126/5618/1126 3541/5616/3541
f 3550/5604/3550 5097/5621/5097 3541/5616/3541 1122/5597/1122
f 1028/5570/1028 3547/5569/3547 5098/5624/5098 3448/5625/3448
f 3547/5569/3547 1117/5568/1117 3529/5626/3529 5098/5624/5098
f 5098/5624/5098 3529/5626/3529 1116/5586/1116 3546/5627/3546
f 3448/5625/3448 5098/5624/5098 3546/5627/3546 1029/5628/1029
f 1124/5610/1124 3554/5629/3554 5099/5630/5099 3542/5613/3542
f 3554/5629/3554 1019/5631/1019 3440/5632/3440 5099/5630/5099
f 5099/5630/5099 3440/5632/3440 1020/5633/1020 3555/5634/3555
f 3542/5613/3542 5099/5630/5099 3555/5634/3555 1123/5614/1123
f 1128/5635/1128 3560/5636/3560 5100/5637/5100 3563/5638/3563
f 3560/5636/3560 1129/5639/1129 3564/5640/3564 5100/5637/5100
f 5100/5637/5100 3564/5640/3564 1133/5641/1133 3567/5642/3567
f 3563/5638/3563 5100/5637/5100 3567/5642/3567 1132/5643/1132
f 1125/5608/1125 3553/5644/3553 5101/5645/5101 3543/5609/3543
f 3553/5644/3553 1018/5646/1018 3439/5647/3439 5101/5645/5101
f 5101/5645/5101 3439/5647/3439 1019/5631/1019 3554/5629/3554
f 3543/5609/3543 5101/5645/5101 3554/5629/3554 1124/5610/1124
f 1126/5618/1126 3552/5648/3552 5102/5649/5102 3544/5619/3544
f 3552/5648/3552 1017/5650/1017 3438/5651/3438 5102/5649/5102
f 5102/5649/5102 3438/5651/3438 1018/5646/1018 3553/5644/3553
f 3544/5619/3544 5102/5649/5102 3553/5644/3553 1125/5608/1125
f 1016/5652/1016 3435/5653/3435 5103/5654/5103 3625/5655/3625
f 3435/5653/3435 1015/5656/1015 3626/5657/3626 5103/5654/5103
f 5103/5654/5103 3626/5657/3626 1148/5658/1148 3608/5659/3608
f 3625/5655/3625 5103/5654/5103 3608/5659/3608 1147/5660/1147
f 1327/5661/1327 3556/5662/3556 5104/5663/5104 2095/5664/2095
f 3556/5662/3556 1123/5665/1123 3555/5666/3555 5104/5663/5104
f 5104/5663/5104 3555/5666/3555 1020/5667/1020 3441/5668/3441
f 2095/5664/2095 5104/5663/5104 3441/5668/3441 991/5669/991
f 1328/1983/1328 3557/5670/3557 5105/5671/5105 2094/5672/2094
f 3557/5670/3557 1119/5673/1119 3538/5615/3538 5105/5671/5105
f 5105/5671/5105 3538/5615/3538 1123/5665/1123 3556/5662/3556
f 2094/5672/2094 5105/5671/5105 3556/5662/3556 1327/5661/1327
f 1329/1989/1329 3558/5674/3558 5106/5675/5106 2093/5676/2093
f 3558/5674/3558 1115/5677/1115 3531/5678/3531 5106/5675/5106
f 5106/5675/5106 3531/5678/3531 1119/5673/1119 3557/5670/3557
f 2093/5676/2093 5106/5675/5106 3557/5670/3557 1328/1983/1328
f 1115/5679/1115 3558/5680/3558 5107/5681/5107 3545/5682/3545
f 3558/5680/3558 1329/1989/1329 2092/5683/2092 5107/5681/5107
f 5107/5681/5107 2092/5683/2092 1330/5684/1330 3450/5685/3450
f 3545/5682/3545 5107/5681/5107 3450/5685/3450 1030/5686/1030
f 1127/5687/1127 3559/5688/3559 5108/5689/5108 3562/5690/3562
f 3559/5688/3559 1128/5635/1128 3563/5638/3563 5108/5689/5108
f 5108/5689/5108 3563/5638/3563 1132/5643/1132 3566/5691/3566
f 3562/5690/3562 5108/5689/5108 3566/5691/3566 1131/5692/1131
f 1129/5639/1129 3561/5693/3561 5109/5694/5109 3564/5640/3564
f 3561/5693/3561 1130/5695/1130 3565/5696/3565 5109/5694/5109
f 5109/5694/5109 3565/5696/3565 1134/5697/1134 3568/5698/3568
f 3564/5640/3564 5109/5694/5109 3568/5698/3568 1133/5641/1133
f 1130/5695/1130 3594/5699/3594 5110/5700/5110 3565/5696/3565
f 3594/5699/3594 1008/5701/1008 3427/5702/3427 5110/5700/5110
f 5110/5700/5110 3427/5702/3427 1009/5703/1009 3595/5704/3595
f 3565/5696/3565 5110/5700/5110 3595/5704/3595 1134/5697/1134
f 1132/5643/1132 3567/5642/3567 5111/5705/5111 3570/5706/3570
f 3567/5642/3567 1133/5641/1133 3571/5707/3571 5111/5705/5111
f 5111/5705/5111 3571/5707/3571 1137/5708/1137 3574/5709/3574
f 3570/5706/3570 5111/5705/5111 3574/5709/3574 1136/5710/1136
f 1131/5692/1131 3566/5691/3566 5112/5711/5112 3569/5712/3569
f 3566/5691/3566 1132/5643/1132 3570/5706/3570 5112/5711/5112
f 5112/5711/5112 3570/5706/3570 1136/5710/1136 3573/5713/3573
f 3569/5712/3569 5112/5711/5112 3573/5713/3573 1135/5714/1135
f 1133/5641/1133 3568/5698/3568 5113/5715/5113 3571/5707/3571
f 3568/5698/3568 1134/5697/1134 3572/5716/3572 5113/5715/5113
f 5113/5715/5113 3572/5716/3572 1138/5717/1138 3575/5718/3575
f 3571/5707/3571 5113/5715/5113 3575/5718/3575 1137/5708/1137
f 1134/5697/1134 3595/5704/3595 5114/5719/5114 3572/5716/3572
f 3595/5704/3595 1009/5703/1009 3428/5720/3428 5114/5719/5114
f 5114/5719/5114 3428/5720/3428 1010/5721/1010 3596/5722/3596
f 3572/5716/3572 5114/5719/5114 3596/5722/3596 1138/5717/1138
f 1136/5710/1136 3574/5709/3574 5115/5723/5115 3577/5724/3577
f 3574/5709/3574 1137/5708/1137 3578/5725/3578 5115/5723/5115
f 5115/5723/5115 3578/5725/3578 1141/5726/1141 3581/5727/3581
f 3577/5724/3577 5115/5723/5115 3581/5727/3581 1140/5728/1140
f 1135/5714/1135 3573/5713/3573 5116/5729/5116 3576/5730/3576
f 3573/5713/3573 1136/5710/1136 3577/5724/3577 5116/5729/5116
f 5116/5729/5116 3577/5724/3577 1140/5728/1140 3580/5731/3580
f 3576/5730/3576 5116/5729/5116 3580/5731/3580 1139/5732/1139
f 1137/5708/1137 3575/5718/3575 5117/5733/5117 3578/5725/3578
f 3575/5718/3575 1138/5717/1138 3579/5734/3579 5117/5733/5117
f 5117/5733/5117 3579/5734/3579 1142/5735/1142 3582/5736/3582
f 3578/5725/3578 5117/5733/5117 3582/5736/3582 1141/5726/1141
f 1138/5717/1138 3596/5722/3596 5118/5737/5118 3579/5734/3579
f 3596/5722/3596 1010/5721/1010 3429/5738/3429 5118/5737/5118
f 5118/5737/5118 3429/5738/3429 1011/5739/1011 3597/5740/3597
f 3579/5734/3579 5118/5737/5118 3597/5740/3597 1142/5735/1142
f 1141/5741/1141 3585/5742/3585 5119/5743/5119 3581/5744/3581
f 3585/5742/3585 1145/5745/1145 3588/5746/3588 5119/5743/5119
f 5119/5743/5119 3588/5746/3588 1144/5747/1144 3584/5748/3584
f 3581/5744/3581 5119/5743/5119 3584/5748/3584 1140/5749/1140
f 1142/5750/1142 3586/5751/3586 5120/5752/5120 3582/5753/3582
f 3586/5751/3586 1146/5754/1146 3589/5755/3589 5120/5752/5120
f 5120/5752/5120 3589/5755/3589 1145/5745/1145 3585/5742/3585
f 3582/5753/3582 5120/5752/5120 3585/5742/3585 1141/5741/1141
f 1011/5756/1011 3430/5757/3430 5121/5758/5121 3597/5740/3597
f 3430/5757/3430 1012/5759/1012 3598/5760/3598 5121/5758/5121
f 5121/5758/5121 3598/5760/3598 1146/5754/1146 3586/5751/3586
f 3597/5740/3597 5121/5758/5121 3586/5751/3586 1142/5750/1142
f 1317/5761/1317 3592/5762/3592 5122/5763/5122 2776/5764/2776
f 3592/5762/3592 1129/5639/1129 3560/5765/3560 5122/5763/5122
f 5122/5763/5122 3560/5765/3560 1128/5766/1128 3591/5767/3591
f 2776/5764/2776 5122/5763/5122 3591/5767/3591 1318/3952/1318
f 1144/5747/1144 3601/5768/3601 5123/5769/5123 3587/5770/3587
f 3601/5768/3601 1015/5771/1015 3435/5772/3435 5123/5769/5123
f 5123/5769/5123 3435/5772/3435 1016/5773/1016 3602/5774/3602
f 3587/5770/3587 5123/5769/5123 3602/5774/3602 1143/5775/1143
f 1149/5776/1149 3613/5777/3613 5124/5778/5124 3609/5779/3609
f 3613/5777/3613 1153/5780/1153 3616/5781/3616 5124/5778/5124
f 5124/5778/5124 3616/5781/3616 1152/5782/1152 3612/5783/3612
f 3609/5779/3609 5124/5778/5124 3612/5783/3612 1148/5784/1148
f 1145/5745/1145 3600/5785/3600 5125/5786/5125 3588/5746/3588
f 3600/5785/3600 1014/5787/1014 3434/5788/3434 5125/5786/5125
f 5125/5786/5125 3434/5788/3434 1015/5771/1015 3601/5768/3601
f 3588/5746/3588 5125/5786/5125 3601/5768/3601 1144/5747/1144
f 1146/5754/1146 3599/5789/3599 5126/5790/5126 3589/5755/3589
f 3599/5789/3599 1013/5791/1013 3433/5792/3433 5126/5790/5126
f 5126/5790/5126 3433/5792/3433 1014/5787/1014 3600/5785/3600
f 3589/5755/3589 5126/5790/5126 3600/5785/3600 1145/5745/1145
f 1314/5793/1314 2778/5794/2778 5127/5795/5127 2086/5796/2086
f 2778/5794/2778 1319/5797/1319 3590/5798/3590 5127/5795/5127
f 5127/5795/5127 3590/5798/3590 1127/5687/1127 3607/5799/3607
f 2086/5796/2086 5127/5795/5127 3607/5799/3607 1337/5800/1337
f 1319/5797/1319 2777/3951/2777 5128/5801/5128 3590/5798/3590
f 2777/3951/2777 1318/5802/1318 3591/5803/3591 5128/5801/5128
f 5128/5801/5128 3591/5803/3591 1128/5635/1128 3559/5688/3559
f 3590/5798/3590 5128/5801/5128 3559/5688/3559 1127/5687/1127
f 1316/5804/1316 3593/5805/3593 5129/5806/5129 2775/5807/2775
f 3593/5805/3593 1130/5695/1130 3561/5808/3561 5129/5806/5129
f 5129/5806/5129 3561/5808/3561 1129/5639/1129 3592/5762/3592
f 2775/5807/2775 5129/5806/5129 3592/5762/3592 1317/5761/1317
f 1315/5809/1315 3426/5810/3426 5130/5811/5130 2774/5812/2774
f 3426/5810/3426 1008/5813/1008 3594/5699/3594 5130/5811/5130
f 5130/5811/5130 3594/5699/3594 1130/5695/1130 3593/5805/3593
f 2774/5812/2774 5130/5811/5130 3593/5805/3593 1316/5804/1316
f 1012/5759/1012 3431/5814/3431 5131/5815/5131 3598/5760/3598
f 3431/5814/3431 994/5816/994 3432/5817/3432 5131/5815/5131
f 5131/5815/5131 3432/5817/3432 1013/5791/1013 3599/5789/3599
f 3598/5760/3598 5131/5815/5131 3599/5789/3599 1146/5754/1146
f 1333/5818/1333 3603/5819/3603 5132/5820/5132 2091/5821/2091
f 3603/5819/3603 1143/5822/1143 3602/5774/3602 5132/5820/5132
f 5132/5820/5132 3602/5774/3602 1016/5652/1016 3436/5823/3436
f 2091/5821/2091 5132/5820/5132 3436/5823/3436 990/5824/990
f 1334/2140/1334 3604/5825/3604 5133/5826/5133 2090/5827/2090
f 3604/5825/3604 1139/5732/1139 3583/5828/3583 5133/5826/5133
f 5133/5826/5133 3583/5828/3583 1143/5822/1143 3603/5819/3603
f 2090/5827/2090 5133/5826/5133 3603/5819/3603 1333/5818/1333
f 1170/5829/1170 3665/5830/3665 5134/5831/5134 3654/5832/3654
f 3665/5830/3665 1043/5833/1043 3461/5834/3461 5134/5831/5134
f 5134/5831/5134 3461/5834/3461 1044/5835/1044 3666/5836/3666
f 3654/5832/3654 5134/5831/5134 3666/5836/3666 1165/5837/1165
f 1335/2154/1335 3605/5838/3605 5135/5839/5135 2089/5840/2089
f 3605/5838/3605 1135/5714/1135 3576/5730/3576 5135/5839/5135
f 5135/5839/5135 3576/5730/3576 1139/5732/1139 3604/5825/3604
f 2089/5840/2089 5135/5839/5135 3604/5825/3604 1334/2140/1334
f 1336/2158/1336 3606/5841/3606 5136/5842/5136 2088/5843/2088
f 3606/5841/3606 1131/5692/1131 3569/5712/3569 5136/5842/5136
f 5136/5842/5136 3569/5712/3569 1135/5714/1135 3605/5838/3605
f 2088/5843/2088 5136/5842/5136 3605/5838/3605 1335/2154/1335
f 1337/5800/1337 3607/5799/3607 5137/5844/5137 2087/5845/2087
f 3607/5799/3607 1127/5687/1127 3562/5690/3562 5137/5844/5137
f 5137/5844/5137 3562/5690/3562 1131/5692/1131 3606/5841/3606
f 2087/5845/2087 5137/5844/5137 3606/5841/3606 1336/2158/1336
f 1013/5791/1013 3628/5846/3628 5138/5847/5138 3433/5792/3433
f 3628/5846/3628 1150/5848/1150 3610/5849/3610 5138/5847/5138
f 5138/5847/5138 3610/5849/3610 1149/5776/1149 3627/5850/3627
f 3433/5792/3433 5138/5847/5138 3627/5850/3627 1014/5787/1014
f 994/5816/994 3442/5851/3442 5139/5852/5139 3432/5817/3432
f 3442/5851/3442 1021/5853/1021 3629/5854/3629 5139/5852/5139
f 5139/5852/5139 3629/5854/3629 1150/5848/1150 3628/5846/3628
f 3432/5817/3432 5139/5852/5139 3628/5846/3628 1013/5791/1013
f 1338/5855/1338 3445/5856/3445 5140/5857/5140 4070/5858/4070
f 3445/5856/3445 992/5571/992 3446/5574/3446 5140/5857/5140
f 5140/5857/5140 3446/5574/3446 1027/5562/1027 4035/5859/4035
f 4070/5858/4070 5140/5857/5140 4035/5859/4035 1342/5860/1342
f 1148/5784/1148 3612/5783/3612 5141/5861/5141 3608/5862/3608
f 3612/5783/3612 1152/5782/1152 3615/5863/3615 5141/5861/5141
f 5141/5861/5141 3615/5863/3615 1151/5864/1151 3611/5865/3611
f 3608/5862/3608 5141/5861/5141 3611/5865/3611 1147/5660/1147
f 1150/5848/1150 3614/5866/3614 5142/5867/5142 3610/5849/3610
f 3614/5866/3614 1154/5868/1154 3617/5869/3617 5142/5867/5142
f 5142/5867/5142 3617/5869/3617 1153/5780/1153 3613/5777/3613
f 3610/5849/3610 5142/5867/5142 3613/5777/3613 1149/5776/1149
f 1021/5853/1021 3443/5870/3443 5143/5871/5143 3629/5854/3629
f 3443/5870/3443 1022/5872/1022 3630/5873/3630 5143/5871/5143
f 5143/5871/5143 3630/5873/3630 1154/5868/1154 3614/5866/3614
f 3629/5854/3629 5143/5871/5143 3614/5866/3614 1150/5848/1150
f 1153/5780/1153 3620/5874/3620 5144/5875/5144 3616/5781/3616
f 3620/5874/3620 1157/5876/1157 3623/5877/3623 5144/5875/5144
f 5144/5875/5144 3623/5877/3623 1156/5878/1156 3619/5879/3619
f 3616/5781/3616 5144/5875/5144 3619/5879/3619 1152/5782/1152
f 1152/5782/1152 3619/5879/3619 5145/5880/5145 3615/5863/3615
f 3619/5879/3619 1156/5878/1156 3622/5881/3622 5145/5880/5145
f 5145/5880/5145 3622/5881/3622 1155/5882/1155 3618/5883/3618
f 3615/5863/3615 5145/5880/5145 3618/5883/3618 1151/5864/1151
f 1154/5868/1154 3621/5884/3621 5146/5885/5146 3617/5869/3617
f 3621/5884/3621 1158/5886/1158 3624/5887/3624 5146/5885/5146
f 5146/5885/5146 3624/5887/3624 1157/5876/1157 3620/5874/3620
f 3617/5869/3617 5146/5885/5146 3620/5874/3620 1153/5780/1153
f 1022/5872/1022 3444/5888/3444 5147/5889/5147 3630/5873/3630
f 3444/5888/3444 1023/5890/1023 3631/5891/3631 5147/5889/5147
f 5147/5889/5147 3631/5891/3631 1158/5886/1158 3621/5884/3621
f 3630/5873/3630 5147/5889/5147 3621/5884/3621 1154/5868/1154
f 1014/5787/1014 3627/5850/3627 5148/5892/5148 3434/5788/3434
f 3627/5850/3627 1149/5776/1149 3609/5779/3609 5148/5892/5148
f 5148/5892/5148 3609/5779/3609 1148/5784/1148 3626/5893/3626
f 3434/5788/3434 5148/5892/5148 3626/5893/3626 1015/5771/1015
f 1344/5894/1344 4037/5895/4037 5149/5896/5149 4069/5897/4069
f 4037/5895/4037 1029/5628/1029 3449/5898/3449 5149/5896/5149
f 5149/5896/5149 3449/5898/3449 1030/5899/1030 4038/5900/4038
f 4069/5897/4069 5149/5896/5149 4038/5900/4038 1345/5901/1345
f 1177/5902/1177 3672/5903/3672 5150/5904/5150 3668/5905/3668
f 3672/5903/3672 1181/5906/1181 3675/5907/3675 5150/5904/5150
f 5150/5904/5150 3675/5907/3675 1180/5908/1180 3671/5909/3671
f 3668/5905/3668 5150/5904/5150 3671/5909/3671 1176/5910/1176
f 1343/5911/1343 4036/5912/4036 5151/5913/5151 4068/5914/4068
f 4036/5912/4036 1028/5570/1028 3448/5625/3448 5151/5913/5151
f 5151/5913/5151 3448/5625/3448 1029/5628/1029 4037/5895/4037
f 4068/5914/4068 5151/5913/5151 4037/5895/4037 1344/5894/1344
f 1342/5860/1342 4035/5859/4035 5152/5915/5152 4067/5916/4067
f 4035/5859/4035 1027/5562/1027 3447/5565/3447 5152/5915/5152
f 5152/5915/5152 3447/5565/3447 1028/5570/1028 4036/5912/4036
f 4067/5916/4067 5152/5915/5152 4036/5912/4036 1343/5911/1343
f 1162/5917/1162 3648/5918/3648 5153/5919/5153 3641/5920/3641
f 3648/5918/3648 1039/5921/1039 3457/5922/3457 5153/5919/5153
f 5153/5919/5153 3457/5922/3457 1040/5923/1040 3649/5924/3649
f 3641/5920/3641 5153/5919/5153 3649/5924/3649 1159/5925/1159
f 1340/2244/1340 4066/5926/4066 5154/5927/5154 2164/2245/2164
f 4066/5926/4066 1345/5901/1345 4038/5900/4038 5154/5927/5154
f 5154/5927/5154 4038/5900/4038 1030/5928/1030 3450/5929/3450
f 2164/2245/2164 5154/5927/5154 3450/5929/3450 1330/5930/1330
f 1025/5931/1025 3637/5932/3637 5155/5933/5155 2139/5934/2139
f 3637/5932/3637 1151/5935/1151 3618/5936/3618 5155/5933/5155
f 5155/5933/5155 3618/5936/3618 1155/5937/1155 3636/5938/3636
f 2139/5934/2139 5155/5933/5155 3636/5938/3636 1026/5939/1026
f 1024/5940/1024 3638/5941/3638 5156/5942/5156 2140/5943/2140
f 3638/5941/3638 1147/5660/1147 3611/5944/3611 5156/5942/5156
f 5156/5942/5156 3611/5944/3611 1151/5935/1151 3637/5932/3637
f 2140/5943/2140 5156/5942/5156 3637/5932/3637 1025/5931/1025
f 1147/5945/1147 3638/5946/3638 5157/5947/5157 3625/5948/3625
f 3638/5946/3638 1024/2260/1024 2165/5949/2165 5157/5947/5157
f 5157/5947/5157 2165/5949/2165 990/5950/990 3436/5951/3436
f 3625/5948/3625 5157/5947/5157 3436/5951/3436 1016/5773/1016
f 1160/5952/1160 3642/5953/3642 5158/5954/5158 3639/5955/3639
f 3642/5953/3642 1163/5956/1163 3644/5957/3644 5158/5954/5158
f 5158/5954/5158 3644/5957/3644 1162/5958/1162 3641/5959/3641
f 3639/5955/3639 5158/5954/5158 3641/5959/3641 1159/5960/1159
f 1161/5961/1161 3643/5962/3643 5159/5963/5159 3640/5964/3640
f 3643/5962/3643 1164/5965/1164 3645/5966/3645 5159/5963/5159
f 5159/5963/5159 3645/5966/3645 1163/5956/1163 3642/5953/3642
f 3640/5964/3640 5159/5963/5159 3642/5953/3642 1160/5952/1160
f 1035/5967/1035 3454/5968/3454 5160/5969/5160 3646/5970/3646
f 3454/5968/3454 1036/5971/1036 3647/5972/3647 5160/5969/5160
f 5160/5969/5160 3647/5972/3647 1164/5965/1164 3643/5962/3643
f 3646/5970/3646 5160/5969/5160 3643/5962/3643 1161/5961/1161
f 1346/5973/1346 4039/5974/4039 5161/5975/5161 4065/5976/4065
f 4039/5974/4039 1036/5971/1036 3454/5977/3454 5161/5975/5161
f 5161/5975/5161 3454/5977/3454 1035/5978/1035 4040/5979/4040
f 4065/5976/4065 5161/5975/5161 4040/5979/4040 1347/5980/1347
f 1281/5981/1281 3931/5982/3931 5162/5983/5162 3935/5984/3935
f 3931/5982/3931 1282/5985/1282 3934/5986/3934 5162/5983/5162
f 5162/5983/5162 3934/5986/3934 1162/5917/1162 3644/5957/3644
f 3935/5984/3935 5162/5983/5162 3644/5957/3644 1163/5987/1163
f 1280/5988/1280 3930/5989/3930 5163/5990/5163 3936/5991/3936
f 3930/5989/3930 1281/5981/1281 3935/5984/3935 5163/5990/5163
f 5163/5990/5163 3935/5984/3935 1163/5987/1163 3645/5966/3645
f 3936/5991/3936 5163/5990/5163 3645/5966/3645 1164/5965/1164
f 1087/5992/1087 3937/5993/3937 5164/5994/5164 3494/5995/3494
f 3937/5993/3937 1280/5988/1280 3936/5991/3936 5164/5994/5164
f 5164/5994/5164 3936/5991/3936 1164/5965/1164 3647/5996/3647
f 3494/5995/3494 5164/5994/5164 3647/5996/3647 1036/5971/1036
f 1095/5997/1095 3505/5998/3505 5165/5999/5165 3955/6000/3955
f 3505/5998/3505 1004/6001/1004 3515/6002/3515 5165/5999/5165
f 5165/5999/5165 3515/6002/3515 1105/6003/1105 3939/6004/3939
f 3955/6000/3955 5165/5999/5165 3939/6004/3939 1283/6005/1283
f 1166/6006/1166 3655/6007/3655 5166/6008/5166 3650/6009/3650
f 3655/6007/3655 1171/6010/1171 3659/6011/3659 5166/6008/5166
f 5166/6008/5166 3659/6011/3659 1170/6012/1170 3654/6013/3654
f 3650/6009/3650 5166/6008/5166 3654/6013/3654 1165/5837/1165
f 1208/6014/1208 3756/6015/3756 5167/6016/5167 3735/6017/3735
f 3756/6015/3756 1037/6018/1037 3455/6019/3455 5167/6016/5167
f 5167/6016/5167 3455/6019/3455 1038/6020/1038 3757/6021/3757
f 3735/6017/3735 5167/6016/5167 3757/6021/3757 1203/6022/1203
f 1167/6023/1167 3656/6024/3656 5168/6025/5168 3651/6026/3651
f 3656/6024/3656 1172/6027/1172 3660/6028/3660 5168/6025/5168
f 5168/6025/5168 3660/6028/3660 1171/6010/1171 3655/6007/3655
f 3651/6026/3651 5168/6025/5168 3655/6007/3655 1166/6006/1166
f 1168/6029/1168 3657/6030/3657 5169/6031/5169 3652/6032/3652
f 3657/6030/3657 1173/6033/1173 3661/6034/3661 5169/6031/5169
f 5169/6031/5169 3661/6034/3661 1172/6027/1172 3656/6024/3656
f 3652/6032/3652 5169/6031/5169 3656/6024/3656 1167/6023/1167
f 1169/6035/1169 3658/6036/3658 5170/6037/5170 3653/6038/3653
f 3658/6036/3658 1174/6039/1174 3662/6040/3662 5170/6037/5170
f 5170/6037/5170 3662/6040/3662 1173/6033/1173 3657/6030/3657
f 3653/6038/3653 5170/6037/5170 3657/6030/3657 1168/6029/1168
f 1297/6041/1297 3973/6042/3973 5171/6043/5171 3977/6044/3977
f 3973/6042/3973 1298/6045/1298 3976/6046/3976 5171/6043/5171
f 5171/6043/5171 3976/6046/3976 1170/5829/1170 3659/6047/3659
f 3977/6044/3977 5171/6043/5171 3659/6047/3659 1171/6010/1171
f 1299/6048/1299 3998/6049/3998 5172/6050/5172 3987/6051/3987
f 3998/6049/3998 1331/6052/1331 2833/4209/2833 5172/6050/5172
f 5172/6050/5172 2833/4209/2833 997/4208/997 3488/6053/3488
f 3987/6051/3987 5172/6050/5172 3488/6053/3488 1082/6054/1082
f 1296/6055/1296 3972/6056/3972 5173/6057/5173 3978/6058/3978
f 3972/6056/3972 1297/6041/1297 3977/6044/3977 5173/6057/5173
f 5173/6057/5173 3977/6044/3977 1171/6010/1171 3660/6059/3660
f 3978/6058/3978 5173/6057/5173 3660/6059/3660 1172/6060/1172
f 1295/6061/1295 3971/6062/3971 5174/6063/5174 3979/6064/3979
f 3971/6062/3971 1296/6055/1296 3978/6058/3978 5174/6063/5174
f 5174/6063/5174 3978/6058/3978 1172/6060/1172 3661/6034/3661
f 3979/6064/3979 5174/6063/5174 3661/6034/3661 1173/6065/1173
f 1294/6066/1294 3970/6067/3970 5175/6068/5175 3980/6069/3980
f 3970/6067/3970 1295/6061/1295 3979/6064/3979 5175/6068/5175
f 5175/6068/5175 3979/6064/3979 1173/6065/1173 3662/6070/3662
f 3980/6069/3980 5175/6068/5175 3662/6070/3662 1174/6071/1174
f 1320/6072/1320 2786/6073/2786 5176/6074/5176 3663/6075/3663
f 2786/6073/2786 1321/4233/1321 3664/6076/3664 5176/6074/5176
f 5176/6074/5176 3664/6076/3664 1174/6039/1174 3658/6036/3658
f 3663/6075/3663 5176/6074/5176 3658/6036/3658 1169/6035/1169
f 1093/4234/1093 3981/6077/3981 5177/6078/5177 3364/6079/3364
f 3981/6077/3981 1294/6066/1294 3980/6069/3980 5177/6078/5177
f 5177/6078/5177 3980/6069/3980 1174/6071/1174 3664/6080/3664
f 3364/6079/3364 5177/6078/5177 3664/6080/3664 1321/4233/1321
f 1176/5910/1176 3671/5909/3671 5178/6081/5178 3667/6082/3667
f 3671/5909/3671 1180/5908/1180 3674/6083/3674 5178/6081/5178
f 5178/6081/5178 3674/6083/3674 1179/6084/1179 3670/6085/3670
f 3667/6082/3667 5178/6081/5178 3670/6085/3670 1175/6086/1175
f 1178/6087/1178 3673/6088/3673 5179/6089/5179 3669/6090/3669
f 3673/6088/3673 1182/6091/1182 3676/6092/3676 5179/6089/5179
f 5179/6089/5179 3676/6092/3676 1181/5906/1181 3672/5903/3672
f 3669/6090/3669 5179/6089/5179 3672/5903/3672 1177/5902/1177
f 1039/5921/1039 3678/6093/3678 5180/6094/5180 3457/5922/3457
f 3678/6093/3678 1182/6095/1182 3673/6096/3673 5180/6094/5180
f 5180/6094/5180 3673/6096/3673 1178/6087/1178 3677/6097/3677
f 3457/5922/3457 5180/6094/5180 3677/6097/3677 1040/5923/1040
f 1197/6098/1197 3714/6099/3714 5181/6100/5181 3710/6101/3710
f 3714/6099/3714 1201/6102/1201 3717/6103/3717 5181/6100/5181
f 5181/6100/5181 3717/6103/3717 1200/6104/1200 3713/6105/3713
f 3710/6101/3710 5181/6100/5181 3713/6105/3713 1196/6106/1196
f 1275/6107/1275 3913/6108/3913 5182/6109/5182 3917/6110/3917
f 3913/6108/3913 1276/6111/1276 3916/6112/3916 5182/6109/5182
f 5182/6109/5182 3916/6112/3916 1179/6113/1179 3674/6114/3674
f 3917/6110/3917 5182/6109/5182 3674/6114/3674 1180/5908/1180
f 1273/6115/1273 3911/6116/3911 5183/6117/5183 3919/6118/3919
f 3911/6116/3911 1274/6119/1274 3918/6120/3918 5183/6117/5183
f 5183/6117/5183 3918/6120/3918 1181/6121/1181 3676/6122/3676
f 3919/6118/3919 5183/6117/5183 3676/6122/3676 1182/6095/1182
f 1113/6123/1113 3920/6124/3920 5184/6125/5184 3525/6126/3525
f 3920/6124/3920 1273/6115/1273 3919/6118/3919 5184/6125/5184
f 5184/6125/5184 3919/6118/3919 1182/6095/1182 3678/6093/3678
f 3525/6126/3525 5184/6125/5184 3678/6093/3678 1039/5921/1039
f 1276/6111/1276 3915/6127/3915 5185/6128/5185 3916/6112/3916
f 3915/6127/3915 1096/2453/1096 2141/6129/2141 5185/6128/5185
f 5185/6128/5185 2141/6129/2141 1032/2451/1032 3679/6130/3679
f 3916/6112/3916 5185/6128/5185 3679/6130/3679 1179/6113/1179
f 1175/6086/1175 3670/6085/3670 5186/6131/5186 3680/6132/3680
f 3670/6085/3670 1179/6084/1179 3679/6133/3679 5186/6131/5186
f 5186/6131/5186 3679/6133/3679 1032/6134/1032 2137/6135/2137
f 3680/6132/3680 5186/6131/5186 2137/6135/2137 1031/2456/1031
f 1184/6136/1184 3684/6137/3684 5187/6138/5187 3681/6139/3681
f 3684/6137/3684 1187/6140/1187 3686/6141/3686 5187/6138/5187
f 5187/6138/5187 3686/6141/3686 1186/6142/1186 3683/6143/3683
f 3681/6139/3681 5187/6138/5187 3683/6143/3683 1183/6144/1183
f 1185/6145/1185 3685/6146/3685 5188/6147/5188 3682/6148/3682
f 3685/6146/3685 1188/6149/1188 3687/6150/3687 5188/6147/5188
f 5188/6147/5188 3687/6150/3687 1187/6140/1187 3684/6137/3684
f 3682/6148/3682 5188/6147/5188 3684/6137/3684 1184/6136/1184
f 1043/5833/1043 3689/6151/3689 5189/6152/5189 3461/5834/3461
f 3689/6151/3689 1188/6153/1188 3685/6154/3685 5189/6152/5189
f 5189/6152/5189 3685/6154/3685 1185/6155/1185 3688/6156/3688
f 3461/5834/3461 5189/6152/5189 3688/6156/3688 1044/5835/1044
f 1348/6157/1348 4041/6158/4041 5190/6159/5190 4064/6160/4064
f 4041/6158/4041 1042/6161/1042 3460/6162/3460 5190/6159/5190
f 5190/6159/5190 3460/6162/3460 1041/6163/1041 4042/6164/4042
f 4064/6160/4064 5190/6159/5190 4042/6164/4042 1349/6165/1349
f 1287/6166/1287 3948/6167/3948 5191/6168/5191 3952/6169/3952
f 3948/6167/3948 1288/6170/1288 3951/6171/3951 5191/6168/5191
f 5191/6168/5191 3951/6171/3951 1186/6172/1186 3686/6173/3686
f 3952/6169/3952 5191/6168/5191 3686/6173/3686 1187/6140/1187
f 1286/6174/1286 3947/6175/3947 5192/6176/5192 3953/6177/3953
f 3947/6175/3947 1287/6166/1287 3952/6169/3952 5192/6176/5192
f 5192/6176/5192 3952/6169/3952 1187/6140/1187 3687/6178/3687
f 3953/6177/3953 5192/6176/5192 3687/6178/3687 1188/6153/1188
f 1094/6179/1094 3954/6180/3954 5193/6181/5193 3503/6182/3503
f 3954/6180/3954 1286/6174/1286 3953/6177/3953 5193/6181/5193
f 5193/6181/5193 3953/6177/3953 1188/6153/1188 3689/6151/3689
f 3503/6182/3503 5193/6181/5193 3689/6151/3689 1043/5833/1043
f 1309/6183/1309 4010/6184/4010 5194/6185/5194 4013/6186/4013
f 4010/6184/4010 1308/6187/1308 4012/6188/4012 5194/6185/5194
f 5194/6185/5194 4012/6188/4012 1077/6189/1077 3482/6190/3482
f 4013/6186/4013 5194/6185/5194 3482/6190/3482 1078/6191/1078
f 1184/6192/1184 3705/6193/3705 5195/6194/5195 3682/6195/3682
f 3705/6193/3705 1193/6196/1193 3698/6197/3698 5195/6194/5195
f 5195/6194/5195 3698/6197/3698 1194/6198/1194 3704/6199/3704
f 3682/6195/3682 5195/6194/5195 3704/6199/3704 1185/6200/1185
f 1022/6201/1022 3700/6202/3700 5196/6203/5196 3444/5888/3444
f 3700/6202/3700 1190/6204/1190 3692/6205/3692 5196/6203/5196
f 5196/6203/5196 3692/6205/3692 1189/6206/1189 3699/6207/3699
f 3444/5888/3444 5196/6203/5196 3699/6207/3699 1023/5890/1023
f 1021/5853/1021 3701/6208/3701 5197/6209/5197 3443/6210/3443
f 3701/6208/3701 1191/6211/1191 3693/6212/3693 5197/6209/5197
f 5197/6209/5197 3693/6212/3693 1190/6204/1190 3700/6202/3700
f 3443/6210/3443 5197/6209/5197 3700/6202/3700 1022/6201/1022
f 1038/6020/1038 3702/6213/3702 5198/6214/5198 3456/6215/3456
f 3702/6213/3702 1191/6216/1191 3701/6217/3701 5198/6214/5198
f 5198/6214/5198 3701/6217/3701 1021/5853/1021 3442/5851/3442
f 3456/6215/3456 5198/6214/5198 3442/5851/3442 994/5816/994
f 1185/6200/1185 3704/6199/3704 5199/6218/5199 3688/6219/3688
f 3704/6199/3704 1194/6198/1194 3703/6220/3703 5199/6218/5199
f 5199/6218/5199 3703/6220/3703 1037/6221/1037 3462/6222/3462
f 3688/6219/3688 5199/6218/5199 3462/6222/3462 1044/5835/1044
f 1190/6204/1190 3695/6223/3695 5200/6224/5200 3692/6205/3692
f 3695/6223/3695 1193/6225/1193 3697/6226/3697 5200/6224/5200
f 5200/6224/5200 3697/6226/3697 1192/6227/1192 3694/6228/3694
f 3692/6205/3692 5200/6224/5200 3694/6228/3694 1189/6206/1189
f 1191/6211/1191 3696/6229/3696 5201/6230/5201 3693/6212/3693
f 3696/6229/3696 1194/6231/1194 3698/6232/3698 5201/6230/5201
f 5201/6230/5201 3698/6232/3698 1193/6225/1193 3695/6223/3695
f 3693/6212/3693 5201/6230/5201 3695/6223/3695 1190/6204/1190
f 1037/6018/1037 3703/6233/3703 5202/6234/5202 3455/6019/3455
f 3703/6233/3703 1194/6198/1194 3696/6229/3696 5202/6234/5202
f 5202/6234/5202 3696/6229/3696 1191/6216/1191 3702/6213/3702
f 3455/6019/3455 5202/6234/5202 3702/6213/3702 1038/6020/1038
f 1349/6165/1349 4042/6164/4042 5203/6235/5203 4063/6236/4063
f 4042/6164/4042 1041/6163/1041 3459/6237/3459 5203/6235/5203
f 5203/6235/5203 3459/6237/3459 992/5571/992 3445/5856/3445
f 4063/6236/4063 5203/6235/5203 3445/5856/3445 1338/5855/1338
f 1183/6238/1183 3706/6239/3706 5204/6240/5204 3681/6139/3681
f 3706/6239/3706 1192/6241/1192 3697/6242/3697 5204/6240/5204
f 5204/6240/5204 3697/6242/3697 1193/6196/1193 3705/6193/3705
f 3681/6139/3681 5204/6240/5204 3705/6193/3705 1184/6192/1184
f 1347/5980/1347 4040/5979/4040 5205/6243/5205 4062/6244/4062
f 4040/5979/4040 1035/5978/1035 3453/6245/3453 5205/6243/5205
f 5205/6243/5205 3453/6245/3453 1042/6161/1042 4041/6158/4041
f 4062/6244/4062 5205/6243/5205 4041/6158/4041 1348/6157/1348
f 1216/6246/1216 3773/6247/3773 5206/6248/5206 3760/6249/3760
f 3773/6247/3773 1033/6250/1033 3451/6251/3451 5206/6248/5206
f 5206/6248/5206 3451/6251/3451 1034/6252/1034 3774/6253/3774
f 3760/6249/3760 5206/6248/5206 3774/6253/3774 1213/6254/1213
f 1177/6255/1177 3726/6256/3726 5207/6257/5207 3669/6258/3669
f 3726/6256/3726 1201/6259/1201 3718/6260/3718 5207/6257/5207
f 5207/6257/5207 3718/6260/3718 1202/6261/1202 3725/6262/3725
f 3669/6258/3669 5207/6257/5207 3725/6262/3725 1178/6087/1178
f 1020/5667/1020 3440/6263/3440 5208/6264/5208 3719/6265/3719
f 3440/6263/3440 1019/6266/1019 3720/6267/3720 5208/6264/5208
f 5208/6264/5208 3720/6267/3720 1196/6268/1196 3709/6269/3709
f 3719/6265/3719 5208/6264/5208 3709/6269/3709 1195/6270/1195
f 1017/5650/1017 3722/6271/3722 5209/6272/5209 3438/5651/3438
f 3722/6271/3722 1198/6273/1198 3711/6274/3711 5209/6272/5209
f 5209/6272/5209 3711/6274/3711 1197/6098/1197 3721/6275/3721
f 3438/5651/3438 5209/6272/5209 3721/6275/3721 1018/5646/1018
f 1034/6276/1034 3723/6277/3723 5210/6278/5210 3452/6279/3452
f 3723/6277/3723 1198/6280/1198 3722/6281/3722 5210/6278/5210
f 5210/6278/5210 3722/6281/3722 1017/6282/1017 3437/6283/3437
f 3452/6279/3452 5210/6278/5210 3437/6283/3437 993/5581/993
f 1178/6087/1178 3725/6262/3725 5211/6284/5211 3677/6285/3677
f 3725/6262/3725 1202/6261/1202 3724/6286/3724 5211/6284/5211
f 5211/6284/5211 3724/6286/3724 1033/6287/1033 3458/6288/3458
f 3677/6285/3677 5211/6284/5211 3458/6288/3458 1040/6289/1040
f 1196/6106/1196 3713/6105/3713 5212/6290/5212 3709/6291/3709
f 3713/6105/3713 1200/6104/1200 3716/6292/3716 5212/6290/5212
f 5212/6290/5212 3716/6292/3716 1199/6293/1199 3712/6294/3712
f 3709/6291/3709 5212/6290/5212 3712/6294/3712 1195/6295/1195
f 1198/6273/1198 3715/6296/3715 5213/6297/5213 3711/6274/3711
f 3715/6296/3715 1202/6298/1202 3718/6299/3718 5213/6297/5213
f 5213/6297/5213 3718/6299/3718 1201/6102/1201 3714/6099/3714
f 3711/6274/3711 5213/6297/5213 3714/6099/3714 1197/6098/1197
f 1033/6250/1033 3724/6300/3724 5214/6301/5214 3451/6251/3451
f 3724/6300/3724 1202/6261/1202 3715/6296/3715 5214/6301/5214
f 5214/6301/5214 3715/6296/3715 1198/6302/1198 3723/6303/3723
f 3451/6251/3451 5214/6301/5214 3723/6303/3723 1034/6252/1034
f 1018/5646/1018 3721/6275/3721 5215/6304/5215 3439/5647/3439
f 3721/6275/3721 1197/6098/1197 3710/6101/3710 5215/6304/5215
f 5215/6304/5215 3710/6101/3710 1196/6106/1196 3720/6305/3720
f 3439/5647/3439 5215/6304/5215 3720/6305/3720 1019/5631/1019
f 1176/5910/1176 3727/6306/3727 5216/6307/5216 3668/6308/3668
f 3727/6306/3727 1200/6309/1200 3717/6310/3717 5216/6307/5216
f 5216/6307/5216 3717/6310/3717 1201/6259/1201 3726/6256/3726
f 3668/6308/3668 5216/6307/5216 3726/6256/3726 1177/6255/1177
f 1236/6311/1236 3818/6312/3818 5217/6313/5217 3814/6314/3814
f 3818/6312/3818 1240/6315/1240 3821/6316/3821 5217/6313/5217
f 5217/6313/5217 3821/6316/3821 1239/6317/1239 3817/6318/3817
f 3814/6314/3814 5217/6313/5217 3817/6318/3817 1235/6319/1235
f 1176/5910/1176 3667/6320/3667 5218/6321/5218 3727/6322/3727
f 3667/6320/3667 1175/6086/1175 3728/6323/3728 5218/6321/5218
f 5218/6321/5218 3728/6323/3728 1199/6324/1199 3716/6325/3716
f 3727/6322/3727 5218/6321/5218 3716/6325/3716 1200/6326/1200
f 1175/6086/1175 3680/6132/3680 5219/6327/5219 3728/6323/3728
f 3680/6132/3680 1031/2456/1031 2138/6328/2138 5219/6327/5219
f 5219/6327/5219 2138/6328/2138 1324/2649/1324 3729/6329/3729
f 3728/6323/3728 5219/6327/5219 3729/6329/3729 1199/6324/1199
f 1046/6330/1046 2785/4492/2785 5220/6331/5220 3750/6332/3750
f 2785/4492/2785 1320/6072/1320 3663/6075/3663 5220/6331/5220
f 5220/6331/5220 3663/6075/3663 1169/6035/1169 3751/6333/3751
f 3750/6332/3750 5220/6331/5220 3751/6333/3751 1212/6334/1212
f 1195/6295/1195 3712/6294/3712 5221/6335/5221 3730/6336/3730
f 3712/6294/3712 1199/6293/1199 3729/6337/3729 5221/6335/5221
f 5221/6335/5221 3729/6337/3729 1324/2660/1324 2115/6338/2115
f 3730/6336/3730 5221/6335/5221 2115/6338/2115 1326/6339/1326
f 1195/6340/1195 3730/6341/3730 5222/6342/5222 3719/6343/3719
f 3730/6341/3730 1326/6344/1326 2114/6345/2114 5222/6342/5222
f 5222/6342/5222 2114/6345/2114 991/1979/991 3441/6346/3441
f 3719/6343/3719 5222/6342/5222 3441/6346/3441 1020/6347/1020
f 1011/5739/1011 3745/6348/3745 5223/6349/5223 3430/5757/3430
f 3745/6348/3745 1204/6350/1204 3731/6351/3731 5223/6349/5223
f 5223/6349/5223 3731/6351/3731 1203/6352/1203 3744/6353/3744
f 3430/5757/3430 5223/6349/5223 3744/6353/3744 1012/6354/1012
f 1165/6355/1165 3755/6356/3755 5224/6357/5224 3650/6358/3650
f 3755/6356/3755 1208/6359/1208 3740/6360/3740 5224/6357/5224
f 5224/6357/5224 3740/6360/3740 1209/6361/1209 3754/6362/3754
f 3650/6358/3650 5224/6357/5224 3754/6362/3754 1166/6363/1166
f 1011/5739/1011 3429/5738/3429 5225/6364/5225 3745/6365/3745
f 3429/5738/3429 1010/6366/1010 3746/6367/3746 5225/6364/5225
f 5225/6364/5225 3746/6367/3746 1205/6368/1205 3732/6369/3732
f 3745/6365/3745 5225/6364/5225 3732/6369/3732 1204/6370/1204
f 1010/6366/1010 3428/6371/3428 5226/6372/5226 3746/6367/3746
f 3428/6371/3428 1009/6373/1009 3747/6374/3747 5226/6372/5226
f 5226/6372/5226 3747/6374/3747 1206/6375/1206 3733/6376/3733
f 3746/6367/3746 5226/6372/5226 3733/6376/3733 1205/6368/1205
f 1009/6373/1009 3427/6377/3427 5227/6378/5227 3747/6374/3747
f 3427/6377/3427 1008/6379/1008 3748/6380/3748 5227/6378/5227
f 5227/6378/5227 3748/6380/3748 1207/6381/1207 3734/6382/3734
f 3747/6374/3747 5227/6378/5227 3734/6382/3734 1206/6375/1206
f 1204/6350/1204 3736/6383/3736 5228/6384/5228 3731/6351/3731
f 3736/6383/3736 1209/6385/1209 3740/6386/3740 5228/6384/5228
f 5228/6384/5228 3740/6386/3740 1208/6359/1208 3735/6017/3735
f 3731/6351/3731 5228/6384/5228 3735/6017/3735 1203/6352/1203
f 1203/6022/1203 3757/6021/3757 5229/6387/5229 3744/6388/3744
f 3757/6021/3757 1038/6020/1038 3456/6215/3456 5229/6387/5229
f 5229/6387/5229 3456/6215/3456 994/5816/994 3431/5814/3431
f 3744/6388/3744 5229/6387/5229 3431/5814/3431 1012/5759/1012
f 1205/6389/1205 3737/6390/3737 5230/6391/5230 3732/6392/3732
f 3737/6390/3737 1210/6393/1210 3741/6394/3741 5230/6391/5230
f 5230/6391/5230 3741/6394/3741 1209/6385/1209 3736/6383/3736
f 3732/6392/3732 5230/6391/5230 3736/6383/3736 1204/6350/1204
f 1206/6375/1206 3738/6395/3738 5231/6396/5231 3733/6376/3733
f 3738/6395/3738 1211/6397/1211 3742/6398/3742 5231/6396/5231
f 5231/6396/5231 3742/6398/3742 1210/6393/1210 3737/6390/3737
f 3733/6376/3733 5231/6396/5231 3737/6390/3737 1205/6389/1205
f 1207/6399/1207 3739/6400/3739 5232/6401/5232 3734/6402/3734
f 3739/6400/3739 1212/6334/1212 3743/6403/3743 5232/6401/5232
f 5232/6401/5232 3743/6403/3743 1211/6397/1211 3738/6395/3738
f 3734/6402/3734 5232/6401/5232 3738/6395/3738 1206/6375/1206
f 1315/3958/1315 3365/6404/3365 5233/6405/5233 3426/6406/3426
f 3365/6404/3365 1045/4567/1045 3749/6407/3749 5233/6405/5233
f 5233/6405/5233 3749/6407/3749 1207/6399/1207 3748/6408/3748
f 3426/6406/3426 5233/6405/5233 3748/6408/3748 1008/5701/1008
f 1045/4567/1045 3366/6409/3366 5234/6410/5234 3749/6407/3749
f 3366/6409/3366 1046/6330/1046 3750/6332/3750 5234/6410/5234
f 5234/6410/5234 3750/6332/3750 1212/6334/1212 3739/6400/3739
f 3749/6407/3749 5234/6410/5234 3739/6400/3739 1207/6399/1207
f 1169/6035/1169 3653/6411/3653 5235/6412/5235 3751/6413/3751
f 3653/6411/3653 1168/6414/1168 3752/6415/3752 5235/6412/5235
f 5235/6412/5235 3752/6415/3752 1211/6416/1211 3743/6417/3743
f 3751/6413/3751 5235/6412/5235 3743/6417/3743 1212/6418/1212
f 1168/6414/1168 3652/6419/3652 5236/6420/5236 3752/6415/3752
f 3652/6419/3652 1167/6421/1167 3753/6422/3753 5236/6420/5236
f 5236/6420/5236 3753/6422/3753 1210/6423/1210 3742/6424/3742
f 3752/6415/3752 5236/6420/5236 3742/6424/3742 1211/6416/1211
f 1167/6421/1167 3651/6425/3651 5237/6426/5237 3753/6422/3753
f 3651/6425/3651 1166/6427/1166 3754/6428/3754 5237/6426/5237
f 5237/6426/5237 3754/6428/3754 1209/6429/1209 3741/6394/3741
f 3753/6422/3753 5237/6426/5237 3741/6394/3741 1210/6423/1210
f 1165/5837/1165 3666/5836/3666 5238/6430/5238 3755/6431/3755
f 3666/5836/3666 1044/5835/1044 3462/6432/3462 5238/6430/5238
f 5238/6430/5238 3462/6432/3462 1037/6018/1037 3756/6015/3756
f 3755/6431/3755 5238/6430/5238 3756/6015/3756 1208/6014/1208
f 1079/6433/1079 3812/6434/3812 5239/6435/5239 3485/6436/3485
f 3812/6434/3812 1219/6437/1219 3779/6438/3779 5239/6435/5239
f 5239/6435/5239 3779/6438/3779 1224/6439/1224 3811/6440/3811
f 3485/6436/3485 5239/6435/5239 3811/6440/3811 1080/6441/1080
f 1160/6442/1160 3771/6443/3771 5240/6444/5240 3640/6445/3640
f 3771/6443/3771 1217/6446/1217 3764/6447/3764 5240/6444/5240
f 5240/6444/5240 3764/6447/3764 1218/6448/1218 3770/6449/3770
f 3640/6445/3640 5240/6444/5240 3770/6449/3770 1161/6450/1161
f 1006/6451/1006 3766/6452/3766 5241/6453/5241 3424/6454/3424
f 3766/6452/3766 1214/6455/1214 3758/6456/3758 5241/6453/5241
f 5241/6453/5241 3758/6456/3758 1213/6254/1213 3765/6457/3765
f 3424/6454/3424 5241/6453/5241 3765/6457/3765 1007/6458/1007
f 1005/6459/1005 3767/6460/3767 5242/6461/5242 3423/6462/3423
f 3767/6460/3767 1215/6463/1215 3759/6464/3759 5242/6461/5242
f 5242/6461/5242 3759/6464/3759 1214/6455/1214 3766/6452/3766
f 3423/6462/3423 5242/6461/5242 3766/6452/3766 1006/6451/1006
f 992/6465/992 3459/6466/3459 5243/6467/5243 3422/6468/3422
f 3459/6466/3459 1041/6163/1041 3768/6469/3768 5243/6467/5243
f 5243/6467/5243 3768/6469/3768 1215/6463/1215 3767/6460/3767
f 3422/6468/3422 5243/6467/5243 3767/6460/3767 1005/6459/1005
f 1161/6450/1161 3770/6449/3770 5244/6470/5244 3646/6471/3646
f 3770/6449/3770 1218/6448/1218 3769/6472/3769 5244/6470/5244
f 5244/6470/5244 3769/6472/3769 1042/6473/1042 3453/6474/3453
f 3646/6471/3646 5244/6470/5244 3453/6474/3453 1035/6475/1035
f 1214/6455/1214 3761/6476/3761 5245/6477/5245 3758/6456/3758
f 3761/6476/3761 1217/6478/1217 3763/6479/3763 5245/6477/5245
f 5245/6477/5245 3763/6479/3763 1216/6480/1216 3760/6481/3760
f 3758/6456/3758 5245/6477/5245 3760/6481/3760 1213/6254/1213
f 1215/6463/1215 3762/6482/3762 5246/6483/5246 3759/6464/3759
f 3762/6482/3762 1218/6448/1218 3764/6447/3764 5246/6483/5246
f 5246/6483/5246 3764/6447/3764 1217/6478/1217 3761/6476/3761
f 3759/6464/3759 5246/6483/5246 3761/6476/3761 1214/6455/1214
f 1041/6163/1041 3460/6484/3460 5247/6485/5247 3768/6469/3768
f 3460/6484/3460 1042/6161/1042 3769/6472/3769 5247/6485/5247
f 5247/6485/5247 3769/6472/3769 1218/6448/1218 3762/6482/3762
f 3768/6469/3768 5247/6485/5247 3762/6482/3762 1215/6463/1215
f 1213/6486/1213 3774/6487/3774 5248/6488/5248 3765/6489/3765
f 3774/6487/3774 1034/6276/1034 3452/6279/3452 5248/6488/5248
f 5248/6488/5248 3452/6279/3452 993/5581/993 3425/5578/3425
f 3765/6489/3765 5248/6488/5248 3425/5578/3425 1007/5577/1007
f 1030/5928/1030 3449/6490/3449 5249/6491/5249 3545/6492/3545
f 3449/6490/3449 1029/6493/1029 3546/5627/3546 5249/6491/5249
f 5249/6491/5249 3546/5627/3546 1116/6494/1116 3528/5589/3528
f 3545/6492/3545 5249/6491/5249 3528/5589/3528 1115/5677/1115
f 1159/6495/1159 3772/6496/3772 5250/6497/5250 3639/6498/3639
f 3772/6496/3772 1216/6499/1216 3763/6500/3763 5250/6497/5250
f 5250/6497/5250 3763/6500/3763 1217/6446/1217 3771/6443/3771
f 3639/6498/3639 5250/6497/5250 3771/6443/3771 1160/6442/1160
f 1159/5925/1159 3649/5924/3649 5251/6501/5251 3772/6502/3772
f 3649/5924/3649 1040/5923/1040 3458/6288/3458 5251/6501/5251
f 5251/6501/5251 3458/6288/3458 1033/6250/1033 3773/6247/3773
f 3772/6502/3772 5251/6501/5251 3773/6247/3773 1216/6246/1216
f 1085/6503/1085 3798/6504/3798 5252/6505/5252 3492/6506/3492
f 3798/6504/3798 1220/6507/1220 3775/6508/3775 5252/6505/5252
f 5252/6505/5252 3775/6508/3775 1219/6509/1219 3797/6510/3797
f 3492/6506/3492 5252/6505/5252 3797/6510/3797 1086/6511/1086
f 1353/6512/1353 4046/6513/4046 5253/6514/5253 4061/6515/4061
f 4046/6513/4046 1050/6516/1050 3467/6517/3467 5253/6514/5253
f 5253/6514/5253 3467/6517/3467 1051/6518/1051 4047/6519/4047
f 4061/6515/4061 5253/6514/5253 4047/6519/4047 1354/6520/1354
f 1085/6503/1085 3491/6521/3491 5254/6522/5254 3798/6504/3798
f 3491/6521/3491 1084/6523/1084 3799/6524/3799 5254/6522/5254
f 5254/6522/5254 3799/6524/3799 1221/6525/1221 3776/6526/3776
f 3798/6504/3798 5254/6522/5254 3776/6526/3776 1220/6527/1220
f 1084/6523/1084 3490/6528/3490 5255/6529/5255 3799/6524/3799
f 3490/6528/3490 1083/6530/1083 3800/6531/3800 5255/6529/5255
f 5255/6529/5255 3800/6531/3800 1222/6532/1222 3777/6533/3777
f 3799/6524/3799 5255/6529/5255 3777/6533/3777 1221/6525/1221
f 1083/6530/1083 3489/6534/3489 5256/6535/5256 3800/6531/3800
f 3489/6534/3489 1082/6054/1082 3801/6536/3801 5256/6535/5256
f 5256/6535/5256 3801/6536/3801 1223/6537/1223 3778/6538/3778
f 3800/6531/3800 5256/6535/5256 3778/6538/3778 1222/6532/1222
f 1220/6507/1220 3780/6539/3780 5257/6540/5257 3775/6508/3775
f 3780/6539/3780 1225/6541/1225 3784/6542/3784 5257/6540/5257
f 5257/6540/5257 3784/6542/3784 1224/6439/1224 3779/6543/3779
f 3775/6508/3775 5257/6540/5257 3779/6543/3779 1219/6509/1219
f 1080/6441/1080 3811/6440/3811 5258/6544/5258 3486/6545/3486
f 3811/6440/3811 1224/6439/1224 3788/6546/3788 5258/6544/5258
f 5258/6544/5258 3788/6546/3788 1229/6547/1229 3810/6548/3810
f 3486/6545/3486 5258/6544/5258 3810/6548/3810 1081/6549/1081
f 1221/6550/1221 3781/6551/3781 5259/6552/5259 3776/6553/3776
f 3781/6551/3781 1226/6554/1226 3785/6555/3785 5259/6552/5259
f 5259/6552/5259 3785/6555/3785 1225/6541/1225 3780/6539/3780
f 3776/6553/3776 5259/6552/5259 3780/6539/3780 1220/6507/1220
f 1222/6556/1222 3782/6557/3782 5260/6558/5260 3777/6559/3777
f 3782/6557/3782 1227/6560/1227 3786/6561/3786 5260/6558/5260
f 5260/6558/5260 3786/6561/3786 1226/6554/1226 3781/6551/3781
f 3777/6559/3777 5260/6558/5260 3781/6551/3781 1221/6550/1221
f 1223/6537/1223 3783/6562/3783 5261/6563/5261 3778/6564/3778
f 3783/6562/3783 1228/6565/1228 3787/6566/3787 5261/6563/5261
f 5261/6563/5261 3787/6566/3787 1227/6560/1227 3782/6557/3782
f 3778/6564/3778 5261/6563/5261 3782/6557/3782 1222/6556/1222
f 1225/6541/1225 3789/6567/3789 5262/6568/5262 3784/6542/3784
f 3789/6567/3789 1230/6569/1230 3793/6570/3793 5262/6568/5262
f 5262/6568/5262 3793/6570/3793 1229/6571/1229 3788/6572/3788
f 3784/6542/3784 5262/6568/5262 3788/6572/3788 1224/6439/1224
f 1219/6573/1219 3812/6574/3812 5263/6575/5263 3797/6576/3797
f 3812/6574/3812 1079/6433/1079 3484/6577/3484 5263/6575/5263
f 5263/6575/5263 3484/6577/3484 1001/6578/1001 3493/6579/3493
f 3797/6576/3797 5263/6575/5263 3493/6579/3493 1086/6580/1086
f 1226/6554/1226 3790/6581/3790 5264/6582/5264 3785/6555/3785
f 3790/6581/3790 1231/6583/1231 3794/6584/3794 5264/6582/5264
f 5264/6582/5264 3794/6584/3794 1230/6569/1230 3789/6567/3789
f 3785/6555/3785 5264/6582/5264 3789/6567/3789 1225/6541/1225
f 1227/6560/1227 3791/6585/3791 5265/6586/5265 3786/6561/3786
f 3791/6585/3791 1232/6587/1232 3795/6588/3795 5265/6586/5265
f 5265/6586/5265 3795/6588/3795 1231/6583/1231 3790/6581/3790
f 3786/6561/3786 5265/6586/5265 3790/6581/3790 1226/6554/1226
f 1228/6565/1228 3792/6589/3792 5266/6590/5266 3787/6566/3787
f 3792/6589/3792 1233/6591/1233 3796/6592/3796 5266/6590/5266
f 5266/6590/5266 3796/6592/3796 1232/6587/1232 3791/6585/3791
f 3787/6566/3787 5266/6590/5266 3791/6585/3791 1227/6560/1227
f 1075/6593/1075 3478/6594/3478 5267/6595/5267 3844/6596/3844
f 3478/6594/3478 1074/6597/1074 3845/6598/3845 5267/6595/5267
f 5267/6595/5267 3845/6598/3845 1235/6599/1235 3813/6600/3813
f 3844/6596/3844 5267/6595/5267 3813/6600/3813 1234/6601/1234
f 1339/6602/1339 4060/6603/4060 5268/6604/5268 3487/6605/3487
f 4060/6603/4060 1354/6606/1354 4047/6607/4047 5268/6604/5268
f 5268/6604/5268 4047/6607/4047 1051/6608/1051 3468/6609/3468
f 3487/6605/3487 5268/6604/5268 3468/6609/3468 1000/6610/1000
f 1352/6611/1352 4045/6612/4045 5269/6613/5269 4059/6614/4059
f 4045/6612/4045 1049/6615/1049 3466/6616/3466 5269/6613/5269
f 5269/6613/5269 3466/6616/3466 1050/6516/1050 4046/6513/4046
f 4059/6614/4059 5269/6613/5269 4046/6513/4046 1353/6512/1353
f 1351/6617/1351 4044/6618/4044 5270/6619/5270 4058/6620/4058
f 4044/6618/4044 1048/6621/1048 3465/6622/3465 5270/6619/5270
f 5270/6619/5270 3465/6622/3465 1049/6615/1049 4045/6612/4045
f 4058/6620/4058 5270/6619/5270 4045/6612/4045 1352/6611/1352
f 1350/6623/1350 4043/6624/4043 5271/6625/5271 4057/6626/4057
f 4043/6624/4043 1047/6627/1047 3464/6628/3464 5271/6625/5271
f 5271/6625/5271 3464/6628/3464 1048/6621/1048 4044/6618/4044
f 4057/6626/4057 5271/6625/5271 4044/6618/4044 1351/6617/1351
f 997/4208/997 3367/6629/3367 5272/6630/5272 3488/6631/3488
f 3367/6629/3367 1062/6632/1062 3802/6633/3802 5272/6630/5272
f 5272/6630/5272 3802/6633/3802 1223/6537/1223 3801/6634/3801
f 3488/6631/3488 5272/6630/5272 3801/6634/3801 1082/6635/1082
f 1050/6516/1050 3885/6636/3885 5273/6637/5273 3467/6517/3467
f 3885/6636/3885 1255/6638/1255 3862/6639/3862 5273/6637/5273
f 5273/6637/5273 3862/6639/3862 1254/6640/1254 3884/6641/3884
f 3467/6517/3467 5273/6637/5273 3884/6641/3884 1051/6518/1051
f 1062/6632/1062 3368/4797/3368 5274/6642/5274 3802/6633/3802
f 3368/4797/3368 1063/6643/1063 3803/6644/3803 5274/6642/5274
f 5274/6642/5274 3803/6644/3803 1228/6565/1228 3783/6562/3783
f 3802/6633/3802 5274/6642/5274 3783/6562/3783 1223/6537/1223
f 1063/6643/1063 3369/4801/3369 5275/6645/5275 3803/6644/3803
f 3369/4801/3369 1064/6646/1064 3804/6647/3804 5275/6645/5275
f 5275/6645/5275 3804/6647/3804 1233/6591/1233 3792/6589/3792
f 3803/6644/3803 5275/6645/5275 3792/6589/3792 1228/6565/1228
f 1358/4804/1358 3370/6648/3370 5276/6649/5276 4056/6650/4056
f 3370/6648/3370 1325/4809/1325 3463/6651/3463 5276/6649/5276
f 5276/6649/5276 3463/6651/3463 1047/6627/1047 4043/6624/4043
f 4056/6650/4056 5276/6649/5276 4043/6624/4043 1350/6623/1350
f 1072/6652/1072 3847/6653/3847 5277/6654/5277 3476/6655/3476
f 3847/6653/3847 1237/6656/1237 3815/6657/3815 5277/6654/5277
f 5277/6654/5277 3815/6657/3815 1236/6311/1236 3846/6658/3846
f 3476/6655/3476 5277/6654/5277 3846/6658/3846 1073/6659/1073
f 999/6660/999 3469/6661/3469 5278/6662/5278 3475/6663/3475
f 3469/6661/3469 1052/6664/1052 3848/6665/3848 5278/6662/5278
f 5278/6662/5278 3848/6665/3848 1237/6656/1237 3847/6653/3847
f 3475/6663/3475 5278/6662/5278 3847/6653/3847 1072/6652/1072
f 1253/6666/1253 3852/6667/3852 5279/6668/5279 3853/6669/3853
f 3852/6667/3852 1056/6670/1056 3474/6671/3474 5279/6668/5279
f 5279/6668/5279 3474/6671/3474 995/5094/995 3372/4829/3372
f 3853/6669/3853 5279/6668/5279 3372/4829/3372 1065/6672/1065
f 1235/6319/1235 3817/6318/3817 5280/6673/5280 3813/6674/3813
f 3817/6318/3817 1239/6317/1239 3820/6675/3820 5280/6673/5280
f 5280/6673/5280 3820/6675/3820 1238/6676/1238 3816/6677/3816
f 3813/6674/3813 5280/6673/5280 3816/6677/3816 1234/6678/1234
f 1237/6656/1237 3819/6679/3819 5281/6680/5281 3815/6657/3815
f 3819/6679/3819 1241/6681/1241 3822/6682/3822 5281/6680/5281
f 5281/6680/5281 3822/6682/3822 1240/6315/1240 3818/6312/3818
f 3815/6657/3815 5281/6680/5281 3818/6312/3818 1236/6311/1236
f 1052/6664/1052 3470/6683/3470 5282/6684/5282 3848/6665/3848
f 3470/6683/3470 1053/6685/1053 3849/6686/3849 5282/6684/5282
f 5282/6684/5282 3849/6686/3849 1241/6681/1241 3819/6679/3819
f 3848/6665/3848 5282/6684/5282 3819/6679/3819 1237/6656/1237
f 1239/6687/1239 3821/6316/3821 5283/6688/5283 3824/6689/3824
f 3821/6316/3821 1240/6690/1240 3825/6691/3825 5283/6688/5283
f 5283/6688/5283 3825/6691/3825 1244/6692/1244 3828/6693/3828
f 3824/6689/3824 5283/6688/5283 3828/6693/3828 1243/6694/1243
f 1238/6695/1238 3820/6675/3820 5284/6696/5284 3823/6697/3823
f 3820/6675/3820 1239/6687/1239 3824/6689/3824 5284/6696/5284
f 5284/6696/5284 3824/6689/3824 1243/6694/1243 3827/6698/3827
f 3823/6697/3823 5284/6696/5284 3827/6698/3827 1242/6699/1242
f 1240/6690/1240 3822/6682/3822 5285/6700/5285 3825/6691/3825
f 3822/6682/3822 1241/6701/1241 3826/6702/3826 5285/6700/5285
f 5285/6700/5285 3826/6702/3826 1245/6703/1245 3829/6704/3829
f 3825/6691/3825 5285/6700/5285 3829/6704/3829 1244/6692/1244
f 1241/6701/1241 3849/6686/3849 5286/6705/5286 3826/6702/3826
f 3849/6686/3849 1053/6685/1053 3471/6706/3471 5286/6705/5286
f 5286/6705/5286 3471/6706/3471 1054/6707/1054 3850/6708/3850
f 3826/6702/3826 5286/6705/5286 3850/6708/3850 1245/6703/1245
f 1243/6694/1243 3828/6693/3828 5287/6709/5287 3831/6710/3831
f 3828/6693/3828 1244/6692/1244 3832/6711/3832 5287/6709/5287
f 5287/6709/5287 3832/6711/3832 1248/6712/1248 3835/6713/3835
f 3831/6710/3831 5287/6709/5287 3835/6713/3835 1247/6714/1247
f 1242/6699/1242 3827/6698/3827 5288/6715/5288 3830/6716/3830
f 3827/6698/3827 1243/6694/1243 3831/6710/3831 5288/6715/5288
f 5288/6715/5288 3831/6710/3831 1247/6714/1247 3834/6717/3834
f 3830/6716/3830 5288/6715/5288 3834/6717/3834 1246/6718/1246
f 1244/6692/1244 3829/6704/3829 5289/6719/5289 3832/6711/3832
f 3829/6704/3829 1245/6703/1245 3833/6720/3833 5289/6719/5289
f 5289/6719/5289 3833/6720/3833 1249/6721/1249 3836/6722/3836
f 3832/6711/3832 5289/6719/5289 3836/6722/3836 1248/6712/1248
f 1245/6703/1245 3850/6708/3850 5290/6723/5290 3833/6720/3833
f 3850/6708/3850 1054/6707/1054 3472/6724/3472 5290/6723/5290
f 5290/6723/5290 3472/6724/3472 1055/6725/1055 3851/6726/3851
f 3833/6720/3833 5290/6723/5290 3851/6726/3851 1249/6721/1249
f 1247/6714/1247 3835/6713/3835 5291/6727/5291 3838/6728/3838
f 3835/6713/3835 1248/6712/1248 3839/6729/3839 5291/6727/5291
f 5291/6727/5291 3839/6729/3839 1252/6730/1252 3842/6731/3842
f 3838/6728/3838 5291/6727/5291 3842/6731/3842 1251/6732/1251
f 1246/6718/1246 3834/6717/3834 5292/6733/5292 3837/6734/3837
f 3834/6717/3834 1247/6714/1247 3838/6728/3838 5292/6733/5292
f 5292/6733/5292 3838/6728/3838 1251/6732/1251 3841/6735/3841
f 3837/6734/3837 5292/6733/5292 3841/6735/3841 1250/6736/1250
f 1248/6712/1248 3836/6722/3836 5293/6737/5293 3839/6729/3839
f 3836/6722/3836 1249/6721/1249 3840/6738/3840 5293/6737/5293
f 5293/6737/5293 3840/6738/3840 1253/6666/1253 3843/6739/3843
f 3839/6729/3839 5293/6737/5293 3843/6739/3843 1252/6730/1252
f 1249/6721/1249 3851/6726/3851 5294/6740/5294 3840/6738/3840
f 3851/6726/3851 1055/6725/1055 3473/6741/3473 5294/6740/5294
f 5294/6740/5294 3473/6741/3473 1056/6670/1056 3852/6667/3852
f 3840/6738/3840 5294/6740/5294 3852/6667/3852 1253/6666/1253
f 1073/6659/1073 3846/6658/3846 5295/6742/5295 3477/6743/3477
f 3846/6658/3846 1236/6311/1236 3814/6314/3814 5295/6742/5295
f 5295/6742/5295 3814/6314/3814 1235/6319/1235 3845/6744/3845
f 3477/6743/3477 5295/6742/5295 3845/6744/3845 1074/6745/1074
f 1076/6746/1076 3899/6747/3899 5296/6748/5296 3481/6749/3481
f 3899/6747/3899 1254/6750/1254 3866/6751/3866 5296/6748/5296
f 5296/6748/5296 3866/6751/3866 1259/6752/1259 3898/6753/3898
f 3481/6749/3481 5296/6748/5296 3898/6753/3898 1077/6754/1077
f 1057/6755/1057 3861/6756/3861 5297/6757/5297 2123/6758/2123
f 3861/6756/3861 1234/6601/1234 3816/6677/3816 5297/6757/5297
f 5297/6757/5297 3816/6677/3816 1238/6695/1238 3860/6759/3860
f 2123/6758/2123 5297/6757/5297 3860/6759/3860 1058/3084/1058
f 1252/6730/1252 3843/6739/3843 5298/6760/5298 3854/6761/3854
f 3843/6739/3843 1253/6666/1253 3853/6669/3853 5298/6760/5298
f 5298/6760/5298 3853/6669/3853 1065/6672/1065 3373/6762/3373
f 3854/6761/3854 5298/6760/5298 3373/6762/3373 1066/6763/1066
f 1251/6732/1251 3842/6731/3842 5299/6764/5299 3855/6765/3855
f 3842/6731/3842 1252/6730/1252 3854/6761/3854 5299/6764/5299
f 5299/6764/5299 3854/6761/3854 1066/6763/1066 3374/6766/3374
f 3855/6765/3855 5299/6764/5299 3374/6766/3374 1067/4929/1067
f 1112/6767/1112 3900/6768/3900 5300/6769/5300 3524/6770/3524
f 3900/6768/3900 1269/6771/1269 3921/6772/3921 5300/6769/5300
f 5300/6769/5300 3921/6772/3921 1114/6773/1114 3527/6774/3527
f 3524/6770/3524 5300/6769/5300 3527/6774/3527 1002/6775/1002
f 1250/6736/1250 3841/6735/3841 5301/6776/5301 3856/6777/3856
f 3841/6735/3841 1251/6732/1251 3855/6765/3855 5301/6776/5301
f 5301/6776/5301 3855/6765/3855 1067/4929/1067 3375/6778/3375
f 3856/6777/3856 5301/6776/5301 3375/6778/3375 1068/4942/1068
f 1061/3105/1061 3857/6779/3857 5302/6780/5302 2111/3106/2111
f 3857/6779/3857 1250/6736/1250 3856/6777/3856 5302/6780/5302
f 5302/6780/5302 3856/6777/3856 1068/4942/1068 3371/6781/3371
f 2111/3106/2111 5302/6780/5302 3371/6781/3371 996/3109/996
f 1060/3111/1060 3858/6782/3858 5303/6783/5303 2112/6784/2112
f 3858/6782/3858 1246/6718/1246 3837/6734/3837 5303/6783/5303
f 5303/6783/5303 3837/6734/3837 1250/6736/1250 3857/6779/3857
f 2112/6784/2112 5303/6783/5303 3857/6779/3857 1061/3105/1061
f 1059/3115/1059 3859/6785/3859 5304/6786/5304 2113/6787/2113
f 3859/6785/3859 1242/6699/1242 3830/6716/3830 5304/6786/5304
f 5304/6786/5304 3830/6716/3830 1246/6718/1246 3858/6782/3858
f 2113/6787/2113 5304/6786/5304 3858/6782/3858 1060/3111/1060
f 1058/3084/1058 3860/6759/3860 5305/6788/5305 2122/6789/2122
f 3860/6759/3860 1238/6695/1238 3823/6697/3823 5305/6788/5305
f 5305/6788/5305 3823/6697/3823 1242/6699/1242 3859/6785/3859
f 2122/6789/2122 5305/6788/5305 3859/6785/3859 1059/3115/1059
f 1234/6790/1234 3861/6791/3861 5306/6792/5306 3844/6793/3844
f 3861/6791/3861 1057/3080/1057 2124/3127/2124 5306/6792/5306
f 5306/6792/5306 2124/3127/2124 998/6794/998 3479/6795/3479
f 3844/6793/3844 5306/6792/5306 3479/6795/3479 1075/6593/1075
f 1265/6796/1265 3895/6797/3895 5307/6798/5307 3880/6799/3880
f 3895/6797/3895 1053/6800/1053 3470/6801/3470 5307/6798/5307
f 5307/6798/5307 3470/6801/3470 1052/6802/1052 3896/6803/3896
f 3880/6799/3880 5307/6798/5307 3896/6803/3896 1264/6804/1264
f 1050/6805/1050 3466/6806/3466 5308/6807/5308 3885/6808/3885
f 3466/6806/3466 1049/6809/1049 3886/6810/3886 5308/6807/5308
f 5308/6807/5308 3886/6810/3886 1256/6811/1256 3863/6812/3863
f 3885/6808/3885 5308/6807/5308 3863/6812/3863 1255/6638/1255
f 1049/6809/1049 3465/6622/3465 5309/6813/5309 3886/6810/3886
f 3465/6622/3465 1048/6814/1048 3887/6815/3887 5309/6813/5309
f 5309/6813/5309 3887/6815/3887 1257/6816/1257 3864/6817/3864
f 3886/6810/3886 5309/6813/5309 3864/6817/3864 1256/6811/1256
f 1048/6814/1048 3464/6628/3464 5310/6818/5310 3887/6815/3887
f 3464/6628/3464 1047/6819/1047 3888/6820/3888 5310/6818/5310
f 5310/6818/5310 3888/6820/3888 1258/6821/1258 3865/6822/3865
f 3887/6815/3887 5310/6818/5310 3865/6822/3865 1257/6816/1257
f 1255/6638/1255 3867/6823/3867 5311/6824/5311 3862/6639/3862
f 3867/6823/3867 1260/6825/1260 3871/6826/3871 5311/6824/5311
f 5311/6824/5311 3871/6826/3871 1259/6752/1259 3866/6827/3866
f 3862/6639/3862 5311/6824/5311 3866/6827/3866 1254/6640/1254
f 1077/6754/1077 3898/6753/3898 5312/6828/5312 3482/6829/3482
f 3898/6753/3898 1259/6752/1259 3875/6830/3875 5312/6828/5312
f 5312/6828/5312 3875/6830/3875 1264/6804/1264 3897/6831/3897
f 3482/6829/3482 5312/6828/5312 3897/6831/3897 1078/6832/1078
f 1256/6833/1256 3868/6834/3868 5313/6835/5313 3863/6812/3863
f 3868/6834/3868 1261/6836/1261 3872/6837/3872 5313/6835/5313
f 5313/6835/5313 3872/6837/3872 1260/6825/1260 3867/6823/3867
f 3863/6812/3863 5313/6835/5313 3867/6823/3867 1255/6638/1255
f 1257/6838/1257 3869/6839/3869 5314/6840/5314 3864/6841/3864
f 3869/6839/3869 1262/6842/1262 3873/6843/3873 5314/6840/5314
f 5314/6840/5314 3873/6843/3873 1261/6836/1261 3868/6834/3868
f 3864/6841/3864 5314/6840/5314 3868/6834/3868 1256/6833/1256
f 1258/6844/1258 3870/6845/3870 5315/6846/5315 3865/6822/3865
f 3870/6845/3870 1263/6847/1263 3874/6848/3874 5315/6846/5315
f 5315/6846/5315 3874/6848/3874 1262/6842/1262 3869/6839/3869
f 3865/6822/3865 5315/6846/5315 3869/6839/3869 1257/6838/1257
f 1260/6825/1260 3876/6849/3876 5316/6850/5316 3871/6826/3871
f 3876/6849/3876 1265/6796/1265 3880/6799/3880 5316/6850/5316
f 5316/6850/5316 3880/6799/3880 1264/6804/1264 3875/6851/3875
f 3871/6826/3871 5316/6850/5316 3875/6851/3875 1259/6752/1259
f 1254/6852/1254 3899/6853/3899 5317/6854/5317 3884/6855/3884
f 3899/6853/3899 1076/6856/1076 3480/6857/3480 5317/6854/5317
f 5317/6854/5317 3480/6857/3480 1000/6858/1000 3468/6859/3468
f 3884/6855/3884 5317/6854/5317 3468/6859/3468 1051/6860/1051
f 1261/6836/1261 3877/6861/3877 5318/6862/5318 3872/6837/3872
f 3877/6861/3877 1266/6863/1266 3881/6864/3881 5318/6862/5318
f 5318/6862/5318 3881/6864/3881 1265/6796/1265 3876/6849/3876
f 3872/6837/3872 5318/6862/5318 3876/6849/3876 1260/6825/1260
f 1262/6842/1262 3878/6865/3878 5319/6866/5319 3873/6843/3873
f 3878/6865/3878 1267/6867/1267 3882/6868/3882 5319/6866/5319
f 5319/6866/5319 3882/6868/3882 1266/6863/1266 3877/6861/3877
f 3873/6843/3873 5319/6866/5319 3877/6861/3877 1261/6836/1261
f 1263/6847/1263 3879/6869/3879 5320/6870/5320 3874/6848/3874
f 3879/6869/3879 1268/6871/1268 3883/6872/3883 5320/6870/5320
f 5320/6870/5320 3883/6872/3883 1267/6867/1267 3878/6865/3878
f 3874/6848/3874 5320/6870/5320 3878/6865/3878 1262/6842/1262
f 1098/6873/1098 3960/6874/3960 5321/6875/5321 3507/6876/3507
f 3960/6874/3960 1293/6877/1293 3964/6878/3964 5321/6875/5321
f 5321/6875/5321 3964/6878/3964 1292/6879/1292 3959/6880/3959
f 3507/6876/3507 5321/6875/5321 3959/6880/3959 1099/6881/1099
f 1078/6832/1078 3897/6831/3897 5322/6882/5322 3483/6883/3483
f 3897/6831/3897 1264/6804/1264 3896/6884/3896 5322/6882/5322
f 5322/6882/5322 3896/6884/3896 1052/6664/1052 3469/6661/3469
f 3483/6883/3483 5322/6882/5322 3469/6661/3469 999/6660/999
f 1266/6863/1266 3894/6885/3894 5323/6886/5323 3881/6864/3881
f 3894/6885/3894 1054/6707/1054 3471/6706/3471 5323/6886/5323
f 5323/6886/5323 3471/6706/3471 1053/6800/1053 3895/6797/3895
f 3881/6864/3881 5323/6886/5323 3895/6797/3895 1265/6796/1265
f 1267/6867/1267 3893/6887/3893 5324/6888/5324 3882/6868/3882
f 3893/6887/3893 1055/6725/1055 3472/6724/3472 5324/6888/5324
f 5324/6888/5324 3472/6724/3472 1054/6707/1054 3894/6885/3894
f 3882/6868/3882 5324/6888/5324 3894/6885/3894 1266/6863/1266
f 1268/6871/1268 3892/6889/3892 5325/6890/5325 3883/6872/3883
f 3892/6889/3892 1056/6891/1056 3473/6892/3473 5325/6890/5325
f 5325/6890/5325 3473/6892/3473 1055/6725/1055 3893/6887/3893
f 3883/6872/3883 5325/6890/5325 3893/6887/3893 1267/6867/1267
f 1325/4809/1325 3376/5073/3376 5326/6893/5326 3463/6651/3463
f 3376/5073/3376 1069/6894/1069 3889/6895/3889 5326/6893/5326
f 5326/6893/5326 3889/6895/3889 1258/6844/1258 3888/6896/3888
f 3463/6651/3463 5326/6893/5326 3888/6896/3888 1047/6627/1047
f 1088/6897/1088 3496/6898/3496 5327/6899/5327 3938/6900/3938
f 3496/6898/3496 1003/6901/1003 3519/6902/3519 5327/6899/5327
f 5327/6899/5327 3519/6902/3519 1108/6903/1108 3922/6904/3922
f 3938/6900/3938 5327/6899/5327 3922/6904/3922 1277/6905/1277
f 1069/6894/1069 3377/6906/3377 5328/6907/5328 3889/6895/3889
f 3377/6906/3377 1070/6908/1070 3890/6909/3890 5328/6907/5328
f 5328/6907/5328 3890/6909/3890 1263/6847/1263 3870/6845/3870
f 3889/6895/3889 5328/6907/5328 3870/6845/3870 1258/6844/1258
f 1070/6908/1070 3378/6910/3378 5329/6911/5329 3890/6909/3890
f 3378/6910/3378 1071/6912/1071 3891/6913/3891 5329/6911/5329
f 5329/6911/5329 3891/6913/3891 1268/6871/1268 3879/6869/3879
f 3890/6909/3890 5329/6911/5329 3879/6869/3879 1263/6847/1263
f 995/4830/995 3474/6914/3474 5330/6915/5330 3379/6916/3379
f 3474/6914/3474 1056/6917/1056 3892/6918/3892 5330/6915/5330
f 5330/6915/5330 3892/6918/3892 1268/6919/1268 3891/6913/3891
f 3379/6916/3379 5330/6915/5330 3891/6913/3891 1071/6920/1071
f 1110/6921/1110 3902/6922/3902 5331/6923/5331 3522/6924/3522
f 3902/6922/3902 1271/6925/1271 3905/6926/3905 5331/6923/5331
f 5331/6923/5331 3905/6926/3905 1270/6927/1270 3901/6928/3901
f 3522/6924/3522 5331/6923/5331 3901/6928/3901 1111/6929/1111
f 1269/6771/1269 3907/6930/3907 5332/6931/5332 3921/6772/3921
f 3907/6930/3907 1273/6932/1273 3920/6933/3920 5332/6931/5332
f 5332/6931/5332 3920/6933/3920 1113/6934/1113 3526/6935/3526
f 3921/6772/3921 5332/6931/5332 3526/6935/3526 1114/6773/1114
f 1109/6936/1109 3903/6937/3903 5333/6938/5333 3521/6939/3521
f 3903/6937/3903 1272/6940/1272 3906/6941/3906 5333/6938/5333
f 5333/6938/5333 3906/6941/3906 1271/6925/1271 3902/6922/3902
f 3521/6939/3521 5333/6938/5333 3902/6922/3902 1110/6921/1110
f 1323/6942/1323 2703/6943/2703 5334/6944/5334 3520/6945/3520
f 2703/6943/2703 1097/6946/1097 3914/6947/3914 5334/6944/5334
f 5334/6944/5334 3914/6947/3914 1272/6940/1272 3903/6937/3903
f 3520/6945/3520 5334/6944/5334 3903/6937/3903 1109/6936/1109
f 1269/6948/1269 3900/6768/3900 5335/6949/5335 3904/6950/3904
f 3900/6768/3900 1112/6951/1112 3523/6952/3523 5335/6949/5335
f 5335/6949/5335 3523/6952/3523 1111/6953/1111 3901/6954/3901
f 3904/6950/3904 5335/6949/5335 3901/6954/3901 1270/6955/1270
f 1271/6925/1271 3909/6956/3909 5336/6957/5336 3905/6926/3905
f 3909/6956/3909 1275/6958/1275 3912/6959/3912 5336/6957/5336
f 5336/6957/5336 3912/6959/3912 1274/6960/1274 3908/6961/3908
f 3905/6926/3905 5336/6957/5336 3908/6961/3908 1270/6927/1270
f 1274/6119/1274 3912/6962/3912 5337/6963/5337 3918/6120/3918
f 3912/6962/3912 1275/6107/1275 3917/6110/3917 5337/6963/5337
f 5337/6963/5337 3917/6110/3917 1180/5908/1180 3675/6964/3675
f 3918/6120/3918 5337/6963/5337 3675/6964/3675 1181/6121/1181
f 1272/6940/1272 3910/6965/3910 5338/6966/5338 3906/6941/3906
f 3910/6965/3910 1276/6967/1276 3913/6968/3913 5338/6966/5338
f 5338/6966/5338 3913/6968/3913 1275/6958/1275 3909/6956/3909
f 3906/6941/3906 5338/6966/5338 3909/6956/3909 1271/6925/1271
f 1097/6946/1097 2704/6969/2704 5339/6970/5339 3914/6947/3914
f 2704/6969/2704 1096/3306/1096 3915/6971/3915 5339/6970/5339
f 5339/6970/5339 3915/6971/3915 1276/6967/1276 3910/6965/3910
f 3914/6947/3914 5339/6970/5339 3910/6965/3910 1272/6940/1272
f 1106/6972/1106 3924/6973/3924 5340/6974/5340 3517/6975/3517
f 3924/6973/3924 1279/6976/1279 3926/6977/3926 5340/6974/5340
f 5340/6974/5340 3926/6977/3926 1278/6978/1278 3923/6979/3923
f 3517/6975/3517 5340/6974/5340 3923/6979/3923 1107/6980/1107
f 1270/6927/1270 3908/6961/3908 5341/6981/5341 3904/6982/3904
f 3908/6961/3908 1274/6960/1274 3911/6983/3911 5341/6981/5341
f 5341/6981/5341 3911/6983/3911 1273/6932/1273 3907/6930/3907
f 3904/6982/3904 5341/6981/5341 3907/6930/3907 1269/6771/1269
f 1278/6978/1278 3928/6984/3928 5342/6985/5342 3925/6986/3925
f 3928/6984/3928 1281/6987/1281 3930/6988/3930 5342/6985/5342
f 5342/6985/5342 3930/6988/3930 1280/6989/1280 3927/6990/3927
f 3925/6986/3925 5342/6985/5342 3927/6990/3927 1277/6905/1277
f 1107/6980/1107 3923/6979/3923 5343/6991/5343 3518/6992/3518
f 3923/6979/3923 1278/6978/1278 3925/6986/3925 5343/6991/5343
f 5343/6991/5343 3925/6986/3925 1277/6905/1277 3922/6904/3922
f 3518/6992/3518 5343/6991/5343 3922/6904/3922 1108/6993/1108
f 1114/6994/1114 3932/6995/3932 5344/6996/5344 3527/6774/3527
f 3932/6995/3932 1279/6976/1279 3924/6997/3924 5344/6996/5344
f 5344/6996/5344 3924/6997/3924 1106/6998/1106 3516/6999/3516
f 3527/6774/3527 5344/6996/5344 3516/6999/3516 1002/7000/1002
f 1088/7001/1088 3938/7002/3938 5345/7003/5345 3495/7004/3495
f 3938/7002/3938 1277/7005/1277 3927/6990/3927 5345/7003/5345
f 5345/7003/5345 3927/6990/3927 1280/7006/1280 3937/7007/3937
f 3495/7004/3495 5345/7003/5345 3937/7007/3937 1087/7008/1087
f 1279/6976/1279 3929/7009/3929 5346/7010/5346 3926/6977/3926
f 3929/7009/3929 1282/7011/1282 3931/7012/3931 5346/7010/5346
f 5346/7010/5346 3931/7012/3931 1281/6987/1281 3928/6984/3928
f 3926/6977/3926 5346/7010/5346 3928/6984/3928 1278/6978/1278
f 1279/6976/1279 3932/7013/3932 5347/7014/5347 3929/7009/3929
f 3932/7013/3932 1114/6773/1114 3526/6935/3526 5347/7014/5347
f 5347/7014/5347 3526/6935/3526 1113/7015/1113 3933/7016/3933
f 3929/7009/3929 5347/7014/5347 3933/7016/3933 1282/7017/1282
f 1282/5985/1282 3933/7018/3933 5348/7019/5348 3934/5986/3934
f 3933/7018/3933 1113/6123/1113 3525/6126/3525 5348/7019/5348
f 5348/7019/5348 3525/6126/3525 1039/5921/1039 3648/5918/3648
f 3934/5986/3934 5348/7019/5348 3648/5918/3648 1162/5917/1162
f 1103/7020/1103 3941/7021/3941 5349/7022/5349 3513/7023/3513
f 3941/7021/3941 1285/7024/1285 3943/7025/3943 5349/7022/5349
f 5349/7022/5349 3943/7025/3943 1284/7026/1284 3940/7027/3940
f 3513/7023/3513 5349/7022/5349 3940/7027/3940 1104/7028/1104
f 1284/7026/1284 3945/7029/3945 5350/7030/5350 3942/7031/3942
f 3945/7029/3945 1287/7032/1287 3947/7033/3947 5350/7030/5350
f 5350/7030/5350 3947/7033/3947 1286/7034/1286 3944/7035/3944
f 3942/7031/3942 5350/7030/5350 3944/7035/3944 1283/7036/1283
f 1104/7028/1104 3940/7027/3940 5351/7037/5351 3514/7038/3514
f 3940/7027/3940 1284/7026/1284 3942/7031/3942 5351/7037/5351
f 5351/7037/5351 3942/7031/3942 1283/7036/1283 3939/7039/3939
f 3514/7038/3514 5351/7037/5351 3939/7039/3939 1105/7040/1105
f 1355/7041/1355 3949/7042/3949 5352/7043/5352 4055/7044/4055
f 3949/7042/3949 1285/7045/1285 3941/7046/3941 5352/7043/5352
f 5352/7043/5352 3941/7046/3941 1103/7020/1103 3512/7047/3512
f 4055/7044/4055 5352/7043/5352 3512/7047/3512 1341/7048/1341
f 1095/7049/1095 3955/6000/3955 5353/7050/5353 3504/7051/3504
f 3955/6000/3955 1283/7036/1283 3944/7052/3944 5353/7050/5353
f 5353/7050/5353 3944/7052/3944 1286/7053/1286 3954/7054/3954
f 3504/7051/3504 5353/7050/5353 3954/7054/3954 1094/7055/1094
f 1285/7024/1285 3946/7056/3946 5354/7057/5354 3943/7025/3943
f 3946/7056/3946 1288/7058/1288 3948/7059/3948 5354/7057/5354
f 5354/7057/5354 3948/7059/3948 1287/7032/1287 3945/7029/3945
f 3943/7025/3943 5354/7057/5354 3945/7029/3945 1284/7026/1284
f 1355/7060/1355 4048/7061/4048 5355/7062/5355 4054/7063/4054
f 4048/7061/4048 1088/7001/1088 3495/7004/3495 5355/7062/5355
f 5355/7062/5355 3495/7004/3495 1087/7008/1087 4049/7064/4049
f 4054/7063/4054 5355/7062/5355 4049/7064/4049 1356/7065/1356
f 1356/7066/1356 4049/7067/4049 5356/7068/5356 4053/7069/4053
f 4049/7067/4049 1087/5992/1087 3494/5995/3494 5356/7068/5356
f 5356/7068/5356 3494/5995/3494 1036/5971/1036 4039/5974/4039
f 4053/7069/4053 5356/7068/5356 4039/5974/4039 1346/5973/1346
f 1100/7070/1100 3958/7071/3958 5357/7072/5357 3509/7073/3509
f 3958/7071/3958 1291/7074/1291 3962/7075/3962 5357/7072/5357
f 5357/7072/5357 3962/7075/3962 1290/7076/1290 3957/7077/3957
f 3509/7073/3509 5357/7072/5357 3957/7077/3957 1101/7078/1101
f 1290/7076/1290 3966/7079/3966 5358/7080/5358 3961/7081/3961
f 3966/7079/3966 1295/7082/1295 3970/7083/3970 5358/7080/5358
f 5358/7080/5358 3970/7083/3970 1294/7084/1294 3965/7085/3965
f 3961/7081/3961 5358/7080/5358 3965/7085/3965 1289/7086/1289
f 1101/7078/1101 3957/7077/3957 5359/7087/5359 3510/7088/3510
f 3957/7077/3957 1290/7076/1290 3961/7081/3961 5359/7087/5359
f 5359/7087/5359 3961/7081/3961 1289/7086/1289 3956/7089/3956
f 3510/7088/3510 5359/7087/5359 3956/7089/3956 1102/7090/1102
f 1099/6881/1099 3959/6880/3959 5360/7091/5360 3508/7092/3508
f 3959/6880/3959 1292/6879/1292 3963/7093/3963 5360/7091/5360
f 5360/7091/5360 3963/7093/3963 1291/7074/1291 3958/7071/3958
f 3508/7092/3508 5360/7091/5360 3958/7071/3958 1100/7070/1100
f 1095/7094/1095 3974/7095/3974 5361/7096/5361 3505/7097/3505
f 3974/7095/3974 1293/7098/1293 3960/7099/3960 5361/7096/5361
f 5361/7096/5361 3960/7099/3960 1098/6873/1098 3506/7100/3506
f 3505/7097/3505 5361/7096/5361 3506/7100/3506 1004/7101/1004
f 1293/6877/1293 3969/7102/3969 5362/7103/5362 3964/6878/3964
f 3969/7102/3969 1298/7104/1298 3973/7105/3973 5362/7103/5362
f 5362/7103/5362 3973/7105/3973 1297/7106/1297 3968/7107/3968
f 3964/6878/3964 5362/7103/5362 3968/7107/3968 1292/6879/1292
f 1332/7108/1332 3511/7109/3511 5363/7110/5363 3380/7111/3380
f 3511/7109/3511 1102/7112/1102 3956/7113/3956 5363/7110/5363
f 5363/7110/5363 3956/7113/3956 1289/7114/1289 3982/7115/3982
f 3380/7111/3380 5363/7110/5363 3982/7115/3982 1092/7116/1092
f 1291/7074/1291 3967/7117/3967 5364/7118/5364 3962/7075/3962
f 3967/7117/3967 1296/7119/1296 3971/7120/3971 5364/7118/5364
f 5364/7118/5364 3971/7120/3971 1295/7082/1295 3966/7079/3966
f 3962/7075/3962 5364/7118/5364 3966/7079/3966 1290/7076/1290
f 1292/6879/1292 3968/7107/3968 5365/7121/5365 3963/7093/3963
f 3968/7107/3968 1297/7106/1297 3972/7122/3972 5365/7121/5365
f 5365/7121/5365 3972/7122/3972 1296/7119/1296 3967/7117/3967
f 3963/7093/3963 5365/7121/5365 3967/7117/3967 1291/7074/1291
f 1293/7123/1293 3974/7124/3974 5366/7125/5366 3969/7102/3969
f 3974/7124/3974 1095/7049/1095 3504/7051/3504 5366/7125/5366
f 5366/7125/5366 3504/7051/3504 1094/7055/1094 3975/7126/3975
f 3969/7102/3969 5366/7125/5366 3975/7126/3975 1298/7127/1298
f 1298/6045/1298 3975/7128/3975 5367/7129/5367 3976/6046/3976
f 3975/7128/3975 1094/6179/1094 3503/6182/3503 5367/7129/5367
f 5367/7129/5367 3503/6182/3503 1043/5833/1043 3665/5830/3665
f 3976/6046/3976 5367/7129/5367 3665/5830/3665 1170/5829/1170
f 1301/7130/1301 3995/7131/3995 5368/7132/5368 3984/7133/3984
f 3995/7131/3995 1100/7070/1100 3509/7073/3509 5368/7132/5368
f 5368/7132/5368 3509/7073/3509 1101/7078/1101 3996/7134/3996
f 3984/7133/3984 5368/7132/5368 3996/7134/3996 1300/7135/1300
f 1092/7116/1092 3982/7115/3982 5369/7136/5369 3381/7137/3381
f 3982/7115/3982 1289/7114/1289 3965/7138/3965 5369/7136/5369
f 5369/7136/5369 3965/7138/3965 1294/7084/1294 3981/7139/3981
f 3381/7137/3381 5369/7136/5369 3981/7139/3981 1093/5319/1093
f 1302/7140/1302 3985/7141/3985 5370/7142/5370 3990/7143/3990
f 3985/7141/3985 1301/7144/1301 3989/7145/3989 5370/7142/5370
f 5370/7142/5370 3989/7145/3989 1084/6523/1084 3491/6521/3491
f 3990/7143/3990 5370/7142/5370 3491/6521/3491 1085/6503/1085
f 1303/7146/1303 3986/7147/3986 5371/7148/5371 3991/7149/3991
f 3986/7147/3986 1302/7140/1302 3990/7143/3990 5371/7148/5371
f 5371/7148/5371 3990/7143/3990 1085/6503/1085 3492/7150/3492
f 3991/7149/3991 5371/7148/5371 3492/7150/3492 1086/6580/1086
f 1091/7151/1091 3992/7152/3992 5372/7153/5372 3502/7154/3502
f 3992/7152/3992 1303/7155/1303 3991/7156/3991 5372/7153/5372
f 5372/7153/5372 3991/7156/3991 1086/7157/1086 3493/7158/3493
f 3502/7154/3502 5372/7153/5372 3493/7158/3493 1001/6578/1001
f 1305/7159/1305 3999/7160/3999 5373/7161/5373 4002/7162/4002
f 3999/7160/3999 1304/7163/1304 4001/7164/4001 5373/7161/5373
f 5373/7161/5373 4001/7164/4001 1079/7165/1079 3485/7166/3485
f 4002/7162/4002 5373/7161/5373 3485/7166/3485 1080/7167/1080
f 1300/7135/1300 3996/7134/3996 5374/7168/5374 3983/7169/3983
f 3996/7134/3996 1101/7078/1101 3510/7088/3510 5374/7168/5374
f 5374/7168/5374 3510/7088/3510 1102/7090/1102 3997/7170/3997
f 3983/7169/3983 5374/7168/5374 3997/7170/3997 1299/6048/1299
f 1302/7171/1302 3994/7172/3994 5375/7173/5375 3985/7174/3985
f 3994/7172/3994 1099/6881/1099 3508/7092/3508 5375/7173/5375
f 5375/7173/5375 3508/7092/3508 1100/7070/1100 3995/7131/3995
f 3985/7174/3985 5375/7173/5375 3995/7131/3995 1301/7130/1301
f 1117/5568/1117 3533/5600/3533 5376/7175/5376 3529/5626/3529
f 3533/5600/3533 1121/5599/1121 3536/5607/3536 5376/7175/5376
f 5376/7175/5376 3536/5607/3536 1120/5590/1120 3532/5587/3532
f 3529/5626/3529 5376/7175/5376 3532/5587/3532 1116/5586/1116
f 1303/7176/1303 3993/7177/3993 5377/7178/5377 3986/7179/3986
f 3993/7177/3993 1098/6873/1098 3507/6876/3507 5377/7178/5377
f 5377/7178/5377 3507/6876/3507 1099/6881/1099 3994/7172/3994
f 3986/7179/3986 5377/7178/5377 3994/7172/3994 1302/7171/1302
f 1331/7180/1331 3998/7181/3998 5378/7182/5378 2834/7183/2834
f 3998/7181/3998 1299/7184/1299 3997/7185/3997 5378/7182/5378
f 5378/7182/5378 3997/7185/3997 1102/7112/1102 3511/7109/3511
f 2834/7183/2834 5378/7182/5378 3511/7109/3511 1332/7108/1332
f 1306/7186/1306 4000/7187/4000 5379/7188/5379 4003/7189/4003
f 4000/7187/4000 1305/7159/1305 4002/7162/4002 5379/7188/5379
f 5379/7188/5379 4002/7162/4002 1080/7167/1080 3486/6545/3486
f 4003/7189/4003 5379/7188/5379 3486/6545/3486 1081/7190/1081
f 1004/7101/1004 3506/7100/3506 5380/7191/5380 3501/7192/3501
f 3506/7100/3506 1098/6873/1098 3993/7193/3993 5380/7191/5380
f 5380/7191/5380 3993/7193/3993 1303/7146/1303 3992/7194/3992
f 3501/7192/3501 5380/7191/5380 3992/7194/3992 1091/7151/1091
f 1091/7151/1091 4008/7195/4008 5381/7196/5381 3501/7197/3501
f 4008/7195/4008 1304/7198/1304 4007/7199/4007 5381/7196/5381
f 5381/7196/5381 4007/7199/4007 1105/7040/1105 3515/7200/3515
f 3501/7197/3501 5381/7196/5381 3515/7200/3515 1004/7201/1004
f 1357/7202/1357 4004/7203/4004 5382/7204/5382 4052/7205/4052
f 4004/7203/4004 1306/7186/1306 4003/7189/4003 5382/7204/5382
f 5382/7204/5382 4003/7189/4003 1081/7190/1081 4033/7206/4033
f 4052/7205/4052 5382/7204/5382 4033/7206/4033 1339/7207/1339
f 1304/7163/1304 4008/7208/4008 5383/7209/5383 4001/7210/4001
f 4008/7208/4008 1091/7151/1091 3502/7154/3502 5383/7209/5383
f 5383/7209/5383 3502/7154/3502 1001/6578/1001 3484/7211/3484
f 4001/7210/4001 5383/7209/5383 3484/7211/3484 1079/7212/1079
f 1308/6187/1308 4009/7213/4009 5384/7214/5384 4012/6188/4012
f 4009/7213/4009 1307/7215/1307 4011/7216/4011 5384/7214/5384
f 5384/7214/5384 4011/7216/4011 1076/6856/1076 3481/7217/3481
f 4012/6188/4012 5384/7214/5384 3481/7217/3481 1077/6189/1077
f 1312/7218/1312 4022/7219/4022 5385/7220/5385 4024/7221/4024
f 4022/7219/4022 1311/7222/1311 4020/7223/4020 5385/7220/5385
f 5385/7220/5385 4020/7223/4020 1073/6659/1073 3477/7224/3477
f 4024/7221/4024 5385/7220/5385 3477/7224/3477 1074/6597/1074
f 1305/7159/1305 4006/7225/4006 5386/7226/5386 3999/7227/3999
f 4006/7225/4006 1104/7028/1104 3514/7038/3514 5386/7226/5386
f 5386/7226/5386 3514/7038/3514 1105/7040/1105 4007/7228/4007
f 3999/7227/3999 5386/7226/5386 4007/7228/4007 1304/7198/1304
f 1306/7229/1306 4005/7230/4005 5387/7231/5387 4000/7232/4000
f 4005/7230/4005 1103/7020/1103 3513/7023/3513 5387/7231/5387
f 5387/7231/5387 3513/7023/3513 1104/7028/1104 4006/7225/4006
f 4000/7232/4000 5387/7231/5387 4006/7225/4006 1305/7159/1305
f 1341/7048/1341 3512/7047/3512 5388/7233/5388 4051/7234/4051
f 3512/7047/3512 1103/7020/1103 4005/7235/4005 5388/7233/5388
f 5388/7233/5388 4005/7235/4005 1306/7186/1306 4004/7203/4004
f 4051/7234/4051 5388/7233/5388 4004/7203/4004 1357/7202/1357
f 1090/7236/1090 4018/7237/4018 5389/7238/5389 3499/7239/3499
f 4018/7237/4018 1307/7215/1307 4017/7240/4017 5389/7238/5389
f 5389/7238/5389 4017/7240/4017 1108/6993/1108 3519/7241/3519
f 3499/7239/3499 5389/7238/5389 3519/7241/3519 1003/7242/1003
f 1089/7243/1089 4014/7244/4014 5390/7245/5390 3498/7246/3498
f 4014/7244/4014 1309/6183/1309 4013/6186/4013 5390/7245/5390
f 5390/7245/5390 4013/6186/4013 1078/6191/1078 3483/7247/3483
f 3498/7246/3498 5390/7245/5390 3483/7247/3483 999/6660/999
f 1307/7215/1307 4018/7248/4018 5391/7249/5391 4011/7216/4011
f 4018/7248/4018 1090/7250/1090 3500/7251/3500 5391/7249/5391
f 5391/7249/5391 3500/7251/3500 1000/7252/1000 3480/6857/3480
f 4011/7216/4011 5391/7249/5391 3480/6857/3480 1076/6856/1076
f 1073/7253/1073 4020/7223/4020 5392/7254/5392 3476/7255/3476
f 4020/7223/4020 1311/7256/1311 4021/7257/4021 5392/7254/5392
f 5392/7254/5392 4021/7257/4021 1310/7258/1310 4019/7259/4019
f 3476/7255/3476 5392/7254/5392 4019/7259/4019 1072/7260/1072
f 1308/6187/1308 4016/7261/4016 5393/7262/5393 4009/7263/4009
f 4016/7261/4016 1107/6980/1107 3518/6992/3518 5393/7262/5393
f 5393/7262/5393 3518/6992/3518 1108/6993/1108 4017/7264/4017
f 4009/7263/4009 5393/7262/5393 4017/7264/4017 1307/7265/1307
f 1309/6183/1309 4015/7266/4015 5394/7267/5394 4010/7268/4010
f 4015/7266/4015 1106/6972/1106 3517/6975/3517 5394/7267/5394
f 5394/7267/5394 3517/6975/3517 1107/6980/1107 4016/7261/4016
f 4010/7268/4010 5394/7267/5394 4016/7261/4016 1308/6187/1308
f 1002/7000/1002 3516/6999/3516 5395/7269/5395 3497/7270/3497
f 3516/6999/3516 1106/6998/1106 4015/7271/4015 5395/7269/5395
f 5395/7269/5395 4015/7271/4015 1309/6183/1309 4014/7244/4014
f 3497/7270/3497 5395/7269/5395 4014/7244/4014 1089/7243/1089
f 1089/7243/1089 4031/7272/4031 5396/7273/5396 3497/7274/3497
f 4031/7272/4031 1310/7275/1310 4030/7276/4030 5396/7273/5396
f 5396/7273/5396 4030/7276/4030 1112/6767/1112 3524/7277/3524
f 3497/7274/3497 5396/7273/5396 3524/7277/3524 1002/6775/1002
f 1313/7278/1313 4023/7279/4023 5397/7280/5397 4025/7281/4025
f 4023/7279/4023 1312/7218/1312 4024/7221/4024 5397/7280/5397
f 5397/7280/5397 4024/7221/4024 1074/6597/1074 3478/6594/3478
f 4025/7281/4025 5397/7280/5397 3478/6594/3478 1075/6593/1075
f 1322/7282/1322 4026/7283/4026 5398/7284/5398 2167/3617/2167
f 4026/7283/4026 1313/7278/1313 4025/7281/4025 5398/7284/5398
f 5398/7284/5398 4025/7281/4025 1075/6593/1075 3479/7285/3479
f 2167/3617/2167 5398/7284/5398 3479/7285/3479 998/7286/998
f 999/6660/999 3475/7287/3475 5399/7288/5399 3498/7289/3498
f 3475/7287/3475 1072/7290/1072 4019/7259/4019 5399/7288/5399
f 5399/7288/5399 4019/7259/4019 1310/7275/1310 4031/7272/4031
f 3498/7289/3498 5399/7288/5399 4031/7272/4031 1089/7243/1089
f 1311/7256/1311 4029/7291/4029 5400/7292/5400 4021/7257/4021
f 4029/7291/4029 1111/6929/1111 3523/7293/3523 5400/7292/5400
f 5400/7292/5400 3523/7293/3523 1112/6767/1112 4030/7294/4030
f 4021/7257/4021 5400/7292/5400 4030/7294/4030 1310/7258/1310
f 1313/7295/1313 4027/7296/4027 5401/7297/5401 4023/7298/4023
f 4027/7296/4027 1109/6936/1109 3521/6939/3521 5401/7297/5401
f 5401/7297/5401 3521/6939/3521 1110/6921/1110 4028/7299/4028
f 4023/7298/4023 5401/7297/5401 4028/7299/4028 1312/7300/1312
f 1312/7300/1312 4028/7299/4028 5402/7301/5402 4022/7302/4022
f 4028/7299/4028 1110/6921/1110 3522/6924/3522 5402/7301/5402
f 5402/7301/5402 3522/6924/3522 1111/6929/1111 4029/7291/4029
f 4022/7302/4022 5402/7301/5402 4029/7291/4029 1311/7256/1311
f 1323/7303/1323 3520/7304/3520 5403/7305/5403 2166/7306/2166
f 3520/7304/3520 1109/7307/1109 4027/7308/4027 5403/7305/5403
f 5403/7305/5403 4027/7308/4027 1313/7278/1313 4026/7283/4026
f 2166/7306/2166 5403/7305/5403 4026/7283/4026 1322/7282/1322
f 1301/7144/1301 3984/7309/3984 5404/7310/5404 3989/7145/3989
f 3984/7309/3984 1300/7311/1300 3988/7312/3988 5404/7310/5404
f 5404/7310/5404 3988/7312/3988 1083/6530/1083 3490/6528/3490
f 3989/7145/3989 5404/7310/5404 3490/6528/3490 1084/6523/1084
f 1140/5749/1140 3584/5748/3584 5405/7313/5405 3580/7314/3580
f 3584/5748/3584 1144/5747/1144 3587/5770/3587 5405/7313/5405
f 5405/7313/5405 3587/5770/3587 1143/5775/1143 3583/5828/3583
f 3580/7314/3580 5405/7313/5405 3583/5828/3583 1139/7315/1139
f 1082/7316/1082 3489/7317/3489 5406/7318/5406 3987/7319/3987
f 3489/7317/3489 1083/7320/1083 3988/7321/3988 5406/7318/5406
f 5406/7318/5406 3988/7321/3988 1300/7311/1300 3983/7322/3983
f 3987/7319/3987 5406/7318/5406 3983/7322/3983 1299/7184/1299
f 1003/7242/1003 4034/7323/4034 5407/7324/5407 3499/7325/3499
f 4034/7323/4034 1341/7048/1341 4051/7234/4051 5407/7324/5407
f 5407/7324/5407 4051/7234/4051 1357/7202/1357 4050/7326/4050
f 3499/7325/3499 5407/7324/5407 4050/7326/4050 1090/7250/1090
f 1090/7250/1090 4050/7326/4050 5408/7327/5408 3500/7251/3500
f 4050/7326/4050 1357/7202/1357 4052/7205/4052 5408/7327/5408
f 5408/7327/5408 4052/7205/4052 1339/7207/1339 3487/7328/3487
f 3500/7251/3500 5408/7327/5408 3487/7328/3487 1000/7252/1000
f 1288/6170/1288 3950/7329/3950 5409/7330/5409 3951/6171/3951
f 3950/7329/3950 1356/7066/1356 4053/7069/4053 5409/7330/5409
f 5409/7330/5409 4053/7069/4053 1346/5973/1346 3690/7331/3690
f 3951/6171/3951 5409/7330/5409 3690/7331/3690 1186/6172/1186
f 1285/7024/1285 3949/7332/3949 5410/7333/5410 3946/7334/3946
f 3949/7332/3949 1355/7060/1355 4054/7063/4054 5410/7333/5410
f 5410/7333/5410 4054/7063/4054 1356/7065/1356 3950/7335/3950
f 3946/7334/3946 5410/7333/5410 3950/7335/3950 1288/7058/1288
f 1088/7336/1088 4048/7337/4048 5411/7338/5411 3496/6898/3496
f 4048/7337/4048 1355/7041/1355 4055/7044/4055 5411/7338/5411
f 5411/7338/5411 4055/7044/4055 1341/7048/1341 4034/7323/4034
f 3496/6898/3496 5411/7338/5411 4034/7323/4034 1003/7242/1003
f 1064/6646/1064 3401/7339/3401 5412/7340/5412 3804/6647/3804
f 3401/7339/3401 1358/4804/1358 4056/6650/4056 5412/7340/5412
f 5412/7340/5412 4056/6650/4056 1350/6623/1350 3805/7341/3805
f 3804/6647/3804 5412/7340/5412 3805/7341/3805 1233/6591/1233
f 1233/6591/1233 3805/7341/3805 5413/7342/5413 3796/6592/3796
f 3805/7341/3805 1350/6623/1350 4057/6626/4057 5413/7342/5413
f 5413/7342/5413 4057/6626/4057 1351/6617/1351 3806/7343/3806
f 3796/6592/3796 5413/7342/5413 3806/7343/3806 1232/6587/1232
f 1232/6587/1232 3806/7343/3806 5414/7344/5414 3795/6588/3795
f 3806/7343/3806 1351/6617/1351 4058/6620/4058 5414/7344/5414
f 5414/7344/5414 4058/6620/4058 1352/6611/1352 3807/7345/3807
f 3795/6588/3795 5414/7344/5414 3807/7345/3807 1231/6583/1231
f 1231/6583/1231 3807/7345/3807 5415/7346/5415 3794/6584/3794
f 3807/7345/3807 1352/6611/1352 4059/6614/4059 5415/7346/5415
f 5415/7346/5415 4059/6614/4059 1353/6512/1353 3808/7347/3808
f 3794/6584/3794 5415/7346/5415 3808/7347/3808 1230/6569/1230
f 1081/6549/1081 3810/6548/3810 5416/7348/5416 4033/7349/4033
f 3810/6548/3810 1229/6547/1229 3809/7350/3809 5416/7348/5416
f 5416/7348/5416 3809/7350/3809 1354/6606/1354 4060/6603/4060
f 4033/7349/4033 5416/7348/5416 4060/6603/4060 1339/6602/1339
f 1230/6569/1230 3808/7347/3808 5417/7351/5417 3793/6570/3793
f 3808/7347/3808 1353/6512/1353 4061/6515/4061 5417/7351/5417
f 5417/7351/5417 4061/6515/4061 1354/6520/1354 3809/7352/3809
f 3793/6570/3793 5417/7351/5417 3809/7352/3809 1229/6571/1229
f 1183/6144/1183 3691/7353/3691 5418/7354/5418 3706/7355/3706
f 3691/7353/3691 1347/5980/1347 4062/6244/4062 5418/7354/5418
f 5418/7354/5418 4062/6244/4062 1348/6157/1348 3707/7356/3707
f 3706/7355/3706 5418/7354/5418 3707/7356/3707 1192/7357/1192
f 1189/7358/1189 3708/7359/3708 5419/7360/5419 3699/7361/3699
f 3708/7359/3708 1349/6165/1349 4063/6236/4063 5419/7360/5419
f 5419/7360/5419 4063/6236/4063 1338/5855/1338 4032/7362/4032
f 3699/7361/3699 5419/7360/5419 4032/7362/4032 1023/5890/1023
f 1192/7357/1192 3707/7356/3707 5420/7363/5420 3694/7364/3694
f 3707/7356/3707 1348/6157/1348 4064/6160/4064 5420/7363/5420
f 5420/7363/5420 4064/6160/4064 1349/6165/1349 3708/7359/3708
f 3694/7364/3694 5420/7363/5420 3708/7359/3708 1189/7358/1189
f 1186/6172/1186 3690/7331/3690 5421/7365/5421 3683/6143/3683
f 3690/7331/3690 1346/5973/1346 4065/5976/4065 5421/7365/5421
f 5421/7365/5421 4065/5976/4065 1347/5980/1347 3691/7353/3691
f 3683/6143/3683 5421/7365/5421 3691/7353/3691 1183/6144/1183
f 1026/5939/1026 3636/5938/3636 5422/7366/5422 2707/3699/2707
f 3636/5938/3636 1155/5937/1155 3635/7367/3635 5422/7366/5422
f 5422/7366/5422 3635/7367/3635 1345/5901/1345 4066/5926/4066
f 2707/3699/2707 5422/7366/5422 4066/5926/4066 1340/2244/1340
f 1158/5886/1158 3632/7368/3632 5423/7369/5423 3624/5887/3624
f 3632/7368/3632 1342/5860/1342 4067/5916/4067 5423/7369/5423
f 5423/7369/5423 4067/5916/4067 1343/5911/1343 3633/7370/3633
f 3624/5887/3624 5423/7369/5423 3633/7370/3633 1157/5876/1157
f 1157/5876/1157 3633/7370/3633 5424/7371/5424 3623/5877/3623
f 3633/7370/3633 1343/5911/1343 4068/5914/4068 5424/7371/5424
f 5424/7371/5424 4068/5914/4068 1344/5894/1344 3634/7372/3634
f 3623/5877/3623 5424/7371/5424 3634/7372/3634 1156/5878/1156
f 1156/5878/1156 3634/7372/3634 5425/7373/5425 3622/5881/3622
f 3634/7372/3634 1344/5894/1344 4069/5897/4069 5425/7373/5425
f 5425/7373/5425 4069/5897/4069 1345/5901/1345 3635/7374/3635
f 3622/5881/3622 5425/7373/5425 3635/7374/3635 1155/5882/1155
f 1023/5890/1023 4032/7362/4032 5426/7375/5426 3631/5891/3631
f 4032/7362/4032 1338/5855/1338 4070/5858/4070 5426/7375/5426
f 5426/7375/5426 4070/5858/4070 1342/5860/1342 3632/7368/3632
f 3631/5891/3631 5426/7375/5426 3632/7368/3632 1158/5886/1158
