# Blender 5.1.1
# www.blender.org
mtllib handsaw_wood_4k.mtl
o handsaw_wood
v -0.000749 -0.053115 0.055094
v -0.000749 0.065155 0.054084
v -0.000749 -0.050880 0.105293
v -0.000749 -0.049673 0.111320
v -0.000627 -0.052586 0.111198
v -0.000749 -0.049233 0.116743
v -0.000733 -0.052107 0.116258
v -0.000749 -0.048095 0.122133
v -0.000746 -0.050682 0.122064
v -0.000749 -0.046872 0.127245
v -0.000770 -0.049672 0.127294
v -0.000749 -0.046507 0.132593
v -0.000692 -0.048819 0.132539
v -0.000749 -0.045160 0.137588
v -0.000647 -0.048095 0.137883
v -0.000749 -0.044649 0.143450
v -0.000656 -0.046946 0.142895
v -0.000749 -0.043486 0.148519
v -0.000804 -0.046034 0.148146
v -0.000749 -0.042235 0.153444
v -0.000815 -0.045074 0.153202
v -0.000749 -0.041612 0.158762
v -0.000829 -0.044422 0.159034
v -0.000749 -0.040726 0.163974
v -0.000810 -0.043475 0.163654
v -0.000749 -0.040177 0.169532
v -0.000622 -0.042825 0.168900
v -0.000749 -0.039168 0.174400
v -0.000792 -0.041185 0.174415
v -0.000749 -0.037936 0.179474
v -0.000697 -0.040702 0.179524
v -0.000749 -0.037692 0.184881
v -0.000878 -0.040086 0.184456
v -0.000749 -0.036448 0.190186
v -0.000769 -0.039355 0.189720
v -0.000749 -0.036135 0.195307
v -0.000758 -0.038271 0.195694
v -0.000749 -0.035057 0.200142
v -0.000852 -0.037604 0.200311
v -0.000749 -0.034043 0.205795
v -0.000787 -0.036867 0.205617
v -0.000749 -0.033577 0.210767
v -0.000692 -0.036247 0.210535
v -0.000749 -0.033287 0.216410
v -0.000753 -0.035834 0.216107
v -0.000749 -0.032482 0.221456
v -0.000671 -0.035293 0.221156
v -0.000749 -0.031343 0.226785
v -0.000650 -0.034223 0.226614
v -0.000749 -0.031097 0.232172
v -0.000851 -0.033552 0.231933
v -0.000749 -0.030520 0.237441
v -0.000709 -0.033070 0.237208
v -0.000749 -0.029668 0.241970
v -0.000797 -0.032360 0.242300
v -0.000749 -0.029031 0.247306
v -0.000729 -0.031342 0.247298
v -0.000749 -0.028174 0.253165
v -0.000676 -0.030545 0.252584
v -0.000749 -0.027350 0.258142
v -0.000692 -0.029916 0.257595
v -0.000749 -0.026848 0.263423
v -0.000750 -0.029549 0.262658
v -0.000749 -0.026113 0.268393
v -0.000873 -0.029102 0.268585
v -0.000749 -0.025379 0.273666
v -0.000747 -0.027693 0.273288
v -0.000749 -0.024073 0.278527
v -0.000636 -0.027100 0.278919
v -0.000749 -0.024171 0.283684
v -0.000853 -0.026336 0.283825
v -0.000749 -0.023105 0.289518
v -0.000858 -0.025382 0.289110
v -0.000749 -0.022173 0.295052
v -0.000817 -0.024666 0.294500
v -0.000749 -0.021192 0.299735
v -0.000674 -0.023890 0.299792
v -0.000749 -0.020538 0.304802
v -0.000835 -0.023141 0.304440
v -0.000749 -0.019594 0.309995
v -0.000779 -0.022184 0.309897
v -0.000749 -0.018942 0.315527
v -0.000841 -0.021344 0.314982
v -0.000749 -0.018455 0.320453
v -0.000834 -0.020549 0.320435
v -0.000749 -0.017608 0.326078
v -0.000839 -0.019690 0.325739
v -0.000749 -0.016498 0.331378
v -0.000643 -0.019020 0.330753
v -0.000749 -0.015703 0.336314
v -0.000669 -0.018255 0.336205
v -0.000749 -0.014744 0.341359
v -0.000634 -0.017851 0.341389
v -0.000749 -0.014472 0.347021
v -0.000860 -0.016559 0.346648
v -0.000749 -0.013167 0.351762
v -0.000732 -0.015951 0.351673
v -0.000749 -0.012632 0.356867
v -0.000815 -0.015107 0.357146
v -0.000749 -0.011652 0.362371
v -0.000745 -0.013965 0.362129
v -0.000749 -0.010958 0.367656
v -0.000672 -0.013448 0.367635
v -0.000749 -0.010072 0.372746
v -0.000671 -0.012706 0.372775
v -0.000749 -0.009285 0.378141
v -0.000875 -0.012103 0.378044
v -0.000749 -0.008640 0.383364
v -0.000678 -0.011172 0.383253
v -0.000749 -0.007593 0.388614
v -0.000654 -0.010611 0.388764
v -0.000749 -0.006912 0.393712
v -0.000849 -0.010008 0.393406
v -0.000749 -0.005895 0.399148
v -0.000677 -0.008865 0.399168
v -0.000749 -0.005006 0.404130
v -0.000723 -0.007892 0.404144
v -0.000749 -0.004611 0.409492
v -0.000668 -0.007198 0.409490
v -0.000749 -0.003803 0.414780
v -0.000810 -0.006268 0.414581
v -0.000749 -0.002599 0.419714
v -0.000654 -0.005484 0.419962
v -0.000749 -0.002318 0.425262
v -0.000665 -0.004793 0.425068
v -0.000749 -0.001437 0.430318
v -0.000633 -0.003423 0.430281
v -0.000749 -0.000690 0.435191
v -0.000799 -0.002924 0.434917
v -0.000749 0.000152 0.440450
v -0.000799 -0.002441 0.440483
v -0.000749 0.001182 0.446199
v -0.000805 -0.001939 0.446155
v -0.000749 0.001828 0.451211
v -0.000653 -0.000806 0.451129
v -0.000749 0.002593 0.456495
v -0.000683 -0.000075 0.456374
v -0.000749 0.003756 0.461430
v -0.000861 0.000887 0.461940
v -0.000749 0.004134 0.466842
v -0.000821 0.001605 0.466900
v -0.000749 0.005017 0.472166
v -0.000807 0.002212 0.472136
v -0.000749 0.005869 0.477627
v -0.000647 0.003663 0.477635
v -0.000749 0.006802 0.482374
v -0.000761 0.003578 0.482480
v -0.000749 0.007364 0.487736
v -0.000876 0.004880 0.487783
v -0.000749 0.008107 0.493362
v -0.000764 0.005715 0.493063
v -0.000749 0.009092 0.498364
v -0.000675 0.006081 0.498188
v -0.000749 0.009751 0.503493
v -0.000872 0.007336 0.503683
v -0.000749 0.010636 0.508782
v -0.000688 0.008233 0.508610
v -0.000749 0.011617 0.513918
v -0.000880 0.008912 0.513924
v -0.000749 0.012359 0.519284
v -0.000787 0.009801 0.518658
v -0.000749 0.012752 0.523955
v -0.000813 0.010972 0.524260
v -0.000749 0.013440 0.529548
v -0.000770 0.011252 0.529533
v -0.000749 0.050130 0.530464
v -0.000749 0.014946 0.534685
v -0.000632 0.011929 0.534699
v -0.000749 0.050007 0.532789
v -0.000749 0.015338 0.540063
v -0.000773 0.012685 0.540068
v -0.000749 0.013808 0.546232
v -0.000749 0.049533 0.537416
v -0.000749 0.042539 0.545481
v -0.000749 0.049081 0.539701
v -0.000749 0.048319 0.541889
v -0.000749 0.046976 0.543779
v -0.000749 0.045027 0.545036
v -0.000749 0.040841 0.528981
v -0.000749 0.033105 0.527003
v -0.000749 0.032079 0.528622
v -0.000749 0.038448 0.526094
v -0.000749 0.039951 0.527283
v -0.000749 0.036590 0.525619
v -0.000749 0.034701 0.525940
v -0.000749 0.032318 0.532365
v -0.000749 0.031801 0.530519
v -0.000749 0.040297 0.532692
v -0.000749 0.038957 0.534063
v -0.000749 0.037175 0.534770
v -0.000749 0.033541 0.533841
v -0.000749 0.040963 0.530894
v -0.000749 0.035259 0.534692
v -0.000749 0.049830 0.535109
v 0.000751 -0.053115 0.055094
v 0.000751 0.065155 0.054084
v 0.000751 -0.050871 0.105291
v 0.000751 -0.049656 0.111317
v 0.000872 -0.052523 0.111185
v 0.000751 -0.049230 0.116743
v 0.000767 -0.052098 0.116257
v 0.000751 -0.048095 0.122134
v 0.000754 -0.050680 0.122064
v 0.000751 -0.046872 0.127245
v 0.000730 -0.049683 0.127297
v 0.000751 -0.046490 0.132591
v 0.000807 -0.048782 0.132536
v 0.000751 -0.045141 0.137583
v 0.000852 -0.048044 0.137870
v 0.000751 -0.044636 0.143449
v 0.000843 -0.046884 0.142890
v 0.000751 -0.043499 0.148522
v 0.000696 -0.046067 0.148153
v 0.000751 -0.042248 0.153447
v 0.000684 -0.045110 0.153211
v 0.000751 -0.041628 0.158764
v 0.000670 -0.044464 0.159039
v 0.000751 -0.040727 0.163975
v 0.000689 -0.043510 0.163660
v 0.000751 -0.040160 0.169530
v 0.000877 -0.042751 0.168893
v 0.000751 -0.039173 0.174401
v 0.000708 -0.041217 0.174421
v 0.000751 -0.037936 0.179473
v 0.000803 -0.040673 0.179517
v 0.000751 -0.037716 0.184882
v 0.000620 -0.040168 0.184459
v 0.000751 -0.036451 0.190187
v 0.000731 -0.039366 0.189723
v 0.000751 -0.036143 0.195309
v 0.000742 -0.038277 0.195695
v 0.000751 -0.035076 0.200146
v 0.000646 -0.037664 0.200325
v 0.000751 -0.034045 0.205796
v 0.000713 -0.036887 0.205621
v 0.000751 -0.033568 0.210766
v 0.000808 -0.036215 0.210532
v 0.000751 -0.033283 0.216409
v 0.000747 -0.035836 0.216107
v 0.000751 -0.032465 0.221453
v 0.000828 -0.035250 0.221149
v 0.000751 -0.031336 0.226783
v 0.000849 -0.034171 0.226603
v 0.000751 -0.031113 0.232172
v 0.000648 -0.033615 0.231936
v 0.000751 -0.030516 0.237441
v 0.000791 -0.033046 0.237206
v 0.000751 -0.029675 0.241971
v 0.000702 -0.032386 0.242305
v 0.000751 -0.029023 0.247305
v 0.000771 -0.031329 0.247297
v 0.000751 -0.028158 0.253163
v 0.000823 -0.030497 0.252577
v 0.000751 -0.027342 0.258140
v 0.000808 -0.029881 0.257589
v 0.000751 -0.026855 0.263424
v 0.000750 -0.029549 0.262658
v 0.000751 -0.026131 0.268396
v 0.000626 -0.029164 0.268594
v 0.000751 -0.025372 0.273664
v 0.000753 -0.027692 0.273288
v 0.000751 -0.024064 0.278523
v 0.000863 -0.027045 0.278905
v 0.000751 -0.024200 0.283685
v 0.000646 -0.026407 0.283824
v 0.000751 -0.023127 0.289522
v 0.000640 -0.025455 0.289123
v 0.000751 -0.022179 0.295053
v 0.000683 -0.024708 0.294507
v 0.000751 -0.021186 0.299734
v 0.000825 -0.023849 0.299783
v 0.000751 -0.020554 0.304804
v 0.000664 -0.023191 0.304447
v 0.000751 -0.019604 0.309997
v 0.000721 -0.022201 0.309900
v 0.000751 -0.018963 0.315530
v 0.000658 -0.021402 0.314989
v 0.000751 -0.018478 0.320456
v 0.000664 -0.020610 0.320441
v 0.000751 -0.017618 0.326079
v 0.000660 -0.019756 0.325748
v 0.000751 -0.016478 0.331373
v 0.000856 -0.018954 0.330739
v 0.000751 -0.015684 0.336311
v 0.000830 -0.018208 0.336198
v 0.000751 -0.014735 0.341356
v 0.000865 -0.017796 0.341378
v 0.000751 -0.014493 0.347022
v 0.000638 -0.016639 0.346652
v 0.000751 -0.013168 0.351761
v 0.000768 -0.015941 0.351670
v 0.000751 -0.012644 0.356868
v 0.000685 -0.015146 0.357150
v 0.000751 -0.011647 0.362370
v 0.000755 -0.013962 0.362128
v 0.000751 -0.010940 0.367654
v 0.000827 -0.013402 0.367629
v 0.000751 -0.010067 0.372745
v 0.000828 -0.012662 0.372767
v 0.000751 -0.009299 0.378143
v 0.000623 -0.012170 0.378053
v 0.000751 -0.008623 0.383362
v 0.000822 -0.011129 0.383248
v 0.000751 -0.007586 0.388612
v 0.000845 -0.010565 0.388755
v 0.000751 -0.006921 0.393713
v 0.000650 -0.010057 0.393413
v 0.000751 -0.005884 0.399146
v 0.000823 -0.008829 0.399161
v 0.000751 -0.004998 0.404129
v 0.000777 -0.007879 0.404142
v 0.000751 -0.004601 0.409491
v 0.000831 -0.007151 0.409487
v 0.000751 -0.003808 0.414780
v 0.000690 -0.006305 0.414586
v 0.000751 -0.002581 0.419711
v 0.000845 -0.005436 0.419950
v 0.000751 -0.002296 0.425260
v 0.000834 -0.004742 0.425066
v 0.000751 -0.001416 0.430314
v 0.000864 -0.003335 0.430265
v 0.000751 -0.000702 0.435193
v 0.000700 -0.002959 0.434923
v 0.000751 0.000141 0.440452
v 0.000701 -0.002470 0.440487
v 0.000751 0.001180 0.446199
v 0.000695 -0.001966 0.446160
v 0.000751 0.001847 0.451208
v 0.000846 -0.000751 0.451121
v 0.000751 0.002597 0.456495
v 0.000816 -0.000038 0.456368
v 0.000751 0.003736 0.461434
v 0.000638 0.000831 0.461954
v 0.000751 0.004118 0.466843
v 0.000678 0.001562 0.466903
v 0.000751 0.005013 0.472166
v 0.000692 0.002181 0.472141
v 0.000751 0.005887 0.477624
v 0.000851 0.003732 0.477624
v 0.000751 0.006794 0.482375
v 0.000739 0.003572 0.482481
v 0.000751 0.007340 0.487738
v 0.000622 0.004803 0.487791
v 0.000751 0.008109 0.493362
v 0.000736 0.005706 0.493064
v 0.000751 0.009095 0.498363
v 0.000824 0.006118 0.498180
v 0.000751 0.009732 0.503495
v 0.000626 0.007261 0.503693
v 0.000751 0.010639 0.508782
v 0.000812 0.008272 0.508603
v 0.000751 0.011595 0.513922
v 0.000618 0.008840 0.513937
v 0.000751 0.012349 0.519285
v 0.000713 0.009778 0.518662
v 0.000751 0.012734 0.523956
v 0.000686 0.010919 0.524264
v 0.000751 0.013442 0.529546
v 0.000730 0.011238 0.529535
v 0.000751 0.050130 0.530464
v 0.000751 0.014960 0.534681
v 0.000867 0.011987 0.534682
v 0.000751 0.050007 0.532789
v 0.000751 0.015334 0.540063
v 0.000727 0.012671 0.540069
v 0.000751 0.013808 0.546232
v 0.000751 0.049533 0.537416
v 0.000751 0.042539 0.545481
v 0.000751 0.049081 0.539701
v 0.000751 0.048319 0.541889
v 0.000751 0.046976 0.543779
v 0.000751 0.045027 0.545036
v 0.000751 0.049830 0.535109
v 0.000751 0.049930 0.533950
v 0.000751 0.046079 0.544517
v 0.000751 0.035259 0.534692
v 0.000751 0.049330 0.538562
v 0.000751 0.040963 0.530894
v 0.000751 0.049699 0.536265
v 0.000751 0.033541 0.533841
v 0.000751 0.043827 0.545347
v 0.000751 0.037175 0.534770
v 0.000751 0.050072 0.531627
v 0.000751 0.038957 0.534063
v 0.000751 0.048758 0.540819
v 0.000751 0.040297 0.532692
v 0.000751 0.047727 0.542885
v 0.000751 0.031801 0.530519
v -0.000749 0.049930 0.533950
v 0.000751 0.032318 0.532365
v -0.000749 0.046079 0.544517
v 0.000751 0.034701 0.525940
v -0.000749 0.049330 0.538562
v 0.000751 0.036590 0.525619
v -0.000749 0.049699 0.536265
v 0.000751 0.039951 0.527283
v -0.000749 0.043827 0.545347
v 0.000751 0.038448 0.526094
v -0.000749 0.050072 0.531627
v 0.000751 0.032079 0.528622
v -0.000749 0.048758 0.540819
v 0.000751 0.033105 0.527003
v -0.000749 0.047727 0.542885
v 0.000751 0.040841 0.528981
v -0.020235 0.032028 0.073015
v -0.020290 0.034804 0.075801
v -0.020192 0.034804 0.070248
v -0.017099 0.037513 0.066576
v -0.019086 0.029446 0.101763
v -0.018986 0.040130 0.101802
v -0.019107 0.029437 0.112489
v -0.019163 0.040190 0.112507
v -0.017037 0.032167 0.066632
v -0.018159 0.034806 0.066583
v -0.018266 0.028252 0.073017
v -0.017049 0.028228 0.075743
v -0.017146 0.028176 0.113749
v -0.017161 0.041479 0.113800
v -0.019484 0.034807 0.113674
v -0.019445 0.028265 0.107122
v -0.019523 0.041368 0.107123
v -0.019490 0.034802 0.100573
v -0.017142 0.028195 0.100513
v -0.017147 0.041437 0.100487
v -0.017168 0.044254 0.107121
v -0.017143 0.025462 0.107121
v -0.017151 0.034804 0.097753
v -0.020535 0.034805 0.107121
v -0.017152 0.034804 0.116522
v -0.017037 0.028359 0.070348
v -0.018345 0.041467 0.073014
v -0.017070 0.041548 0.075806
v -0.017050 0.041421 0.070279
v -0.017935 0.039535 0.068304
v -0.019162 0.036945 0.068249
v -0.018221 0.041108 0.113426
v -0.019363 0.031999 0.113363
v -0.019382 0.028557 0.109932
v -0.019358 0.041040 0.104321
v -0.019383 0.031998 0.100878
v -0.018165 0.028544 0.100861
v -0.019414 0.039712 0.075219
v -0.019276 0.029972 0.070841
v -0.019455 0.037018 0.077939
v -0.018080 0.029950 0.077873
v -0.017949 0.030095 0.068318
v -0.018180 0.028532 0.113395
v -0.019222 0.032643 0.068220
v -0.019440 0.037621 0.113388
v -0.019350 0.028567 0.104317
v -0.019444 0.041072 0.109939
v -0.019300 0.037592 0.100915
v -0.019303 0.039656 0.070840
v -0.018130 0.041045 0.100885
v -0.017170 0.043516 0.103510
v -0.017165 0.043536 0.110736
v -0.018471 0.043417 0.107121
v -0.019362 0.029924 0.075209
v -0.017142 0.026176 0.103547
v -0.017145 0.026163 0.110701
v -0.019423 0.032597 0.077925
v -0.018418 0.026237 0.107122
v -0.018141 0.039730 0.077939
v -0.018407 0.034804 0.098563
v -0.017141 0.031231 0.098495
v -0.017150 0.038388 0.098469
v -0.020296 0.034805 0.103564
v -0.020214 0.034806 0.110665
v -0.020197 0.031264 0.107122
v -0.020296 0.038362 0.107122
v -0.018458 0.034804 0.115724
v -0.017073 0.034804 0.080327
v -0.017151 0.031212 0.115796
v -0.017169 0.038407 0.115822
v -0.020521 0.034805 0.073014
v -0.017037 0.034809 0.066084
v -0.017037 0.027760 0.073017
v -0.017062 0.042045 0.073014
v -0.017037 0.039805 0.068026
v -0.017040 0.029903 0.068122
v -0.019320 0.034799 0.067986
v -0.019494 0.039936 0.073014
v -0.019425 0.029710 0.073017
v -0.018379 0.031383 0.115096
v -0.020046 0.038220 0.110479
v -0.019972 0.031400 0.110468
v -0.019983 0.031402 0.103774
v -0.018290 0.038198 0.099212
v -0.018328 0.031401 0.099191
v -0.019547 0.034804 0.078171
v -0.018381 0.026848 0.110478
v -0.017073 0.039993 0.078201
v -0.017099 0.029708 0.078094
v -0.019146 0.039038 0.077245
v -0.018428 0.042801 0.110494
v -0.018376 0.042761 0.103767
v -0.019078 0.030601 0.077217
v -0.018374 0.026854 0.103768
v -0.018851 0.038897 0.068949
v -0.020038 0.038216 0.103768
v -0.018401 0.038234 0.115115
v -0.018917 0.030693 0.068910
v -0.020263 0.037587 0.073014
v -0.018401 0.034805 0.079741
v -0.017067 0.032024 0.079727
v -0.017075 0.037612 0.079792
v -0.018308 0.032137 0.079230
v -0.020076 0.037487 0.075650
v -0.020041 0.032129 0.075643
v -0.019952 0.032149 0.070405
v -0.018078 0.037367 0.067037
v -0.018102 0.032244 0.067070
v -0.018258 0.028678 0.075603
v -0.018334 0.041028 0.075639
v -0.018240 0.040927 0.070440
v -0.018191 0.028776 0.070474
v -0.019926 0.037452 0.070416
v -0.018342 0.037490 0.079272
v -0.019224 -0.033858 0.065803
v -0.019261 -0.032155 0.067513
v -0.019191 -0.032154 0.064108
v -0.017280 -0.030427 0.061628
v -0.017272 -0.033868 0.061669
v -0.017272 -0.036304 0.067521
v -0.017271 -0.036291 0.064089
v -0.017276 -0.027967 0.067538
v -0.017282 -0.027967 0.064067
v -0.018624 -0.030822 0.062837
v -0.018741 -0.029134 0.067159
v -0.018648 -0.035132 0.064467
v -0.018750 -0.030795 0.068828
v -0.018600 -0.033480 0.062850
v -0.018667 -0.029170 0.064462
v -0.018725 -0.035168 0.067157
v -0.018740 -0.033512 0.068823
v -0.017274 -0.032154 0.070310
v -0.019407 -0.032155 0.065803
v -0.017278 -0.032154 0.061299
v -0.017273 -0.036645 0.065803
v -0.017278 -0.027628 0.065803
v -0.017281 -0.028951 0.062600
v -0.017267 -0.035302 0.062655
v -0.018689 -0.032154 0.062693
v -0.018774 -0.029004 0.065803
v -0.018767 -0.035302 0.065803
v -0.018810 -0.032154 0.068970
v -0.017277 -0.028950 0.069006
v -0.017272 -0.035335 0.068982
v -0.018567 -0.029550 0.068407
v -0.018550 -0.034756 0.068400
v -0.018458 -0.029599 0.063249
v -0.018420 -0.034692 0.063270
v -0.019251 -0.030447 0.065802
v -0.017272 -0.033879 0.069962
v -0.017275 -0.030426 0.069978
v -0.019136 -0.030509 0.067421
v -0.019112 -0.033797 0.067416
v -0.019019 -0.033777 0.064211
v -0.019044 -0.030527 0.064204
v 0.020056 0.032064 0.073005
v 0.019983 0.034804 0.075734
v 0.020060 0.034801 0.070270
v 0.017038 0.037503 0.066507
v 0.018958 0.029492 0.101802
v 0.018951 0.040123 0.101806
v 0.018970 0.029487 0.112441
v 0.018850 0.040089 0.112409
v 0.017028 0.032140 0.066574
v 0.018203 0.034807 0.066547
v 0.018215 0.028295 0.073012
v 0.017045 0.028240 0.075739
v 0.017134 0.028224 0.113702
v 0.017144 0.041420 0.113737
v 0.019303 0.034802 0.113602
v 0.019275 0.028329 0.107130
v 0.019334 0.041294 0.107118
v 0.019308 0.034804 0.100631
v 0.017122 0.028263 0.100577
v 0.017138 0.041399 0.100528
v 0.017145 0.044145 0.107122
v 0.017119 0.025548 0.107122
v 0.017123 0.034805 0.097859
v 0.020298 0.034806 0.107124
v 0.017144 0.034804 0.116464
v 0.017032 0.028335 0.070336
v 0.018310 0.041437 0.073013
v 0.017073 0.041556 0.075810
v 0.017053 0.041449 0.070265
v 0.018007 0.039590 0.068238
v 0.019225 0.036975 0.068199
v 0.018048 0.040994 0.113319
v 0.019239 0.032014 0.113315
v 0.019249 0.028604 0.109913
v 0.019236 0.040999 0.104337
v 0.019219 0.032018 0.100932
v 0.018064 0.028624 0.100939
v 0.019222 0.039631 0.075181
v 0.019232 0.029991 0.070846
v 0.019096 0.036961 0.077766
v 0.018001 0.030008 0.077808
v 0.017951 0.030090 0.068305
v 0.018077 0.028603 0.113324
v 0.019221 0.032641 0.068207
v 0.019167 0.037574 0.113290
v 0.019171 0.028630 0.104339
v 0.019162 0.040961 0.109883
v 0.019208 0.037586 0.100937
v 0.019262 0.039641 0.070836
v 0.018095 0.041024 0.100909
v 0.017144 0.043440 0.103545
v 0.017143 0.043423 0.110691
v 0.018286 0.043273 0.107114
v 0.019188 0.030002 0.075173
v 0.017121 0.026265 0.103584
v 0.017128 0.026230 0.110674
v 0.019085 0.032657 0.077753
v 0.018279 0.026346 0.107125
v 0.018069 0.039668 0.077875
v 0.018306 0.034805 0.098642
v 0.017123 0.031266 0.098577
v 0.017130 0.038359 0.098541
v 0.020024 0.034806 0.103606
v 0.020043 0.034801 0.110641
v 0.020019 0.031292 0.107126
v 0.020062 0.038331 0.107121
v 0.018285 0.034802 0.115597
v 0.017069 0.034804 0.080297
v 0.017139 0.031238 0.115733
v 0.017150 0.038389 0.115774
v 0.020291 0.034802 0.073007
v 0.017024 0.034808 0.066022
v 0.017024 0.027756 0.073018
v 0.017065 0.042064 0.073014
v 0.017047 0.039840 0.067983
v 0.017042 0.029869 0.068080
v 0.019322 0.034803 0.067967
v 0.019345 0.039868 0.073012
v 0.019311 0.029764 0.073008
v 0.018241 0.031429 0.114991
v 0.019801 0.038179 0.110439
v 0.019849 0.031419 0.110452
v 0.019785 0.031429 0.103802
v 0.018247 0.038184 0.099251
v 0.018238 0.031431 0.099261
v 0.019158 0.034802 0.077968
v 0.018274 0.026933 0.110444
v 0.017075 0.039986 0.078196
v 0.017055 0.029728 0.078096
v 0.018894 0.038942 0.077141
v 0.018150 0.042599 0.110410
v 0.018295 0.042697 0.103793
v 0.018854 0.030697 0.077115
v 0.018237 0.026958 0.103808
v 0.018958 0.038955 0.068878
v 0.019827 0.038187 0.103801
v 0.018221 0.038182 0.114986
v 0.018909 0.030698 0.068911
v 0.020047 0.037550 0.073009
v 0.018165 0.034805 0.079557
v 0.017062 0.032034 0.079702
v 0.017075 0.037603 0.079771
v 0.018122 0.032197 0.079085
v 0.019787 0.037431 0.075587
v 0.019771 0.032183 0.075583
v 0.019863 0.032165 0.070420
v 0.018159 0.037401 0.066985
v 0.018123 0.032232 0.067023
v 0.018195 0.028738 0.075574
v 0.018278 0.040977 0.075615
v 0.018245 0.040926 0.070435
v 0.018163 0.028793 0.070478
v 0.019834 0.037440 0.070424
v 0.018180 0.037435 0.079127
v 0.018925 -0.033803 0.065790
v 0.018845 -0.032156 0.067412
v 0.018993 -0.032157 0.064130
v 0.017273 -0.030444 0.061671
v 0.017269 -0.033861 0.061683
v 0.017258 -0.036239 0.067494
v 0.017263 -0.036256 0.064104
v 0.017225 -0.028126 0.067474
v 0.017264 -0.028054 0.064103
v 0.018569 -0.030829 0.062855
v 0.018393 -0.029286 0.067084
v 0.018542 -0.035087 0.064477
v 0.018310 -0.030871 0.068623
v 0.018568 -0.033481 0.062857
v 0.018522 -0.029237 0.064477
v 0.018460 -0.035067 0.067111
v 0.018378 -0.033473 0.068656
v 0.017227 -0.032154 0.070162
v 0.019066 -0.032154 0.065785
v 0.017271 -0.032155 0.061339
v 0.017260 -0.036579 0.065803
v 0.017231 -0.027781 0.065798
v 0.017273 -0.028989 0.062637
v 0.017269 -0.035307 0.062650
v 0.018623 -0.032154 0.062713
v 0.018507 -0.029125 0.065785
v 0.018546 -0.035214 0.065793
v 0.018372 -0.032169 0.068763
v 0.017247 -0.029054 0.068903
v 0.017255 -0.035266 0.068917
v 0.018196 -0.029680 0.068253
v 0.018307 -0.034662 0.068298
v 0.018409 -0.029615 0.063263
v 0.018411 -0.034688 0.063267
v 0.018928 -0.030503 0.065784
v 0.017242 -0.033828 0.069838
v 0.017237 -0.030483 0.069840
v 0.018723 -0.030587 0.067324
v 0.018751 -0.033741 0.067341
v 0.018880 -0.033760 0.064221
v 0.018869 -0.030555 0.064223
v 0.015716 0.074488 0.002422
v 0.016526 0.080891 0.038546
v 0.016708 0.025812 0.133882
v 0.016883 0.042080 0.133407
v 0.016477 -0.016351 0.081686
v 0.016622 -0.038483 0.075807
v 0.016399 -0.067296 0.044764
v 0.016856 -0.078338 0.004367
v 0.016995 -0.080132 -0.021702
v 0.017120 -0.073287 -0.046654
v 0.017248 -0.052355 -0.061527
v 0.017241 -0.023709 -0.064458
v 0.017129 0.007905 -0.063945
v 0.016901 0.037115 -0.055935
v 0.014392 0.061386 -0.039165
v 0.014184 0.067633 -0.024022
v 0.014657 0.071035 -0.012116
v 0.016738 -0.000547 0.087028
v 0.016928 0.011165 0.095185
v 0.017036 0.019025 0.110089
v 0.017346 -0.007252 0.040645
v 0.016642 0.049503 -0.048379
v 0.016099 -0.048858 0.070321
v 0.016541 -0.073107 0.029317
v 0.016233 -0.079258 -0.008587
v 0.017172 -0.063984 -0.056760
v 0.016864 -0.079477 -0.035054
v 0.017041 0.022755 -0.061088
v 0.017194 -0.008060 -0.064803
v 0.017268 -0.038765 -0.063579
v 0.017071 0.021829 0.120885
v 0.016715 0.035783 0.136167
v 0.016667 0.031909 0.136468
v 0.017346 0.003327 0.041657
v 0.017346 0.013915 0.042952
v 0.016986 0.015639 0.102305
v 0.016600 -0.025145 0.079579
v 0.016782 -0.007115 0.084275
v 0.016836 0.005999 0.090633
v 0.012090 0.075559 0.001216
v 0.000000 0.081590 0.038630
v 0.014062 -0.079161 0.007602
v 0.015132 -0.082960 -0.021473
v 0.015431 -0.077969 -0.050328
v 0.016509 -0.058138 -0.067649
v 0.016586 -0.027729 -0.071763
v 0.015872 0.007342 -0.071493
v 0.014961 0.038852 -0.062196
v 0.011468 0.062859 -0.043222
v 0.011058 0.068924 -0.027019
v 0.011420 0.072239 -0.013876
v 0.014225 0.051704 -0.053690
v 0.014628 -0.080966 -0.006923
v 0.015880 -0.069120 -0.062310
v 0.014604 -0.082537 -0.036032
v 0.015479 0.023479 -0.068171
v 0.016264 -0.010332 -0.072409
v 0.016727 -0.044450 -0.070332
v 0.016360 0.077026 0.013426
v 0.012388 0.077833 0.012664
v 0.000000 0.056997 0.006402
v 0.000000 0.037395 0.033018
v 0.000000 -0.004371 0.025225
v 0.000000 -0.046597 0.017950
v 0.000000 -0.058011 -0.004581
v -0.000000 -0.053202 -0.021439
v 0.000000 -0.037363 -0.028553
v -0.000000 -0.020531 -0.032297
v -0.000000 -0.003489 -0.029785
v 0.000000 0.013839 -0.028938
v 0.000000 0.030137 -0.023683
v 0.000000 0.046213 -0.016838
v 0.000000 0.052047 -0.010226
v 0.000000 0.056043 -0.002331
v 0.000000 0.038527 -0.021580
v -0.000000 -0.052566 0.011433
v 0.000000 -0.057217 -0.013191
v -0.000000 -0.029261 -0.031062
v 0.000000 -0.045536 -0.026541
v 0.000000 0.022087 -0.026211
v 0.000000 0.004926 -0.029848
v -0.000000 -0.011788 -0.031161
v 0.000000 0.020351 0.031065
v 0.000000 0.003848 0.026834
v 0.000000 0.012073 0.028883
v 0.000000 0.055693 0.014866
v 0.000000 0.028722 0.032803
v 0.004050 0.076015 0.000284
v 0.003480 -0.079212 0.007634
v 0.005117 -0.083755 -0.021698
v 0.006110 -0.082369 -0.055901
v 0.007837 -0.062889 -0.080006
v 0.007947 -0.030500 -0.084915
v 0.007152 0.006589 -0.083018
v 0.006476 0.040056 -0.071967
v 0.003498 0.064449 -0.048367
v 0.002929 0.070364 -0.030131
v 0.003922 0.073228 -0.015727
v 0.005965 0.053817 -0.062128
v 0.005389 -0.081782 -0.006921
v 0.007080 -0.073599 -0.072695
v 0.005359 -0.084561 -0.036548
v 0.006708 0.024019 -0.078764
v 0.007605 -0.011739 -0.084827
v 0.008028 -0.049531 -0.083297
v 0.004131 0.077913 0.012078
v 0.008096 0.075924 0.000574
v 0.008258 0.077928 0.012286
v 0.007786 0.072903 -0.015115
v 0.008716 -0.079085 0.008262
v 0.010108 -0.081691 -0.006211
v 0.010299 -0.083557 -0.020882
v 0.010784 -0.083918 -0.036319
v 0.011575 -0.080720 -0.053961
v 0.012579 -0.071946 -0.068480
v 0.013654 -0.061037 -0.074924
v 0.013926 -0.047495 -0.077867
v 0.013802 -0.029359 -0.079422
v 0.013296 -0.011137 -0.079714
v 0.012679 0.006916 -0.078284
v 0.012090 0.023802 -0.074397
v 0.011598 0.039587 -0.068035
v 0.010782 0.053004 -0.058797
v 0.007928 0.063835 -0.046590
v 0.007266 0.069857 -0.029158
v -0.000747 -0.050209 0.070105
v -0.000907 0.042229 0.133729
v 0.000921 -0.038580 0.076230
v 0.000851 -0.025395 0.080013
v 0.000810 -0.007311 0.084697
v -0.000911 0.025591 0.134116
v 0.000811 0.005677 0.091119
v -0.000831 0.021650 0.120890
v 0.000782 0.010858 0.095486
v 0.000833 -0.000746 0.087476
v 0.000849 -0.016856 0.082112
v -0.000777 0.035871 0.136800
v -0.000005 -0.055693 0.065277
v -0.000787 0.018743 0.110141
v -0.000852 0.031950 0.136974
v 0.000825 0.015315 0.102471
v 0.000000 -0.079253 0.007428
v 0.000000 -0.073719 0.029519
v -0.000063 0.064692 -0.048807
v -0.000006 0.070513 -0.030316
v -0.000005 0.054246 -0.063118
v -0.000001 0.073362 -0.015897
v -0.000004 0.006628 -0.084592
v -0.000001 -0.011841 -0.086476
v -0.000000 -0.067249 0.047283
v 0.000005 0.040332 -0.073133
v -0.000008 0.024230 -0.080253
v 0.000000 0.076048 0.000194
v 0.000000 0.077907 0.012021
v 0.000000 -0.081861 -0.007267
v -0.000004 -0.063541 -0.081792
v -0.000000 -0.074254 -0.073906
v -0.000001 -0.030779 -0.086747
v -0.000015 -0.050133 -0.085435
v 0.000001 -0.083870 -0.022045
v 0.000000 -0.084930 -0.036896
v -0.000022 -0.082994 -0.056417
v 0.016848 0.039229 0.135235
v -0.000842 0.039670 0.136142
v 0.016717 0.028392 0.135830
v -0.000864 0.028162 0.136283
v 0.017346 -0.031330 -0.044502
v 0.017346 -0.060475 0.015926
v 0.017346 0.000595 -0.043558
v 0.017346 0.032046 -0.036131
v 0.017316 -0.064845 -0.012807
v 0.017228 0.035053 0.043121
v 0.017346 -0.010116 -0.044668
v 0.016840 0.048413 -0.022799
v 0.017345 0.024558 0.043823
v 0.017346 -0.020802 -0.045166
v 0.016939 0.044763 0.039753
v 0.017346 -0.041329 -0.042025
v 0.017346 0.011295 -0.041987
v 0.012288 0.059052 0.004859
v 0.013618 0.053035 -0.013399
v 0.017343 -0.054893 0.024198
v 0.012242 0.057324 -0.004629
v 0.017317 -0.057265 -0.030515
v 0.017260 -0.062023 -0.022062
v 0.017330 0.041336 -0.030846
v 0.017254 -0.065227 -0.003063
v 0.017345 -0.050208 -0.037353
v 0.017346 0.021872 -0.039676
v 0.013697 0.058643 0.014770
v 0.016803 0.080568 0.033186
v 0.000000 0.046563 0.030070
v 0.016468 0.052533 0.033423
v 0.000000 0.081122 0.031989
v 0.008479 0.081234 0.032646
v 0.012411 0.080015 0.025396
v 0.003544 0.079771 0.023840
v 0.016802 0.079461 0.025358
v 0.000000 0.052719 0.023073
v 0.015597 0.056884 0.024393
v 0.000000 0.079718 0.023514
v 0.009035 -0.073719 0.029519
v 0.013521 -0.077016 0.017493
v 0.003303 -0.077016 0.017622
v 0.000000 -0.076936 0.017950
v 0.016552 -0.076334 0.016868
v 0.000000 -0.056286 0.003751
v 0.017326 -0.063951 0.006644
v 0.017339 -0.005003 -0.057380
v 0.017235 -0.074939 -0.010173
v 0.017184 0.070744 0.003015
v 0.017346 0.002036 0.064246
v 0.017337 -0.074507 -0.022208
v 0.017345 -0.073985 0.001419
v 0.017314 0.072420 0.013099
v 0.017341 -0.045444 -0.055817
v 0.017346 -0.070066 0.023048
v 0.017330 0.035401 -0.049044
v 0.017340 -0.018986 -0.057524
v 0.017236 0.056533 -0.033101
v 0.017341 -0.032682 -0.057247
v 0.017342 -0.056768 -0.051744
v 0.017337 0.009117 -0.056325
v 0.016945 0.063717 -0.021242
v 0.017346 -0.065355 0.034875
v 0.016938 0.067672 -0.009922
v 0.017340 -0.072593 -0.032550
v 0.017325 0.046704 -0.042043
v 0.017345 -0.065963 -0.043203
v 0.017334 0.022501 -0.053640
v 0.017346 0.068746 0.033900
v 0.017344 0.071948 0.021509
v 0.017346 -0.072697 0.012282
v 0.017346 0.016688 0.075270
v 0.017346 0.019088 0.064493
v 0.017346 0.024251 0.116572
v 0.017346 0.016952 0.086526
v 0.017346 0.022411 0.104217
v 0.017346 0.026608 0.125379
v 0.017346 0.042093 0.123049
v 0.017346 0.030579 0.125311
v 0.017346 0.038103 0.125377
v 0.017346 0.045713 0.111181
v 0.017346 0.034061 0.125785
v 0.017346 0.020426 0.096121
v 0.017346 0.059673 0.052479
v 0.000000 0.066666 0.077008
v 0.016759 0.065802 0.076769
v 0.017346 0.058909 0.062612
v 0.017346 0.055733 0.074587
v 0.017346 0.052195 0.086987
v 0.017346 0.048851 0.099161
v 0.017346 0.034178 0.119864
v 0.017328 0.035795 0.096166
v 0.017346 0.035989 0.088993
v 0.017346 0.035088 0.082753
v 0.017346 0.038708 0.063210
v 0.017346 0.040412 0.057345
v 0.010618 0.011257 -0.031064
v 0.011218 -0.034928 -0.031291
v 0.010548 -0.008765 -0.032160
v 0.009482 -0.053771 0.011752
v 0.009417 -0.048342 0.018055
v 0.007544 0.045598 -0.018342
v 0.010817 0.029948 -0.025560
v 0.009543 -0.050879 -0.025196
v 0.005113 0.055898 -0.003800
v 0.009070 0.038476 -0.022848
v 0.010761 0.004958 0.028877
v 0.010545 0.014254 0.031179
v 0.010196 0.023307 0.033345
v 0.010252 -0.018086 -0.033630
v 0.006160 0.051573 -0.011736
v 0.010503 -0.026402 -0.033376
v 0.008397 0.040769 0.033535
v 0.010261 -0.044170 -0.028502
v 0.010837 0.019801 -0.028887
v 0.011071 0.002317 -0.031663
v 0.009348 -0.058631 -0.012045
v 0.009474 0.032087 0.034471
v 0.004811 0.057340 0.004996
v 0.009295 -0.055905 -0.019604
v 0.009448 -0.059103 -0.003912
v 0.005270 0.056280 0.013995
v 0.010842 -0.004672 0.026950
v 0.007222 0.048429 0.029495
v 0.006145 0.053649 0.022446
v 0.009518 -0.057387 0.004181
v 0.017346 0.065116 0.004011
v 0.017346 -0.069572 -0.011850
v 0.017346 -0.001930 -0.049936
v 0.017346 -0.038512 -0.050099
v 0.017346 -0.066131 0.016550
v 0.017346 0.033694 -0.042158
v 0.017346 -0.014242 -0.050573
v 0.017345 0.052685 -0.028026
v 0.017346 -0.026580 -0.050904
v 0.017346 -0.049537 -0.046726
v 0.017346 0.010335 -0.048682
v 0.017345 0.058441 -0.017723
v 0.017346 -0.062145 0.027586
v 0.017345 0.062670 -0.006898
v 0.017346 -0.065312 -0.030984
v 0.017346 0.044083 -0.035954
v 0.017346 -0.058623 -0.039750
v 0.017346 0.022248 -0.046176
v 0.017346 0.010026 0.052813
v 0.017346 -0.001099 0.053360
v 0.017346 -0.068019 -0.021489
v 0.017346 -0.068932 -0.001576
v 0.017346 0.065986 0.015098
v 0.017346 0.060014 0.036526
v 0.017346 0.063586 0.025997
v 0.017346 -0.068078 0.007436
v 0.017346 0.032240 0.050758
v 0.017346 0.053520 0.045576
v 0.017346 0.043381 0.050097
v 0.017346 0.021107 0.051423
v 0.015993 -0.057170 0.061741
v 0.017346 -0.058626 0.044207
v 0.017346 -0.055630 0.036225
v 0.016587 -0.044114 0.073371
v 0.000000 -0.021161 0.023616
v 0.000926 -0.044431 0.073785
v 0.017346 -0.028359 0.038480
v 0.017346 -0.034027 0.057178
v 0.010365 -0.024124 0.024956
v 0.017346 -0.029513 0.048429
v 0.015973 -0.053407 0.066104
v 0.000000 -0.029731 0.023207
v 0.017346 -0.038383 0.035691
v 0.017346 -0.050854 0.049098
v 0.017346 -0.043358 0.043810
v 0.009908 -0.033074 0.024192
v 0.009550 -0.041240 0.022259
v 0.016479 -0.061832 0.055395
v 0.000000 -0.038385 0.021898
v 0.017346 -0.047406 0.030927
v 0.016783 -0.032174 0.077783
v 0.000000 -0.012689 0.024169
v -0.000836 -0.032498 0.078022
v 0.017346 -0.017861 0.039832
v 0.017346 -0.016290 0.062061
v 0.010751 -0.014472 0.025685
v 0.017346 -0.015533 0.052446
v -0.000001 -0.062661 0.055987
v -0.000001 -0.059627 0.060422
v -0.015514 0.074299 0.002468
v -0.016515 0.080943 0.038544
v -0.016551 0.025984 0.133764
v -0.016633 0.041914 0.133512
v -0.016733 -0.016659 0.081606
v -0.016558 -0.038299 0.075548
v -0.016584 -0.067496 0.044888
v -0.016946 -0.078357 0.004243
v -0.017211 -0.080250 -0.021673
v -0.017132 -0.073287 -0.046655
v -0.017247 -0.052355 -0.061527
v -0.017241 -0.023709 -0.064458
v -0.017133 0.007905 -0.063946
v -0.016859 0.037113 -0.055933
v -0.014905 0.061754 -0.039348
v -0.014515 0.068006 -0.024139
v -0.014741 0.071157 -0.012158
v -0.016730 -0.000475 0.086984
v -0.016911 0.011182 0.095204
v -0.016946 0.019073 0.110012
v -0.017346 -0.007245 0.040642
v -0.016553 0.049485 -0.048365
v -0.016231 -0.048950 0.070136
v -0.016357 -0.072899 0.029227
v -0.017187 -0.080041 -0.008546
v -0.017166 -0.063984 -0.056760
v -0.016975 -0.079495 -0.035058
v -0.017044 0.022756 -0.061088
v -0.017194 -0.008060 -0.064803
v -0.017269 -0.038765 -0.063580
v -0.016845 0.022086 0.120917
v -0.016714 0.035914 0.136362
v -0.016739 0.032019 0.136419
v -0.017346 0.003457 0.040748
v -0.017344 0.014086 0.041711
v -0.016978 0.015800 0.102201
v -0.016557 -0.024795 0.079494
v -0.016812 -0.007016 0.084092
v -0.016879 0.005939 0.090682
v -0.012085 0.075530 0.001222
v -0.014066 -0.079186 0.007604
v -0.015414 -0.083205 -0.021444
v -0.015497 -0.078060 -0.050352
v -0.016400 -0.058162 -0.067610
v -0.016589 -0.027729 -0.071764
v -0.015903 0.007344 -0.071504
v -0.014791 0.038803 -0.062093
v -0.011881 0.063286 -0.043417
v -0.011260 0.069305 -0.027126
v -0.011490 0.072431 -0.013924
v -0.014322 0.051757 -0.053727
v -0.015270 -0.081403 -0.006889
v -0.015873 -0.069120 -0.062311
v -0.014847 -0.082743 -0.035938
v -0.015504 0.023480 -0.068181
v -0.016266 -0.010332 -0.072409
v -0.016748 -0.044451 -0.070338
v -0.016098 0.076763 0.013503
v -0.012386 0.077771 0.012674
v -0.004050 0.076025 0.000282
v -0.003480 -0.079212 0.007634
v -0.005119 -0.083763 -0.021698
v -0.006148 -0.082484 -0.055903
v -0.007888 -0.062918 -0.080151
v -0.008017 -0.030516 -0.084983
v -0.007249 0.006631 -0.083122
v -0.006381 0.039994 -0.071871
v -0.003621 0.064706 -0.048474
v -0.002950 0.070507 -0.030165
v -0.003930 0.073317 -0.015743
v -0.005904 0.053787 -0.062039
v -0.005389 -0.081804 -0.006918
v -0.007077 -0.073600 -0.072696
v -0.005378 -0.084667 -0.036549
v -0.006887 0.024059 -0.078950
v -0.007612 -0.011737 -0.084845
v -0.008259 -0.049577 -0.083677
v -0.004131 0.077901 0.012080
v -0.008097 0.075941 0.000572
v -0.008258 0.077902 0.012290
v -0.007815 0.073061 -0.015148
v -0.008716 -0.079086 0.008262
v -0.010108 -0.081689 -0.006212
v -0.010297 -0.083561 -0.020882
v -0.010797 -0.084010 -0.036330
v -0.011649 -0.080839 -0.053938
v -0.012578 -0.071946 -0.068481
v -0.013662 -0.061048 -0.074940
v -0.014134 -0.047505 -0.078059
v -0.013845 -0.029368 -0.079461
v -0.013308 -0.011136 -0.079720
v -0.012776 0.006953 -0.078392
v -0.012219 0.023843 -0.074598
v -0.011290 0.039464 -0.067784
v -0.010771 0.053017 -0.058752
v -0.008151 0.064218 -0.046754
v -0.007341 0.070131 -0.029227
v -0.016646 0.039378 0.135716
v -0.016628 0.028523 0.135729
v -0.017346 -0.032413 -0.044535
v -0.017346 -0.061301 0.014340
v -0.017345 0.000582 -0.043175
v -0.017346 0.032521 -0.036226
v -0.017341 -0.065315 -0.012738
v -0.017312 0.035319 0.044180
v -0.017346 -0.010317 -0.044057
v -0.017078 0.048992 -0.024016
v -0.017340 0.024662 0.043410
v -0.017346 -0.021360 -0.044783
v -0.017295 0.045676 0.041677
v -0.017346 -0.043036 -0.041955
v -0.017346 0.011368 -0.041905
v -0.011967 0.058832 0.004757
v -0.012864 0.053021 -0.012940
v -0.017346 -0.056480 0.023803
v -0.012026 0.057336 -0.004349
v -0.017333 -0.058891 -0.029392
v -0.017240 -0.062464 -0.020958
v -0.017308 0.041380 -0.030922
v -0.017324 -0.064767 -0.003401
v -0.017345 -0.052086 -0.036502
v -0.017346 0.022054 -0.039643
v -0.012911 0.058153 0.014692
v -0.016641 0.080534 0.033256
v -0.017140 0.053402 0.034544
v -0.008479 0.081234 0.032646
v -0.012424 0.080004 0.025397
v -0.003544 0.079769 0.023840
v -0.016255 0.078860 0.025461
v -0.015279 0.056522 0.024414
v -0.009035 -0.073718 0.029519
v -0.013523 -0.077038 0.017498
v -0.003303 -0.077016 0.017622
v -0.016355 -0.076369 0.016839
v -0.017333 -0.063797 0.003982
v -0.017339 -0.005003 -0.057380
v -0.017345 -0.074994 -0.010162
v -0.017136 0.070767 0.003014
v -0.017346 0.002036 0.064246
v -0.017341 -0.074504 -0.022208
v -0.017346 -0.073986 0.001420
v -0.017280 0.072430 0.013096
v -0.017341 -0.045444 -0.055817
v -0.017346 -0.070066 0.023048
v -0.017331 0.035400 -0.049044
v -0.017340 -0.018986 -0.057524
v -0.017178 0.056524 -0.033102
v -0.017341 -0.032682 -0.057247
v -0.017342 -0.056768 -0.051744
v -0.017337 0.009117 -0.056325
v -0.017050 0.063655 -0.021234
v -0.017346 -0.065355 0.034875
v -0.017020 0.067686 -0.009912
v -0.017341 -0.072592 -0.032550
v -0.017314 0.046706 -0.042038
v -0.017345 -0.065963 -0.043203
v -0.017334 0.022500 -0.053640
v -0.017346 0.068746 0.033900
v -0.017343 0.071949 0.021509
v -0.017346 -0.072697 0.012282
v -0.017346 0.016688 0.075270
v -0.017345 0.019088 0.064494
v -0.017346 0.024251 0.116572
v -0.017346 0.016952 0.086526
v -0.017346 0.022411 0.104217
v -0.017346 0.026608 0.125379
v -0.017346 0.042093 0.123049
v -0.017346 0.030579 0.125311
v -0.017346 0.038103 0.125377
v -0.017344 0.045717 0.111182
v -0.017346 0.034061 0.125785
v -0.017346 0.020426 0.096121
v -0.017346 0.059673 0.052480
v -0.016774 0.065892 0.076692
v -0.017346 0.058909 0.062612
v -0.017346 0.055733 0.074587
v -0.017346 0.052195 0.086987
v -0.017346 0.048851 0.099161
v -0.017346 0.034178 0.119864
v -0.017345 0.035792 0.096181
v -0.017346 0.035989 0.088993
v -0.017345 0.035088 0.082755
v -0.017346 0.038708 0.063210
v -0.017346 0.040412 0.057345
v -0.010361 0.011234 -0.030982
v -0.011532 -0.035926 -0.031129
v -0.010595 -0.009220 -0.032181
v -0.009444 -0.054042 0.011297
v -0.009528 -0.048616 0.017858
v -0.008348 0.045740 -0.018458
v -0.011366 0.030333 -0.025839
v -0.009474 -0.051591 -0.024647
v -0.004956 0.056046 -0.003332
v -0.009627 0.038669 -0.022944
v -0.010644 0.004948 0.028844
v -0.010077 0.014216 0.031005
v -0.009716 0.023251 0.033173
v -0.010214 -0.018449 -0.033647
v -0.005147 0.051864 -0.011094
v -0.010699 -0.026978 -0.033341
v -0.009349 0.040950 0.033762
v -0.010141 -0.045146 -0.028174
v -0.010559 0.019849 -0.028771
v -0.010878 0.002181 -0.031589
v -0.009465 -0.058690 -0.011896
v -0.009729 0.032137 0.034553
v -0.004974 0.057351 0.005375
v -0.009394 -0.056217 -0.019092
v -0.009506 -0.059108 -0.003794
v -0.005092 0.056181 0.014304
v -0.010927 -0.004676 0.026986
v -0.007636 0.048266 0.029753
v -0.005832 0.053418 0.022771
v -0.009500 -0.057639 0.003402
v -0.017340 0.065112 0.004011
v -0.017346 -0.069572 -0.011850
v -0.017346 -0.001930 -0.049936
v -0.017346 -0.038512 -0.050099
v -0.017346 -0.066131 0.016550
v -0.017346 0.033694 -0.042158
v -0.017346 -0.014242 -0.050573
v -0.017343 0.052687 -0.028027
v -0.017346 -0.026580 -0.050904
v -0.017346 -0.049537 -0.046726
v -0.017346 0.010335 -0.048682
v -0.017344 0.058436 -0.017720
v -0.017346 -0.062145 0.027586
v -0.017344 0.062667 -0.006897
v -0.017346 -0.065312 -0.030984
v -0.017345 0.044083 -0.035954
v -0.017346 -0.058623 -0.039750
v -0.017346 0.022248 -0.046176
v -0.017346 0.010026 0.052813
v -0.017346 -0.001099 0.053360
v -0.017346 -0.068019 -0.021489
v -0.017346 -0.068932 -0.001576
v -0.017346 0.065986 0.015098
v -0.017346 0.060014 0.036526
v -0.017346 0.063586 0.025997
v -0.017346 -0.068078 0.007436
v -0.017346 0.032240 0.050758
v -0.017346 0.053520 0.045576
v -0.017346 0.043381 0.050097
v -0.017346 0.021107 0.051423
v -0.016355 -0.057250 0.061619
v -0.017346 -0.058626 0.044207
v -0.017346 -0.055630 0.036225
v -0.016445 -0.044113 0.073236
v -0.017346 -0.028500 0.038321
v -0.017346 -0.034027 0.057178
v -0.010284 -0.024135 0.024931
v -0.017346 -0.029513 0.048429
v -0.016196 -0.053280 0.066281
v -0.017346 -0.038858 0.035640
v -0.017346 -0.050854 0.049098
v -0.017346 -0.043358 0.043810
v -0.009939 -0.033191 0.024186
v -0.009684 -0.041534 0.022185
v -0.016549 -0.061803 0.055434
v -0.017346 -0.048596 0.031011
v -0.016516 -0.032216 0.077523
v -0.017346 -0.017918 0.039925
v -0.017346 -0.016290 0.062061
v -0.010727 -0.014497 0.025674
v -0.017346 -0.015533 0.052446
v -0.009337 -0.070726 0.038488
v 0.008120 -0.070731 0.038490
v -0.000000 -0.070727 0.038489
vn -1.0000 -0.0001 -0.0000
vn -1.0000 -0.0000 -0.0000
vn -1.0000 0.0001 -0.0000
vn -1.0000 -0.0012 0.0003
vn -1.0000 -0.0006 0.0001
vn -0.9991 -0.0423 0.0085
vn -1.0000 -0.0008 0.0001
vn -0.9991 -0.0415 0.0036
vn -1.0000 0.0005 -0.0001
vn -0.9997 0.0221 -0.0051
vn -1.0000 0.0006 -0.0001
vn -0.9997 0.0239 -0.0061
vn -0.9996 0.0283 -0.0033
vn -1.0000 -0.0004 -0.0000
vn -0.9997 0.0227 -0.0039
vn -1.0000 -0.0003 -0.0000
vn -0.9988 -0.0492 0.0049
vn -0.9998 0.0213 -0.0044
vn -1.0000 -0.0002 -0.0000
vn -0.9997 -0.0245 0.0017
vn -0.9994 -0.0337 0.0091
vn -1.0000 0.0006 -0.0000
vn -1.0000 0.0005 -0.0000
vn -0.9985 0.0544 -0.0024
vn -1.0000 0.0074 -0.0018
vn -0.9992 0.0400 -0.0089
vn -0.9999 0.0135 -0.0024
vn -0.9998 -0.0217 0.0020
vn -1.0000 -0.0003 0.0001
vn -1.0000 0.0015 -0.0001
vn -1.0000 -0.0007 0.0001
vn -0.9996 -0.0282 0.0045
vn -1.0000 0.0003 -0.0000
vn -0.9994 -0.0347 0.0074
vn -1.0000 0.0002 -0.0000
vn -0.9991 0.0417 -0.0019
vn -0.9999 -0.0158 0.0017
vn -0.9998 0.0176 -0.0033
vn -1.0000 -0.0004 0.0001
vn -1.0000 -0.0087 0.0010
vn -1.0000 -0.0005 0.0001
vn -0.9995 -0.0318 0.0047
vn -0.9997 -0.0231 0.0038
vn -1.0000 0.0004 -0.0001
vn -0.9991 0.0410 -0.0061
vn -1.0000 0.0005 0.0001
vn -0.9993 -0.0360 0.0097
vn -1.0000 0.0010 -0.0001
vn -0.9988 0.0479 0.0009
vn -0.9987 0.0493 -0.0090
vn -0.9996 0.0282 -0.0048
vn -0.9996 -0.0276 0.0058
vn -0.9994 0.0335 -0.0043
vn -0.9999 0.0115 -0.0021
vn -1.0000 0.0008 -0.0001
vn -0.9992 0.0392 -0.0046
vn -1.0000 0.0007 -0.0001
vn -0.9992 0.0408 -0.0040
vn -1.0000 -0.0002 0.0001
vn -0.9990 0.0441 -0.0067
vn -0.9990 -0.0443 0.0093
vn -0.9995 -0.0314 0.0050
vn -1.0000 0.0001 0.0001
vn -0.9993 -0.0369 0.0070
vn -0.9986 0.0535 -0.0026
vn -1.0000 -0.0062 0.0017
vn -0.9997 0.0262 -0.0029
vn -1.0000 -0.0019 0.0003
vn -0.9995 -0.0309 0.0041
vn -0.9996 -0.0294 0.0051
vn -0.9990 0.0449 -0.0066
vn -0.9996 -0.0283 0.0035
vn -0.9995 -0.0310 0.0062
vn -0.9995 0.0327 -0.0044
vn -0.9997 -0.0243 0.0045
vn -1.0000 -0.0089 0.0016
vn -0.9995 -0.0312 0.0023
vn -0.9997 0.0250 -0.0038
vn -0.9995 -0.0321 0.0079
vn -1.0000 -0.0009 0.0001
vn -0.9994 -0.0339 0.0017
vn -0.9982 -0.0585 0.0102
vn -0.9997 0.0230 -0.0035
vn -0.9998 0.0192 -0.0031
vn -0.9998 0.0180 -0.0032
vn -0.9993 -0.0367 0.0047
vn -1.0000 0.0003 -0.0001
vn -0.9997 -0.0248 0.0036
vn -0.9993 0.0374 -0.0088
vn -0.9996 0.0285 -0.0020
vn -0.9998 0.0209 -0.0035
vn -0.9989 -0.0460 0.0072
vn -1.0000 0.0037 -0.0007
vn -0.9987 0.0510 -0.0053
vn -1.0000 0.0065 -0.0009
vn -0.9997 -0.0247 0.0049
vn -0.9987 0.0503 -0.0065
vn -0.9997 -0.0258 0.0043
vn -0.9988 0.0485 -0.0092
vn -0.9998 -0.0189 0.0046
vn -1.0000 -0.0016 0.0006
vn -1.0000 -0.0015 0.0002
vn -0.9992 -0.0386 0.0113
vn -1.0000 0.0072 -0.0017
vn -1.0000 0.0041 -0.0002
vn -1.0000 0.0092 -0.0007
vn -1.0000 0.0016 -0.0002
vn -0.9994 0.0356 -0.0030
vn -1.0000 0.0017 -0.0001
vn -0.9999 0.0155 -0.0021
vn -1.0000 0.0097 -0.0012
vn 1.0000 0.0017 -0.0005
vn 1.0000 -0.0000 -0.0000
vn 1.0000 0.0001 -0.0000
vn 1.0000 0.0018 -0.0006
vn 0.9992 0.0389 -0.0115
vn 1.0000 0.0002 -0.0000
vn 1.0000 0.0006 -0.0001
vn 0.9997 0.0246 -0.0018
vn 1.0000 0.0008 -0.0001
vn 0.9994 0.0339 -0.0091
vn 0.9991 0.0419 -0.0036
vn 1.0000 -0.0005 0.0001
vn 0.9997 -0.0221 0.0050
vn 1.0000 -0.0006 0.0001
vn 0.9997 -0.0239 0.0061
vn 0.9996 -0.0282 0.0033
vn 1.0000 0.0004 -0.0000
vn 0.9997 -0.0226 0.0039
vn 1.0000 0.0003 -0.0000
vn 0.9988 0.0497 -0.0051
vn 0.9998 -0.0212 0.0043
vn 1.0000 -0.0005 -0.0000
vn 0.9998 0.0189 -0.0046
vn 1.0000 -0.0006 -0.0000
vn 0.9985 -0.0539 0.0022
vn 1.0000 -0.0001 -0.0000
vn 1.0000 -0.0072 0.0017
vn 1.0000 -0.0004 0.0001
vn 1.0000 -0.0040 0.0002
vn 0.9992 -0.0398 0.0088
vn 0.9999 -0.0134 0.0024
vn 0.9998 0.0218 -0.0021
vn 1.0000 0.0004 -0.0001
vn 1.0000 -0.0015 0.0001
vn 1.0000 0.0007 -0.0001
vn 0.9996 0.0283 -0.0046
vn 1.0000 -0.0003 -0.0000
vn 0.9994 0.0349 -0.0074
vn 1.0000 -0.0002 -0.0000
vn 0.9991 -0.0414 0.0017
vn 0.9999 0.0158 -0.0018
vn 0.9998 -0.0175 0.0033
vn 1.0000 0.0087 -0.0011
vn 1.0000 0.0005 -0.0001
vn 0.9995 0.0320 -0.0047
vn 0.9997 0.0231 -0.0038
vn 0.9992 -0.0408 0.0059
vn 1.0000 -0.0001 -0.0001
vn 0.9993 0.0362 -0.0097
vn 1.0000 -0.0010 0.0001
vn 0.9989 -0.0477 -0.0012
vn 1.0000 -0.0007 0.0001
vn 0.9988 -0.0490 0.0090
vn 0.9996 -0.0280 0.0048
vn 0.9996 0.0278 -0.0059
vn 0.9994 -0.0334 0.0042
vn 0.9999 -0.0115 0.0021
vn 1.0000 -0.0008 0.0001
vn 0.9992 -0.0390 0.0045
vn 0.9992 -0.0406 0.0040
vn 0.9990 -0.0436 0.0067
vn 0.9990 0.0446 -0.0096
vn 0.9995 0.0315 -0.0051
vn 1.0000 0.0001 -0.0001
vn 0.9993 0.0371 -0.0070
vn 1.0000 -0.0004 -0.0000
vn 0.9986 -0.0529 0.0023
vn 1.0000 0.0062 -0.0018
vn 0.9997 -0.0262 0.0027
vn 1.0000 0.0019 -0.0003
vn 0.9995 0.0310 -0.0041
vn 0.9995 0.0296 -0.0051
vn 0.9990 -0.0446 0.0064
vn 0.9996 0.0283 -0.0037
vn 1.0000 0.0003 -0.0001
vn 0.9995 0.0312 -0.0062
vn 0.9995 -0.0326 0.0042
vn 0.9997 0.0243 -0.0046
vn 1.0000 0.0089 -0.0016
vn 0.9995 0.0314 -0.0023
vn 0.9997 -0.0248 0.0037
vn 0.9994 0.0323 -0.0080
vn 1.0000 0.0009 -0.0001
vn 0.9994 0.0340 -0.0017
vn 0.9982 0.0593 -0.0103
vn 0.9997 -0.0229 0.0033
vn 0.9998 -0.0192 0.0031
vn 0.9998 -0.0179 0.0032
vn 0.9993 0.0368 -0.0049
vn 0.9997 0.0249 -0.0035
vn 0.9993 -0.0373 0.0086
vn 0.9996 -0.0284 0.0020
vn 0.9998 -0.0207 0.0035
vn 0.9989 0.0464 -0.0074
vn 1.0000 -0.0037 0.0007
vn 0.9987 -0.0506 0.0052
vn 1.0000 -0.0064 0.0009
vn 0.9997 0.0248 -0.0049
vn 0.9987 -0.0499 0.0062
vn 0.9997 0.0260 -0.0045
vn 0.9988 -0.0482 0.0090
vn 1.0000 -0.0016 0.0002
vn 0.9999 -0.0154 0.0022
vn 1.0000 -0.0017 0.0002
vn 0.9994 -0.0354 0.0029
vn 1.0000 -0.0096 0.0012
vn 0.9991 0.0425 -0.0086
vn 1.0000 -0.0092 0.0006
vn 1.0000 -0.0074 0.0018
vn 1.0000 0.0012 -0.0003
vn 1.0000 0.0058 -0.0005
vn -0.0001 -0.0060 1.0000
vn 0.0009 -0.1667 0.9860
vn 0.0013 -0.9649 -0.2627
vn 0.0177 -0.9606 -0.2773
vn 0.0036 0.0993 0.9950
vn 0.0247 -0.9485 -0.3159
vn -0.0005 0.0964 0.9953
vn -0.0147 -0.9338 -0.3574
vn 0.0026 0.0171 0.9999
vn -0.0244 -0.9150 -0.4028
vn -0.0040 0.0679 0.9977
vn -0.0115 -0.9494 -0.3139
vn 0.0054 -0.1070 0.9942
vn 0.0203 -0.9480 -0.3175
vn -0.0007 0.1221 0.9925
vn 0.0020 -0.9545 -0.2981
vn -0.0010 -0.2727 0.9621
vn -0.0195 -0.9144 -0.4043
vn 0.0025 0.0637 0.9980
vn -0.0326 -0.9745 -0.2219
vn -0.0057 -0.1358 0.9907
vn -0.0098 -0.9515 -0.3075
vn -0.0076 -0.1563 0.9877
vn 0.0168 -0.9591 -0.2827
vn -0.0072 -0.1724 0.9850
vn -0.0040 -0.9538 -0.3003
vn 0.0031 -0.0092 1.0000
vn 0.0184 -0.9468 -0.3213
vn 0.0028 0.0489 0.9988
vn -0.0117 -0.8910 -0.4539
vn 0.0013 -0.0010 1.0000
vn -0.0080 -0.9496 -0.3134
vn 0.0072 -0.0217 0.9997
vn -0.0041 -0.9499 -0.3125
vn 0.0041 -0.0322 0.9995
vn 0.0167 -0.9386 -0.3446
vn -0.0020 -0.0098 0.9999
vn 0.0206 -0.9719 -0.2347
vn -0.0006 -0.1237 0.9923
vn 0.0110 -0.9230 -0.3846
vn -0.0058 0.0041 1.0000
vn -0.0132 -0.9337 -0.3578
vn 0.0071 0.0027 1.0000
vn -0.0005 -0.9212 -0.3892
vn 0.0066 -0.0438 0.9990
vn 0.0072 -0.8967 -0.4426
vn 0.0020 -0.0237 0.9997
vn 0.0200 -0.9582 -0.2853
vn -0.0053 -0.0834 0.9965
vn -0.0162 -0.9303 -0.3665
vn -0.0024 0.0086 1.0000
vn 0.0067 -0.9588 -0.2842
vn 0.0002 0.1780 0.9840
vn -0.0202 -0.9579 -0.2863
vn 0.0003 -0.1178 0.9930
vn 0.0133 -0.9222 -0.3864
vn 0.0018 -0.0918 0.9958
vn -0.0065 -0.9343 -0.3565
vn 0.0053 -0.2103 0.9776
vn 0.0022 -0.8988 -0.4384
vn 0.0035 0.1278 0.9918
vn -0.0198 -0.9168 -0.3988
vn 0.0032 0.0198 0.9998
vn -0.0130 -0.9219 -0.3872
vn -0.0031 -0.0078 1.0000
vn -0.0279 -0.9724 -0.2314
vn 0.0042 0.0085 1.0000
vn -0.0221 -0.9431 -0.3318
vn 0.0007 -0.1039 0.9946
vn 0.0155 -0.9473 -0.3199
vn 0.0035 -0.0444 0.9990
vn 0.0186 -0.9399 -0.3410
vn 0.0011 0.0048 1.0000
vn 0.0164 -0.9265 -0.3759
vn 0.0034 -0.0784 0.9969
vn 0.0348 -0.9771 -0.2098
vn -0.0019 -0.0134 0.9999
vn 0.0157 -0.9290 -0.3697
vn -0.0010 0.0232 0.9997
vn -0.0140 -0.9394 -0.3424
vn -0.0028 0.0202 0.9998
vn -0.0102 -0.9556 -0.2946
vn 0.0033 -0.0735 0.9973
vn -0.0205 -0.9458 -0.3241
vn -0.0004 0.0019 1.0000
vn -0.0013 -0.9707 -0.2404
vn 0.0219 -0.9615 -0.2741
vn -0.0010 0.0180 0.9998
vn 0.0113 -0.9395 -0.3424
vn -0.0056 -0.1432 0.9897
vn -0.0139 -0.9462 -0.3233
vn 0.0100 -0.2350 0.9719
vn -0.0046 -0.9784 -0.2067
vn -0.0018 -0.1577 0.9875
vn -0.0028 -0.9493 -0.3144
vn 0.0025 -0.0874 0.9962
vn 0.0019 -0.9208 -0.3901
vn -0.0036 -0.0952 0.9954
vn 0.0023 -0.9323 -0.3616
vn 0.0081 -0.2402 0.9707
vn 0.0146 -0.9311 -0.3645
vn 0.0010 -0.1609 0.9870
vn 0.0176 -0.9512 -0.3080
vn -0.0060 -0.2135 0.9769
vn 0.0104 -0.9415 -0.3369
vn -0.0087 -0.2187 0.9758
vn -0.0249 -0.9488 -0.3149
vn 0.0046 -0.0437 0.9990
vn 0.0212 -0.9216 -0.3876
vn 0.0002 0.1118 0.9937
vn -0.0029 -0.9697 -0.2443
vn -0.0048 -0.0326 0.9995
vn 0.0084 -0.9397 -0.3420
vn 0.0029 0.0059 1.0000
vn 0.0071 -0.9286 -0.3710
vn 0.0033 0.0847 0.9964
vn 0.0204 -0.9261 -0.3768
vn -0.0020 0.0132 0.9999
vn -0.0110 -0.9384 -0.3453
vn -0.0012 0.1758 0.9844
vn -0.0185 -0.9297 -0.3678
vn -0.0005 0.0330 0.9995
vn -0.0255 -0.9400 -0.3404
vn -0.0014 0.0793 0.9969
vn 0.0059 -0.9601 -0.2798
vn 0.0020 0.1682 0.9857
vn -0.0103 -0.9657 -0.2594
vn 0.0001 -0.0268 0.9996
vn -0.0035 -0.9561 -0.2931
vn 0.0079 -0.2378 0.9713
vn -0.0059 -0.9579 -0.2869
vn -0.0035 -0.1140 0.9935
vn 0.0215 -0.9220 -0.3867
vn -0.0076 -0.1719 0.9851
vn -0.0105 -0.9461 -0.3238
vn -0.0019 -0.0621 0.9981
vn 0.0090 -0.9079 -0.4192
vn 0.0058 -0.0612 0.9981
vn -0.0166 -0.9165 -0.3996
vn 0.0009 -0.0035 1.0000
vn 0.0171 -0.9620 -0.2727
vn -0.0022 0.0648 0.9979
vn -0.0051 -0.9522 -0.3055
vn -0.0113 -0.1720 0.9850
vn -0.0195 -0.9535 -0.3008
vn -0.0019 -0.0375 0.9993
vn -0.0206 -0.9419 -0.3352
vn 0.0130 -0.2437 0.9698
vn 0.0199 -0.9402 -0.3400
vn 0.0010 -0.0324 0.9995
vn -0.0123 -0.9397 -0.3418
vn 0.0028 0.0099 0.9999
vn -0.0181 -0.9315 -0.3634
vn -0.0044 -0.0969 0.9953
vn 0.0079 -0.9426 -0.3339
vn -0.0030 -0.0787 0.9969
vn 0.0126 -0.9524 -0.3047
vn -0.0042 -0.1201 0.9927
vn -0.0122 -0.9488 -0.3156
vn 0.0025 -0.0467 0.9989
vn -0.0151 -0.9527 -0.3037
vn 0.0046 0.0019 1.0000
vn 0.0036 -0.9035 -0.4286
vn 0.0036 -0.0597 0.9982
vn -0.0219 -0.9472 -0.3198
vn -0.0040 -0.2366 0.9716
vn -0.0198 -0.9620 -0.2724
vn 0.0029 -0.9990 0.0446
vn -0.0000 0.0295 0.9996
vn -0.0000 0.0261 0.9997
vn -0.0000 0.9995 0.0315
vn -0.0000 0.9986 0.0529
vn -0.0000 0.2478 -0.9688
vn -0.0000 -0.1677 -0.9858
vn -0.0000 -0.0409 0.9992
vn -0.0000 -0.4438 0.8961
vn -0.0000 0.3690 0.9294
vn -0.0000 0.9980 -0.0637
vn -0.0000 0.9376 0.3477
vn -0.0000 -0.7699 0.6382
vn -0.0000 0.8858 -0.4641
vn -0.0000 -0.8448 -0.5350
vn -0.0000 -0.5542 -0.8324
vn -0.0000 0.7151 0.6990
vn -0.0000 -0.9894 -0.1451
vn -0.0000 -0.9629 0.2698
vn -0.0000 0.6204 -0.7843
vn -0.0000 0.9981 0.0608
vn -0.0000 0.9971 0.0761
vn -0.0000 0.9950 0.0995
vn -0.0000 0.9918 0.1276
vn -0.0000 0.9874 0.1583
vn -0.0000 0.9809 0.1943
vn -0.0000 0.9693 0.2458
vn -0.0000 0.9444 0.3288
vn -0.0000 0.8947 0.4466
vn -0.0000 0.8154 0.5789
vn -0.0000 0.7034 0.7108
vn -0.0000 0.5418 0.8405
vn -0.0000 0.3461 0.9382
vn -0.0000 0.1758 0.9844
vn -1.0000 -0.0058 0.0005
vn -0.8828 0.4689 -0.0284
vn -0.6084 0.7932 -0.0261
vn -0.5919 0.7295 -0.3427
vn -0.8568 0.4495 -0.2525
vn -0.6909 0.2706 0.6704
vn -0.6598 0.5302 0.5324
vn -0.8915 0.3196 0.3211
vn -0.9236 0.1464 0.3543
vn -0.9700 0.1685 -0.1750
vn -0.9178 0.3543 -0.1790
vn -0.8869 0.3174 -0.3355
vn -0.9128 0.1741 -0.3696
vn -0.9791 0.2018 -0.0263
vn -0.9462 0.2081 -0.2479
vn -0.6927 -0.6684 -0.2711
vn -0.9223 -0.3545 -0.1537
vn -0.8904 -0.3221 -0.3217
vn -0.6560 -0.5325 -0.5349
vn -0.9705 0.0052 -0.2412
vn -0.8407 0.2138 -0.4975
vn -0.8579 0.0075 -0.5138
vn -0.7141 0.6416 -0.2801
vn -0.5356 0.7789 -0.3264
vn -0.5228 0.5963 -0.6092
vn -0.6867 0.5067 -0.5213
vn -0.6981 0.6637 0.2686
vn -0.5098 0.7982 0.3207
vn -0.5411 0.8410 -0.0045
vn -0.7238 0.6899 -0.0082
vn -0.5896 0.2974 -0.7509
vn -0.5926 -0.0032 -0.8055
vn -0.9610 -0.2081 0.1821
vn -0.9821 -0.0066 0.1880
vn -0.9998 -0.0029 -0.0206
vn -0.9768 -0.2134 -0.0188
vn -0.5867 0.7575 0.2862
vn -0.3849 0.8626 0.3283
vn -0.4069 0.9132 -0.0239
vn -0.6916 -0.6707 0.2680
vn -0.9232 -0.3532 0.1514
vn -0.9337 -0.3581 -0.0025
vn -0.7122 -0.7020 -0.0023
vn -0.3425 -0.6827 0.6454
vn -0.5283 -0.6163 0.5841
vn -0.5608 -0.7771 0.2856
vn -0.3554 -0.8772 0.3229
vn -0.6878 -0.2774 -0.6708
vn -0.7197 0.0045 -0.6942
vn -0.5433 -0.0002 -0.8395
vn -0.5032 -0.3208 -0.8024
vn -0.7092 0.2755 -0.6489
vn -0.5374 0.3136 -0.7829
vn -0.9756 -0.1626 -0.1478
vn -0.9863 -0.0035 -0.1648
vn -0.9263 0.0069 -0.3766
vn -0.9162 -0.1646 -0.3653
vn -0.9774 -0.1514 0.1478
vn -0.9875 -0.0125 0.1570
vn -0.9999 -0.0117 0.0059
vn -0.9865 -0.1635 0.0022
vn -0.9784 0.1424 0.1500
vn -0.9214 0.3563 0.1550
vn -0.9318 0.3628 -0.0104
vn -0.9876 0.1568 -0.0018
vn -0.6933 -0.2788 0.6646
vn -0.7155 -0.0061 0.6986
vn -0.9351 -0.0100 0.3542
vn -0.9246 -0.1563 0.3475
vn -0.7970 0.3967 -0.4554
vn -0.9644 0.1939 0.1797
vn -0.8682 0.4609 0.1836
vn -0.8456 -0.4806 -0.2325
vn -0.9504 -0.2101 -0.2293
vn -0.8367 -0.2097 -0.5059
vn -0.7845 -0.4247 -0.4518
vn -0.8083 -0.4306 0.4016
vn -0.8661 -0.2135 0.4519
vn -0.8561 -0.4819 0.1864
vn -0.5625 0.5611 -0.6072
vn -0.8703 -0.4921 -0.0214
vn -0.5500 -0.3118 -0.7748
vn -0.5069 -0.5983 -0.6206
vn -0.3973 -0.0106 0.9176
vn -0.3776 0.3396 0.8615
vn -0.5826 0.3046 0.7535
vn -0.6063 -0.0102 0.7952
vn -0.5773 -0.8162 -0.0235
vn -0.3671 -0.9299 -0.0231
vn -0.5497 -0.7668 -0.3314
vn -0.3429 -0.8645 -0.3675
vn -0.8217 0.4102 0.3955
vn -0.5460 0.5987 0.5861
vn -0.8874 -0.0083 0.4610
vn -0.8716 0.1957 0.4495
vn -0.3699 -0.3585 0.8571
vn -0.5743 -0.3250 0.7513
vn -0.6577 -0.5356 0.5297
vn -0.8945 -0.3163 0.3160
vn -0.4697 -0.6279 0.6206
vn -0.4931 -0.3249 0.8071
vn -0.5176 -0.0044 0.8556
vn -0.4709 -0.6233 -0.6243
vn -0.4008 0.8361 -0.3745
vn -0.4052 0.6284 -0.6640
vn -0.4927 -0.8089 0.3208
vn -0.5131 -0.8583 -0.0016
vn -0.3595 0.6656 0.6540
vn -0.3264 -0.6591 -0.6775
vn -0.4124 -0.0113 -0.9109
vn -0.3663 -0.3411 -0.8657
vn -0.4795 0.6190 0.6220
vn -0.4220 0.3269 -0.8456
vn -0.4907 -0.8088 -0.3242
vn -0.4963 0.3163 0.8085
vn -0.6499 -0.7062 -0.2808
vn -0.8155 -0.5240 -0.2458
vn -0.7567 -0.4537 -0.4707
vn -0.6421 -0.5374 -0.5467
vn -0.9797 0.1986 -0.0275
vn -0.8349 0.5501 -0.0202
vn -0.8203 0.5212 -0.2353
vn -0.9556 0.1934 -0.2225
vn -0.9730 -0.0083 -0.2307
vn -0.8235 0.2092 -0.5274
vn -0.8392 -0.0096 -0.5437
vn -0.6465 -0.0039 0.7629
vn -0.8309 -0.0050 0.5564
vn -0.8117 -0.2232 0.5398
vn -0.6181 -0.2694 0.7385
vn -0.9648 -0.1944 0.1773
vn -0.9824 -0.0067 0.1867
vn -0.9997 -0.0077 -0.0252
vn -0.9790 -0.2020 -0.0280
vn -0.8183 -0.2255 -0.5287
vn -0.6699 -0.2673 -0.6927
vn -0.8134 -0.5429 0.2090
vn -0.8340 -0.5514 -0.0221
vn -0.6606 -0.7506 -0.0135
vn -0.6227 -0.7380 0.2600
vn -0.7665 0.4456 -0.4626
vn -0.9652 0.1901 0.1794
vn -0.8149 0.5412 0.2075
vn -0.9528 -0.2018 -0.2268
vn -0.7420 -0.4778 0.4703
vn -0.6749 0.2497 -0.6944
vn -0.6961 -0.0095 -0.7179
vn -0.5960 -0.5703 0.5652
vn -0.6209 0.2621 0.7388
vn -0.6028 0.5638 0.5646
vn -0.7447 0.4726 0.4713
vn -0.8125 0.2156 0.5417
vn -0.6542 0.5294 -0.5401
vn -0.6609 0.7011 -0.2678
vn -0.6690 0.7432 -0.0108
vn -0.6312 0.7316 0.2576
vn 0.9019 0.4320 0.0027
vn 0.8787 0.4342 -0.1984
vn 0.6064 0.7310 -0.3130
vn 0.6451 0.7641 -0.0105
vn 0.7418 0.2602 0.6181
vn 0.9245 0.1606 0.3457
vn 0.8959 0.3217 0.3065
vn 0.7236 0.4957 0.4803
vn 0.9779 0.1448 -0.1506
vn 0.9255 0.1491 -0.3481
vn 0.8992 0.3053 -0.3136
vn 0.9254 0.3470 -0.1521
vn 0.9827 0.1851 0.0105
vn 0.9655 0.1821 -0.1861
vn 0.7128 -0.6505 -0.2621
vn 0.6762 -0.5233 -0.5186
vn 0.8965 -0.3179 -0.3087
vn 0.9241 -0.3517 -0.1496
vn 0.9810 0.0027 -0.1938
vn 0.8768 -0.0029 -0.4809
vn 0.8638 0.1906 -0.4665
vn 0.7250 0.6389 -0.2571
vn 0.6886 0.5087 -0.5167
vn 0.5210 0.5989 -0.6081
vn 0.5583 0.7702 -0.3082
vn 0.7440 0.6176 0.2549
vn 0.7511 0.6600 0.0151
vn 0.6104 0.7921 0.0103
vn 0.6179 0.7292 0.2941
vn 0.5954 -0.0094 -0.8034
vn 0.5768 0.2921 -0.7628
vn 0.9591 -0.1831 0.2158
vn 0.9810 -0.1933 0.0150
vn 0.9999 0.0013 0.0138
vn 0.9742 -0.0021 0.2256
vn 0.6428 0.7104 0.2868
vn 0.4453 0.8953 -0.0159
vn 0.4433 0.8345 0.3272
vn 0.7126 -0.6527 0.2573
vn 0.7322 -0.6810 -0.0072
vn 0.9343 -0.3563 -0.0107
vn 0.9240 -0.3541 0.1446
vn 0.4292 -0.6479 0.6294
vn 0.4089 -0.8534 0.3232
vn 0.6086 -0.7395 0.2877
vn 0.6017 -0.5673 0.5622
vn 0.7036 -0.2724 -0.6563
vn 0.5238 -0.3163 -0.7910
vn 0.5497 -0.0037 -0.8353
vn 0.7294 -0.0023 -0.6841
vn 0.7129 0.2631 -0.6500
vn 0.5341 0.3062 -0.7880
vn 0.9783 -0.1506 -0.1420
vn 0.9248 -0.1547 -0.3476
vn 0.9355 -0.0013 -0.3532
vn 0.9882 -0.0041 -0.1531
vn 0.9789 -0.1466 0.1424
vn 0.9878 -0.1554 -0.0092
vn 1.0000 -0.0028 -0.0027
vn 0.9878 0.0056 0.1554
vn 0.9740 0.1594 0.1609
vn 0.9882 0.1533 0.0051
vn 0.9314 0.3636 0.0162
vn 0.9169 0.3615 0.1694
vn 0.7197 -0.2639 0.6422
vn 0.9223 -0.1491 0.3564
vn 0.9335 0.0085 0.3584
vn 0.7504 0.0014 0.6610
vn 0.8209 0.3922 -0.4151
vn 0.9618 0.1736 0.2116
vn 0.8919 0.4071 0.1968
vn 0.8586 -0.4696 -0.2055
vn 0.7985 -0.4226 -0.4288
vn 0.8543 -0.2063 -0.4771
vn 0.9618 -0.1947 -0.1926
vn 0.8407 -0.3695 0.3959
vn 0.8755 -0.4380 0.2039
vn 0.8810 -0.1749 0.4395
vn 0.5515 0.5747 -0.6046
vn 0.8842 -0.4671 0.0048
vn 0.5272 -0.5978 -0.6039
vn 0.5629 -0.3138 -0.7646
vn 0.5409 -0.0119 0.8410
vn 0.6966 -0.0112 0.7174
vn 0.6743 0.2611 0.6908
vn 0.5045 0.3060 0.8073
vn 0.4096 -0.9121 -0.0148
vn 0.6082 -0.7937 -0.0104
vn 0.3811 -0.8546 -0.3528
vn 0.5734 -0.7571 -0.3130
vn 0.8579 0.3432 0.3823
vn 0.6260 0.5430 0.5598
vn 0.8961 -0.0069 0.4437
vn 0.8889 0.1584 0.4300
vn 0.4998 -0.3275 0.8018
vn 0.6619 -0.2831 0.6941
vn 0.6828 -0.5177 0.5156
vn 0.8923 -0.3176 0.3209
vn 0.5243 -0.6050 0.5993
vn 0.5620 -0.3080 0.7676
vn 0.6000 -0.0026 0.8000
vn 0.5064 -0.6112 -0.6083
vn 0.3769 0.6391 -0.6705
vn 0.4110 0.8379 -0.3591
vn 0.5379 -0.7846 0.3083
vn 0.5577 -0.8301 -0.0053
vn 0.4496 0.6287 0.6345
vn 0.3552 -0.6578 -0.6642
vn 0.3758 -0.3433 -0.8608
vn 0.4025 -0.0110 -0.9154
vn 0.5916 0.5762 0.5640
vn 0.3878 0.3222 -0.8636
vn 0.5358 -0.7837 -0.3143
vn 0.5920 0.2981 0.7487
vn 0.6832 -0.6917 -0.2341
vn 0.6581 -0.5373 -0.5275
vn 0.7864 -0.4430 -0.4305
vn 0.8482 -0.4995 -0.1764
vn 0.9819 0.1832 0.0484
vn 0.9754 0.1741 -0.1349
vn 0.8480 0.5045 -0.1622
vn 0.8591 0.5102 0.0417
vn 0.9894 0.0014 -0.1453
vn 0.8627 -0.0003 -0.5058
vn 0.8488 0.2012 -0.4889
vn 0.7634 0.0120 0.6459
vn 0.7247 -0.2063 0.6575
vn 0.8550 -0.1608 0.4930
vn 0.8674 0.0146 0.4975
vn 0.9695 -0.1435 0.1988
vn 0.9853 -0.1658 0.0401
vn 0.9990 0.0030 0.0449
vn 0.9740 0.0122 0.2264
vn 0.8457 -0.2021 -0.4939
vn 0.6770 -0.2518 -0.6916
vn 0.8543 -0.4742 0.2130
vn 0.7008 -0.6675 0.2516
vn 0.7172 -0.6968 0.0138
vn 0.8655 -0.5004 0.0248
vn 0.7918 0.4430 -0.4205
vn 0.9589 0.1743 0.2240
vn 0.8475 0.4803 0.2258
vn 0.9760 -0.1681 -0.1387
vn 0.8067 -0.3982 0.4367
vn 0.7033 -0.0020 -0.7109
vn 0.6807 0.2480 -0.6893
vn 0.6911 -0.4958 0.5258
vn 0.7512 0.2176 0.6231
vn 0.8557 0.1832 0.4840
vn 0.8097 0.4027 0.4269
vn 0.7248 0.4813 0.4929
vn 0.6660 0.5358 -0.5190
vn 0.6893 0.6923 -0.2135
vn 0.7192 0.6940 0.0333
vn 0.7143 0.6534 0.2508
vn 0.9996 -0.0181 0.0226
vn 0.9994 -0.0160 0.0297
vn 0.9983 -0.0401 0.0417
vn 0.9970 -0.0749 0.0186
vn 0.9964 -0.0798 0.0277
vn 0.9864 -0.1551 0.0538
vn 0.9882 -0.1486 0.0370
vn 0.6369 -0.0791 0.7668
vn 0.6239 -0.0581 0.7793
vn 0.9364 -0.0104 0.3509
vn 0.9372 -0.0418 0.3462
vn 0.9966 -0.0630 0.0539
vn 0.9958 -0.0870 0.0283
vn 0.9998 -0.0201 0.0064
vn 0.9978 -0.0505 0.0432
vn 0.6134 -0.1360 0.7779
vn 0.0038 -0.1807 0.9835
vn 0.0021 -0.0527 0.9986
vn 0.6345 -0.0537 0.7711
vn 0.9987 -0.0498 0.0057
vn 0.9968 -0.0801 0.0058
vn 0.9218 -0.3851 0.0445
vn 0.9563 -0.2922 0.0140
vn 0.9977 -0.0666 0.0151
vn 0.9999 -0.0142 0.0034
vn 0.2124 -0.9547 -0.2083
vn 0.1716 -0.9850 0.0169
vn 0.5706 -0.8204 0.0370
vn 0.6392 -0.7528 -0.1571
vn 0.9825 0.1761 -0.0616
vn 0.9664 0.2423 -0.0857
vn 0.8796 0.4495 -0.1558
vn 0.9266 0.3564 -0.1196
vn 0.6346 0.0944 0.7671
vn 0.9465 0.0600 0.3172
vn 0.9968 -0.0802 0.0024
vn 0.9880 -0.1544 0.0071
vn 0.9973 -0.0659 0.0323
vn 0.9904 -0.1241 0.0608
vn 0.9993 0.0198 -0.0307
vn 0.9997 0.0087 -0.0222
vn 0.9903 0.0495 -0.1295
vn 0.9824 0.0990 -0.1585
vn 0.6257 0.1723 -0.7608
vn 0.5764 0.1417 -0.8048
vn 0.9302 0.0472 -0.3639
vn 0.9508 0.0583 -0.3043
vn 0.4083 0.8925 0.1918
vn 0.8210 0.5618 0.1017
vn 0.8596 0.4568 0.2292
vn 0.4400 0.7627 0.4740
vn 0.4513 -0.2446 -0.8582
vn 0.5180 0.0144 -0.8553
vn -0.0016 0.0743 -0.9972
vn -0.0104 -0.1999 -0.9798
vn 0.2295 -0.7963 0.5597
vn 0.1697 -0.9308 0.3238
vn 0.0029 -0.9505 0.3106
vn 0.0037 -0.8127 0.5827
vn 0.3552 -0.6184 0.7010
vn -0.0051 -0.6278 0.7783
vn 0.6640 0.1502 -0.7325
vn 0.9650 0.0458 -0.2581
vn 0.4795 0.7453 -0.4632
vn 0.5263 0.5603 -0.6396
vn 0.9171 0.2808 -0.2831
vn 0.8790 0.4137 -0.2373
vn 0.9123 -0.0174 -0.4092
vn 0.9625 0.2517 -0.1015
vn 0.9778 0.1867 -0.0951
vn 0.8776 0.4260 -0.2199
vn 0.8867 0.4275 -0.1760
vn 0.9979 0.0436 0.0475
vn 0.9984 0.0016 0.0556
vn 0.9996 0.0008 0.0278
vn 0.9987 0.0344 0.0374
vn 0.9981 0.0597 0.0177
vn 0.9963 0.0801 0.0310
vn 0.9992 0.0375 0.0144
vn 0.9994 0.0328 0.0117
vn 0.6283 0.2073 0.7499
vn 0.9493 0.0958 0.2996
vn 0.6742 0.0602 -0.7361
vn 0.6331 0.1361 -0.7620
vn -0.0003 0.1239 -0.9923
vn 0.0004 0.0657 -0.9978
vn 0.9999 0.0040 -0.0162
vn 0.9945 0.0224 -0.1021
vn 0.6933 0.0642 -0.7177
vn 0.6885 0.1040 -0.7178
vn 0.9730 0.0281 -0.2291
vn 0.9734 0.0177 -0.2284
vn 1.0000 0.0006 -0.0087
vn 1.0000 -0.0005 -0.0069
vn 0.9987 -0.0062 -0.0498
vn 0.9982 0.0024 -0.0598
vn 0.4111 0.9096 -0.0594
vn 0.8088 0.5869 -0.0373
vn 0.9999 -0.0130 0.0018
vn 0.9993 -0.0372 0.0052
vn 0.9998 -0.0127 0.0182
vn 1.0000 -0.0054 0.0077
vn 0.9998 -0.0159 -0.0080
vn 0.9996 -0.0276 -0.0068
vn 0.9730 -0.2264 -0.0451
vn 0.9884 -0.1377 -0.0646
vn 0.9980 -0.0101 0.0621
vn 0.9994 -0.0056 0.0335
vn 0.4395 0.8559 -0.2727
vn 0.8305 0.5343 -0.1577
vn 0.9998 -0.0050 0.0208
vn 0.9997 -0.0111 0.0224
vn 0.9993 -0.0121 0.0350
vn 0.9425 -0.0318 0.3327
vn 0.9999 0.0016 -0.0117
vn 0.9969 0.0091 -0.0787
vn 0.4977 -0.3671 0.7858
vn 0.5837 -0.2398 0.7757
vn 0.9262 -0.1165 0.3585
vn 0.8841 -0.2160 0.4144
vn 0.0001 0.9246 0.3809
vn 0.0387 0.9239 0.3805
vn 0.0472 0.9301 0.3643
vn 0.0015 0.9311 0.3646
vn 0.0027 -0.9323 0.3616
vn -0.0001 -0.9561 0.2930
vn 0.0432 -0.9583 0.2824
vn 0.0530 -0.9330 0.3558
vn 0.1713 -0.9686 0.1800
vn 0.3411 -0.9307 0.1321
vn 0.4671 -0.8744 0.1313
vn 0.5045 0.5084 0.6979
vn 0.0013 0.5003 0.8658
vn 0.0004 0.8080 0.5892
vn 0.4739 -0.8790 0.0520
vn 0.6530 -0.7509 -0.0983
vn 0.8536 -0.4835 -0.1941
vn 0.9411 -0.2603 -0.2158
vn 0.9955 -0.0704 -0.0633
vn 0.9712 -0.1061 -0.2132
vn 0.9749 -0.0322 -0.2202
vn 0.9982 -0.0275 -0.0525
vn 0.9718 -0.0010 -0.2360
vn 0.9643 0.0238 -0.2637
vn 0.9511 0.0625 -0.3025
vn 0.9325 0.1253 -0.3388
vn 0.9064 0.2202 -0.3605
vn 0.8390 0.4018 -0.3670
vn 0.9531 0.2306 -0.1962
vn 0.6779 0.6567 -0.3304
vn 0.4833 0.8348 -0.2636
vn 0.5879 0.7667 -0.2580
vn 0.7901 -0.4104 0.4552
vn 0.3379 0.9139 -0.2249
vn 0.4449 0.8648 -0.2329
vn 0.2384 0.9486 -0.2084
vn 0.3458 0.9120 -0.2206
vn -0.0051 -0.4628 0.8864
vn 0.0315 -0.4701 0.8821
vn 0.0261 -0.3377 0.9409
vn -0.0072 -0.3391 0.9407
vn 0.6056 -0.2311 0.7615
vn 0.9385 -0.0981 0.3311
vn 0.0214 -0.9790 0.2025
vn 0.1084 -0.9638 0.2436
vn 0.5688 -0.7749 0.2757
vn 0.5814 0.2900 0.7602
vn 0.9070 0.2925 0.3029
vn 0.9373 0.1490 0.3151
vn 0.2852 -0.8520 -0.4390
vn 0.7287 -0.6158 -0.2998
vn -0.0053 0.2431 0.9700
vn -0.0027 0.3095 0.9509
vn 0.0664 -0.8594 0.5070
vn 0.0020 -0.8597 0.5109
vn 0.0037 -0.8980 0.4399
vn 0.0697 -0.9086 0.4119
vn 0.9985 0.0516 0.0181
vn 0.9996 0.0281 0.0099
vn 0.9994 0.0311 0.0123
vn 0.9982 0.0552 0.0219
vn 0.8298 -0.0152 -0.5579
vn 0.8149 0.0407 -0.5782
vn 0.7262 0.3468 -0.5936
vn 0.6383 0.5560 -0.5324
vn 0.5242 -0.8067 -0.2730
vn 0.7323 -0.5302 -0.4274
vn 0.0611 -0.9870 0.1490
vn 0.4507 0.7982 -0.3996
vn 0.2787 0.9227 -0.2663
vn 0.8293 -0.2357 -0.5067
vn 0.8378 -0.0810 -0.5400
vn 0.1123 -0.9908 0.0756
vn 0.2656 -0.9612 -0.0743
vn 0.3744 -0.5941 -0.7120
vn -0.0084 -0.5711 -0.8208
vn 0.0012 -0.8630 -0.5051
vn 0.1282 0.9745 -0.1843
vn 0.2255 0.9540 -0.1975
vn 0.9950 0.0805 -0.0596
vn 0.9953 0.0920 -0.0292
vn 0.9788 0.1962 -0.0597
vn 0.1690 0.9641 -0.2047
vn 0.0916 0.9786 -0.1841
vn 0.0154 -0.9697 0.2437
vn -0.0000 -0.9681 0.2506
vn 0.7887 0.1156 -0.6039
vn 0.7591 0.2155 -0.6143
vn 0.0197 0.8787 -0.4770
vn 0.0259 0.9667 -0.2544
vn 0.1339 0.9560 -0.2611
vn 0.2292 0.8634 -0.4496
vn 0.0111 0.9838 -0.1791
vn 0.0717 0.9796 -0.1876
vn -0.0025 0.4924 -0.8704
vn -0.0004 0.6891 -0.7247
vn 0.3298 0.6619 -0.6731
vn 0.3870 0.4544 -0.8024
vn 0.0073 0.1678 -0.9858
vn 0.0070 0.3190 -0.9477
vn 0.4181 0.2910 -0.8605
vn 0.4370 0.1572 -0.8856
vn 0.0035 0.9867 -0.1624
vn -0.0005 0.9877 -0.1564
vn 0.0047 0.9873 -0.1590
vn 0.0333 0.9851 -0.1684
vn 0.0008 -0.9820 0.1888
vn 0.0014 -0.9883 0.1524
vn 0.0048 -0.9883 0.1525
vn 0.0114 -0.9797 0.2004
vn 0.0085 -0.0305 -0.9995
vn 0.0034 0.0552 -0.9985
vn 0.4516 0.0526 -0.8907
vn 0.4680 -0.0292 -0.8833
vn 0.0035 -0.9951 0.0990
vn 0.0079 -0.9994 -0.0350
vn 0.1175 -0.9920 -0.0462
vn 0.0348 -0.9953 0.0905
vn 0.0066 -0.9557 -0.2941
vn 0.0042 -0.7799 -0.6260
vn 0.3699 -0.7245 -0.5816
vn 0.2366 -0.9277 -0.2887
vn 0.0108 -0.4187 -0.9081
vn 0.0150 -0.1491 -0.9887
vn 0.4806 -0.1310 -0.8671
vn 0.4681 -0.3666 -0.8040
vn 0.0246 0.9858 -0.1661
vn 0.9428 -0.0532 0.3290
vn 1.0000 0.0008 -0.0025
vn 1.0000 0.0019 -0.0016
vn 1.0000 0.0031 -0.0015
vn 0.9981 -0.0017 0.0609
vn 0.9996 -0.0007 0.0265
vn 1.0000 -0.0001 -0.0002
vn 1.0000 -0.0000 0.0003
vn 1.0000 0.0018 0.0021
vn 1.0000 0.0013 0.0025
vn 1.0000 0.0002 -0.0006
vn 1.0000 0.0001 -0.0005
vn 1.0000 0.0005 0.0077
vn 1.0000 0.0007 -0.0008
vn 1.0000 -0.0000 -0.0003
vn 0.9899 -0.1247 -0.0670
vn 0.9665 -0.2499 -0.0579
vn 1.0000 -0.0000 -0.0004
vn 0.9995 -0.0111 -0.0286
vn 0.8876 -0.1583 -0.4326
vn 0.8279 -0.3889 -0.4041
vn 0.9984 -0.0414 -0.0390
vn 0.0287 0.9924 -0.1192
vn -0.0001 0.9914 -0.1307
vn 0.0003 0.9994 -0.0354
vn 0.0915 0.9829 -0.1597
vn 0.0305 -0.0567 0.9979
vn -0.0002 -0.0658 0.9978
vn -0.0041 -0.4032 0.9151
vn 0.0265 -0.4007 0.9158
vn 0.0337 0.9092 0.4151
vn -0.0005 0.9105 0.4136
vn 0.0091 0.4248 0.9053
vn 0.0429 0.4188 0.9071
vn 0.0233 -0.2740 0.9614
vn -0.0072 -0.2762 0.9611
vn 0.0152 -0.9185 0.3951
vn -0.0071 -0.9189 0.3943
vn -0.0056 -0.9612 0.2756
vn 0.0128 -0.9615 0.2745
vn 0.0326 -0.5700 0.8210
vn 0.0006 -0.5715 0.8206
vn -0.0021 -0.4444 0.8958
vn 0.0318 -0.4395 0.8977
vn 0.0154 -0.9475 0.3195
vn -0.0043 -0.9471 0.3210
vn -0.0034 -0.8822 0.4709
vn 0.0215 -0.8829 0.4691
vn -0.0011 -0.7640 0.6453
vn 0.0277 -0.7667 0.6414
vn 0.0320 -0.2517 0.9673
vn -0.0026 -0.2512 0.9679
vn -0.0041 -0.2496 0.9683
vn 0.0284 -0.2474 0.9685
vn 0.0393 0.1356 0.9900
vn 0.0066 0.1194 0.9928
vn 0.0311 -0.3184 0.9475
vn -0.0036 -0.3170 0.9484
vn 0.0733 0.9954 -0.0617
vn 0.1382 0.9779 -0.1566
vn -0.0012 0.9872 -0.1597
vn -0.0005 0.9871 -0.1600
vn 0.0551 0.9983 -0.0173
vn 0.2150 -0.9447 0.2477
vn 0.1201 -0.9408 0.3171
vn 0.9999 0.0008 -0.0151
vn 0.9990 0.0439 -0.0054
vn 0.9963 0.0852 -0.0101
vn 0.9990 0.0008 0.0453
vn 0.9997 -0.0037 0.0246
vn 1.0000 -0.0028 -0.0068
vn 0.9949 -0.0687 0.0737
vn 0.9989 -0.0328 0.0335
vn 0.9975 -0.0525 0.0475
vn 0.9999 -0.0074 -0.0076
vn 0.9994 -0.0086 0.0332
vn 0.9433 -0.3315 0.0170
vn 0.9972 -0.0325 0.0677
vn 0.9474 -0.3019 0.1059
vn 0.9788 -0.1571 0.1315
vn 1.0000 0.0003 -0.0008
vn 1.0000 0.0005 -0.0004
vn 1.0000 -0.0010 0.0004
vn 0.9999 -0.0125 0.0037
vn 0.9989 -0.0447 0.0132
vn 0.9999 -0.0160 0.0060
vn 0.9985 -0.0512 0.0178
vn 0.9997 0.0237 0.0056
vn 0.9999 0.0118 0.0033
vn 0.9999 0.0162 0.0048
vn 1.0000 -0.0000 0.0004
vn 1.0000 -0.0000 -0.0001
vn 1.0000 -0.0000 -0.0002
vn -0.0030 -0.2907 0.9568
vn 0.0030 -0.9712 -0.2381
vn -0.0004 -1.0000 -0.0043
vn -0.0106 -0.2828 0.9591
vn 0.0003 0.9471 -0.3210
vn -0.0002 0.8347 -0.5507
vn -0.0113 -0.3856 0.9226
vn -0.0004 0.1607 -0.9870
vn 0.0019 0.2172 -0.9761
vn 0.0018 -0.0911 0.9958
vn -0.0003 0.9979 -0.0642
vn -0.0012 0.9721 0.2347
vn -0.0001 0.0978 -0.9952
vn 0.9667 0.0263 -0.2546
vn 0.9574 0.0694 -0.2803
vn -0.0029 0.0806 0.9967
vn 0.0059 0.2114 -0.9774
vn -0.0012 0.6200 -0.7846
vn 0.0059 0.2435 -0.9699
vn 0.6653 -0.6079 0.4335
vn 0.0012 -0.1064 0.9943
vn 0.9951 -0.0749 0.0649
vn 0.9985 -0.0385 0.0396
vn 0.9961 -0.0444 0.0768
vn -0.0013 -0.6062 0.7953
vn 0.0422 -0.6101 0.7912
vn -0.0014 0.3324 -0.9431
vn 0.5798 0.3226 -0.7482
vn 0.9424 0.1572 -0.2952
vn -0.0002 -0.7170 0.6970
vn 0.0599 -0.7145 0.6971
vn -0.0004 -0.7920 0.6106
vn 0.0698 -0.7899 0.6093
vn -0.9995 -0.0146 0.0272
vn -0.9984 -0.0338 0.0443
vn -0.9991 -0.0148 0.0404
vn -0.9960 -0.0858 0.0248
vn -0.9842 -0.1700 0.0490
vn -0.9811 -0.1855 0.0544
vn -0.9951 -0.0951 0.0279
vn -0.6242 -0.0784 0.7773
vn -0.9370 -0.0392 0.3472
vn -0.9365 -0.0132 0.3505
vn -0.6166 -0.0600 0.7850
vn -0.9920 -0.1061 0.0688
vn -0.9949 -0.0843 0.0546
vn -0.9995 -0.0315 0.0099
vn -0.9895 -0.1379 0.0432
vn -0.6106 -0.1322 0.7808
vn -0.6260 -0.0469 0.7784
vn -0.9999 -0.0167 -0.0038
vn -0.9670 -0.2545 -0.0063
vn -0.9447 -0.3248 0.0449
vn -0.9998 -0.0197 0.0038
vn -0.9998 -0.0189 0.0055
vn -0.9960 -0.0863 0.0250
vn -0.1939 -0.9574 -0.2139
vn -0.6360 -0.7549 -0.1600
vn -0.5705 -0.8206 0.0344
vn -0.1575 -0.9875 0.0066
vn -0.9793 0.1938 -0.0581
vn -0.9107 0.3965 -0.1155
vn -0.8848 0.4453 -0.1372
vn -0.9685 0.2377 -0.0741
vn -0.9479 0.0605 0.3129
vn -0.6436 0.0973 0.7592
vn -0.9956 -0.0892 0.0286
vn -0.9989 -0.0452 0.0145
vn -0.9912 -0.1214 0.0534
vn -0.9975 -0.0646 0.0284
vn -0.9992 0.0224 -0.0332
vn -0.9814 0.1018 -0.1625
vn -0.9900 0.0528 -0.1307
vn -0.9997 0.0096 -0.0228
vn -0.5945 0.1831 -0.7830
vn -0.9457 0.0680 -0.3180
vn -0.9219 0.0638 -0.3820
vn -0.5635 0.1574 -0.8110
vn -0.4085 0.8952 0.1783
vn -0.4420 0.7710 0.4585
vn -0.8588 0.4655 0.2141
vn -0.8259 0.5574 0.0846
vn -0.5154 -0.2339 -0.8244
vn -0.5493 0.0259 -0.8352
vn -0.2453 -0.7979 0.5506
vn -0.1616 -0.9365 0.3113
vn -0.3865 -0.6042 0.6968
vn -0.6430 0.1483 -0.7514
vn -0.9645 0.0430 -0.2607
vn -0.4827 0.7621 -0.4316
vn -0.8736 0.4390 -0.2101
vn -0.9155 0.2950 -0.2736
vn -0.5522 0.5643 -0.6137
vn -0.9124 -0.0076 -0.4091
vn -0.9715 0.2209 -0.0856
vn -0.9156 0.3748 -0.1454
vn -0.8967 0.3910 -0.2077
vn -0.9842 0.1570 -0.0823
vn -0.9937 0.0902 0.0662
vn -0.9961 0.0710 0.0521
vn -0.9995 0.0103 0.0309
vn -0.9979 0.0200 0.0608
vn -0.9977 0.0644 0.0205
vn -0.9991 0.0394 0.0156
vn -0.9986 0.0493 0.0206
vn -0.9936 0.1046 0.0437
vn -0.9496 0.0976 0.2978
vn -0.6400 0.2083 0.7396
vn -0.6751 0.0616 -0.7352
vn -0.6394 0.1346 -0.7570
vn -0.9947 0.0219 -0.1005
vn -0.9999 0.0035 -0.0157
vn -0.6944 0.0635 -0.7168
vn -0.9732 0.0170 -0.2292
vn -0.9734 0.0230 -0.2281
vn -0.6835 0.0994 -0.7231
vn -1.0000 0.0006 -0.0087
vn -0.9982 0.0026 -0.0594
vn -0.9987 -0.0073 -0.0499
vn -1.0000 -0.0002 -0.0069
vn -0.3870 0.9198 -0.0646
vn -0.8133 0.5798 -0.0483
vn -0.9999 -0.0129 0.0015
vn -1.0000 -0.0054 0.0074
vn -0.9998 -0.0128 0.0174
vn -0.9993 -0.0369 0.0045
vn -0.9999 -0.0137 -0.0080
vn -0.9895 -0.1291 -0.0646
vn -0.9779 -0.2037 -0.0465
vn -0.9998 -0.0190 -0.0071
vn -0.9974 -0.0292 0.0658
vn -0.9993 -0.0157 0.0352
vn -0.4117 0.8727 -0.2625
vn -0.8296 0.5405 -0.1401
vn -0.9998 -0.0047 0.0183
vn -0.9995 -0.0123 0.0278
vn -0.9997 -0.0039 0.0253
vn -1.0000 0.0001 -0.0002
vn -0.9409 -0.0239 0.3378
vn -0.9999 0.0015 -0.0116
vn -0.9969 0.0087 -0.0779
vn -0.5103 -0.3571 0.7823
vn -0.8947 -0.1984 0.4001
vn -0.9305 -0.1208 0.3457
vn -0.5880 -0.2434 0.7713
vn -0.0441 0.9303 0.3642
vn -0.0400 0.9238 0.3807
vn -0.0665 -0.9088 0.4119
vn -0.1432 -0.9407 0.3074
vn -0.0476 -0.9591 0.2789
vn -0.0520 -0.9366 0.3466
vn -0.1481 -0.9695 0.1951
vn -0.4574 -0.8735 0.1665
vn -0.2736 -0.9520 0.1372
vn -0.5109 0.5305 0.6764
vn -0.4245 -0.9044 0.0416
vn -0.6497 -0.7533 -0.1017
vn -0.8559 -0.4782 -0.1970
vn -0.9955 -0.0688 -0.0656
vn -0.9420 -0.2554 -0.2176
vn -0.9722 -0.1081 -0.2075
vn -0.9980 -0.0291 -0.0554
vn -0.9771 -0.0330 -0.2100
vn -0.9730 0.0016 -0.2308
vn -0.9652 0.0227 -0.2605
vn -0.9535 0.0597 -0.2955
vn -0.9329 0.1329 -0.3347
vn -0.9020 0.2258 -0.3680
vn -0.9583 0.2089 -0.1951
vn -0.8387 0.3853 -0.3847
vn -0.6726 0.6558 -0.3430
vn -0.5752 0.7798 -0.2472
vn -0.4611 0.8498 -0.2555
vn -0.7939 -0.4045 0.4541
vn -0.4561 0.8645 -0.2113
vn -0.3360 0.9185 -0.2087
vn -0.3899 0.8978 -0.2049
vn -0.2603 0.9452 -0.1971
vn -0.0391 -0.3400 0.9396
vn -0.0392 -0.4554 0.8894
vn -0.9369 -0.1036 0.3340
vn -0.6085 -0.2305 0.7594
vn -0.0102 -0.9787 0.2049
vn -0.1172 -0.9613 0.2494
vn -0.5607 -0.7835 0.2678
vn -0.5893 0.3000 0.7502
vn -0.9345 0.1597 0.3183
vn -0.9037 0.3149 0.2900
vn -0.2928 -0.8523 -0.4335
vn -0.7270 -0.6168 -0.3018
vn -0.0621 -0.8564 0.5126
vn -0.9985 0.0523 0.0159
vn -0.9973 0.0725 0.0123
vn -0.9991 0.0407 0.0069
vn -0.9996 0.0285 0.0087
vn -0.8342 -0.0075 -0.5514
vn -0.8171 0.0391 -0.5752
vn -0.7263 0.3528 -0.5900
vn -0.6328 0.5432 -0.5519
vn -0.5225 -0.8064 -0.2768
vn -0.7346 -0.5273 -0.4271
vn -0.0322 -0.9882 0.1497
vn -0.4301 0.8019 -0.4148
vn -0.2477 0.9331 -0.2608
vn -0.8364 -0.2415 -0.4921
vn -0.8471 -0.0801 -0.5254
vn -0.0837 -0.9936 0.0758
vn -0.2528 -0.9647 -0.0733
vn -0.4262 -0.5866 -0.6886
vn -0.3162 0.9304 -0.1853
vn -0.1703 0.9689 -0.1793
vn -0.9957 0.0719 -0.0577
vn -0.9922 0.1214 -0.0288
vn -0.9629 0.2634 -0.0581
vn -0.1526 0.9688 -0.1955
vn -0.0903 0.9800 -0.1776
vn -0.0155 -0.9697 0.2438
vn -0.7941 0.1097 -0.5978
vn -0.7653 0.2245 -0.6032
vn -0.1999 0.8653 -0.4597
vn -0.0942 0.9617 -0.2573
vn -0.0515 0.9818 -0.1829
vn -0.3956 0.4590 -0.7955
vn -0.3321 0.6531 -0.6805
vn -0.4292 0.1532 -0.8901
vn -0.4132 0.2985 -0.8603
vn -0.0269 0.9859 -0.1651
vn -0.0060 0.9873 -0.1586
vn -0.0114 -0.9796 0.2008
vn -0.0049 -0.9883 0.1527
vn -0.4617 -0.0218 -0.8867
vn -0.4486 0.0516 -0.8923
vn -0.0321 -0.9952 0.0928
vn -0.1098 -0.9930 -0.0439
vn -0.2307 -0.9284 -0.2913
vn -0.3674 -0.7253 -0.5822
vn -0.4636 -0.3772 -0.8017
vn -0.4725 -0.1310 -0.8716
vn -0.0287 0.9857 -0.1659
vn -0.9396 -0.0507 0.3386
vn -1.0000 0.0003 -0.0009
vn -1.0000 0.0008 -0.0004
vn -0.9983 -0.0087 0.0582
vn -0.9997 -0.0037 0.0254
vn -1.0000 -0.0001 -0.0002
vn -1.0000 -0.0000 0.0003
vn -1.0000 0.0015 0.0018
vn -1.0000 0.0038 0.0013
vn -1.0000 0.0001 -0.0006
vn -1.0000 0.0001 -0.0005
vn -1.0000 0.0026 0.0031
vn -1.0000 0.0009 -0.0005
vn -1.0000 -0.0000 -0.0003
vn -0.9874 -0.1352 -0.0824
vn -0.9589 -0.2765 -0.0639
vn -1.0000 -0.0000 -0.0004
vn -1.0000 -0.0025 -0.0061
vn -0.9990 -0.0300 -0.0322
vn -0.8383 -0.3857 -0.3853
vn -0.8994 -0.1519 -0.4099
vn -0.0376 0.9914 -0.1255
vn -0.1431 0.9762 -0.1632
vn -0.0341 -0.0756 0.9966
vn -0.0383 -0.4055 0.9133
vn -0.0369 0.9107 0.4115
vn -0.0292 0.4309 0.9019
vn -0.0377 -0.2781 0.9598
vn -0.0307 -0.9189 0.3933
vn -0.0261 -0.9605 0.2771
vn -0.0285 -0.5723 0.8195
vn -0.0327 -0.4480 0.8934
vn -0.0251 -0.9463 0.3225
vn -0.0272 -0.8810 0.4723
vn -0.0271 -0.7609 0.6483
vn -0.0340 -0.2504 0.9676
vn -0.0351 -0.2513 0.9673
vn -0.0297 0.1014 0.9944
vn -0.0345 -0.3154 0.9483
vn -0.2258 0.9610 -0.1598
vn -0.0965 0.9924 -0.0759
vn -0.0003 0.9871 -0.1603
vn -0.0550 0.9982 -0.0258
vn -0.2373 -0.9367 0.2573
vn -1.0000 -0.0003 -0.0026
vn -0.9902 0.1386 -0.0175
vn -0.9975 0.0703 -0.0094
vn -0.9994 -0.0126 0.0325
vn -0.9997 -0.0074 0.0231
vn -1.0000 -0.0027 -0.0068
vn -0.9973 -0.0428 0.0599
vn -0.9981 -0.0381 0.0486
vn -0.9993 -0.0225 0.0313
vn -0.9999 -0.0071 -0.0079
vn -0.9991 -0.0115 0.0407
vn -0.9370 -0.3487 0.0214
vn -0.9964 -0.0440 0.0726
vn -0.9391 -0.3252 0.1108
vn -0.9714 -0.1896 0.1426
vn -1.0000 0.0003 -0.0008
vn -1.0000 0.0002 -0.0002
vn -1.0000 0.0029 -0.0004
vn -0.9990 -0.0427 0.0149
vn -0.9999 -0.0120 0.0042
vn -0.9983 -0.0543 0.0209
vn -0.9998 -0.0171 0.0066
vn -0.9997 0.0235 0.0053
vn -0.9999 0.0115 0.0032
vn -0.9999 0.0159 0.0045
vn -0.9661 0.0277 -0.2567
vn -0.9564 0.0688 -0.2840
vn -0.6546 -0.6232 0.4280
vn -0.9961 -0.0696 0.0546
vn -0.9975 -0.0366 0.0604
vn -0.9990 -0.0309 0.0325
vn -0.0459 -0.6008 0.7981
vn -0.6007 0.3183 -0.7334
vn -0.9414 0.1584 -0.2979
vn -0.0613 -0.7169 0.6945
vn -0.0691 -0.7902 0.6089
vt 0.107137 0.008582
vt 0.003941 0.242482
vt 0.005953 0.004086
vt 0.141083 0.014193
vt 0.130217 0.011900
vt 0.140944 0.008979
vt 0.119287 0.011013
vt 0.119040 0.005136
vt 0.184051 0.021134
vt 0.172234 0.020106
vt 0.182933 0.016500
vt 0.194269 0.023477
vt 0.193517 0.018341
vt 0.204196 0.025997
vt 0.203708 0.020273
vt 0.214916 0.027253
vt 0.215463 0.021587
vt 0.225422 0.029038
vt 0.224777 0.023494
vt 0.236625 0.030143
vt 0.235352 0.024800
vt 0.246439 0.032177
vt 0.246468 0.028110
vt 0.162167 0.017392
vt 0.151386 0.016656
vt 0.162056 0.012730
vt 0.172831 0.014186
vt 0.267564 0.035148
vt 0.256666 0.034658
vt 0.266708 0.030316
vt 0.151485 0.011013
vt 0.298326 0.040456
vt 0.288582 0.038285
vt 0.298668 0.035318
vt 0.309722 0.042500
vt 0.309363 0.036808
vt 0.319744 0.043438
vt 0.319275 0.038055
vt 0.331118 0.044022
vt 0.330507 0.038889
vt 0.341289 0.045645
vt 0.340685 0.039976
vt 0.352032 0.047938
vt 0.351687 0.042129
vt 0.362890 0.048433
vt 0.362409 0.043480
vt 0.373512 0.049595
vt 0.373042 0.044455
vt 0.382640 0.051311
vt 0.383305 0.045885
vt 0.393397 0.052595
vt 0.393381 0.047936
vt 0.405207 0.054321
vt 0.404036 0.049540
vt 0.415239 0.055981
vt 0.414135 0.050808
vt 0.425883 0.056992
vt 0.424342 0.051547
vt 0.435902 0.058471
vt 0.436289 0.052441
vt 0.446531 0.059951
vt 0.445768 0.055287
vt 0.456330 0.062581
vt 0.457120 0.056477
vt 0.466726 0.062385
vt 0.467009 0.058015
vt 0.478484 0.064532
vt 0.477663 0.059937
vt 0.489641 0.066408
vt 0.488527 0.061382
vt 0.499080 0.068385
vt 0.499194 0.062944
vt 0.509293 0.069702
vt 0.508564 0.064453
vt 0.519762 0.071604
vt 0.519563 0.066384
vt 0.530913 0.072917
vt 0.529813 0.068073
vt 0.540841 0.073898
vt 0.540804 0.069673
vt 0.552179 0.075605
vt 0.551496 0.071404
vt 0.562862 0.077841
vt 0.561604 0.072752
vt 0.572814 0.079442
vt 0.572593 0.074296
vt 0.582983 0.081375
vt 0.583043 0.075106
vt 0.594396 0.081923
vt 0.593645 0.077709
vt 0.603952 0.084551
vt 0.603772 0.078940
vt 0.614244 0.085628
vt 0.614805 0.080639
vt 0.625338 0.087604
vt 0.624850 0.082940
vt 0.635991 0.089001
vt 0.635948 0.083980
vt 0.646252 0.090785
vt 0.646310 0.085475
vt 0.657126 0.092372
vt 0.656930 0.086686
vt 0.667655 0.093670
vt 0.667432 0.088565
vt 0.678238 0.095779
vt 0.678541 0.089693
vt 0.688514 0.097152
vt 0.687896 0.090909
vt 0.699471 0.099200
vt 0.699510 0.093211
vt 0.709513 0.100992
vt 0.709542 0.095174
vt 0.720320 0.101786
vt 0.720317 0.096570
vt 0.730980 0.103414
vt 0.730579 0.098444
vt 0.740927 0.105841
vt 0.741427 0.100021
vt 0.752110 0.106406
vt 0.751719 0.101415
vt 0.762301 0.108180
vt 0.762227 0.104170
vt 0.772125 0.109686
vt 0.771573 0.105180
vt 0.782726 0.111382
vt 0.782792 0.106153
vt 0.794314 0.113456
vt 0.794225 0.107165
vt 0.804419 0.114758
vt 0.804253 0.109445
vt 0.815071 0.116299
vt 0.814825 0.110919
vt 0.825017 0.118642
vt 0.826048 0.112855
vt 0.835928 0.119404
vt 0.836045 0.114303
vt 0.846660 0.121182
vt 0.846599 0.115528
vt 0.857669 0.122899
vt 0.857685 0.118448
vt 0.867237 0.124779
vt 0.867451 0.118279
vt 0.878045 0.125910
vt 0.878141 0.120896
vt 0.889387 0.127407
vt 0.888783 0.122586
vt 0.899471 0.129392
vt 0.899115 0.123320
vt 0.909808 0.130720
vt 0.910193 0.125845
vt 0.920472 0.132502
vt 0.920123 0.127656
vt 0.930823 0.134478
vt 0.930835 0.129021
vt 0.256766 0.029083
vt 0.972685 0.141186
vt 0.968011 0.176203
vt 0.964290 0.175161
vt 0.962329 0.138150
vt 0.972714 0.135099
vt 0.278259 0.037655
vt 0.277319 0.031795
vt 0.289361 0.033980
vt 0.983526 0.141974
vt 0.970987 0.178669
vt 0.983535 0.136626
vt 0.994452 0.196804
vt 0.972702 0.182132
vt 0.995961 0.138888
vt 0.957203 0.177790
vt 0.941640 0.135973
vt 0.951670 0.133175
vt 0.951055 0.136765
vt 0.960467 0.175722
vt 0.955061 0.181007
vt 0.940378 0.130817
vt 0.962299 0.133740
vt 0.957769 0.191591
vt 0.961192 0.193384
vt 0.968868 0.211860
vt 0.966526 0.211990
vt 0.964184 0.212108
vt 0.037671 0.356623
vt 0.035644 0.393628
vt 0.031920 0.394665
vt 0.027315 0.359663
vt 0.027323 0.353666
vt 0.971435 0.189585
vt 0.982801 0.209991
vt 0.980506 0.210495
vt 0.978197 0.210904
vt 0.968672 0.192286
vt 0.954414 0.184817
vt 0.955371 0.188560
vt 0.975876 0.211238
vt 0.973546 0.211503
vt 0.965049 0.193630
vt 0.971209 0.211705
vt 0.972861 0.185993
vt 0.987212 0.208455
vt 0.985054 0.209341
vt 0.994183 0.199401
vt 0.993555 0.201818
vt 0.992509 0.203939
vt 0.991022 0.205748
vt 0.989219 0.207262
vt 0.892915 0.228440
vt 0.994127 0.224077
vt 0.995784 0.462534
vt 0.848640 0.236432
vt 0.837860 0.237185
vt 0.837978 0.232562
vt 0.827789 0.239890
vt 0.827221 0.234031
vt 0.815961 0.240888
vt 0.817096 0.236354
vt 0.805731 0.243166
vt 0.806481 0.237988
vt 0.795797 0.245670
vt 0.796281 0.239900
vt 0.785077 0.246903
vt 0.784532 0.241184
vt 0.774569 0.248703
vt 0.775213 0.243094
vt 0.763366 0.249828
vt 0.764659 0.244601
vt 0.753543 0.251802
vt 0.753509 0.247681
vt 0.743315 0.254280
vt 0.743235 0.248760
vt 0.732408 0.254706
vt 0.733268 0.249758
vt 0.721709 0.257238
vt 0.722654 0.251363
vt 0.711382 0.257843
vt 0.710612 0.253540
vt 0.701629 0.259979
vt 0.701275 0.254757
vt 0.690240 0.262038
vt 0.690601 0.256312
vt 0.680225 0.262983
vt 0.680706 0.257651
vt 0.668852 0.263539
vt 0.669470 0.258395
vt 0.658681 0.265172
vt 0.659302 0.259554
vt 0.647931 0.267431
vt 0.648302 0.261711
vt 0.637070 0.267862
vt 0.637554 0.262817
vt 0.626446 0.269047
vt 0.626929 0.263947
vt 0.617311 0.270728
vt 0.616646 0.265261
vt 0.606555 0.272025
vt 0.606580 0.267376
vt 0.594745 0.273749
vt 0.595933 0.269034
vt 0.584709 0.275378
vt 0.585828 0.270260
vt 0.574060 0.276341
vt 0.575611 0.270914
vt 0.564041 0.277782
vt 0.563651 0.271668
vt 0.553423 0.279294
vt 0.554190 0.274622
vt 0.543620 0.281916
vt 0.542860 0.275898
vt 0.533213 0.281624
vt 0.532941 0.277169
vt 0.521447 0.283767
vt 0.522257 0.279071
vt 0.510298 0.285660
vt 0.511406 0.280563
vt 0.500864 0.287644
vt 0.500773 0.282277
vt 0.490649 0.288901
vt 0.491378 0.283587
vt 0.480186 0.290795
vt 0.480389 0.285564
vt 0.469034 0.292069
vt 0.470132 0.287152
vt 0.459110 0.293029
vt 0.459147 0.288730
vt 0.447766 0.294744
vt 0.448438 0.290430
vt 0.437086 0.297025
vt 0.438374 0.292031
vt 0.427146 0.298606
vt 0.427383 0.293524
vt 0.416972 0.300503
vt 0.416938 0.294327
vt 0.405532 0.300972
vt 0.406286 0.296634
vt 0.395980 0.303623
vt 0.396174 0.298038
vt 0.385703 0.304660
vt 0.385146 0.299624
vt 0.374602 0.306654
vt 0.375097 0.301983
vt 0.363920 0.308063
vt 0.363979 0.303086
vt 0.353648 0.309807
vt 0.353611 0.304572
vt 0.342738 0.311340
vt 0.342929 0.305535
vt 0.332239 0.312682
vt 0.332475 0.307640
vt 0.321696 0.314746
vt 0.321419 0.308765
vt 0.311441 0.316065
vt 0.312056 0.309761
vt 0.300492 0.318136
vt 0.300472 0.312201
vt 0.290419 0.319909
vt 0.290402 0.314087
vt 0.279572 0.320694
vt 0.279590 0.315534
vt 0.268877 0.322279
vt 0.269276 0.317229
vt 0.258942 0.324733
vt 0.258469 0.318979
vt 0.247829 0.325285
vt 0.248226 0.320386
vt 0.237632 0.327042
vt 0.237737 0.323166
vt 0.227775 0.328469
vt 0.228328 0.323909
vt 0.217197 0.330145
vt 0.217134 0.324893
vt 0.205663 0.332209
vt 0.205754 0.325898
vt 0.195624 0.333528
vt 0.195807 0.328321
vt 0.184931 0.335026
vt 0.185197 0.329697
vt 0.174959 0.337308
vt 0.173919 0.331438
vt 0.164102 0.338056
vt 0.163991 0.332925
vt 0.153422 0.339833
vt 0.153483 0.334151
vt 0.142450 0.341570
vt 0.142458 0.337235
vt 0.132862 0.343382
vt 0.132659 0.336881
vt 0.121990 0.344471
vt 0.121891 0.339322
vt 0.110642 0.346001
vt 0.111251 0.341153
vt 0.100608 0.347961
vt 0.100984 0.341989
vt 0.090300 0.349222
vt 0.089911 0.344253
vt 0.079570 0.351042
vt 0.079942 0.346239
vt 0.069173 0.352957
vt 0.069151 0.347380
vt 0.042729 0.396267
vt 0.058360 0.354457
vt 0.059626 0.349277
vt 0.044866 0.399487
vt 0.039467 0.394195
vt 0.048943 0.355216
vt 0.048328 0.351554
vt 0.037703 0.352179
vt 0.880762 0.230871
vt 0.881037 0.225086
vt 0.028940 0.397127
vt 0.016462 0.360396
vt 0.016461 0.355028
vt 0.858950 0.233982
vt 0.848545 0.230765
vt 0.869822 0.231711
vt 0.859098 0.228772
vt 0.870810 0.225931
vt 0.005439 0.415225
vt 0.004030 0.357297
vt 0.027054 0.404451
vt 0.028473 0.408046
vt 0.017069 0.428437
vt 0.014817 0.427782
vt 0.012660 0.426892
vt 0.044541 0.407054
vt 0.035690 0.430586
vt 0.042138 0.410080
vt 0.698546 0.005525
vt 0.702949 0.005755
vt 0.702791 0.008775
vt 0.698354 0.008543
vt 0.505597 0.904603
vt 0.499722 0.904580
vt 0.499734 0.901557
vt 0.505597 0.901580
vt 0.516714 0.904603
vt 0.516714 0.901579
vt 0.687733 0.005059
vt 0.687602 0.008080
vt 0.571565 0.904137
vt 0.565617 0.904306
vt 0.565532 0.901283
vt 0.571414 0.901117
vt 0.582835 0.903460
vt 0.582654 0.900442
vt 0.636082 0.900576
vt 0.630393 0.900758
vt 0.630296 0.897736
vt 0.636039 0.897552
vt 0.646635 0.900494
vt 0.646611 0.897471
vt 0.698965 0.899284
vt 0.693391 0.899449
vt 0.693302 0.896427
vt 0.698818 0.896264
vt 0.709902 0.899029
vt 0.709831 0.896006
vt 0.762780 0.899906
vt 0.757633 0.899734
vt 0.757734 0.896712
vt 0.762965 0.896888
vt 0.553875 0.004422
vt 0.565498 0.004639
vt 0.565442 0.007662
vt 0.553818 0.007445
vt 0.499292 0.003950
vt 0.504993 0.003934
vt 0.505001 0.006957
vt 0.499351 0.006973
vt 0.488322 0.004301
vt 0.488418 0.007323
vt 0.434251 0.005809
vt 0.439717 0.005685
vt 0.439786 0.008708
vt 0.434280 0.008833
vt 0.422993 0.005981
vt 0.423039 0.009004
vt 0.371745 0.008476
vt 0.377390 0.008081
vt 0.377601 0.011097
vt 0.371969 0.011491
vt 0.360404 0.009096
vt 0.360569 0.012115
vt 0.306034 0.011522
vt 0.310406 0.011291
vt 0.310565 0.014311
vt 0.306109 0.014545
vt 0.294827 0.011632
vt 0.294857 0.014656
vt 0.243340 0.010215
vt 0.248636 0.010376
vt 0.248544 0.013398
vt 0.243179 0.013234
vt 0.232563 0.009627
vt 0.232399 0.012646
vt 0.182182 0.004408
vt 0.186394 0.005023
vt 0.185956 0.008014
vt 0.181638 0.007382
vt 0.507428 0.247986
vt 0.517247 0.248722
vt 0.516948 0.251731
vt 0.507201 0.251001
vt 0.453772 0.246914
vt 0.458051 0.246908
vt 0.458055 0.249931
vt 0.453660 0.249936
vt 0.443937 0.246632
vt 0.443850 0.249654
vt 0.389942 0.244568
vt 0.394961 0.244754
vt 0.394849 0.247776
vt 0.389888 0.247591
vt 0.379039 0.244470
vt 0.379011 0.247494
vt 0.322827 0.243963
vt 0.328920 0.243942
vt 0.328931 0.246965
vt 0.322917 0.246985
vt 0.312010 0.244050
vt 0.312034 0.247074
vt 0.254520 0.244806
vt 0.259734 0.244651
vt 0.259824 0.247673
vt 0.254684 0.247825
vt 0.243741 0.245239
vt 0.243862 0.248260
vt 0.191017 0.248651
vt 0.195005 0.248237
vt 0.195317 0.251244
vt 0.191462 0.251642
vt 0.845062 0.016312
vt 0.854802 0.016015
vt 0.854946 0.019035
vt 0.845154 0.019334
vt 0.789491 0.016423
vt 0.794805 0.016448
vt 0.794790 0.019471
vt 0.789549 0.019446
vt 0.778402 0.016701
vt 0.778478 0.019724
vt 0.721691 0.016772
vt 0.727343 0.016925
vt 0.727261 0.019948
vt 0.721553 0.019793
vt 0.710336 0.016468
vt 0.710255 0.019490
vt 0.808947 0.004714
vt 0.813802 0.004519
vt 0.813923 0.007540
vt 0.809046 0.007736
vt 0.798408 0.005199
vt 0.798547 0.008219
vt 0.744165 0.006946
vt 0.749622 0.006823
vt 0.749689 0.009846
vt 0.744131 0.009970
vt 0.733934 0.006834
vt 0.733900 0.009857
vt 0.681652 0.004798
vt 0.681612 0.007821
vt 0.669887 0.004521
vt 0.669816 0.007544
vt 0.488626 0.904537
vt 0.482747 0.904359
vt 0.482838 0.901337
vt 0.488625 0.901513
vt 0.554485 0.904620
vt 0.549822 0.904624
vt 0.549819 0.901601
vt 0.554442 0.901597
vt 0.618299 0.901143
vt 0.612562 0.901460
vt 0.612395 0.898441
vt 0.618177 0.898122
vt 0.682615 0.899769
vt 0.678550 0.899913
vt 0.678442 0.896892
vt 0.682560 0.896746
vt 0.747125 0.899382
vt 0.742751 0.899307
vt 0.742803 0.896284
vt 0.747173 0.896359
vt 0.515380 0.003905
vt 0.520549 0.003939
vt 0.520529 0.006962
vt 0.515347 0.006928
vt 0.450187 0.005446
vt 0.455348 0.005344
vt 0.455408 0.008366
vt 0.450287 0.008468
vt 0.387491 0.007374
vt 0.392771 0.007074
vt 0.392943 0.010092
vt 0.387712 0.010389
vt 0.322004 0.010682
vt 0.328153 0.010402
vt 0.328290 0.013423
vt 0.322233 0.013697
vt 0.258899 0.010691
vt 0.264337 0.010880
vt 0.264232 0.013902
vt 0.258865 0.013715
vt 0.197221 0.006607
vt 0.201421 0.007065
vt 0.201093 0.010071
vt 0.196817 0.009604
vt 0.469325 0.246896
vt 0.475594 0.246933
vt 0.475576 0.249957
vt 0.469401 0.249919
vt 0.406166 0.245170
vt 0.410849 0.245395
vt 0.410704 0.248416
vt 0.406017 0.248190
vt 0.340510 0.243902
vt 0.345618 0.244027
vt 0.345544 0.247050
vt 0.340487 0.246925
vt 0.271405 0.244303
vt 0.277222 0.244217
vt 0.277267 0.247240
vt 0.271460 0.247326
vt 0.205311 0.247168
vt 0.210306 0.246837
vt 0.210506 0.249854
vt 0.205568 0.250181
vt 0.805521 0.016498
vt 0.811813 0.016541
vt 0.811792 0.019565
vt 0.805449 0.019521
vt 0.738692 0.017234
vt 0.743793 0.017252
vt 0.743783 0.020275
vt 0.738628 0.020257
vt 0.671980 0.015977
vt 0.676993 0.016077
vt 0.676933 0.019100
vt 0.671812 0.018996
vt 0.825033 0.004068
vt 0.825145 0.007089
vt 0.760552 0.006581
vt 0.765409 0.006464
vt 0.765481 0.009487
vt 0.760696 0.009601
vt 0.664541 0.004395
vt 0.664450 0.007417
vt 0.651734 0.004024
vt 0.651646 0.007046
vt 0.470360 0.903984
vt 0.470504 0.900964
vt 0.538452 0.904635
vt 0.532808 0.904624
vt 0.532814 0.901601
vt 0.538480 0.901611
vt 0.602609 0.902010
vt 0.597434 0.902411
vt 0.597200 0.899397
vt 0.602415 0.898992
vt 0.668505 0.900269
vt 0.663013 0.900330
vt 0.662979 0.897307
vt 0.668362 0.897249
vt 0.731058 0.899106
vt 0.725124 0.899035
vt 0.725160 0.896012
vt 0.731109 0.896082
vt 0.532234 0.004016
vt 0.537637 0.004118
vt 0.537580 0.007141
vt 0.532225 0.007040
vt 0.466249 0.005126
vt 0.471221 0.004930
vt 0.471340 0.007951
vt 0.466275 0.008150
vt 0.402351 0.006530
vt 0.407272 0.006383
vt 0.407362 0.009405
vt 0.402502 0.009549
vt 0.339285 0.009896
vt 0.344009 0.009749
vt 0.344103 0.012771
vt 0.339369 0.012918
vt 0.274493 0.011234
vt 0.279638 0.011380
vt 0.279552 0.014402
vt 0.274337 0.014253
vt 0.211770 0.008195
vt 0.216723 0.008559
vt 0.216501 0.011574
vt 0.211474 0.011204
vt 0.486704 0.247000
vt 0.491851 0.247197
vt 0.491735 0.250219
vt 0.486644 0.250023
vt 0.421778 0.245920
vt 0.426795 0.246087
vt 0.426695 0.249108
vt 0.421622 0.248940
vt 0.356601 0.244295
vt 0.362290 0.244337
vt 0.362268 0.247360
vt 0.356473 0.247316
vt 0.288067 0.244056
vt 0.294055 0.244072
vt 0.294048 0.247095
vt 0.288110 0.247080
vt 0.221946 0.246066
vt 0.227784 0.245849
vt 0.227896 0.248870
vt 0.222122 0.249085
vt 0.824061 0.016626
vt 0.829290 0.016571
vt 0.829322 0.019594
vt 0.824057 0.019650
vt 0.755642 0.017293
vt 0.761518 0.017138
vt 0.761598 0.020161
vt 0.755647 0.020317
vt 0.688566 0.016311
vt 0.695069 0.016325
vt 0.695063 0.019349
vt 0.688565 0.019335
vt 0.776165 0.006206
vt 0.781050 0.005985
vt 0.781186 0.009005
vt 0.776187 0.009230
vt 0.714577 0.006363
vt 0.718218 0.006470
vt 0.718129 0.009492
vt 0.714418 0.009383
vt 0.521930 0.904603
vt 0.521925 0.901579
vt 0.587593 0.903174
vt 0.587318 0.900163
vt 0.652216 0.900451
vt 0.652257 0.897427
vt 0.714809 0.898912
vt 0.714851 0.895889
vt 0.548172 0.004315
vt 0.548079 0.007338
vt 0.482506 0.004488
vt 0.482691 0.007506
vt 0.418335 0.006052
vt 0.418392 0.009075
vt 0.354370 0.009427
vt 0.354448 0.012449
vt 0.290159 0.011679
vt 0.290091 0.014702
vt 0.227347 0.009342
vt 0.227168 0.012361
vt 0.502201 0.247594
vt 0.502060 0.250615
vt 0.438325 0.246470
vt 0.438259 0.249493
vt 0.373728 0.244423
vt 0.373779 0.247446
vt 0.305736 0.244102
vt 0.305682 0.247125
vt 0.238760 0.245439
vt 0.238817 0.248463
vt 0.840525 0.016451
vt 0.840573 0.019474
vt 0.773018 0.016837
vt 0.773160 0.019857
vt 0.705887 0.016349
vt 0.705908 0.019372
vt 0.792332 0.005478
vt 0.792539 0.008495
vt 0.728626 0.006776
vt 0.728568 0.009799
vt 0.369199 0.899092
vt 0.369345 0.896072
vt 0.983853 0.041855
vt 0.983853 0.099789
vt 0.980829 0.099789
vt 0.980829 0.041855
vt 0.031232 0.410753
vt 0.034854 0.412105
vt 0.026325 0.429965
vt 0.023995 0.429696
vt 0.021674 0.429358
vt 0.045509 0.403297
vt 0.027218 0.400589
vt 0.033346 0.430464
vt 0.031004 0.430330
vt 0.038711 0.411866
vt 0.019364 0.428944
vt 0.010654 0.425695
vt 0.008854 0.424178
vt 0.007370 0.422366
vt 0.006327 0.420243
vt 0.005704 0.417823
vt 0.963320 0.920922
vt 0.003909 0.920922
vt 0.003909 0.917903
vt 0.963320 0.917886
vt 0.980829 0.006252
vt 0.980829 0.003906
vt 0.983853 0.003906
vt 0.983853 0.006252
vt 0.875570 0.003909
vt 0.879434 0.003909
vt 0.879434 0.006932
vt 0.875570 0.006932
vt 0.848520 0.003909
vt 0.848520 0.006932
vt 0.844656 0.006932
vt 0.844656 0.003909
vt 0.852385 0.003909
vt 0.852385 0.006932
vt 0.863977 0.003909
vt 0.863977 0.006932
vt 0.860113 0.006932
vt 0.860113 0.003909
vt 0.840792 0.003909
vt 0.840792 0.006932
vt 0.867841 0.003909
vt 0.867841 0.006932
vt 0.887163 0.003909
vt 0.887163 0.006932
vt 0.883298 0.006932
vt 0.883299 0.003909
vt 0.856249 0.003909
vt 0.856249 0.006932
vt 0.833064 0.003909
vt 0.836928 0.003909
vt 0.836928 0.006932
vt 0.833064 0.006932
vt 0.871706 0.003909
vt 0.871706 0.006932
vt 0.891027 0.003909
vt 0.891027 0.006932
vt 0.028663 0.430171
vt 0.980829 0.008598
vt 0.983853 0.008598
vt 0.980829 0.010944
vt 0.983853 0.010944
vt 0.980829 0.013289
vt 0.983853 0.013289
vt 0.980829 0.015634
vt 0.983853 0.015634
vt 0.980829 0.017979
vt 0.983853 0.017979
vt 0.980829 0.020325
vt 0.983853 0.020325
vt 0.980829 0.022674
vt 0.983853 0.022674
vt 0.980829 0.025019
vt 0.983853 0.025019
vt 0.980829 0.027352
vt 0.983853 0.027352
vt 0.980829 0.029687
vt 0.983853 0.029687
vt 0.980829 0.032040
vt 0.983853 0.032040
vt 0.980829 0.034382
vt 0.983853 0.034382
vt 0.980829 0.036746
vt 0.983853 0.036746
vt 0.980829 0.039244
vt 0.983853 0.039244
vt 0.129239 0.006107
vt 0.588959 0.010764
vt 0.589723 0.006979
vt 0.594809 0.009047
vt 0.593065 0.012037
vt 0.938178 0.014356
vt 0.942578 0.009139
vt 0.944391 0.011825
vt 0.941772 0.016521
vt 0.960480 0.019210
vt 0.960684 0.013388
vt 0.965383 0.016079
vt 0.965959 0.021467
vt 0.588033 0.015389
vt 0.592861 0.016551
vt 0.956224 0.041751
vt 0.955729 0.037645
vt 0.961083 0.037009
vt 0.962856 0.039662
vt 0.592090 0.021565
vt 0.597108 0.018269
vt 0.596633 0.022528
vt 0.962769 0.009773
vt 0.964424 0.007167
vt 0.970098 0.013040
vt 0.968057 0.014347
vt 0.949231 0.007022
vt 0.948740 0.003914
vt 0.956918 0.003907
vt 0.956250 0.007153
vt 0.600534 0.017809
vt 0.600227 0.023279
vt 0.581121 0.024427
vt 0.581907 0.019457
vt 0.586990 0.020506
vt 0.585923 0.025613
vt 0.584212 0.006875
vt 0.583722 0.003911
vt 0.590374 0.003911
vt 0.942732 0.038987
vt 0.944809 0.035400
vt 0.950148 0.037100
vt 0.949224 0.041608
vt 0.573038 0.029602
vt 0.574921 0.028339
vt 0.579105 0.031866
vt 0.577588 0.034282
vt 0.967283 0.034484
vt 0.969853 0.027935
vt 0.972925 0.028566
vt 0.969835 0.035929
vt 0.970103 0.020886
vt 0.973007 0.020570
vt 0.957816 0.032221
vt 0.959490 0.025789
vt 0.965394 0.027014
vt 0.963725 0.032320
vt 0.945029 0.029604
vt 0.946025 0.023033
vt 0.952754 0.024409
vt 0.951371 0.031152
vt 0.947683 0.016604
vt 0.949751 0.011180
vt 0.955329 0.011708
vt 0.954128 0.017660
vt 0.935434 0.027952
vt 0.935651 0.020923
vt 0.940117 0.021826
vt 0.939560 0.027365
vt 0.596699 0.014076
vt 0.583150 0.014580
vt 0.584678 0.010357
vt 0.589233 0.030649
vt 0.590809 0.026457
vt 0.595345 0.026591
vt 0.593342 0.030201
vt 0.577240 0.026859
vt 0.576892 0.022735
vt 0.580865 0.028902
vt 0.598978 0.012617
vt 0.584954 0.030212
vt 0.598200 0.028344
vt 0.594811 0.032405
vt 0.570637 0.017155
vt 0.573048 0.011175
vt 0.575587 0.012642
vt 0.573646 0.017758
vt 0.584183 0.033917
vt 0.583605 0.036837
vt 0.589637 0.033993
vt 0.590094 0.036694
vt 0.580542 0.010811
vt 0.578959 0.008489
vt 0.577351 0.018518
vt 0.578594 0.014463
vt 0.570590 0.023577
vt 0.573442 0.023220
vt 0.937455 0.034453
vt 0.940139 0.032710
vt 0.935409 0.035793
vt 0.932454 0.028292
vt 0.932514 0.020295
vt 0.964197 0.041672
vt 0.596389 0.006652
vt 0.600839 0.011460
vt 0.941123 0.041569
vt 0.948584 0.044744
vt 0.577583 0.006459
vt 0.596005 0.034150
vt 0.602853 0.023839
vt 0.600421 0.029585
vt 0.941170 0.007058
vt 0.602938 0.017487
vt 0.956688 0.044744
vt 0.935549 0.012885
vt 0.472365 0.017384
vt 0.470030 0.020531
vt 0.468038 0.018937
vt 0.468602 0.015911
vt 0.464040 0.027722
vt 0.461670 0.029363
vt 0.460405 0.027053
vt 0.462414 0.025169
vt 0.464883 0.023299
vt 0.461253 0.022614
vt 0.463273 0.020926
vt 0.472381 0.034345
vt 0.470031 0.030888
vt 0.472021 0.029233
vt 0.475128 0.031575
vt 0.470888 0.026708
vt 0.468440 0.028541
vt 0.466666 0.025928
vt 0.469305 0.024150
vt 0.465588 0.019674
vt 0.464594 0.015950
vt 0.472906 0.024879
vt 0.471702 0.022559
vt 0.475273 0.020179
vt 0.476731 0.023917
vt 0.459660 0.024611
vt 0.465832 0.030138
vt 0.463384 0.031340
vt 0.467534 0.021697
vt 0.473608 0.027288
vt 0.458124 0.020268
vt 0.460932 0.017464
vt 0.476687 0.027925
vt 0.468805 0.035897
vt 0.464819 0.036023
vt 0.465372 0.032881
vt 0.467761 0.032126
vt 0.456548 0.023997
vt 0.456548 0.028074
vt 0.458101 0.031831
vt 0.461051 0.034590
vt 0.553102 0.055669
vt 0.557347 0.056026
vt 0.557814 0.059373
vt 0.552400 0.059382
vt 0.497201 0.045663
vt 0.500730 0.043517
vt 0.503360 0.048206
vt 0.501641 0.050780
vt 0.519350 0.040926
vt 0.524806 0.038738
vt 0.524162 0.044049
vt 0.519505 0.046652
vt 0.553976 0.051105
vt 0.558828 0.051850
vt 0.515217 0.018680
vt 0.521717 0.020726
vt 0.520029 0.023284
vt 0.514742 0.022640
vt 0.560020 0.046988
vt 0.564515 0.047868
vt 0.563318 0.051911
vt 0.521491 0.050158
vt 0.526735 0.045782
vt 0.528672 0.047071
vt 0.523013 0.052650
vt 0.508225 0.052828
vt 0.515127 0.052668
vt 0.515694 0.055624
vt 0.507802 0.055626
vt 0.568013 0.048555
vt 0.566172 0.053590
vt 0.551112 0.040124
vt 0.555981 0.040926
vt 0.554968 0.046001
vt 0.549883 0.045006
vt 0.547317 0.057438
vt 0.551847 0.062393
vt 0.545779 0.059928
vt 0.501983 0.021259
vt 0.508365 0.018802
vt 0.509211 0.023158
vt 0.503931 0.024766
vt 0.545797 0.032335
vt 0.551778 0.029909
vt 0.552222 0.032631
vt 0.547057 0.034193
vt 0.526138 0.025806
vt 0.528568 0.024430
vt 0.531664 0.031737
vt 0.528706 0.032333
vt 0.528853 0.039355
vt 0.531664 0.039688
vt 0.516787 0.027988
vt 0.522649 0.027911
vt 0.524302 0.033210
vt 0.518417 0.034387
vt 0.504059 0.030497
vt 0.510373 0.029020
vt 0.511703 0.035720
vt 0.504985 0.037039
vt 0.506626 0.043458
vt 0.513046 0.042434
vt 0.514228 0.048280
vt 0.508716 0.048807
vt 0.494540 0.032025
vt 0.498602 0.032650
vt 0.499093 0.038196
vt 0.494638 0.039068
vt 0.561399 0.055527
vt 0.549171 0.049999
vt 0.549005 0.054465
vt 0.560935 0.037649
vt 0.564475 0.039655
vt 0.564908 0.043693
vt 0.560741 0.042053
vt 0.548542 0.036391
vt 0.552646 0.035949
vt 0.546595 0.040016
vt 0.562923 0.057690
vt 0.556894 0.036378
vt 0.566665 0.038228
vt 0.568177 0.043214
vt 0.538829 0.042818
vt 0.541632 0.043384
vt 0.541519 0.048904
vt 0.538751 0.049244
vt 0.558201 0.029908
vt 0.557623 0.032746
vt 0.564031 0.032510
vt 0.562592 0.034780
vt 0.545350 0.052501
vt 0.543105 0.053986
vt 0.545360 0.044112
vt 0.544933 0.048388
vt 0.541285 0.036908
vt 0.543621 0.038244
vt 0.496703 0.025614
vt 0.499277 0.027362
vt 0.494808 0.024313
vt 0.491714 0.031663
vt 0.491636 0.039662
vt 0.522970 0.018824
vt 0.564219 0.059501
vt 0.558344 0.062173
vt 0.500530 0.018801
vt 0.507812 0.015908
vt 0.541128 0.055291
vt 0.568437 0.037087
vt 0.570719 0.042910
vt 0.570719 0.049071
vt 0.500386 0.052718
vt 0.568484 0.054842
vt 0.515640 0.015909
vt 0.494707 0.047069
vt 0.391293 0.037129
vt 0.387730 0.035732
vt 0.389332 0.033263
vt 0.391758 0.033522
vt 0.392453 0.024443
vt 0.389592 0.025161
vt 0.389455 0.022534
vt 0.391869 0.021750
vt 0.390056 0.028143
vt 0.387336 0.028707
vt 0.387084 0.026165
vt 0.402769 0.025522
vt 0.402753 0.029372
vt 0.399202 0.028938
vt 0.398944 0.026325
vt 0.396648 0.029891
vt 0.393739 0.030557
vt 0.393105 0.027500
vt 0.396174 0.026868
vt 0.388127 0.031139
vt 0.384964 0.033048
vt 0.396761 0.032547
vt 0.398556 0.035637
vt 0.395057 0.037071
vt 0.394289 0.033285
vt 0.387328 0.023723
vt 0.395392 0.023921
vt 0.394427 0.021440
vt 0.390823 0.031061
vt 0.398914 0.031367
vt 0.383409 0.029529
vt 0.383409 0.025679
vt 0.401288 0.032934
vt 0.401228 0.021980
vt 0.398144 0.023807
vt 0.396906 0.021611
vt 0.398438 0.019282
vt 0.384868 0.022096
vt 0.387603 0.019402
vt 0.391080 0.017991
vt 0.394855 0.017917
vt 0.571876 0.497335
vt 0.554211 0.463233
vt 0.565914 0.459551
vt 0.689357 0.514446
vt 0.671211 0.501652
vt 0.667619 0.488071
vt 0.688891 0.502619
vt 0.557077 0.865514
vt 0.576234 0.865754
vt 0.583049 0.892668
vt 0.562039 0.893336
vt 0.380489 0.457962
vt 0.403631 0.472779
vt 0.405522 0.482600
vt 0.390393 0.472144
vt 0.516295 0.866295
vt 0.511359 0.843692
vt 0.529455 0.844209
vt 0.534890 0.866779
vt 0.737537 0.564228
vt 0.722353 0.545434
vt 0.726946 0.537179
vt 0.745396 0.556049
vt 0.422032 0.485743
vt 0.424459 0.499198
vt 0.349913 0.850050
vt 0.364930 0.839426
vt 0.373922 0.852040
vt 0.358767 0.865489
vt 0.482031 0.719618
vt 0.504695 0.735482
vt 0.502102 0.744716
vt 0.476586 0.726103
vt 0.593590 0.865041
vt 0.603495 0.891069
vt 0.705618 0.529161
vt 0.708340 0.518932
vt 0.648549 0.489988
vt 0.638539 0.472376
vt 0.606853 0.749555
vt 0.632279 0.739441
vt 0.641693 0.750981
vt 0.613419 0.762135
vt 0.244147 0.880863
vt 0.263247 0.881735
vt 0.268231 0.907294
vt 0.246787 0.908101
vt 0.671194 0.835604
vt 0.684210 0.849410
vt 0.670422 0.860294
vt 0.658046 0.844720
vt 0.300869 0.877228
vt 0.282043 0.880897
vt 0.274690 0.861104
vt 0.291961 0.860561
vt 0.422171 0.841526
vt 0.404989 0.832514
vt 0.406437 0.821352
vt 0.423603 0.828204
vt 0.439520 0.850381
vt 0.440899 0.834025
vt 0.225017 0.879709
vt 0.225411 0.908466
vt 0.097589 0.866425
vt 0.113899 0.872859
vt 0.104362 0.895141
vt 0.087412 0.886059
vt 0.289236 0.904724
vt 0.526772 0.746585
vt 0.553886 0.754031
vt 0.554816 0.770680
vt 0.524333 0.757658
vt 0.358080 0.473493
vt 0.362139 0.467524
vt 0.372740 0.487162
vt 0.369661 0.495945
vt 0.393580 0.597925
vt 0.356106 0.480039
vt 0.379587 0.518886
vt 0.390442 0.541437
vt 0.611256 0.862971
vt 0.622837 0.887253
vt 0.167213 0.878877
vt 0.148849 0.878624
vt 0.155440 0.858543
vt 0.172297 0.857881
vt 0.655984 0.725893
vt 0.667826 0.735812
vt 0.186389 0.878792
vt 0.205718 0.878925
vt 0.204233 0.909227
vt 0.183125 0.910087
vt 0.700059 0.690739
vt 0.720411 0.672285
vt 0.737951 0.673853
vt 0.716335 0.695012
vt 0.682724 0.825656
vt 0.696751 0.836984
vt 0.470985 0.536135
vt 0.467298 0.498683
vt 0.481971 0.495674
vt 0.481407 0.555775
vt 0.752250 0.607225
vt 0.748251 0.582388
vt 0.761986 0.577099
vt 0.767875 0.602800
vt 0.373955 0.458346
vt 0.384380 0.477431
vt 0.082603 0.858202
vt 0.071674 0.875486
vt 0.057406 0.863438
vt 0.069468 0.848934
vt 0.507796 0.533844
vt 0.495559 0.491333
vt 0.512971 0.483211
vt 0.510576 0.561779
vt 0.495447 0.578444
vt 0.540708 0.893306
vt 0.678717 0.708926
vt 0.693113 0.716140
vt 0.456911 0.857584
vt 0.475644 0.862726
vt 0.475424 0.888610
vt 0.454347 0.882622
vt 0.956142 0.552756
vt 0.922376 0.553102
vt 0.922536 0.470385
vt 0.955828 0.469900
vt 0.879970 0.565252
vt 0.879971 0.546301
vt 0.898122 0.546322
vt 0.896234 0.565278
vt 0.908278 0.500915
vt 0.909695 0.471433
vt 0.914717 0.468514
vt 0.914552 0.494785
vt 0.644277 0.852050
vt 0.628476 0.837299
vt 0.644490 0.831538
vt 0.737628 0.504954
vt 0.758897 0.524472
vt 0.752510 0.529056
vt 0.733097 0.510001
vt 0.776805 0.547742
vt 0.789707 0.573093
vt 0.775623 0.578222
vt 0.765551 0.552348
vt 0.792099 0.596242
vt 0.790585 0.623420
vt 0.774796 0.631838
vt 0.777124 0.603705
vt 0.787361 0.657022
vt 0.783784 0.692505
vt 0.767414 0.695300
vt 0.771166 0.662828
vt 0.778340 0.728673
vt 0.769850 0.761825
vt 0.754637 0.759887
vt 0.762283 0.728625
vt 0.757883 0.794006
vt 0.743001 0.822574
vt 0.730282 0.818899
vt 0.743942 0.790759
vt 0.013515 0.307604
vt 0.048225 0.305925
vt 0.053323 0.313441
vt 0.020366 0.315560
vt 0.434511 0.872493
vt 0.075463 0.306587
vt 0.078368 0.313854
vt 0.106653 0.307876
vt 0.108593 0.315656
vt 0.881872 0.654918
vt 0.913281 0.654991
vt 0.913392 0.667365
vt 0.881862 0.667572
vt 0.727201 0.851617
vt 0.716355 0.848619
vt 0.497698 0.865202
vt 0.497197 0.891465
vt 0.897527 0.502231
vt 0.907205 0.521258
vt 0.716496 0.484579
vt 0.715133 0.490254
vt 0.388005 0.824129
vt 0.399590 0.847012
vt 0.380936 0.838721
vt 0.629794 0.857657
vt 0.656187 0.870904
vt 0.640462 0.880280
vt 0.334907 0.860630
vt 0.344147 0.879283
vt 0.597199 0.843133
vt 0.613102 0.840341
vt 0.913017 0.603617
vt 0.879985 0.603742
vt 0.879974 0.584135
vt 0.912897 0.579596
vt 0.419954 0.676598
vt 0.434731 0.627397
vt 0.444915 0.668043
vt 0.427336 0.684478
vt 0.804105 0.656327
vt 0.799978 0.692866
vt 0.771704 0.795927
vt 0.755763 0.825194
vt 0.787858 0.545022
vt 0.803588 0.572132
vt 0.900410 0.472591
vt 0.007654 0.299463
vt 0.044582 0.297817
vt 0.807607 0.594760
vt 0.807161 0.620697
vt 0.743434 0.497136
vt 0.764907 0.519026
vt 0.318702 0.870193
vt 0.310721 0.857063
vt 0.327725 0.850295
vt 0.130223 0.308493
vt 0.131437 0.316738
vt 0.580613 0.754156
vt 0.585032 0.767387
vt 0.466111 0.705673
vt 0.458170 0.711288
vt 0.073328 0.299034
vt 0.105528 0.299754
vt 0.886614 0.521498
vt 0.879974 0.522173
vt 0.793768 0.729255
vt 0.784402 0.763477
vt 0.737494 0.854884
vt 0.721813 0.476895
vt 0.003920 0.283053
vt 0.042701 0.283234
vt 0.042969 0.289063
vt 0.004611 0.290268
vt 0.072028 0.283325
vt 0.072285 0.291212
vt 0.797043 0.804849
vt 0.777925 0.836152
vt 0.767217 0.829233
vt 0.784553 0.799105
vt 0.823341 0.734115
vt 0.812027 0.770588
vt 0.798396 0.766105
vt 0.808568 0.730731
vt 0.104859 0.283409
vt 0.129024 0.283464
vt 0.129119 0.291808
vt 0.105004 0.291581
vt 0.879980 0.500498
vt 0.880001 0.470399
vt 0.890883 0.471129
vt 0.886988 0.500925
vt 0.836728 0.657632
vt 0.831305 0.696233
vt 0.815528 0.693831
vt 0.820307 0.656322
vt 0.759283 0.483712
vt 0.780961 0.504477
vt 0.772864 0.511609
vt 0.751720 0.490717
vt 0.807946 0.532964
vt 0.829091 0.565165
vt 0.816376 0.570230
vt 0.798158 0.539983
vt 0.837244 0.590540
vt 0.839415 0.618460
vt 0.822989 0.618926
vt 0.822023 0.593137
vt 0.129520 0.300144
vt 0.729300 0.470846
vt 0.746597 0.860044
vt 0.737181 0.463340
vt 0.752793 0.864930
vt 0.519103 0.892624
vt 0.479253 0.594075
vt 0.458058 0.594672
vt 0.701928 0.540351
vt 0.688764 0.527853
vt 0.367693 0.461968
vt 0.378411 0.481253
vt 0.732047 0.634179
vt 0.713445 0.637877
vt 0.720721 0.619121
vt 0.736605 0.611666
vt 0.735179 0.589603
vt 0.722391 0.599487
vt 0.718457 0.580438
vt 0.726774 0.571679
vt 0.644089 0.715960
vt 0.633817 0.707119
vt 0.652059 0.695396
vt 0.664274 0.701712
vt 0.576356 0.741469
vt 0.573614 0.730029
vt 0.594720 0.725692
vt 0.600262 0.736961
vt 0.719816 0.653797
vt 0.701584 0.654790
vt 0.463329 0.673699
vt 0.476334 0.667105
vt 0.487032 0.684058
vt 0.473708 0.694077
vt 0.702828 0.670726
vt 0.686535 0.669655
vt 0.550006 0.528784
vt 0.570104 0.544889
vt 0.552915 0.557620
vt 0.526840 0.546342
vt 0.453300 0.630001
vt 0.474486 0.627466
vt 0.470902 0.647459
vt 0.455117 0.652541
vt 0.171146 0.300669
vt 0.169853 0.283559
vt 0.183314 0.283590
vt 0.156307 0.308595
vt 0.922896 0.698824
vt 0.958335 0.699305
vt 0.958341 0.707049
vt 0.922655 0.706117
vt 0.922671 0.676670
vt 0.958435 0.676883
vt 0.958346 0.683822
vt 0.922748 0.683597
vt 0.913749 0.680695
vt 0.878315 0.680262
vt 0.913637 0.860045
vt 0.878091 0.860369
vt 0.878235 0.832514
vt 0.914370 0.832624
vt 0.913996 0.762229
vt 0.881538 0.762293
vt 0.881586 0.747280
vt 0.913761 0.747189
vt 0.914327 0.810124
vt 0.878300 0.809989
vt 0.881550 0.792943
vt 0.914252 0.793023
vt 0.881473 0.776096
vt 0.914176 0.776083
vt 0.913188 0.713534
vt 0.881655 0.712812
vt 0.881687 0.695090
vt 0.913407 0.695315
vt 0.958443 0.713874
vt 0.922478 0.712719
vt 0.922920 0.690895
vt 0.958202 0.691465
vt 0.913832 0.732856
vt 0.881546 0.732808
vt 0.172054 0.317538
vt 0.156058 0.317535
vt 0.153159 0.290672
vt 0.152509 0.283519
vt 0.182928 0.317026
vt 0.913539 0.520379
vt 0.913292 0.546359
vt 0.462997 0.609718
vt 0.455941 0.691703
vt 0.439084 0.695326
vt 0.535480 0.570034
vt 0.529076 0.474945
vt 0.538558 0.513173
vt 0.737829 0.653317
vt 0.755801 0.652852
vt 0.589522 0.458299
vt 0.607959 0.487512
vt 0.577111 0.457903
vt 0.749590 0.632246
vt 0.767110 0.630331
vt 0.542075 0.468495
vt 0.489462 0.710554
vt 0.552693 0.741141
vt 0.683732 0.686469
vt 0.507987 0.723985
vt 0.529678 0.733888
vt 0.622813 0.727877
vt 0.673819 0.516645
vt 0.653277 0.505214
vt 0.716435 0.555046
vt 0.455881 0.519239
vt 0.453485 0.498423
vt 0.438054 0.509049
vt 0.437367 0.493308
vt 0.484980 0.609504
vt 0.422676 0.610755
vt 0.411940 0.588166
vt 0.401194 0.564497
vt 0.452982 0.583422
vt 0.432996 0.548682
vt 0.423466 0.540277
vt 0.414403 0.529011
vt 0.385969 0.490502
vt 0.493737 0.841978
vt 0.309214 0.899426
vt 0.327563 0.890970
vt 0.342817 0.841930
vt 0.389623 0.813685
vt 0.476503 0.840117
vt 0.091889 0.842152
vt 0.106016 0.849629
vt 0.458937 0.838178
vt 0.206184 0.857170
vt 0.223154 0.857803
vt 0.546330 0.844139
vt 0.078486 0.833487
vt 0.670925 0.813271
vt 0.658754 0.822946
vt 0.189257 0.857247
vt 0.162172 0.909879
vt 0.141792 0.907435
vt 0.580290 0.844772
vt 0.257541 0.860257
vt 0.121562 0.855302
vt 0.240296 0.858955
vt 0.417527 0.857183
vt 0.563075 0.844606
vt 0.357323 0.832832
vt 0.683570 0.534487
vt 0.666092 0.525031
vt 0.710541 0.562723
vt 0.499881 0.698950
vt 0.514450 0.710427
vt 0.698284 0.547482
vt 0.646769 0.519869
vt 0.614788 0.717586
vt 0.531860 0.718310
vt 0.551997 0.727192
vt 0.669717 0.682971
vt 0.500148 0.594617
vt 0.517583 0.581972
vt 0.616315 0.463516
vt 0.626133 0.484715
vt 0.600931 0.459966
vt 0.606667 0.524183
vt 0.587810 0.533133
vt 0.576501 0.516528
vt 0.603546 0.505352
vt 0.878517 0.641283
vt 0.912270 0.643611
vt 0.632078 0.500717
vt 0.138577 0.858185
vt 0.131142 0.876935
vt 0.626592 0.519534
vt 0.122457 0.902389
vt 0.879993 0.626770
vt 0.912008 0.631104
vt 0.879992 0.614384
vt 0.912057 0.619472
vt 0.043096 0.653592
vt 0.005576 0.647804
vt 0.009687 0.636005
vt 0.060057 0.770862
vt 0.048187 0.770513
vt 0.034103 0.748983
vt 0.047309 0.752735
vt 0.747041 0.057894
vt 0.742657 0.084579
vt 0.720906 0.084200
vt 0.728074 0.057966
vt 0.003963 0.462236
vt 0.017803 0.472237
vt 0.028274 0.487367
vt 0.018677 0.485081
vt 0.788776 0.058202
vt 0.769878 0.058771
vt 0.775658 0.036583
vt 0.793785 0.036071
vt 0.109684 0.818969
vt 0.101316 0.826932
vt 0.081794 0.809347
vt 0.090875 0.803859
vt 0.044911 0.506297
vt 0.031612 0.503923
vt 0.404962 0.770213
vt 0.395989 0.783515
vt 0.380863 0.770594
vt 0.390287 0.759891
vt 0.266087 0.563689
vt 0.272367 0.558363
vt 0.291485 0.583748
vt 0.282001 0.586460
vt 0.699459 0.083328
vt 0.710293 0.057494
vt 0.064703 0.789997
vt 0.074737 0.787101
vt 0.017708 0.720217
vt 0.035679 0.730108
vt 0.294893 0.688998
vt 0.307364 0.695678
vt 0.296070 0.723697
vt 0.284637 0.714265
vt 0.508641 0.801243
vt 0.506045 0.827092
vt 0.484637 0.827829
vt 0.489558 0.802164
vt 0.634652 0.027078
vt 0.646637 0.035968
vt 0.633397 0.050057
vt 0.621221 0.040477
vt 0.451377 0.800601
vt 0.460905 0.782051
vt 0.478026 0.782612
vt 0.470543 0.802870
vt 0.884312 0.031256
vt 0.882203 0.020349
vt 0.899569 0.013365
vt 0.901884 0.023944
vt 0.866677 0.044479
vt 0.864745 0.026207
vt 0.527704 0.800675
vt 0.527354 0.827942
vt 0.656441 0.786367
vt 0.669173 0.804707
vt 0.652100 0.816082
vt 0.639880 0.793537
vt 0.463274 0.827979
vt 0.293071 0.608744
vt 0.304740 0.606030
vt 0.317530 0.637058
vt 0.300416 0.636016
vt 0.018563 0.439005
vt 0.041583 0.451479
vt 0.032802 0.454561
vt 0.013016 0.443495
vt 0.143930 0.475216
vt 0.087143 0.472191
vt 0.064554 0.461364
vt 0.025285 0.437986
vt 0.678996 0.079303
vt 0.691902 0.055303
vt 0.585588 0.799696
vt 0.580363 0.778798
vt 0.597284 0.779376
vt 0.604254 0.799583
vt 0.280900 0.749642
vt 0.271055 0.737826
vt 0.566360 0.799766
vt 0.569749 0.831308
vt 0.548529 0.830303
vt 0.546963 0.800176
vt 0.235951 0.781701
vt 0.240200 0.797935
vt 0.219081 0.819487
vt 0.217528 0.801988
vt 0.623877 0.016918
vt 0.610721 0.027651
vt 0.081906 0.552818
vt 0.101556 0.563248
vt 0.041609 0.563753
vt 0.044299 0.549167
vt 0.152580 0.833704
vt 0.148151 0.849295
vt 0.122491 0.843415
vt 0.127795 0.829688
vt 0.004274 0.455728
vt 0.023079 0.466215
vt 0.671817 0.777529
vt 0.683469 0.769152
vt 0.695988 0.782696
vt 0.685118 0.791893
vt 0.079604 0.589627
vt 0.028745 0.595352
vt 0.037529 0.577477
vt 0.107535 0.592446
vt 0.124250 0.577329
vt 0.764338 0.085024
vt 0.254106 0.760444
vt 0.261277 0.774797
vt 0.849019 0.051040
vt 0.851118 0.075300
vt 0.830769 0.081486
vt 0.830471 0.056317
vt 0.989096 0.470088
vt 0.989935 0.552636
vt 0.846705 0.579680
vt 0.846971 0.546303
vt 0.861820 0.546319
vt 0.861266 0.565288
vt 0.851657 0.500885
vt 0.845151 0.494548
vt 0.844052 0.468514
vt 0.849134 0.471333
vt 0.659547 0.043209
vt 0.661385 0.023807
vt 0.676998 0.029667
vt 0.293517 0.809727
vt 0.288920 0.804532
vt 0.308368 0.785394
vt 0.314668 0.790258
vt 0.332797 0.766839
vt 0.321444 0.762105
vt 0.331513 0.736217
vt 0.345619 0.741336
vt 0.347949 0.718219
vt 0.332976 0.710715
vt 0.330609 0.682608
vt 0.346364 0.691002
vt 0.343214 0.657485
vt 0.327045 0.651659
vt 0.323324 0.619217
vt 0.339686 0.622019
vt 0.334257 0.585873
vt 0.318197 0.585899
vt 0.310640 0.554588
vt 0.325877 0.552742
vt 0.314025 0.520383
vt 0.300138 0.523588
vt 0.286360 0.495426
vt 0.299082 0.491641
vt 0.013522 0.258180
vt 0.020423 0.250052
vt 0.053470 0.252669
vt 0.048329 0.260356
vt 0.871022 0.067371
vt 0.078517 0.252671
vt 0.075568 0.259999
vt 0.108767 0.251431
vt 0.106769 0.258950
vt 0.846750 0.667473
vt 0.847040 0.654867
vt 0.272171 0.465475
vt 0.283176 0.462279
vt 0.808330 0.083955
vt 0.807634 0.057064
vt 0.862427 0.502218
vt 0.852743 0.521249
vt 0.272174 0.829872
vt 0.270926 0.824161
vt 0.919151 0.016104
vt 0.924861 0.030396
vt 0.906848 0.038697
vt 0.673576 0.049131
vt 0.660916 0.071006
vt 0.645573 0.061203
vt 0.419533 0.780986
vt 0.409354 0.798505
vt 0.692183 0.032629
vt 0.707986 0.035449
vt 0.846820 0.603760
vt 0.222697 0.501462
vt 0.230396 0.508849
vt 0.214111 0.526613
vt 0.173300 0.516452
vt 0.359990 0.658228
vt 0.355886 0.621665
vt 0.327873 0.518527
vt 0.311860 0.488960
vt 0.343802 0.769583
vt 0.359529 0.742260
vt 0.859589 0.472563
vt 0.007638 0.266569
vt 0.044652 0.268593
vt 0.363506 0.719572
vt 0.363058 0.693655
vt 0.299783 0.817867
vt 0.321137 0.795739
vt 0.434451 0.792393
vt 0.425903 0.771315
vt 0.442355 0.778513
vt 0.131645 0.250598
vt 0.130339 0.258440
vt 0.312980 0.667486
vt 0.299820 0.662844
vt 0.251997 0.547751
vt 0.257211 0.539991
vt 0.073403 0.267598
vt 0.105604 0.267067
vt 0.873335 0.521495
vt 0.349776 0.585243
vt 0.340633 0.551160
vt 0.293701 0.458890
vt 0.278348 0.838387
vt 0.004586 0.275881
vt 0.043000 0.277400
vt 0.072325 0.275438
vt 0.353193 0.509774
vt 0.340759 0.515475
vt 0.323440 0.484985
vt 0.334227 0.478304
vt 0.379430 0.580482
vt 0.364530 0.583789
vt 0.354448 0.548610
vt 0.368253 0.544007
vt 0.105043 0.275237
vt 0.129158 0.275121
vt 0.872971 0.500920
vt 0.869118 0.471112
vt 0.392667 0.656866
vt 0.376182 0.658256
vt 0.371467 0.620714
vt 0.387242 0.618343
vt 0.315784 0.831166
vt 0.308142 0.824218
vt 0.329130 0.803111
vt 0.337303 0.810202
vt 0.364038 0.781455
vt 0.354202 0.774563
vt 0.372363 0.744131
vt 0.385107 0.749168
vt 0.393235 0.723789
vt 0.378036 0.721103
vt 0.378945 0.695415
vt 0.395450 0.695900
vt 0.129597 0.266786
vt 0.285906 0.844358
vt 0.303023 0.453829
vt 0.293875 0.851788
vt 0.309361 0.449267
vt 0.786115 0.084936
vt 0.140517 0.539860
vt 0.139923 0.561102
vt 0.085905 0.783422
vt 0.073441 0.770278
vt 0.007807 0.449421
vt 0.026895 0.460239
vt 0.179497 0.813567
vt 0.157027 0.818094
vt 0.160727 0.803963
vt 0.180853 0.797490
vt 0.135010 0.816649
vt 0.117131 0.808242
vt 0.123636 0.799167
vt 0.141055 0.804872
vt 0.261194 0.725939
vt 0.246941 0.746034
vt 0.240075 0.733355
vt 0.252383 0.715445
vt 0.287132 0.658358
vt 0.282360 0.682280
vt 0.271875 0.676035
vt 0.275689 0.655436
vt 0.199084 0.801380
vt 0.198715 0.784867
vt 0.219848 0.545117
vt 0.240376 0.555430
vt 0.229588 0.570119
vt 0.212640 0.558862
vt 0.215988 0.784446
vt 0.213625 0.768530
vt 0.074507 0.631785
vt 0.092071 0.608669
vt 0.103309 0.634718
vt 0.090350 0.651832
vt 0.175917 0.535063
vt 0.198546 0.536899
vt 0.192796 0.549777
vt 0.171626 0.552352
vt 0.171225 0.266455
vt 0.156419 0.258436
vt 0.990503 0.698823
vt 0.990386 0.706114
vt 0.990057 0.676760
vt 0.990118 0.683650
vt 0.846766 0.680366
vt 0.846528 0.859959
vt 0.845903 0.832879
vt 0.845712 0.762156
vt 0.846047 0.747246
vt 0.845631 0.810063
vt 0.845510 0.792998
vt 0.845630 0.776098
vt 0.846177 0.712774
vt 0.846606 0.695840
vt 0.990432 0.712685
vt 0.990355 0.690862
vt 0.845912 0.732843
vt 0.156192 0.250359
vt 0.172338 0.249908
vt 0.153192 0.276369
vt 0.183077 0.250179
vt 0.846798 0.520308
vt 0.155598 0.544802
vt 0.240612 0.521412
vt 0.237905 0.537624
vt 0.117258 0.618341
vt 0.021335 0.610437
vt 0.058928 0.620341
vt 0.198112 0.837285
vt 0.198590 0.819352
vt 0.004055 0.670740
vt 0.003911 0.659158
vt 0.033256 0.689592
vt 0.175628 0.848556
vt 0.177554 0.831071
vt 0.014635 0.624227
vt 0.256944 0.571224
vt 0.287590 0.634570
vt 0.231711 0.765415
vt 0.270449 0.589820
vt 0.280424 0.611527
vt 0.273158 0.704757
vt 0.062268 0.755353
vt 0.050876 0.734841
vt 0.100552 0.797904
vt 0.044167 0.535282
vt 0.064996 0.537713
vt 0.039406 0.519107
vt 0.054785 0.519887
vt 0.154111 0.565032
vt 0.156601 0.504387
vt 0.133955 0.493659
vt 0.110241 0.482927
vt 0.129242 0.534775
vt 0.094438 0.514784
vt 0.086020 0.505254
vt 0.074709 0.496181
vt 0.036158 0.467792
vt 0.811468 0.034318
vt 0.442311 0.824396
vt 0.423823 0.814434
vt 0.411495 0.762481
vt 0.916607 0.005540
vt 0.828791 0.032361
vt 0.660944 0.762402
vt 0.646845 0.770094
vt 0.846511 0.030353
vt 0.546377 0.778243
vt 0.529392 0.779005
vt 0.758770 0.036480
vt 0.674369 0.753528
vt 0.635970 0.005264
vt 0.647564 0.015053
vt 0.563347 0.778234
vt 0.590961 0.830654
vt 0.612023 0.828509
vt 0.724816 0.037095
vt 0.495073 0.781732
vt 0.631291 0.775923
vt 0.512266 0.780309
vt 0.888469 0.047755
vt 0.742004 0.036909
vt 0.397576 0.752991
vt 0.084280 0.768369
vt 0.071948 0.750981
vt 0.107492 0.792655
vt 0.244912 0.582373
vt 0.256185 0.596159
vt 0.094137 0.779544
vt 0.064019 0.731271
vt 0.263111 0.696367
vt 0.263583 0.613330
vt 0.276557 0.634442
vt 0.227058 0.750931
vt 0.141231 0.582449
vt 0.129860 0.600917
vt 0.009292 0.697803
vt 0.005910 0.682834
vt 0.030445 0.707725
vt 0.069310 0.689125
vt 0.051066 0.685206
vt 0.062248 0.658224
vt 0.078866 0.669950
vt 0.847486 0.643271
vt 0.046409 0.713677
vt 0.614213 0.778916
vt 0.622465 0.797930
vt 0.063507 0.709906
vt 0.632784 0.823974
vt 0.847564 0.631571
vt 0.847217 0.619221
s 1
usemtl handsaw_wood
f 3/1/1 2/2/2 1/3/2
f 8/4/3 2/2/2 6/5/1 9/6/4
f 4/7/5 2/2/2 3/1/1 5/8/6
f 16/9/1 2/2/2 14/10/7 17/11/8
f 18/12/9 2/2/2 16/9/1 19/13/10
f 20/14/11 2/2/2 18/12/9 21/15/12
f 22/16/11 2/2/2 20/14/11 23/17/13
f 24/18/14 2/2/2 22/16/11 25/19/15
f 26/20/16 2/2/2 24/18/14 27/21/17
f 28/22/1 2/2/2 26/20/16 29/23/18
f 12/24/5 2/2/2 10/25/19 13/26/20
f 14/10/7 2/2/2 12/24/5 15/27/21
f 32/28/22 2/2/2 30/29/23 33/30/24
f 10/25/19 2/2/2 8/4/3 11/31/25
f 38/32/9 2/2/2 36/33/9 39/34/26
f 40/35/19 2/2/2 38/32/9 41/36/27
f 42/37/19 2/2/2 40/35/19 43/38/28
f 44/39/29 2/2/2 42/37/19 45/40/30
f 46/41/31 2/2/2 44/39/29 47/42/32
f 48/43/33 2/2/2 46/41/31 49/44/34
f 50/45/35 2/2/2 48/43/33 51/46/36
f 52/47/3 2/2/2 50/45/35 53/48/37
f 54/49/3 2/2/2 52/47/3 55/50/38
f 56/51/39 2/2/2 54/49/3 57/52/40
f 58/53/41 2/2/2 56/51/39 59/54/42
f 60/55/19 2/2/2 58/53/41 61/56/43
f 62/57/11 2/2/2 60/55/19 63/58/2
f 64/59/44 2/2/2 62/57/11 65/60/45
f 66/61/41 2/2/2 64/59/44 67/62/31
f 68/63/46 2/2/2 66/61/41 69/64/47
f 70/65/48 2/2/2 68/63/46 71/66/49
f 72/67/11 2/2/2 70/65/48 73/68/50
f 74/69/19 2/2/2 72/67/11 75/70/51
f 76/71/35 2/2/2 74/69/19 77/72/52
f 78/73/44 2/2/2 76/71/35 79/74/53
f 80/75/11 2/2/2 78/73/44 81/76/54
f 82/77/55 2/2/2 80/75/11 83/78/56
f 84/79/57 2/2/2 82/77/55 85/80/58
f 86/81/59 2/2/2 84/79/57 87/82/60
f 88/83/31 2/2/2 86/81/59 89/84/61
f 90/85/7 2/2/2 88/83/31 91/86/62
f 92/87/63 2/2/2 90/85/7 93/88/64
f 94/89/33 2/2/2 92/87/63 95/90/65
f 96/91/33 2/2/2 94/89/33 97/92/66
f 98/93/35 2/2/2 96/91/33 99/94/67
f 100/95/39 2/2/2 98/93/35 101/96/68
f 102/97/5 2/2/2 100/95/39 103/98/69
f 104/99/44 2/2/2 102/97/5 105/100/70
f 106/101/2 2/2/2 104/99/44 107/102/71
f 108/103/31 2/2/2 106/101/2 109/104/72
f 110/105/35 2/2/2 108/103/31 111/106/73
f 112/107/33 2/2/2 110/105/35 113/108/74
f 114/109/29 2/2/2 112/107/33 115/110/75
f 116/111/5 2/2/2 114/109/29 117/112/76
f 118/113/2 2/2/2 116/111/5 119/114/77
f 120/115/59 2/2/2 118/113/2 121/116/78
f 122/117/7 2/2/2 120/115/59 123/118/79
f 124/119/80 2/2/2 122/117/7 125/120/81
f 126/121/1 2/2/2 124/119/80 127/122/82
f 128/123/44 2/2/2 126/121/1 129/124/83
f 130/125/44 2/2/2 128/123/44 131/126/84
f 132/127/16 2/2/2 130/125/44 133/128/85
f 134/129/5 2/2/2 132/127/16 135/130/86
f 136/131/87 2/2/2 134/129/5 137/132/88
f 138/133/57 2/2/2 136/131/87 139/134/89
f 140/135/9 2/2/2 138/133/57 141/136/90
f 142/137/2 2/2/2 140/135/9 143/138/91
f 144/139/16 2/2/2 142/137/2 145/140/92
f 146/141/55 2/2/2 144/139/16 147/142/93
f 148/143/9 2/2/2 146/141/55 149/144/94
f 150/145/29 2/2/2 148/143/9 151/146/95
f 152/147/23 2/2/2 150/145/29 153/148/96
f 154/149/3 2/2/2 152/147/23 155/150/97
f 156/151/3 2/2/2 154/149/3 157/152/98
f 158/153/57 2/2/2 156/151/3 159/154/99
f 30/29/23 2/2/2 28/22/1 31/155/100
f 167/156/101 186/157/2 187/158/2 164/159/102 168/160/103
f 34/161/3 2/2/2 32/28/22 35/162/104
f 36/33/9 2/2/2 34/161/3 37/163/105
f 170/164/23 191/165/33 186/157/2 167/156/101 171/166/106
f 174/167/2 193/168/2 191/165/33 170/164/23 172/169/2
f 180/170/35 160/171/107 163/172/108 162/173/109 181/174/2
f 180/170/35 185/175/2 158/153/57 161/176/110 160/171/107
f 181/174/2 162/173/109 165/177/111 164/159/102 187/158/2
f 183/178/2 179/179/2 169/180/2 399/181/2 166/182/2
f 358/183/112 388/184/113 390/185/114 361/186/115 362/187/116
f 189/188/2 175/189/2 393/190/2 173/191/2 188/192/2
f 185/175/2 184/193/2 2/2/2 158/153/57
f 182/194/2 183/178/2 166/182/2 2/2/2
f 188/192/2 173/191/2 395/195/2 194/196/2 192/197/2
f 179/179/2 192/197/2 194/196/2 389/198/2 169/180/2
f 190/199/2 176/200/2 401/201/2 175/189/2 189/188/2
f 174/167/2 397/202/2 178/203/2 391/204/2 177/205/2 403/206/2 176/200/2 190/199/2 193/168/2
f 184/193/2 182/194/2 2/2/2
f 197/207/113 195/208/113 196/209/113
f 204/210/117 196/209/113 206/211/118 207/212/119
f 206/211/118 196/209/113 208/213/120 209/214/121
f 208/213/120 196/209/113 210/215/114 211/216/122
f 210/215/114 196/209/113 212/217/123 213/218/124
f 212/217/123 196/209/113 214/219/125 215/220/126
f 214/219/125 196/209/113 216/221/125 217/222/127
f 216/221/125 196/209/113 218/223/128 219/224/129
f 218/223/128 196/209/113 220/225/130 221/226/131
f 220/225/130 196/209/113 222/227/114 223/228/132
f 222/227/114 196/209/113 224/229/133 225/230/134
f 224/229/133 196/209/113 226/231/135 227/232/136
f 226/231/135 196/209/113 228/233/137 229/234/138
f 228/233/137 196/209/113 230/235/139 231/236/140
f 230/235/139 196/209/113 232/237/123 233/238/141
f 232/237/123 196/209/113 234/239/117 235/240/142
f 234/239/117 196/209/113 236/241/117 237/242/143
f 236/241/117 196/209/113 238/243/144 239/244/145
f 238/243/144 196/209/113 240/245/146 241/246/147
f 240/245/146 196/209/113 242/247/148 243/248/149
f 242/247/148 196/209/113 244/249/150 245/250/151
f 244/249/150 196/209/113 246/251/137 247/252/152
f 246/251/137 196/209/113 248/253/137 249/254/153
f 248/253/137 196/209/113 250/255/144 251/256/154
f 250/255/144 196/209/113 252/257/155 253/258/156
f 252/257/155 196/209/113 254/259/117 255/260/157
f 254/259/117 196/209/113 256/261/125 257/262/113
f 256/261/125 196/209/113 258/263/139 259/264/158
f 258/263/139 196/209/113 260/265/155 261/266/155
f 260/265/155 196/209/113 262/267/159 263/268/160
f 262/267/159 196/209/113 264/269/161 265/270/162
f 264/269/161 196/209/113 266/271/163 267/272/164
f 266/271/163 196/209/113 268/273/114 269/274/165
f 268/273/114 196/209/113 270/275/150 271/276/166
f 270/275/150 196/209/113 272/277/139 273/278/167
f 272/277/139 196/209/113 274/279/125 275/280/168
f 274/279/125 196/209/113 276/281/169 277/282/170
f 276/281/169 196/209/113 278/283/169 279/284/171
f 278/283/169 196/209/113 280/285/137 281/286/172
f 280/285/137 196/209/113 282/287/146 283/288/173
f 282/287/146 196/209/113 284/289/146 285/290/174
f 284/289/146 196/209/113 286/291/175 287/292/176
f 286/291/175 196/209/113 288/293/177 289/294/178
f 288/293/177 196/209/113 290/295/148 291/296/179
f 290/295/148 196/209/113 292/297/150 293/298/180
f 292/297/150 196/209/113 294/299/144 295/300/181
f 294/299/144 196/209/113 296/301/118 297/302/182
f 296/301/118 196/209/113 298/303/139 299/304/183
f 298/303/139 196/209/113 300/305/113 301/306/184
f 300/305/113 196/209/113 302/307/118 303/308/185
f 302/307/118 196/209/113 304/309/186 305/310/187
f 304/309/186 196/209/113 306/311/113 307/312/188
f 306/311/113 196/209/113 308/313/186 309/314/189
f 308/313/186 196/209/113 310/315/114 311/316/190
f 310/315/114 196/209/113 312/317/113 313/318/191
f 312/317/113 196/209/113 314/319/177 315/320/192
f 314/319/177 196/209/113 316/321/120 317/322/193
f 316/321/120 196/209/113 318/323/194 319/324/195
f 318/323/194 196/209/113 320/325/113 321/326/196
f 320/325/113 196/209/113 322/327/139 323/328/197
f 322/327/139 196/209/113 324/329/139 325/330/198
f 324/329/139 196/209/113 326/331/137 327/332/199
f 326/331/137 196/209/113 328/333/118 329/334/200
f 328/333/118 196/209/113 330/335/117 331/336/201
f 330/335/117 196/209/113 332/337/169 333/338/202
f 332/337/169 196/209/113 334/339/125 335/340/203
f 334/339/125 196/209/113 336/341/144 337/342/204
f 336/341/144 196/209/113 338/343/117 339/344/205
f 338/343/117 196/209/113 340/345/169 341/346/206
f 340/345/169 196/209/113 342/347/123 343/348/207
f 342/347/123 196/209/113 344/349/186 345/350/208
f 344/349/186 196/209/113 346/351/150 347/352/209
f 346/351/150 196/209/113 348/353/137 349/354/210
f 348/353/137 196/209/113 350/355/139 351/356/211
f 350/355/139 196/209/113 352/357/114 353/358/212
f 402/359/113 354/360/213 355/361/214 352/357/114 392/362/113
f 402/359/113 400/363/114 356/364/215 357/365/216 354/360/213
f 400/363/114 388/184/113 358/183/112 359/366/217 356/364/215
f 197/207/114 196/209/113 198/367/155 199/368/218
f 361/186/115 390/185/114 380/369/148 364/370/150 365/371/219
f 202/372/137 196/209/113 204/210/117 205/373/220
f 200/374/114 196/209/113 202/372/137 203/375/221
f 198/367/155 196/209/113 200/374/114 201/376/222
f 368/377/113 366/378/113 364/370/150
f 382/379/113 384/380/113 369/381/113 385/382/113 370/383/113
f 398/384/113 196/209/113 360/385/113 396/386/113
f 164/387/223 165/388/223 359/389/223 358/390/223
f 6/391/224 7/392/224 201/393/224 200/394/224
f 9/395/225 6/391/225 200/394/225 203/396/225
f 168/397/226 164/387/226 358/390/226 362/398/226
f 14/399/227 15/400/227 209/401/227 208/402/227
f 17/403/228 14/399/228 208/402/228 211/404/228
f 22/405/229 23/406/229 217/407/229 216/408/229
f 25/409/230 22/405/230 216/408/230 219/410/230
f 30/411/231 31/412/231 225/413/231 224/414/231
f 33/415/232 30/411/232 224/414/232 227/416/232
f 38/417/233 39/418/233 233/419/233 232/420/233
f 41/421/234 38/422/234 232/423/234 235/424/234
f 46/425/235 47/426/235 241/427/235 240/428/235
f 49/429/236 46/425/236 240/428/236 243/430/236
f 54/431/237 55/432/237 249/433/237 248/434/237
f 57/435/238 54/431/238 248/434/238 251/436/238
f 62/437/239 63/438/239 257/439/239 256/440/239
f 65/441/240 62/437/240 256/440/240 259/442/240
f 70/443/241 71/444/241 265/445/241 264/446/241
f 73/447/242 70/443/242 264/446/242 267/448/242
f 78/449/243 79/450/243 273/451/243 272/452/243
f 81/453/244 78/449/244 272/452/244 275/454/244
f 86/455/245 87/456/245 281/457/245 280/458/245
f 89/459/246 86/460/246 280/461/246 283/462/246
f 94/463/247 95/464/247 289/465/247 288/466/247
f 97/467/248 94/463/248 288/466/248 291/468/248
f 102/469/249 103/470/249 297/471/249 296/472/249
f 105/473/250 102/469/250 296/472/250 299/474/250
f 110/475/251 111/476/251 305/477/251 304/478/251
f 113/479/252 110/475/252 304/478/252 307/480/252
f 118/481/253 119/482/253 313/483/253 312/484/253
f 121/485/254 118/481/254 312/484/254 315/486/254
f 126/487/255 127/488/255 321/489/255 320/490/255
f 129/491/256 126/492/256 320/493/256 323/494/256
f 134/495/257 135/496/257 329/497/257 328/498/257
f 137/499/258 134/495/258 328/498/258 331/500/258
f 142/501/259 143/502/259 337/503/259 336/504/259
f 145/505/260 142/501/260 336/504/260 339/506/260
f 150/507/261 151/508/261 345/509/261 344/510/261
f 153/511/262 150/507/262 344/510/262 347/512/262
f 158/513/263 159/514/263 353/515/263 352/516/263
f 161/517/264 158/513/264 352/516/264 355/518/264
f 167/519/265 168/397/265 362/398/265 361/520/265
f 171/521/266 167/519/266 361/520/266 365/522/266
f 4/523/267 5/524/267 199/525/267 198/526/267
f 7/392/268 4/523/268 198/526/268 201/393/268
f 12/527/269 13/528/269 207/529/269 206/530/269
f 15/400/270 12/527/270 206/530/270 209/401/270
f 20/531/271 21/532/271 215/533/271 214/534/271
f 23/406/272 20/531/272 214/534/272 217/407/272
f 28/535/273 29/536/273 223/537/273 222/538/273
f 31/412/274 28/535/274 222/538/274 225/413/274
f 36/539/275 37/540/275 231/541/275 230/542/275
f 39/418/276 36/539/276 230/542/276 233/419/276
f 44/543/277 45/544/277 239/545/277 238/546/277
f 47/426/278 44/543/278 238/546/278 241/427/278
f 52/547/279 53/548/279 247/549/279 246/550/279
f 55/432/280 52/547/280 246/550/280 249/433/280
f 60/551/281 61/552/281 255/553/281 254/554/281
f 63/438/282 60/551/282 254/554/282 257/439/282
f 68/555/283 69/556/283 263/557/283 262/558/283
f 71/444/284 68/555/284 262/558/284 265/445/284
f 76/559/285 77/560/285 271/561/285 270/562/285
f 79/450/286 76/559/286 270/562/286 273/451/286
f 84/563/287 85/564/287 279/565/287 278/566/287
f 87/456/288 84/563/288 278/566/288 281/457/288
f 92/567/289 93/568/289 287/569/289 286/570/289
f 95/464/290 92/567/290 286/570/290 289/465/290
f 100/571/291 101/572/291 295/573/291 294/574/291
f 103/470/292 100/571/292 294/574/292 297/471/292
f 108/575/293 109/576/293 303/577/293 302/578/293
f 111/476/294 108/575/294 302/578/294 305/477/294
f 116/579/295 117/580/295 311/581/295 310/582/295
f 119/482/296 116/579/296 310/582/296 313/483/296
f 124/583/297 125/584/297 319/585/297 318/586/297
f 127/488/298 124/583/298 318/586/298 321/489/298
f 132/587/299 133/588/299 327/589/299 326/590/299
f 135/496/300 132/587/300 326/590/300 329/497/300
f 140/591/301 141/592/301 335/593/301 334/594/301
f 143/502/302 140/591/302 334/594/302 337/503/302
f 148/595/303 149/596/303 343/597/303 342/598/303
f 151/508/304 148/599/304 342/600/304 345/509/304
f 156/601/305 157/602/305 351/603/305 350/604/305
f 159/514/306 156/601/306 350/604/306 353/515/306
f 170/605/307 171/521/307 365/522/307 364/606/307
f 172/607/308 170/605/308 364/606/308 366/608/308
f 5/524/309 3/609/309 197/610/309 199/525/309
f 10/611/310 11/612/310 205/613/310 204/614/310
f 13/528/311 10/611/311 204/614/311 207/529/311
f 18/615/312 19/616/312 213/617/312 212/618/312
f 21/532/313 18/615/313 212/618/313 215/533/313
f 26/619/314 27/620/314 221/621/314 220/622/314
f 29/536/315 26/619/315 220/622/315 223/537/315
f 34/623/316 35/624/316 229/625/316 228/626/316
f 37/540/317 34/623/317 228/626/317 231/541/317
f 42/627/318 43/628/318 237/629/318 236/630/318
f 45/544/319 42/627/319 236/630/319 239/545/319
f 50/631/320 51/632/320 245/633/320 244/634/320
f 53/548/321 50/631/321 244/634/321 247/549/321
f 58/635/322 59/636/322 253/637/322 252/638/322
f 61/552/323 58/635/323 252/638/323 255/553/323
f 66/639/324 67/640/324 261/641/324 260/642/324
f 69/556/325 66/639/325 260/642/325 263/557/325
f 74/643/326 75/644/326 269/645/326 268/646/326
f 77/560/327 74/643/327 268/646/327 271/561/327
f 82/647/328 83/648/328 277/649/328 276/650/328
f 85/564/329 82/647/329 276/650/329 279/565/329
f 90/651/330 91/652/330 285/653/330 284/654/330
f 93/568/331 90/651/331 284/654/331 287/569/331
f 98/655/332 99/656/332 293/657/332 292/658/332
f 101/572/333 98/655/333 292/658/333 295/573/333
f 106/659/334 107/660/334 301/661/334 300/662/334
f 109/576/335 106/659/335 300/662/335 303/577/335
f 114/663/336 115/664/336 309/665/336 308/666/336
f 117/580/337 114/663/337 308/666/337 311/581/337
f 122/667/338 123/668/338 317/669/338 316/670/338
f 125/584/339 122/667/339 316/670/339 319/585/339
f 130/671/340 131/672/340 325/673/340 324/674/340
f 133/588/341 130/671/341 324/674/341 327/589/341
f 138/675/342 139/676/342 333/677/342 332/678/342
f 141/592/343 138/675/343 332/678/343 335/593/343
f 146/679/344 147/680/344 341/681/344 340/682/344
f 149/596/345 146/679/345 340/682/345 343/597/345
f 154/683/346 155/684/346 349/685/346 348/686/346
f 157/602/347 154/683/347 348/686/347 351/603/347
f 162/687/348 163/688/348 357/689/348 356/690/348
f 165/388/349 162/687/349 356/690/349 359/389/349
f 8/691/350 9/395/350 203/396/350 202/692/350
f 11/612/351 8/691/351 202/692/351 205/613/351
f 16/693/352 17/403/352 211/404/352 210/694/352
f 19/616/353 16/693/353 210/694/353 213/617/353
f 24/695/354 25/409/354 219/410/354 218/696/354
f 27/620/355 24/695/355 218/696/355 221/621/355
f 32/697/356 33/415/356 227/416/356 226/698/356
f 35/624/357 32/697/357 226/698/357 229/625/357
f 40/699/358 41/421/358 235/424/358 234/700/358
f 43/628/359 40/699/359 234/700/359 237/629/359
f 48/701/360 49/429/360 243/430/360 242/702/360
f 51/632/361 48/701/361 242/702/361 245/633/361
f 56/703/362 57/435/362 251/436/362 250/704/362
f 59/636/363 56/703/363 250/704/363 253/637/363
f 64/705/364 65/441/364 259/442/364 258/706/364
f 67/640/365 64/705/365 258/706/365 261/641/365
f 72/707/366 73/447/366 267/448/366 266/708/366
f 75/644/367 72/707/367 266/708/367 269/645/367
f 80/709/368 81/453/368 275/454/368 274/710/368
f 83/648/369 80/709/369 274/710/369 277/649/369
f 88/711/370 89/459/370 283/462/370 282/712/370
f 91/652/371 88/711/371 282/712/371 285/653/371
f 96/713/372 97/467/372 291/468/372 290/714/372
f 99/656/373 96/713/373 290/714/373 293/657/373
f 104/715/374 105/473/374 299/474/374 298/716/374
f 107/660/375 104/715/375 298/716/375 301/661/375
f 112/717/376 113/479/376 307/480/376 306/718/376
f 115/664/377 112/717/377 306/718/377 309/665/377
f 120/719/378 121/485/378 315/486/378 314/720/378
f 123/668/379 120/719/379 314/720/379 317/669/379
f 128/721/380 129/491/380 323/494/380 322/722/380
f 131/672/381 128/721/381 322/722/381 325/673/381
f 136/723/382 137/499/382 331/500/382 330/724/382
f 139/676/383 136/723/383 330/724/383 333/677/383
f 144/725/384 145/505/384 339/506/384 338/726/384
f 147/680/385 144/725/385 338/726/385 341/681/385
f 152/727/386 153/511/386 347/512/386 346/728/386
f 155/684/387 152/727/387 346/728/387 349/685/387
f 160/729/388 161/517/388 355/518/388 354/730/388
f 163/688/389 160/729/389 354/730/389 357/689/389
f 3/609/390 1/731/390 195/732/390 197/610/390
f 174/733/391 172/734/392 366/735/392 368/736/391
f 386/737/113 378/738/113 373/739/113 379/740/113 367/741/113
f 394/742/113 196/209/113 398/384/113
f 364/370/150 380/369/148 376/743/113 368/377/113
f 396/386/113 360/385/113 383/744/113 363/745/113 404/746/113
f 384/380/113 386/737/113 367/741/113 377/747/113 369/381/113
f 392/362/113 352/357/114 196/209/113 394/742/113
f 368/377/113 376/743/113 382/379/113 370/383/113 387/748/113 371/749/113 375/750/113 372/751/113 381/752/113
f 2/753/393 166/754/393 360/755/393 196/756/393
f 383/757/394 360/758/393 166/759/393 399/760/394
f 193/761/395 190/762/396 382/763/396 376/764/395
f 184/765/397 394/766/397 398/767/398 182/768/398
f 184/765/397 185/769/399 392/770/399 394/766/397
f 187/771/400 388/772/400 400/773/401 181/774/401
f 183/775/402 182/768/398 398/767/398 396/776/402
f 187/771/400 186/777/403 390/778/403 388/772/400
f 188/779/404 386/780/404 384/781/405 189/782/405
f 185/769/399 180/783/406 402/784/406 392/770/399
f 192/785/407 179/786/408 404/787/408 378/788/407
f 183/775/402 396/776/402 404/787/408 179/786/408
f 191/789/409 193/761/395 376/764/395 380/790/409
f 181/774/401 400/773/401 402/784/406 180/783/406
f 186/777/403 191/789/409 380/790/409 390/778/403
f 188/779/404 192/791/407 378/792/407 386/780/404
f 404/746/113 363/745/113 374/793/113 373/739/113 378/738/113
f 363/794/410 383/757/394 399/760/394 169/795/410
f 374/796/411 363/794/410 169/795/410 389/797/411
f 373/798/412 374/796/411 389/797/411 194/799/412
f 379/800/413 373/798/412 194/799/412 395/801/413
f 367/802/414 379/800/413 395/801/413 173/803/414
f 377/804/415 367/802/414 173/803/414 393/805/415
f 369/806/416 377/804/415 393/805/415 175/807/416
f 385/808/417 369/806/416 175/807/416 401/809/417
f 370/810/418 385/808/417 401/809/417 176/811/418
f 387/812/419 370/810/418 176/811/418 403/813/419
f 371/814/420 387/812/419 403/813/419 177/815/420
f 375/816/421 371/814/420 177/815/420 391/817/421
f 372/818/422 375/816/421 391/817/421 178/819/422
f 381/820/423 372/818/422 178/819/422 397/821/423
f 368/736/391 381/820/423 397/821/423 174/733/391
f 190/762/396 189/782/405 384/781/405 382/763/396
f 6/5/1 2/2/2 4/7/5 7/822/424
f 482/823/425 431/824/426 515/825/427 453/826/428
f 501/827/429 436/828/430 412/829/431 449/830/432
f 500/831/433 439/832/434 410/833/435 452/834/436
f 503/835/437 482/823/425 453/826/428 517/836/438
f 498/837/439 450/838/440 409/839/441 441/840/442
f 407/841/443 517/836/438 435/842/444 481/843/445
f 496/844/446 455/845/447 424/846/448 454/847/449
f 495/848/450 456/849/451 425/850/452 457/851/453
f 481/843/445 435/842/444 511/852/454 414/853/455
f 509/854/456 406/855/457 475/856/458 405/857/459
f 514/858/460 432/859/461 478/860/462 431/824/426
f 491/861/463 438/862/464 420/863/465 462/864/466
f 493/865/467 445/866/468 513/867/469 416/868/470
f 489/869/471 464/870/472 427/871/473 465/872/474
f 488/873/475 454/847/449 424/846/448 466/874/476
f 487/875/477 467/876/478 422/877/479 440/878/480
f 486/879/481 468/880/482 428/881/483 469/882/484
f 485/883/485 451/884/486 421/885/487 470/886/488
f 484/887/489 471/888/490 419/889/491 437/890/492
f 517/836/438 453/826/428 499/891/493 435/842/444
f 508/892/494 442/893/495 482/823/425 503/835/437
f 443/894/496 510/895/497 448/896/498 502/897/499
f 497/898/500 461/899/501 509/854/456 458/900/502
f 435/842/444 499/891/493 434/901/503 511/852/454
f 458/900/502 509/854/456 405/857/459 483/902/504
f 502/897/499 448/896/498 512/903/505 446/904/506
f 475/856/458 503/835/437 517/836/438 407/841/443
f 445/866/468 497/898/500 458/900/502 513/867/469
f 472/905/507 506/906/508 518/907/509 504/908/510
f 416/868/470 513/867/469 415/909/511 477/910/512
f 477/910/512 415/909/511 516/911/513 430/912/514
f 494/913/515 463/914/516 514/858/460 442/893/495
f 490/915/517 444/916/518 508/892/494 406/855/457
f 518/907/509 463/914/516 494/913/515 444/916/518
f 405/857/459 475/856/458 407/841/443 510/895/497
f 453/826/428 515/825/427 434/901/503 499/891/493
f 505/917/519 472/905/507 504/908/510 507/918/520
f 415/909/511 483/902/504 443/894/496 516/911/513
f 461/899/501 490/915/517 406/855/457 509/854/456
f 447/919/521 484/887/489 437/890/492 411/920/522
f 417/921/523 473/922/524 484/887/489 447/919/521
f 473/922/524 429/923/525 471/888/490 484/887/489
f 468/880/482 485/883/485 470/886/488 428/881/483
f 419/889/491 449/830/432 485/883/485 468/880/482
f 449/830/432 412/829/431 451/884/486 485/883/485
f 438/862/464 486/879/481 469/882/484 420/863/465
f 411/920/522 437/890/492 486/879/481 438/862/464
f 437/890/492 419/889/491 468/880/482 486/879/481
f 450/838/440 487/875/477 440/878/480 409/839/441
f 420/863/465 469/882/484 487/875/477 450/838/440
f 469/882/484 428/881/483 467/876/478 487/875/477
f 464/870/472 488/873/475 466/874/476 427/871/473
f 422/877/479 452/834/436 488/873/475 464/870/472
f 452/834/436 410/833/435 454/847/449 488/873/475
f 441/840/442 489/869/471 465/872/474 423/924/526
f 409/839/441 440/878/480 489/869/471 441/840/442
f 440/878/480 422/877/479 464/870/472 489/869/471
f 504/908/510 518/907/509 444/916/518 490/915/517
f 510/895/497 407/841/443 481/843/445 448/896/498
f 515/825/427 433/925/527 479/926/528 434/901/503
f 460/927/529 491/861/463 462/864/466 426/928/530
f 417/921/523 447/919/521 491/861/463 460/927/529
f 447/919/521 411/920/522 438/862/464 491/861/463
f 463/914/516 492/929/531 432/859/461 514/858/460
f 430/912/514 516/911/513 446/904/506 480/930/532
f 406/855/457 508/892/494 503/835/437 475/856/458
f 506/906/508 492/929/531 463/914/516 518/907/509
f 442/893/495 514/858/460 431/824/426 482/823/425
f 513/867/469 458/900/502 483/902/504 415/909/511
f 512/903/505 414/853/455 476/931/533 413/932/534
f 507/918/520 504/908/510 490/915/517 461/899/501
f 431/824/426 478/860/462 433/925/527 515/825/427
f 451/884/486 495/848/450 457/851/453 421/885/487
f 412/829/431 436/828/430 495/848/450 451/884/486
f 436/828/430 418/933/535 456/849/451 495/848/450
f 439/832/434 496/844/446 454/847/449 410/833/435
f 421/885/487 457/851/453 496/844/446 439/832/434
f 457/851/453 425/850/452 455/845/447 496/844/446
f 493/865/467 505/917/519 507/918/520 445/866/468
f 511/852/454 434/901/503 479/926/528 408/934/536
f 446/904/506 512/903/505 413/932/534 480/930/532
f 459/935/537 498/837/439 441/840/442 423/924/526
f 426/928/530 462/864/466 498/837/439 459/935/537
f 462/864/466 420/863/465 450/838/440 498/837/439
f 448/896/498 481/843/445 414/853/455 512/903/505
f 516/911/513 443/894/496 502/897/499 446/904/506
f 445/866/468 507/918/520 461/899/501 497/898/500
f 467/876/478 500/831/433 452/834/436 422/877/479
f 428/881/483 470/886/488 500/831/433 467/876/478
f 470/886/488 421/885/487 439/832/434 500/831/433
f 471/888/490 501/827/429 449/830/432 419/889/491
f 429/923/525 474/936/538 501/827/429 471/888/490
f 474/936/538 418/933/535 436/828/430 501/827/429
f 483/902/504 405/857/459 510/895/497 443/894/496
f 444/916/518 494/913/515 442/893/495 508/892/494
f 414/853/455 511/852/454 408/934/536 476/931/533
f 525/937/539 530/938/540 552/939/541 542/940/542
f 553/941/543 544/942/544 533/943/545 559/944/546
f 521/945/547 559/944/546 528/946/548 543/947/549
f 536/948/550 546/949/551 535/950/552 554/951/553
f 557/952/554 520/953/555 537/954/556 519/955/557
f 532/956/558 523/957/559 542/940/542 552/939/541
f 534/958/560 545/959/561 539/960/562 524/961/563
f 559/944/546 533/943/545 551/962/564 528/946/548
f 556/963/565 529/964/566 544/942/544 553/941/543
f 530/938/540 558/965/567 532/956/558 552/939/541
f 550/966/568 535/950/552 557/952/554 534/958/560
f 528/946/548 522/967/569 538/968/570 543/947/549
f 534/958/560 557/952/554 519/955/557 545/959/561
f 548/969/571 550/966/568 534/958/560 524/961/563
f 537/954/556 553/941/543 559/944/546 521/945/547
f 555/970/572 547/971/573 549/972/574 531/973/575
f 541/974/576 522/967/569 528/946/548 551/962/564
f 531/973/575 546/949/551 536/948/550 555/970/572
f 533/943/545 527/975/577 541/974/576 551/962/564
f 546/949/551 531/973/575 556/963/565 520/953/555
f 519/955/557 537/954/556 521/945/547 558/965/567
f 540/976/578 527/975/577 533/943/545 544/942/544
f 554/951/553 535/950/552 550/966/568 548/969/571
f 535/950/552 546/949/551 520/953/555 557/952/554
f 558/965/567 521/945/547 543/947/549 532/956/558
f 539/960/562 545/959/561 530/938/540 525/937/539
f 520/953/555 556/963/565 553/941/543 537/954/556
f 547/971/573 526/977/579 529/964/566 549/972/574
f 532/956/558 543/947/549 538/968/570 523/957/559
f 545/959/561 519/955/557 558/965/567 530/938/540
f 531/973/575 549/972/574 529/964/566 556/963/565
f 529/964/566 526/977/579 540/976/578 544/942/544
f 637/978/580 608/979/581 670/980/582 586/981/583
f 656/982/584 604/983/585 567/984/586 591/985/587
f 655/986/588 607/987/589 565/988/590 594/989/591
f 658/990/592 672/991/593 608/979/581 637/978/580
f 653/992/594 596/993/595 564/994/596 605/995/597
f 562/996/598 636/997/599 590/998/600 672/991/593
f 651/999/601 609/1000/602 579/1001/603 610/1002/604
f 650/1003/605 612/1004/606 580/1005/607 611/1006/608
f 636/997/599 569/1007/609 666/1008/610 590/998/600
f 664/1009/611 560/1010/612 630/1011/613 561/1012/614
f 669/1013/615 586/981/583 633/1014/616 587/1015/617
f 646/1016/618 617/1017/619 575/1018/620 593/1019/621
f 648/1020/622 571/1021/623 668/1022/624 600/1023/625
f 644/1024/626 620/1025/627 582/1026/628 619/1027/629
f 643/1028/630 621/1029/631 579/1001/603 609/1000/602
f 642/1030/632 595/1031/633 577/1032/634 622/1033/635
f 641/1034/636 624/1035/637 583/1036/638 623/1037/639
f 640/1038/640 625/1039/641 576/1040/642 606/1041/643
f 639/1042/644 592/1043/645 574/1044/646 626/1045/647
f 672/991/593 590/998/600 654/1046/648 608/979/581
f 663/1047/649 658/990/592 637/978/580 597/1048/650
f 598/1049/651 657/1050/652 603/1051/653 665/1052/654
f 652/1053/655 613/1054/656 664/1009/611 616/1055/657
f 590/998/600 666/1008/610 589/1056/658 654/1046/648
f 613/1054/656 638/1057/659 560/1010/612 664/1009/611
f 657/1050/652 601/1058/660 667/1059/661 603/1051/653
f 630/1011/613 562/996/598 672/991/593 658/990/592
f 600/1023/625 668/1022/624 613/1054/656 652/1053/655
f 627/1060/662 659/1061/663 673/1062/664 661/1063/665
f 571/1021/623 632/1064/666 570/1065/667 668/1022/624
f 632/1064/666 585/1066/668 671/1067/669 570/1065/667
f 649/1068/670 597/1048/650 669/1013/615 618/1069/671
f 645/1070/672 561/1012/614 663/1047/649 599/1071/673
f 673/1062/664 599/1071/673 649/1068/670 618/1069/671
f 560/1010/612 665/1052/654 562/996/598 630/1011/613
f 608/979/581 654/1046/648 589/1056/658 670/980/582
f 660/1072/674 662/1073/675 659/1061/663 627/1060/662
f 570/1065/667 671/1067/669 598/1049/651 638/1057/659
f 616/1055/657 664/1009/611 561/1012/614 645/1070/672
f 602/1074/676 566/1075/677 592/1043/645 639/1042/644
f 572/1076/678 602/1074/676 639/1042/644 628/1077/679
f 628/1077/679 639/1042/644 626/1045/647 584/1078/680
f 623/1037/639 583/1036/638 625/1039/641 640/1038/640
f 574/1044/646 623/1037/639 640/1038/640 604/983/585
f 604/983/585 640/1038/640 606/1041/643 567/984/586
f 593/1019/621 575/1018/620 624/1035/637 641/1034/636
f 566/1075/677 593/1019/621 641/1034/636 592/1043/645
f 592/1043/645 641/1034/636 623/1037/639 574/1044/646
f 605/995/597 564/994/596 595/1031/633 642/1030/632
f 575/1018/620 605/995/597 642/1030/632 624/1035/637
f 624/1035/637 642/1030/632 622/1033/635 583/1036/638
f 619/1027/629 582/1026/628 621/1029/631 643/1028/630
f 577/1032/634 619/1027/629 643/1028/630 607/987/589
f 607/987/589 643/1028/630 609/1000/602 565/988/590
f 596/993/595 578/1079/681 620/1025/627 644/1024/626
f 564/994/596 596/993/595 644/1024/626 595/1031/633
f 595/1031/633 644/1024/626 619/1027/629 577/1032/634
f 659/1061/663 645/1070/672 599/1071/673 673/1062/664
f 665/1052/654 603/1051/653 636/997/599 562/996/598
f 670/980/582 589/1056/658 634/1080/682 588/1081/683
f 615/1082/684 581/1083/685 617/1017/619 646/1016/618
f 572/1076/678 615/1082/684 646/1016/618 602/1074/676
f 602/1074/676 646/1016/618 593/1019/621 566/1075/677
f 618/1069/671 669/1013/615 587/1015/617 647/1084/686
f 585/1066/668 635/1085/687 601/1058/660 671/1067/669
f 561/1012/614 630/1011/613 658/990/592 663/1047/649
f 661/1063/665 673/1062/664 618/1069/671 647/1084/686
f 597/1048/650 637/978/580 586/981/583 669/1013/615
f 668/1022/624 570/1065/667 638/1057/659 613/1054/656
f 667/1059/661 568/1086/688 631/1087/689 569/1007/609
f 662/1073/675 616/1055/657 645/1070/672 659/1061/663
f 586/981/583 670/980/582 588/1081/683 633/1014/616
f 606/1041/643 576/1040/642 612/1004/606 650/1003/605
f 567/984/586 606/1041/643 650/1003/605 591/985/587
f 591/985/587 650/1003/605 611/1006/608 573/1088/690
f 594/989/591 565/988/590 609/1000/602 651/999/601
f 576/1040/642 594/989/591 651/999/601 612/1004/606
f 612/1004/606 651/999/601 610/1002/604 580/1005/607
f 648/1020/622 600/1023/625 662/1073/675 660/1072/674
f 666/1008/610 563/1089/691 634/1080/682 589/1056/658
f 601/1058/660 635/1085/687 568/1086/688 667/1059/661
f 614/1090/692 578/1079/681 596/993/595 653/992/594
f 581/1083/685 614/1090/692 653/992/594 617/1017/619
f 617/1017/619 653/992/594 605/995/597 575/1018/620
f 603/1051/653 667/1059/661 569/1007/609 636/997/599
f 671/1067/669 601/1058/660 657/1050/652 598/1049/651
f 600/1023/625 652/1053/655 616/1055/657 662/1073/675
f 622/1033/635 577/1032/634 607/987/589 655/986/588
f 583/1036/638 622/1033/635 655/986/588 625/1039/641
f 625/1039/641 655/986/588 594/989/591 576/1040/642
f 626/1045/647 574/1044/646 604/983/585 656/982/584
f 584/1078/680 626/1045/647 656/982/584 629/1091/693
f 629/1091/693 656/982/584 591/985/587 573/1088/690
f 638/1057/659 598/1049/651 665/1052/654 560/1010/612
f 599/1071/673 663/1047/649 597/1048/650 649/1068/670
f 569/1007/609 631/1087/689 563/1089/691 666/1008/610
f 680/1092/694 697/1093/695 707/1094/696 685/1095/697
f 708/1096/698 714/1097/699 688/1098/700 699/1099/701
f 676/1100/702 698/1101/703 683/1102/704 714/1097/699
f 691/1103/705 709/1104/706 690/1105/707 701/1106/708
f 712/1107/709 674/1108/710 692/1109/711 675/1110/712
f 687/1111/713 707/1094/696 697/1093/695 678/1112/714
f 689/1113/715 679/1114/716 694/1115/717 700/1116/718
f 714/1097/699 683/1102/704 706/1117/719 688/1098/700
f 711/1118/720 708/1096/698 699/1099/701 684/1119/721
f 685/1095/697 707/1094/696 687/1111/713 713/1120/722
f 705/1121/723 689/1113/715 712/1107/709 690/1105/707
f 683/1102/704 698/1101/703 693/1122/724 677/1123/725
f 689/1113/715 700/1116/718 674/1108/710 712/1107/709
f 703/1124/726 679/1114/716 689/1113/715 705/1121/723
f 692/1109/711 676/1100/702 714/1097/699 708/1096/698
f 710/1125/727 686/1126/728 704/1127/729 702/1128/730
f 696/1129/731 706/1117/719 683/1102/704 677/1123/725
f 686/1126/728 710/1125/727 691/1103/705 701/1106/708
f 688/1098/700 706/1117/719 696/1129/731 682/1130/732
f 701/1106/708 675/1110/712 711/1118/720 686/1126/728
f 674/1108/710 713/1120/722 676/1100/702 692/1109/711
f 695/1131/733 699/1099/701 688/1098/700 682/1130/732
f 709/1104/706 703/1124/726 705/1121/723 690/1105/707
f 690/1105/707 712/1107/709 675/1110/712 701/1106/708
f 713/1120/722 687/1111/713 698/1101/703 676/1100/702
f 694/1115/717 680/1092/694 685/1095/697 700/1116/718
f 675/1110/712 692/1109/711 708/1096/698 711/1118/720
f 702/1128/730 704/1127/729 684/1119/721 681/1132/734
f 687/1111/713 678/1112/714 693/1122/724 698/1101/703
f 700/1116/718 685/1095/697 713/1120/722 674/1108/710
f 686/1126/728 711/1118/720 684/1119/721 704/1127/729
f 684/1119/721 699/1099/701 695/1131/733 681/1132/734
f 1040/1133/735 720/1134/736 1036/1135/737
f 947/1136/738 931/1137/739 738/1138/740 920/1139/741
f 975/1140/742 986/1141/743 890/1142/744 887/1143/745
f 717/1144/746 745/1145/747 950/1146/748 953/1147/749
f 973/1148/750 784/1149/751 795/1150/752 992/1151/753
f 927/1152/754 924/1153/755 739/1154/756 723/1155/757
f 745/1145/747 734/1156/758 952/1157/759 950/1146/748
f 998/1158/760 995/1159/761 894/1160/762 904/1161/763
f 925/1162/764 940/1163/765 731/1164/766 715/1165/767
f 986/1141/743 988/1166/768 881/1167/769 890/1142/744
f 924/1153/755 928/1168/770 722/1169/771 739/1154/756
f 931/1137/739 939/1170/772 721/1171/773 738/1138/740
f 932/1172/774 944/1173/775 742/1174/776 728/1175/777
f 984/1176/778 985/1177/779 889/1178/780 749/1179/781
f 993/1180/782 885/1181/783 899/1182/784 996/1183/785
f 989/1184/786 994/1185/787 801/1186/788 776/1187/789
f 987/1188/790 981/1189/791 788/1190/792 787/1191/793
f 978/1192/794 987/1188/790 787/1191/793 786/1193/795
f 983/1194/796 984/1176/778 749/1179/781 748/1195/797
f 976/1196/798 977/1197/799 896/1198/800 882/1199/801
f 985/1177/779 994/1185/787 886/1200/802 889/1178/780
f 938/1201/803 934/1202/804 729/1203/805 730/1204/806
f 877/1205/807 746/1206/808 956/1207/809 954/1208/810
f 962/1209/811 718/1210/812 957/1211/813 966/1212/814
f 988/1166/768 974/1213/815 892/1214/816 881/1167/769
f 1041/1215/817 1048/1216/818 1044/1217/819 1037/1218/820
f 944/1173/775 937/1219/821 727/1220/822 742/1174/776
f 1058/1221/823 999/1222/824 735/1223/825 1056/1224/826
f 940/1163/765 938/1201/803 730/1204/806 731/1164/766
f 933/1225/827 935/1226/828 744/1227/829 726/1228/830
f 997/1229/831 901/1230/832 885/1181/783 993/1180/782
f 948/1231/833 753/1232/834 732/1233/835 949/1234/836
f 943/1235/837 941/1236/838 741/1237/839 724/1238/840
f 879/1239/841 717/1144/746 953/1147/749 955/1240/842
f 1002/1241/843 922/1242/844 901/1243/832 997/1244/831
f 926/1245/845 752/1246/846 719/1247/847
f 1021/1248/113 1032/1249/113 949/1234/836
f 992/1151/753 975/1140/742 887/1143/745 883/1250/848
f 923/1251/849 933/1225/827 726/1228/830 743/1252/850
f 982/1253/851 979/1254/852 884/1255/853 900/1256/854
f 961/1257/855 962/1258/856 716/1259/857 755/1260/858
f 1329/1261/859 857/1262/860 916/1263/861 1328/1264/862
f 756/1265/863 767/1266/864 739/1267/756 722/1268/865
f 980/1269/866 793/1270/867 780/1271/868 996/1183/785
f 757/1272/869 769/1273/870 741/1274/839 723/1275/757
f 758/1276/871 768/1277/872 740/1278/873 724/1279/840
f 759/1280/874 772/1281/875 744/1282/829 725/1283/876
f 760/1284/877 771/1285/878 743/1286/850 726/1287/830
f 999/1222/824 983/1194/796 748/1195/797 735/1223/825
f 761/1288/879 770/1289/880 742/1290/776 727/1291/822
f 762/1292/881 766/1293/882 736/1294/883 728/1295/777
f 763/1296/884 764/1297/885 730/1298/886 729/1299/805
f 978/1192/794 982/1253/851 900/1256/854 888/1300/887
f 764/1297/885 765/1301/888 731/1302/889 730/1298/886
f 765/1301/888 754/1303/890 715/1304/891 731/1302/889
f 1002/1241/843 976/1196/798 882/1199/801 922/1242/844
f 1038/1305/892 1036/1306/893 720/1307/894 842/1308/895
f 766/1293/882 763/1309/884 729/1310/805 736/1294/883
f 979/1254/852 991/1311/896 903/1312/897 884/1255/853
f 824/1313/898 756/1265/863 917/1314/899 916/1263/861
f 767/1315/864 757/1272/869 723/1275/757 739/1316/756
f 995/1317/761 981/1189/791 897/1318/900 894/1319/762
f 768/1277/872 759/1280/874 725/1283/876 740/1278/873
f 990/1320/901 980/1269/866 898/1321/902 902/1322/903
f 769/1273/870 758/1276/871 724/1279/840 741/1274/839
f 1001/1323/904 998/1158/760 904/1161/763 914/1324/905
f 770/1289/880 762/1292/881 728/1295/777 742/1290/776
f 771/1285/878 761/1288/879 727/1291/822 743/1286/850
f 772/1281/875 760/1284/877 726/1287/830 744/1282/829
f 974/1213/815 792/1325/906 781/1326/907 990/1320/901
f 1050/1327/908 1060/1328/909 864/1329/910 721/1330/911
f 716/1331/912 960/1332/913 945/1333/914 905/1334/915
f 832/1335/916 833/1336/917 771/1285/878 760/1284/877
f 836/1337/918 837/1338/919 766/1293/882 762/1292/881
f 828/1339/920 829/1340/921 768/1277/872 758/1276/871
f 824/1313/898 825/1341/922 767/1266/864 756/1265/863
f 838/1342/923 839/1343/924 764/1297/885 763/1296/884
f 829/1340/921 830/1344/925 759/1280/874 768/1277/872
f 830/1344/925 831/1345/926 772/1281/875 759/1280/874
f 826/1346/927 827/1347/928 769/1273/870 757/1272/869
f 1000/1348/929 906/1349/930 913/1350/931 1001/1323/904
f 754/1303/890 774/1351/932 773/1352/933 715/1304/891
f 934/1202/804 942/1353/934 736/1354/883 729/1203/805
f 929/1355/935 925/1162/764 715/1165/767 773/1356/936
f 823/1357/937 821/1358/938 754/1303/890 765/1301/888
f 918/1359/939 916/1263/861 857/1262/860 919/1360/940
f 827/1347/928 828/1339/920 758/1276/871 769/1273/870
f 831/1345/926 832/1335/916 760/1284/877 772/1281/875
f 833/1336/917 834/1361/941 761/1288/879 771/1285/878
f 835/1362/942 836/1337/918 762/1292/881 770/1289/880
f 837/1338/919 838/1363/923 763/1309/884 766/1293/882
f 839/1343/924 823/1357/937 765/1301/888 764/1297/885
f 825/1364/922 826/1346/927 757/1272/869 767/1315/864
f 834/1361/941 835/1362/942 770/1289/880 761/1288/879
f 858/1365/943 859/1366/944 811/1367/945 810/1368/946
f 859/1366/944 861/1369/947 812/1370/948 811/1367/945
f 865/1371/949 860/1372/950 813/1373/951 809/1374/952
f 862/1375/953 866/1376/954 817/1377/955 808/1378/956
f 867/1379/957 868/1380/958 820/1381/959 802/1382/960
f 856/1383/961 869/1384/962 814/1385/963 803/1386/964
f 872/1387/965 863/1388/966 818/1389/967 807/1390/968
f 874/1391/969 875/1392/970 816/1393/971 804/1394/972
f 876/1395/973 871/1396/974 815/1397/975 805/1398/976
f 870/1399/977 873/1400/978 819/1401/979 806/1402/980
f 821/1358/938 822/1403/981 774/1351/932 754/1303/890
f 802/1382/960 820/1381/959 822/1403/981 821/1358/938
f 808/1378/956 817/1377/955 835/1362/942 834/1361/941
f 814/1404/963 804/1394/972 826/1346/927 825/1364/922
f 811/1367/945 812/1370/948 823/1357/937 839/1343/924
f 813/1373/951 810/1405/946 838/1363/923 837/1338/919
f 817/1377/955 809/1374/952 836/1337/918 835/1362/942
f 818/1389/967 808/1378/956 834/1361/941 833/1336/917
f 819/1401/979 807/1390/968 832/1335/916 831/1345/926
f 816/1393/971 805/1398/976 828/1339/920 827/1347/928
f 812/1370/948 802/1382/960 821/1358/938 823/1357/937
f 804/1394/972 816/1393/971 827/1347/928 826/1346/927
f 806/1402/980 819/1401/979 831/1345/926 830/1344/925
f 815/1397/975 806/1402/980 830/1344/925 829/1340/921
f 810/1368/946 811/1367/945 839/1343/924 838/1342/923
f 803/1386/964 814/1385/963 825/1341/922 824/1313/898
f 805/1398/976 815/1397/975 829/1340/921 828/1339/920
f 809/1374/952 813/1373/951 837/1338/919 836/1337/918
f 807/1390/968 818/1389/967 833/1336/917 832/1335/916
f 804/1394/972 814/1404/963 869/1406/962 874/1391/969
f 805/1398/976 816/1393/971 875/1392/970 876/1395/973
f 807/1390/968 819/1401/979 873/1400/978 872/1387/965
f 806/1402/980 815/1397/975 871/1396/974 870/1399/977
f 802/1382/960 812/1370/948 861/1369/947 867/1379/957
f 809/1374/952 817/1377/955 866/1376/954 865/1371/949
f 808/1378/956 818/1389/967 863/1388/966 862/1375/953
f 810/1405/946 813/1373/951 860/1372/950 858/1407/943
f 803/1386/964 824/1313/898 916/1263/861 918/1359/939
f 989/1184/786 776/1187/789 906/1349/930 1000/1348/929
f 718/1210/812 877/1205/807 954/1208/810 957/1211/813
f 991/1311/896 973/1148/750 893/1408/982 903/1312/897
f 1032/1249/113 1029/1409/983 972/1410/113 949/1234/836
f 1024/1411/984 1028/1412/985 947/1136/738 928/1168/770
f 747/1413/986 879/1239/841 955/1240/842 958/1414/987
f 1012/1415/988 892/1416/816 902/1417/903 1019/1418/989
f 1017/1419/990 898/1420/902 899/1421/784 1023/1422/991
f 1013/1423/992 893/1424/982 883/1425/848 1005/1426/993
f 1018/1427/994 900/1428/854 884/1429/853 1008/1430/995
f 1006/1431/996 881/1432/769 892/1416/816 1012/1415/988
f 1027/1433/997 914/1434/905 904/1435/763 1025/1436/998
f 1011/1437/999 890/1438/744 881/1432/769 1006/1431/996
f 1059/1439/113 1056/1440/826 735/1441/825 1022/1442/113
f 1030/1443/1000 891/1444/1001 907/1445/1002 1026/1446/1003
f 909/1447/1004 908/1448/1005 755/1449/1006
f 822/1403/981 909/1447/1004 910/1450/1007 774/1351/932
f 747/1451/1008 854/1452/1009 880/1453/1010 879/1454/1011
f 718/1455/1012 841/1456/1013 878/1457/1014 877/1458/1015
f 1053/1459/1016 1055/1460/1017 842/1308/895 720/1307/894
f 717/1461/1018 845/1462/1019 847/1463/1020 745/1464/1021
f 753/1465/1022 846/1466/1023 849/1467/1024 732/1468/1025
f 734/1469/1026 853/1470/1027 855/1471/1028 750/1472/1029
f 750/1472/1029 855/1471/1028 848/1473/1030 733/1474/1031
f 719/1475/1032 850/1476/1033 843/1477/1034 751/1478/1035
f 879/1454/1011 880/1453/1010 845/1479/1019 717/1480/1018
f 746/1481/1036 851/1482/1037 854/1452/1009 747/1451/1008
f 733/1474/1031 848/1473/1030 846/1466/1023 753/1465/1022
f 877/1458/1015 878/1457/1014 851/1482/1037 746/1481/1036
f 745/1464/1021 847/1463/1020 853/1470/1027 734/1469/1026
f 752/1483/1038 844/1484/1039 850/1476/1033 719/1475/1032
f 732/1468/1025 849/1467/1024 844/1484/1039 752/1483/1038
f 1026/1446/1003 907/1445/1002 914/1434/905 1027/1433/997
f 910/1450/1007 909/1447/1004 905/1485/1040 912/1486/1041
f 911/1487/1042 820/1381/959 868/1380/958 915/1488/1043
f 774/1351/932 910/1450/1007 912/1486/1041 773/1352/933
f 909/1447/1004 911/1487/1042 915/1488/1043 908/1448/1005
f 905/1485/1040 909/1447/1004 755/1449/1006 716/1489/1044
f 820/1381/959 911/1487/1042 909/1447/1004 822/1403/981
f 917/1314/899 756/1265/863 722/1268/865 920/1490/1045
f 928/1168/770 947/1136/738 920/1139/741 722/1169/771
f 916/1263/861 917/1314/899 920/1490/1045 738/1491/1046
f 803/1386/964 918/1359/939 919/1360/940 856/1383/961
f 1029/1409/983 1031/1492/1047 960/1332/913 972/1410/113
f 905/1334/915 945/1333/914 946/1493/1048 912/1494/1049
f 732/1233/835 752/1246/846 926/1245/845 949/1234/836
f 1021/1248/113 1022/1442/113 735/1441/825 748/1495/797
f 751/1496/1050 1057/1497/1051 926/1245/845 719/1247/847
f 744/1227/829 935/1226/828 930/1498/1052 725/1499/876
f 912/1494/1049 946/1493/1048 929/1355/935 773/1356/936
f 1043/1500/1053 1046/1501/1054 737/1502/1055
f 725/1499/876 930/1498/1052 936/1503/1056 740/1504/873
f 736/1354/883 942/1353/934 932/1172/774 728/1175/777
f 727/1220/822 937/1219/821 923/1251/849 743/1252/850
f 741/1237/839 941/1236/838 927/1152/754 723/1155/757
f 1053/1505/1057 1057/1497/1051 751/1496/1050
f 740/1504/873 936/1503/1056 943/1235/837 724/1238/840
f 1025/1436/998 1003/1506/1058 925/1162/764 929/1355/935
f 1010/1507/1059 1018/1427/994 942/1353/934 934/1202/804
f 1005/1426/993 1009/1508/999 933/1225/827 923/1251/849
f 1019/1418/989 1017/1419/990 941/1236/838 943/1235/837
f 1009/1508/999 1011/1437/999 935/1226/828 933/1225/827
f 1016/1509/1060 1014/1510/1061 938/1201/803 940/1163/765
f 1020/1511/1062 1013/1423/992 937/1219/821 944/1173/775
f 1014/1510/1061 1010/1507/1059 934/1202/804 938/1201/803
f 1008/1430/995 1020/1511/1062 944/1173/775 932/1172/774
f 1007/1512/1063 1015/1513/114 939/1170/772 931/1137/739
f 1004/1514/1064 1024/1411/984 928/1168/770 924/1153/755
f 1003/1506/1058 1016/1509/1060 940/1163/765 925/1162/764
f 1023/1422/991 1004/1514/1064 924/1153/755 927/1152/754
f 1028/1412/985 1007/1512/1063 931/1137/739 947/1136/738
f 958/1414/987 956/1207/809 746/1206/808 747/1413/986
f 948/1231/833 951/1515/1065 733/1516/1066 753/1232/834
f 951/1515/1065 959/1517/1067 750/1518/1068 733/1516/1066
f 959/1517/1067 952/1157/759 734/1156/758 750/1518/1068
f 1030/1443/1000 1031/1492/1047 886/1519/802 891/1444/1001
f 955/1240/842 953/1147/749 950/1146/748
f 841/1456/1013 718/1455/1012 962/1258/856 961/1257/855
f 716/1331/912 962/1209/811 963/1520/1069 960/1332/913
f 962/1209/811 964/1521/1070 963/1520/1069
f 962/1209/811 965/1522/1071 964/1521/1070
f 962/1209/811 966/1212/814 965/1522/1071
f 960/1332/913 963/1520/1069 971/1523/113 972/1410/113
f 972/1410/113 971/1523/113 948/1231/833 949/1234/836
f 963/1520/1069 964/1521/1070 970/1524/113 971/1523/113
f 971/1523/113 970/1524/113 951/1515/1065 948/1231/833
f 964/1521/1070 965/1522/1071 969/1525/1072 970/1524/113
f 970/1524/113 969/1525/1072 959/1517/1067 951/1515/1065
f 965/1522/1071 966/1212/814 968/1526/1073 969/1525/1072
f 969/1525/1072 968/1526/1073 952/1157/759 959/1517/1067
f 950/1146/748 952/1157/759 968/1526/1073 967/1527/1074
f 967/1527/1074 968/1526/1073 966/1212/814 957/1211/813
f 954/1208/810 956/1207/809 957/1211/813
f 956/1207/809 958/1414/987 967/1527/1074 957/1211/813
f 958/1414/987 955/1240/842 950/1146/748 967/1527/1074
f 794/1528/1075 784/1149/751 973/1148/750 991/1311/896
f 891/1529/1001 989/1184/786 1000/1348/929 907/1530/1002
f 907/1530/1002 1000/1348/929 1001/1323/904 914/1324/905
f 892/1214/816 974/1213/815 990/1320/901 902/1322/903
f 913/1350/931 800/1531/1076 998/1158/760 1001/1323/904
f 781/1326/907 793/1270/867 980/1269/866 990/1320/901
f 775/1532/1077 788/1190/792 981/1189/791 995/1317/761
f 785/1533/1078 794/1528/1075 991/1311/896 979/1254/852
f 921/1534/1079 790/1535/1080 976/1196/798 1002/1241/843
f 786/1193/795 789/1536/1081 982/1253/851 978/1192/794
f 777/1537/1082 798/1538/1083 983/1194/796 999/1222/824
f 898/1321/902 980/1269/866 996/1183/785 899/1182/784
f 789/1536/1081 785/1533/1078 979/1254/852 982/1253/851
f 795/1150/752 783/1539/1084 975/1140/742 992/1151/753
f 921/1534/1079 1002/1241/843 997/1244/831 779/1540/1085
f 779/1541/1085 997/1229/831 993/1180/782 791/1542/1086
f 1054/1543/1087 777/1537/1082 999/1222/824 1058/1221/823
f 1039/1544/1088 1045/1545/1089 1048/1216/818 1041/1215/817
f 782/1546/1090 792/1325/906 974/1213/815 988/1166/768
f 797/1547/1091 801/1186/788 994/1185/787 985/1177/779
f 790/1535/1080 778/1548/1092 977/1197/799 976/1196/798
f 798/1538/1083 799/1549/1093 984/1176/778 983/1194/796
f 888/1300/887 895/1550/1094 987/1188/790 978/1192/794
f 895/1550/1094 897/1318/900 981/1189/791 987/1188/790
f 891/1529/1001 886/1200/802 994/1185/787 989/1184/786
f 791/1542/1086 993/1180/782 996/1183/785 780/1271/868
f 799/1549/1093 797/1547/1091 985/1177/779 984/1176/778
f 796/1551/1095 782/1546/1090 988/1166/768 986/1141/743
f 800/1531/1076 775/1552/1077 995/1159/761 998/1158/760
f 893/1408/982 973/1148/750 992/1151/753 883/1250/848
f 783/1539/1084 796/1551/1095 986/1141/743 975/1140/742
f 960/1332/913 1031/1492/1047 1030/1443/1000
f 922/1553/844 882/1554/801 1007/1512/1063 1028/1412/985
f 899/1421/784 885/1555/783 1004/1514/1064 1023/1422/991
f 894/1556/762 897/1557/900 1016/1509/1060 1003/1506/1058
f 885/1555/783 901/1558/832 1024/1411/984 1004/1514/1064
f 882/1554/801 896/1559/800 1015/1513/114 1007/1512/1063
f 884/1429/853 903/1560/897 1020/1511/1062 1008/1430/995
f 895/1561/1094 888/1562/887 1010/1507/1059 1014/1510/1061
f 903/1560/897 893/1424/982 1013/1423/992 1020/1511/1062
f 897/1557/900 895/1561/1094 1014/1510/1061 1016/1509/1060
f 887/1563/745 890/1438/744 1011/1437/999 1009/1508/999
f 902/1417/903 898/1420/902 1017/1419/990 1019/1418/989
f 883/1425/848 887/1563/745 1009/1508/999 1005/1426/993
f 888/1562/887 900/1428/854 1018/1427/994 1010/1507/1059
f 904/1435/763 894/1556/762 1003/1506/1058 1025/1436/998
f 949/1234/836 926/1245/845 1022/1442/113 1021/1248/113
f 889/1564/780 886/1519/802 1031/1492/1047 1029/1409/983
f 945/1333/914 1026/1446/1003 1027/1433/997 946/1493/1048
f 960/1332/913 1030/1443/1000 1026/1446/1003 945/1333/914
f 1057/1497/1051 1059/1439/113 1022/1442/113 926/1245/845
f 935/1226/828 1011/1437/999 1006/1431/996 930/1498/1052
f 946/1493/1048 1027/1433/997 1025/1436/998 929/1355/935
f 930/1498/1052 1006/1431/996 1012/1415/988 936/1503/1056
f 942/1353/934 1018/1427/994 1008/1430/995 932/1172/774
f 937/1219/821 1013/1423/992 1005/1426/993 923/1251/849
f 941/1236/838 1017/1419/990 1023/1422/991 927/1152/754
f 936/1503/1056 1012/1415/988 1019/1418/989 943/1235/837
f 901/1558/832 922/1553/844 1028/1412/985 1024/1411/984
f 749/1565/781 889/1564/780 1029/1409/983 1032/1249/113
f 748/1495/797 749/1565/781 1032/1249/113 1021/1248/113
f 1050/1566/1096 1034/1567/1097 1033/1568/1098
f 1045/1569/1089 1039/1570/1088 1042/1571/113 1047/1572/113
f 1047/1572/113 1042/1571/113 1040/1133/735 1046/1501/1054
f 840/1573/1099 737/1574/1100 1036/1306/893 1038/1305/892
f 1046/1501/1054 1040/1133/735 1036/1135/737 737/1502/1055
f 1034/1567/1097 1035/1575/1073 1047/1572/113 1046/1501/1054
f 1051/1576/1101 1044/1217/819 1048/1216/818 1049/1577/1102
f 1033/1568/1098 1034/1567/1097 1046/1501/1054 1043/1500/1053
f 1035/1575/1073 1052/1578/1103 1045/1569/1089 1047/1572/113
f 1049/1577/1102 1048/1216/818 1045/1545/1089 1052/1579/1103
f 977/1197/799 1049/1577/1102 1052/1579/1103 896/1198/800
f 1015/1513/114 896/1559/800 1052/1578/1103 1035/1575/1073
f 721/1171/773 939/1170/772 1034/1567/1097 1050/1566/1096
f 778/1548/1092 1051/1576/1101 1049/1577/1102 977/1197/799
f 939/1170/772 1015/1513/114 1035/1575/1073 1034/1567/1097
f 1040/1133/735 1042/1571/113 1059/1439/113 1057/1497/1051
f 1039/1544/1088 1041/1215/817 1058/1221/823 1056/1224/826
f 720/1134/736 1040/1133/735 1057/1497/1051 1053/1505/1057
f 751/1478/1035 843/1477/1034 1055/1460/1017 1053/1459/1016
f 1042/1571/113 1039/1570/1088 1056/1440/826 1059/1439/113
f 1041/1215/817 1037/1218/820 1054/1543/1087 1058/1221/823
f 737/1574/1100 840/1573/1099 852/1580/1104 1043/1581/1105
f 1043/1581/1105 852/1580/1104 1061/1582/1106 1033/1583/1107
f 1033/1583/1107 1061/1582/1106 1060/1328/909 1050/1327/908
f 1311/1584/1108 1309/1585/1109 1067/1586/1110
f 1221/1587/1111 1195/1588/1112 1085/1589/1113 1205/1590/1114
f 1248/1591/1115 1167/1592/1116 1170/1593/1117 1259/1594/1118
f 1064/1595/1119 1227/1596/1120 1224/1597/1121 1092/1598/1122
f 1246/1599/1123 1265/1600/1124 795/1601/752 784/1602/751
f 1201/1603/1125 1070/1604/1126 1086/1605/1127 1198/1606/1128
f 1092/1598/1122 1224/1597/1121 1226/1607/1129 1081/1608/1130
f 1271/1609/1131 1184/1610/1132 1174/1611/1133 1268/1612/1134
f 1199/1613/1135 1062/1614/1136 1078/1615/1137 1214/1616/1138
f 1259/1594/1118 1170/1593/1117 1161/1617/1139 1261/1618/1140
f 1198/1606/1128 1086/1605/1127 1069/1619/1141 1202/1620/1142
f 1205/1590/1114 1085/1589/1113 1068/1621/1143 1213/1622/1144
f 1206/1623/1145 1075/1624/1146 1089/1625/1147 1218/1626/1148
f 1257/1627/1149 1096/1628/1150 1169/1629/1151 1258/1630/1152
f 1266/1631/1153 1269/1632/1154 1179/1633/1155 1165/1634/1156
f 1262/1635/1157 776/1636/789 801/1637/788 1267/1638/1158
f 1260/1639/1159 787/1640/793 788/1641/792 1254/1642/1160
f 1251/1643/1161 786/1644/795 787/1640/793 1260/1639/1159
f 1256/1645/1162 1095/1646/1163 1096/1628/1150 1257/1627/1149
f 1249/1647/1164 1162/1648/1165 1176/1649/1166 1250/1650/1167
f 1258/1630/1152 1169/1629/1151 1166/1651/1168 1267/1638/1158
f 1212/1652/1169 1077/1653/1170 1076/1654/1171 1208/1655/1172
f 1159/1656/1173 1228/1657/1174 1230/1658/1175 1093/1659/1176
f 1235/1660/1177 1239/1661/1178 1231/1662/1179 1065/1663/1180
f 1261/1618/1140 1161/1617/1139 1172/1664/1181 1247/1665/1182
f 1312/1666/1183 1037/1667/820 1044/1668/819 1318/1669/1184
f 1218/1626/1148 1089/1625/1147 1074/1670/1185 1211/1671/1186
f 1325/1672/1187 1323/1673/1188 1082/1674/1189 1272/1675/1190
f 1214/1616/1138 1078/1615/1137 1077/1653/1170 1212/1652/1169
f 1207/1676/1191 1073/1677/1192 1091/1678/1193 1209/1679/1194
f 1270/1680/1195 1266/1631/1153 1165/1634/1156 1181/1681/1196
f 1222/1682/1197 1223/1683/1198 1079/1684/1199 1100/1685/1200
f 1217/1686/1201 1071/1687/1202 1088/1688/1203 1215/1689/1204
f 1160/1690/1205 1229/1691/1206 1227/1596/1120 1064/1595/1119
f 1275/1692/1207 1270/1693/1195 1181/1694/1196 1196/1695/1208
f 1200/1696/1209 1066/1697/1210 1099/1698/1211
f 1294/1699/2 1223/1683/1198 1305/1700/1212
f 1265/1600/1124 1163/1701/1213 1167/1592/1116 1248/1591/1115
f 1197/1702/1214 1090/1703/1215 1073/1677/1192 1207/1676/1191
f 1255/1704/1216 1180/1705/1217 1164/1706/1218 1252/1707/1219
f 961/1257/855 755/1260/858 1063/1708/1220 1235/1709/1221
f 1068/1710/1222 1085/1711/1223 1192/1712/1224 1327/1713/1225
f 1102/1714/1226 1069/1715/1227 1086/1716/1127 1113/1717/1228
f 1253/1718/1229 1269/1632/1154 780/1719/868 793/1720/867
f 1103/1721/1230 1070/1722/1126 1088/1723/1203 1115/1724/1231
f 1104/1725/1232 1071/1726/1202 1087/1727/1233 1114/1728/1234
f 1105/1729/1235 1072/1730/1236 1091/1731/1193 1118/1732/1237
f 1106/1733/1238 1073/1734/1192 1090/1735/1215 1117/1736/1239
f 1272/1675/1190 1082/1674/1189 1095/1646/1163 1256/1645/1162
f 1107/1737/1240 1074/1738/1185 1089/1739/1147 1116/1740/1241
f 1108/1741/1242 1075/1742/1146 1083/1743/1243 1112/1744/1244
f 1109/1745/1245 1076/1746/1171 1077/1747/1246 1110/1748/1247
f 1251/1643/1161 1168/1749/1248 1180/1705/1217 1255/1704/1216
f 1110/1748/1247 1077/1747/1246 1078/1750/1249 1111/1751/1250
f 1111/1751/1250 1078/1750/1249 1062/1752/1251 1101/1753/1252
f 1275/1692/1207 1196/1695/1208 1162/1648/1165 1249/1647/1164
f 1038/1305/892 842/1308/895 1067/1754/1253 1309/1755/1254
f 1112/1744/1244 1083/1743/1243 1076/1756/1171 1109/1757/1245
f 1252/1707/1219 1164/1706/1218 1183/1758/1255 1264/1759/1256
f 1143/1760/1257 1192/1712/1224 1193/1761/1258 1102/1714/1226
f 1113/1762/1228 1086/1763/1127 1070/1722/1126 1103/1721/1230
f 1268/1764/1134 1174/1765/1133 1177/1766/1259 1254/1642/1160
f 1114/1728/1234 1087/1727/1233 1072/1730/1236 1105/1729/1235
f 1263/1767/1260 1182/1768/1261 1178/1769/1262 1253/1718/1229
f 1115/1724/1231 1088/1723/1203 1071/1726/1202 1104/1725/1232
f 1274/1770/1263 1191/1771/1264 1184/1610/1132 1271/1609/1131
f 1116/1740/1241 1089/1739/1147 1075/1742/1146 1108/1741/1242
f 1117/1736/1239 1090/1735/1215 1074/1738/1185 1107/1737/1240
f 1118/1732/1237 1091/1731/1193 1073/1734/1192 1106/1733/1238
f 1247/1665/1182 1263/1767/1260 781/1772/907 792/1773/906
f 1320/1774/1265 1068/1710/1222 864/1329/910 1060/1328/909
f 1063/1775/1266 1185/1776/1267 1219/1777/1268 1234/1778/1269
f 1151/1779/1270 1106/1733/1238 1117/1736/1239 1152/1780/1271
f 1155/1781/1272 1108/1741/1242 1112/1744/1244 1156/1782/1273
f 1147/1783/1274 1104/1725/1232 1114/1728/1234 1148/1784/1275
f 1143/1760/1257 1102/1714/1226 1113/1717/1228 1144/1785/1276
f 1157/1786/1277 1109/1745/1245 1110/1748/1247 1158/1787/1278
f 1148/1784/1275 1114/1728/1234 1105/1729/1235 1149/1788/1279
f 1149/1788/1279 1105/1729/1235 1118/1732/1237 1150/1789/1280
f 1145/1790/1281 1103/1721/1230 1115/1724/1231 1146/1791/1282
f 1273/1792/1283 1274/1770/1263 913/1793/931 906/1794/930
f 1101/1753/1252 1062/1752/1251 1119/1795/1284 1120/1796/1285
f 1208/1655/1172 1076/1654/1171 1083/1797/1243 1216/1798/1286
f 1203/1799/1287 1119/1800/1288 1062/1614/1136 1199/1613/1135
f 1142/1801/1289 1111/1751/1250 1101/1753/1252 1140/1802/1290
f 1194/1803/1291 919/1360/940 857/1262/860 1192/1712/1224
f 1146/1791/1282 1115/1724/1231 1104/1725/1232 1147/1783/1274
f 1150/1789/1280 1118/1732/1237 1106/1733/1238 1151/1779/1270
f 1152/1780/1271 1117/1736/1239 1107/1737/1240 1153/1804/1292
f 1154/1805/1293 1116/1740/1241 1108/1741/1242 1155/1781/1272
f 1156/1782/1273 1112/1744/1244 1109/1757/1245 1157/1806/1277
f 1158/1787/1278 1110/1748/1247 1111/1751/1250 1142/1801/1289
f 1144/1807/1276 1113/1762/1228 1103/1721/1230 1145/1790/1281
f 1153/1804/1292 1107/1737/1240 1116/1740/1241 1154/1805/1293
f 858/1365/943 1129/1808/1294 1130/1809/1295 859/1366/944
f 859/1366/944 1130/1809/1295 1131/1810/1296 861/1369/947
f 865/1811/949 1128/1812/1297 1132/1813/1298 860/1814/950
f 862/1815/953 1127/1816/1299 1136/1817/1300 866/1818/954
f 867/1379/957 1121/1819/1301 1139/1820/1302 868/1380/958
f 856/1383/961 1122/1821/1303 1133/1822/1304 869/1384/962
f 872/1823/965 1126/1824/1305 1137/1825/1306 863/1826/966
f 874/1827/969 1123/1828/1307 1135/1829/1308 875/1830/970
f 876/1831/973 1124/1832/1309 1134/1833/1310 871/1834/974
f 870/1835/977 1125/1836/1311 1138/1837/1312 873/1838/978
f 1140/1802/1290 1101/1753/1252 1120/1796/1285 1141/1839/1313
f 1121/1819/1301 1140/1802/1290 1141/1839/1313 1139/1820/1302
f 1127/1816/1299 1153/1804/1292 1154/1805/1293 1136/1817/1300
f 1133/1840/1304 1144/1807/1276 1145/1790/1281 1123/1828/1307
f 1130/1809/1295 1158/1787/1278 1142/1801/1289 1131/1810/1296
f 1132/1813/1298 1156/1782/1273 1157/1806/1277 1129/1841/1294
f 1136/1817/1300 1154/1805/1293 1155/1781/1272 1128/1812/1297
f 1137/1825/1306 1152/1780/1271 1153/1804/1292 1127/1816/1299
f 1138/1837/1312 1150/1789/1280 1151/1779/1270 1126/1824/1305
f 1135/1829/1308 1146/1791/1282 1147/1783/1274 1124/1832/1309
f 1131/1810/1296 1142/1801/1289 1140/1802/1290 1121/1819/1301
f 1123/1828/1307 1145/1790/1281 1146/1791/1282 1135/1829/1308
f 1125/1836/1311 1149/1788/1279 1150/1789/1280 1138/1837/1312
f 1134/1833/1310 1148/1784/1275 1149/1788/1279 1125/1836/1311
f 1129/1808/1294 1157/1786/1277 1158/1787/1278 1130/1809/1295
f 1122/1821/1303 1143/1760/1257 1144/1785/1276 1133/1822/1304
f 1124/1832/1309 1147/1783/1274 1148/1784/1275 1134/1833/1310
f 1128/1812/1297 1155/1781/1272 1156/1782/1273 1132/1813/1298
f 1126/1824/1305 1151/1779/1270 1152/1780/1271 1137/1825/1306
f 1123/1828/1307 874/1827/969 869/1842/962 1133/1840/1304
f 1124/1832/1309 876/1831/973 875/1830/970 1135/1829/1308
f 1126/1824/1305 872/1823/965 873/1838/978 1138/1837/1312
f 1125/1836/1311 870/1835/977 871/1834/974 1134/1833/1310
f 1121/1819/1301 867/1379/957 861/1369/947 1131/1810/1296
f 1128/1812/1297 865/1811/949 866/1818/954 1136/1817/1300
f 1127/1816/1299 862/1815/953 863/1826/966 1137/1825/1306
f 1129/1841/1294 858/1843/943 860/1814/950 1132/1813/1298
f 1122/1821/1303 1194/1803/1291 1192/1712/1224 1143/1760/1257
f 1262/1635/1157 1273/1792/1283 906/1794/930 776/1636/789
f 1065/1663/1180 1231/1662/1179 1228/1657/1174 1159/1656/1173
f 1264/1759/1256 1183/1758/1255 1173/1844/1314 1246/1599/1123
f 1305/1700/1212 1223/1683/1198 1245/1845/2 1302/1846/1315
f 1297/1847/107 1202/1620/1142 1221/1587/1111 1301/1848/1316
f 1094/1849/1317 1232/1850/1318 1229/1691/1206 1160/1690/1205
f 1285/1851/1319 1292/1852/1320 1182/1853/1261 1172/1854/1181
f 1290/1855/1321 1296/1856/1322 1179/1857/1155 1178/1858/1262
f 1286/1859/1323 1278/1860/1324 1163/1861/1213 1173/1862/1314
f 1291/1863/1325 1281/1864/1326 1164/1865/1218 1180/1866/1217
f 1279/1867/1327 1285/1851/1319 1172/1854/1181 1161/1868/1139
f 1300/1869/1328 1298/1870/1329 1184/1871/1132 1191/1872/1264
f 1284/1873/1330 1279/1867/1327 1161/1868/1139 1170/1874/1117
f 1326/1875/2 1295/1876/2 1082/1877/1189 1323/1878/1188
f 1303/1879/1331 1299/1880/1332 1186/1881/1333 1171/1882/1334
f 1187/1883/1335 755/1449/1006 908/1448/1005
f 1141/1839/1313 1120/1796/1285 1188/1884/1336 1187/1883/1335
f 1094/1885/1337 1160/1886/1338 880/1453/1010 854/1452/1009
f 1065/1887/1339 1159/1888/1340 878/1457/1014 841/1456/1013
f 1322/1889/1341 1067/1754/1253 842/1308/895 1055/1460/1017
f 1064/1890/1342 1092/1891/1343 847/1463/1020 845/1462/1019
f 1100/1892/1344 1079/1893/1345 849/1467/1024 846/1466/1023
f 1081/1894/1346 1097/1895/1347 855/1471/1028 853/1470/1027
f 1097/1895/1347 1080/1896/1348 848/1473/1030 855/1471/1028
f 1066/1897/1349 1098/1898/1350 843/1477/1034 850/1476/1033
f 1160/1886/1338 1064/1899/1342 845/1479/1019 880/1453/1010
f 1093/1900/1351 1094/1885/1337 854/1452/1009 851/1482/1037
f 1080/1896/1348 1100/1892/1344 846/1466/1023 848/1473/1030
f 1159/1888/1340 1093/1900/1351 851/1482/1037 878/1457/1014
f 1092/1891/1343 1081/1894/1346 853/1470/1027 847/1463/1020
f 1099/1901/1352 1066/1897/1349 850/1476/1033 844/1484/1039
f 1079/1893/1345 1099/1901/1352 844/1484/1039 849/1467/1024
f 1299/1880/1332 1300/1869/1328 1191/1872/1264 1186/1881/1333
f 1188/1884/1336 1190/1902/1353 1185/1903/1354 1187/1883/1335
f 1189/1904/1355 915/1488/1043 868/1380/958 1139/1820/1302
f 1120/1796/1285 1119/1795/1284 1190/1902/1353 1188/1884/1336
f 1187/1883/1335 908/1448/1005 915/1488/1043 1189/1904/1355
f 1185/1903/1354 1063/1905/1356 755/1449/1006 1187/1883/1335
f 1139/1820/1302 1141/1839/1313 1187/1883/1335 1189/1904/1355
f 1193/1761/1258 1195/1906/1357 1069/1715/1227 1102/1714/1226
f 1202/1620/1142 1069/1619/1141 1195/1588/1112 1221/1587/1111
f 1192/1712/1224 1085/1711/1223 1195/1906/1357 1193/1761/1258
f 1122/1821/1303 856/1383/961 919/1360/940 1194/1803/1291
f 1302/1846/1315 1245/1845/2 1234/1778/1269 1304/1907/1358
f 1185/1776/1267 1190/1908/1359 1220/1909/1360 1219/1777/1268
f 1079/1684/1199 1223/1683/1198 1200/1696/1209 1099/1698/1211
f 1294/1699/2 1095/1910/1163 1082/1877/1189 1295/1876/2
f 1098/1911/1361 1066/1697/1210 1200/1696/1209 1324/1912/1362
f 1091/1678/1193 1072/1913/1236 1204/1914/1363 1209/1679/1194
f 1190/1908/1359 1119/1800/1288 1203/1799/1287 1220/1909/1360
f 1314/1915/1364 1084/1916/1365 1316/1917/1366
f 1072/1913/1236 1087/1918/1233 1210/1919/1367 1204/1914/1363
f 1083/1797/1243 1075/1624/1146 1206/1623/1145 1216/1798/1286
f 1074/1670/1185 1090/1703/1215 1197/1702/1214 1211/1671/1186
f 1088/1688/1203 1070/1604/1126 1201/1603/1125 1215/1689/1204
f 1322/1920/1368 1098/1911/1361 1324/1912/1362
f 1087/1918/1233 1071/1687/1202 1217/1686/1201 1210/1919/1367
f 1298/1870/1329 1203/1799/1287 1199/1613/1135 1276/1921/1369
f 1283/1922/1370 1208/1655/1172 1216/1798/1286 1291/1863/1325
f 1278/1860/1324 1197/1702/1214 1207/1676/1191 1282/1923/1330
f 1292/1852/1320 1217/1686/1201 1215/1689/1204 1290/1855/1321
f 1282/1923/1330 1207/1676/1191 1209/1679/1194 1284/1873/1330
f 1289/1924/1371 1214/1616/1138 1212/1652/1169 1287/1925/1372
f 1293/1926/1373 1218/1626/1148 1211/1671/1186 1286/1859/1323
f 1287/1925/1372 1212/1652/1169 1208/1655/1172 1283/1922/1370
f 1281/1864/1326 1206/1623/1145 1218/1626/1148 1293/1926/1373
f 1280/1927/1374 1205/1590/1114 1213/1622/1144 1288/1928/2
f 1277/1929/1375 1198/1606/1128 1202/1620/1142 1297/1847/107
f 1276/1921/1369 1199/1613/1135 1214/1616/1138 1289/1924/1371
f 1296/1856/1322 1201/1603/1125 1198/1606/1128 1277/1929/1375
f 1301/1848/1316 1221/1587/1111 1205/1590/1114 1280/1927/1374
f 1232/1850/1318 1094/1849/1317 1093/1659/1176 1230/1658/1175
f 1222/1682/1197 1100/1685/1200 1080/1930/1376 1225/1931/1377
f 1225/1931/1377 1080/1930/1376 1097/1932/1378 1233/1933/1379
f 1233/1933/1379 1097/1932/1378 1081/1608/1130 1226/1607/1129
f 1303/1879/1331 1171/1882/1334 1166/1934/1168 1304/1907/1358
f 1229/1691/1206 1224/1597/1121 1227/1596/1120
f 841/1456/1013 961/1257/855 1235/1709/1221 1065/1887/1339
f 1063/1775/1266 1234/1778/1269 1236/1935/1380 1235/1660/1177
f 1235/1660/1177 1236/1935/1380 1237/1936/1381
f 1235/1660/1177 1237/1936/1381 1238/1937/1382
f 1235/1660/1177 1238/1937/1382 1239/1661/1178
f 1234/1778/1269 1245/1845/2 1244/1938/2 1236/1935/1380
f 1245/1845/2 1223/1683/1198 1222/1682/1197 1244/1938/2
f 1236/1935/1380 1244/1938/2 1243/1939/2 1237/1936/1381
f 1244/1938/2 1222/1682/1197 1225/1931/1377 1243/1939/2
f 1237/1936/1381 1243/1939/2 1242/1940/2 1238/1937/1382
f 1243/1939/2 1225/1931/1377 1233/1933/1379 1242/1940/2
f 1238/1937/1382 1242/1940/2 1241/1941/2 1239/1661/1178
f 1242/1940/2 1233/1933/1379 1226/1607/1129 1241/1941/2
f 1224/1597/1121 1240/1942/2 1241/1941/2 1226/1607/1129
f 1240/1942/2 1231/1662/1179 1239/1661/1178 1241/1941/2
f 1228/1657/1174 1231/1662/1179 1230/1658/1175
f 1230/1658/1175 1231/1662/1179 1240/1942/2 1232/1850/1318
f 1232/1850/1318 1240/1942/2 1224/1597/1121 1229/1691/1206
f 794/1943/1075 1264/1759/1256 1246/1599/1123 784/1602/751
f 1171/1944/1334 1186/1945/1333 1273/1792/1283 1262/1635/1157
f 1186/1945/1333 1191/1771/1264 1274/1770/1263 1273/1792/1283
f 1172/1664/1181 1182/1768/1261 1263/1767/1260 1247/1665/1182
f 913/1793/931 1274/1770/1263 1271/1609/1131 800/1946/1076
f 781/1772/907 1263/1767/1260 1253/1718/1229 793/1720/867
f 775/1947/1077 1268/1764/1134 1254/1642/1160 788/1641/792
f 785/1948/1078 1252/1707/1219 1264/1759/1256 794/1943/1075
f 921/1949/1079 1275/1692/1207 1249/1647/1164 790/1950/1080
f 786/1644/795 1251/1643/1161 1255/1704/1216 789/1951/1081
f 777/1952/1082 1272/1675/1190 1256/1645/1162 798/1953/1083
f 1178/1769/1262 1179/1633/1155 1269/1632/1154 1253/1718/1229
f 789/1951/1081 1255/1704/1216 1252/1707/1219 785/1948/1078
f 795/1601/752 1265/1600/1124 1248/1591/1115 783/1954/1084
f 921/1949/1079 779/1955/1085 1270/1693/1195 1275/1692/1207
f 779/1956/1085 791/1957/1086 1266/1631/1153 1270/1680/1195
f 1054/1958/1087 1325/1672/1187 1272/1675/1190 777/1952/1082
f 1310/1959/1383 1312/1666/1183 1318/1669/1184 1315/1960/1384
f 782/1961/1090 1261/1618/1140 1247/1665/1182 792/1773/906
f 797/1962/1091 1258/1630/1152 1267/1638/1158 801/1637/788
f 790/1950/1080 1249/1647/1164 1250/1650/1167 778/1963/1092
f 798/1953/1083 1256/1645/1162 1257/1627/1149 799/1964/1093
f 1168/1749/1248 1251/1643/1161 1260/1639/1159 1175/1965/1385
f 1175/1965/1385 1260/1639/1159 1254/1642/1160 1177/1766/1259
f 1171/1944/1334 1262/1635/1157 1267/1638/1158 1166/1651/1168
f 791/1957/1086 780/1719/868 1269/1632/1154 1266/1631/1153
f 799/1964/1093 1257/1627/1149 1258/1630/1152 797/1962/1091
f 796/1966/1095 1259/1594/1118 1261/1618/1140 782/1961/1090
f 800/1946/1076 1271/1609/1131 1268/1612/1134 775/1967/1077
f 1173/1844/1314 1163/1701/1213 1265/1600/1124 1246/1599/1123
f 783/1954/1084 1248/1591/1115 1259/1594/1118 796/1966/1095
f 1234/1778/1269 1303/1879/1331 1304/1907/1358
f 1196/1968/1208 1301/1848/1316 1280/1927/1374 1162/1969/1165
f 1179/1857/1155 1296/1856/1322 1277/1929/1375 1165/1970/1156
f 1174/1971/1133 1276/1921/1369 1289/1924/1371 1177/1972/1259
f 1165/1970/1156 1277/1929/1375 1297/1847/107 1181/1973/1196
f 1162/1969/1165 1280/1927/1374 1288/1928/2 1176/1974/1166
f 1164/1865/1218 1281/1864/1326 1293/1926/1373 1183/1975/1255
f 1175/1976/1385 1287/1925/1372 1283/1922/1370 1168/1977/1248
f 1183/1975/1255 1293/1926/1373 1286/1859/1323 1173/1862/1314
f 1177/1972/1259 1289/1924/1371 1287/1925/1372 1175/1976/1385
f 1167/1978/1116 1282/1923/1330 1284/1873/1330 1170/1874/1117
f 1182/1853/1261 1292/1852/1320 1290/1855/1321 1178/1858/1262
f 1163/1861/1213 1278/1860/1324 1282/1923/1330 1167/1978/1116
f 1168/1977/1248 1283/1922/1370 1291/1863/1325 1180/1866/1217
f 1184/1871/1132 1298/1870/1329 1276/1921/1369 1174/1971/1133
f 1223/1683/1198 1294/1699/2 1295/1876/2 1200/1696/1209
f 1169/1979/1151 1302/1846/1315 1304/1907/1358 1166/1934/1168
f 1219/1777/1268 1220/1909/1360 1300/1869/1328 1299/1880/1332
f 1234/1778/1269 1219/1777/1268 1299/1880/1332 1303/1879/1331
f 1324/1912/1362 1200/1696/1209 1295/1876/2 1326/1875/2
f 1209/1679/1194 1204/1914/1363 1279/1867/1327 1284/1873/1330
f 1220/1909/1360 1203/1799/1287 1298/1870/1329 1300/1869/1328
f 1204/1914/1363 1210/1919/1367 1285/1851/1319 1279/1867/1327
f 1216/1798/1286 1206/1623/1145 1281/1864/1326 1291/1863/1325
f 1211/1671/1186 1197/1702/1214 1278/1860/1324 1286/1859/1323
f 1215/1689/1204 1201/1603/1125 1296/1856/1322 1290/1855/1321
f 1210/1919/1367 1217/1686/1201 1292/1852/1320 1285/1851/1319
f 1181/1973/1196 1297/1847/107 1301/1848/1316 1196/1968/1208
f 1096/1980/1150 1305/1700/1212 1302/1846/1315 1169/1979/1151
f 1095/1910/1163 1294/1699/2 1305/1700/1212 1096/1980/1150
f 1320/1981/1386 1306/1982/1387 1307/1983/1388
f 1315/1984/1384 1317/1985/2 1313/1986/2 1310/1987/1383
f 1317/1985/2 1316/1917/1366 1311/1584/1108 1313/1986/2
f 840/1573/1099 1038/1305/892 1309/1755/1254 1084/1988/1389
f 1316/1917/1366 1084/1916/1365 1309/1585/1109 1311/1584/1108
f 1307/1983/1388 1316/1917/1366 1317/1985/2 1308/1989/2
f 1051/1990/1101 1319/1991/1390 1318/1669/1184 1044/1668/819
f 1306/1982/1387 1314/1915/1364 1316/1917/1366 1307/1983/1388
f 1308/1989/2 1317/1985/2 1315/1984/1384 1321/1992/1391
f 1319/1991/1390 1321/1993/1391 1315/1960/1384 1318/1669/1184
f 1250/1650/1167 1176/1649/1166 1321/1993/1391 1319/1991/1390
f 1288/1928/2 1308/1989/2 1321/1992/1391 1176/1974/1166
f 1068/1621/1143 1320/1981/1386 1307/1983/1388 1213/1622/1144
f 778/1963/1092 1250/1650/1167 1319/1991/1390 1051/1990/1101
f 1213/1622/1144 1307/1983/1388 1308/1989/2 1288/1928/2
f 1311/1584/1108 1324/1912/1362 1326/1875/2 1313/1986/2
f 1310/1959/1383 1323/1673/1188 1325/1672/1187 1312/1666/1183
f 1067/1586/1110 1322/1920/1368 1324/1912/1362 1311/1584/1108
f 1098/1898/1350 1322/1889/1341 1055/1460/1017 843/1477/1034
f 1313/1986/2 1326/1875/2 1323/1878/1188 1310/1987/1383
f 1312/1666/1183 1325/1672/1187 1054/1958/1087 1037/1667/820
f 1084/1988/1389 1314/1994/1392 852/1580/1104 840/1573/1099
f 1314/1994/1392 1306/1995/1393 1061/1582/1106 852/1580/1104
f 1306/1995/1393 1320/1774/1265 1060/1328/909 1061/1582/1106
f 857/1262/860 1329/1261/859 1327/1713/1225 1192/1712/1224
f 864/1329/910 1329/1261/859 1328/1264/862 721/1330/911
f 738/1491/1046 721/1330/911 1328/1264/862 916/1263/861
f 1329/1261/859 864/1329/910 1068/1710/1222 1327/1713/1225
