# Blender 5.1.1
# www.blender.org
mtllib standing_picture_frame_01_4k.mtl
o standing_picture_frame_01
v 0.120076 0.237453 0.023101
v 0.120076 0.012386 0.066849
v -0.058581 0.237453 0.023101
v -0.058581 0.012386 0.066849
v 0.121612 0.239424 0.021707
v 0.121612 0.010037 0.066296
v -0.060118 0.239424 0.021707
v -0.060118 0.010037 0.066296
v 0.096411 0.217697 0.025931
v 0.096411 0.032787 0.061873
v -0.034916 0.032787 0.061873
v -0.034916 0.217697 0.025931
v 0.096411 0.217339 0.024090
v 0.096411 0.032430 0.060032
v -0.034916 0.032430 0.060032
v -0.034916 0.217339 0.024090
v -0.059140 0.012604 0.070745
v -0.060136 0.011856 0.072110
v -0.059432 0.012479 0.071631
v -0.068129 0.004009 0.073635
v -0.068805 0.003100 0.072497
v -0.068465 0.003567 0.073123
v -0.058546 0.012592 0.072864
v -0.057573 0.013321 0.071515
v -0.057858 0.013201 0.072392
v -0.058594 0.012975 0.071141
v -0.059587 0.012228 0.072502
v -0.058885 0.012851 0.072025
v -0.058100 0.013196 0.071367
v -0.059083 0.012458 0.072720
v -0.058388 0.013074 0.072246
v -0.059844 0.012481 0.072453
v -0.058852 0.013228 0.071092
v -0.059143 0.013104 0.071976
v -0.058584 0.014313 0.071322
v -0.059557 0.013584 0.072671
v -0.058869 0.014193 0.072199
v -0.059661 0.013025 0.072610
v -0.058678 0.013763 0.071257
v -0.058966 0.013641 0.072136
v -0.068992 0.004322 0.074471
v -0.069653 0.003431 0.073352
v -0.069446 0.003859 0.074169
v -0.069240 0.003010 0.072978
v -0.068573 0.003910 0.074114
v -0.069003 0.003421 0.073782
v -0.069475 0.003144 0.073216
v -0.068814 0.004037 0.074344
v -0.069260 0.003549 0.074034
v -0.068318 0.003659 0.074163
v -0.068984 0.002759 0.073026
v -0.068738 0.003158 0.073833
v -0.068642 0.002439 0.073545
v -0.067982 0.003330 0.074664
v -0.068378 0.002811 0.074372
v -0.068237 0.003471 0.074454
v -0.068898 0.002578 0.073326
v -0.068668 0.002963 0.074139
v -0.059993 0.009683 0.060189
v -0.059140 0.010716 0.061033
v -0.059559 0.010202 0.060582
v -0.068226 0.001602 0.061760
v -0.068805 0.001245 0.062956
v -0.068513 0.001416 0.062308
v -0.059418 0.011072 0.059022
v -0.058584 0.012084 0.059859
v -0.058848 0.011773 0.059224
v -0.058852 0.011165 0.060478
v -0.059703 0.010135 0.059636
v -0.059119 0.010778 0.059848
v -0.058678 0.011600 0.060125
v -0.059520 0.010578 0.059288
v -0.058934 0.011208 0.059480
v -0.059445 0.009882 0.059686
v -0.058594 0.010912 0.060527
v -0.058838 0.010516 0.059901
v -0.057573 0.011093 0.060052
v -0.058407 0.010080 0.059215
v -0.057775 0.010703 0.059432
v -0.058943 0.010011 0.059398
v -0.058100 0.011033 0.060236
v -0.058320 0.010640 0.059603
v -0.068076 0.000589 0.061060
v -0.068642 0.000241 0.062235
v -0.068416 0.000270 0.061458
v -0.068984 0.000731 0.062593
v -0.068413 0.001082 0.061401
v -0.068769 0.000788 0.061824
v -0.068898 0.000451 0.062385
v -0.068331 0.000798 0.061201
v -0.068688 0.000485 0.061608
v -0.068668 0.001332 0.061352
v -0.069240 0.000982 0.062544
v -0.069030 0.001048 0.061781
v -0.069653 0.001233 0.062042
v -0.069086 0.001581 0.060867
v -0.069475 0.001310 0.061256
v -0.068908 0.001364 0.061091
v -0.069475 0.001017 0.062275
v -0.069284 0.001068 0.061504
v 0.120635 0.012604 0.070745
v 0.121630 0.011856 0.072110
v 0.120926 0.012479 0.071631
v 0.129624 0.004009 0.073635
v 0.130299 0.003100 0.072497
v 0.129959 0.003567 0.073123
v 0.120041 0.012592 0.072864
v 0.119068 0.013321 0.071515
v 0.119353 0.013201 0.072392
v 0.120088 0.012975 0.071141
v 0.121081 0.012228 0.072502
v 0.120379 0.012851 0.072025
v 0.119594 0.013196 0.071367
v 0.120578 0.012458 0.072720
v 0.119883 0.013074 0.072246
v 0.121339 0.012481 0.072453
v 0.120346 0.013228 0.071092
v 0.120637 0.013104 0.071976
v 0.120078 0.014313 0.071322
v 0.121051 0.013584 0.072671
v 0.120363 0.014193 0.072199
v 0.121155 0.013025 0.072610
v 0.120172 0.013763 0.071257
v 0.120460 0.013641 0.072136
v 0.130486 0.004322 0.074471
v 0.131147 0.003431 0.073352
v 0.130940 0.003859 0.074169
v 0.130734 0.003010 0.072978
v 0.130067 0.003910 0.074115
v 0.130497 0.003421 0.073782
v 0.130969 0.003144 0.073216
v 0.130308 0.004037 0.074344
v 0.130755 0.003549 0.074034
v 0.129812 0.003659 0.074163
v 0.130479 0.002759 0.073026
v 0.130232 0.003158 0.073833
v 0.130137 0.002439 0.073545
v 0.129476 0.003330 0.074664
v 0.129873 0.002811 0.074373
v 0.129732 0.003471 0.074454
v 0.130393 0.002578 0.073326
v 0.130163 0.002963 0.074139
v 0.121488 0.009683 0.060189
v 0.120635 0.010716 0.061033
v 0.121054 0.010202 0.060582
v 0.129720 0.001602 0.061760
v 0.130299 0.001245 0.062956
v 0.130008 0.001416 0.062308
v 0.120912 0.011072 0.059022
v 0.120078 0.012084 0.059859
v 0.120342 0.011773 0.059224
v 0.120346 0.011165 0.060478
v 0.121197 0.010135 0.059636
v 0.120614 0.010778 0.059848
v 0.120172 0.011600 0.060126
v 0.121015 0.010578 0.059288
v 0.120429 0.011208 0.059480
v 0.120939 0.009882 0.059686
v 0.120088 0.010912 0.060527
v 0.120332 0.010516 0.059901
v 0.119068 0.011093 0.060052
v 0.119902 0.010080 0.059215
v 0.119269 0.010703 0.059432
v 0.120437 0.010011 0.059398
v 0.119594 0.011033 0.060236
v 0.119814 0.010640 0.059603
v 0.129570 0.000589 0.061060
v 0.130137 0.000241 0.062235
v 0.129910 0.000270 0.061458
v 0.130479 0.000731 0.062593
v 0.129907 0.001082 0.061401
v 0.130263 0.000788 0.061824
v 0.130393 0.000451 0.062385
v 0.129826 0.000798 0.061201
v 0.130183 0.000485 0.061608
v 0.130163 0.001332 0.061352
v 0.130734 0.000982 0.062544
v 0.130525 0.001048 0.061781
v 0.131147 0.001233 0.062042
v 0.130581 0.001581 0.060867
v 0.130970 0.001310 0.061256
v 0.130403 0.001364 0.061091
v 0.130969 0.001017 0.062275
v 0.130778 0.001068 0.061504
v -0.059140 0.238710 0.026794
v -0.060136 0.239915 0.027779
v -0.059432 0.239158 0.027569
v -0.068129 0.247762 0.026254
v -0.068805 0.248179 0.024858
v -0.068465 0.247980 0.025614
v -0.058546 0.239515 0.028754
v -0.057573 0.238334 0.027777
v -0.057858 0.238774 0.028545
v -0.058594 0.238515 0.027301
v -0.059587 0.239717 0.028283
v -0.058885 0.238961 0.028074
v -0.058100 0.238394 0.027593
v -0.059083 0.239586 0.028571
v -0.058388 0.238837 0.028362
v -0.059844 0.239464 0.028332
v -0.058852 0.238261 0.027350
v -0.059143 0.238708 0.028123
v -0.058584 0.237342 0.027970
v -0.059557 0.238524 0.028947
v -0.058869 0.237782 0.028738
v -0.059661 0.239019 0.028681
v -0.058678 0.237827 0.027703
v -0.058966 0.238270 0.028473
v -0.068992 0.247785 0.027147
v -0.069653 0.248192 0.025775
v -0.069446 0.248101 0.026693
v -0.069240 0.248442 0.025270
v -0.068573 0.248033 0.026662
v -0.069003 0.248363 0.026170
v -0.069475 0.248407 0.025541
v -0.068814 0.248002 0.026922
v -0.069260 0.248338 0.026452
v -0.068318 0.248284 0.026613
v -0.068984 0.248693 0.025222
v -0.068738 0.248626 0.026119
v -0.068642 0.249184 0.025583
v -0.067982 0.248777 0.026954
v -0.068378 0.249149 0.026489
v -0.068237 0.248568 0.026812
v -0.068898 0.248973 0.025431
v -0.068668 0.248921 0.026330
v -0.059993 0.237464 0.015913
v -0.059140 0.236823 0.017083
v -0.059559 0.237130 0.016472
v -0.068226 0.245545 0.014342
v -0.068805 0.246324 0.015317
v -0.068513 0.245923 0.014781
v -0.059418 0.235739 0.015351
v -0.058584 0.235114 0.016507
v -0.058848 0.235165 0.015801
v -0.058852 0.236198 0.016736
v -0.059703 0.236839 0.015570
v -0.059119 0.236321 0.016006
v -0.058678 0.235663 0.016572
v -0.059520 0.236296 0.015412
v -0.058934 0.235785 0.015826
v -0.059445 0.237092 0.015521
v -0.058594 0.236452 0.016687
v -0.058838 0.236583 0.015958
v -0.057573 0.236106 0.016314
v -0.058407 0.236731 0.015158
v -0.057775 0.236235 0.015593
v -0.058943 0.236863 0.015302
v -0.058100 0.236230 0.016462
v -0.058320 0.236357 0.015728
v -0.068076 0.246222 0.013313
v -0.068642 0.246985 0.014273
v -0.068416 0.246667 0.013563
v -0.068984 0.246665 0.014789
v -0.068413 0.245893 0.013814
v -0.068769 0.246324 0.014096
v -0.068898 0.246846 0.014490
v -0.068331 0.246081 0.013523
v -0.068688 0.246524 0.013783
v -0.068668 0.245643 0.013863
v -0.069240 0.246414 0.014837
v -0.069030 0.246067 0.014154
v -0.069653 0.245993 0.014465
v -0.069086 0.245230 0.013506
v -0.069475 0.245627 0.013765
v -0.068908 0.245515 0.013633
v -0.069475 0.246280 0.014601
v -0.069284 0.245945 0.013905
v 0.120635 0.238710 0.026794
v 0.121630 0.239915 0.027779
v 0.120926 0.239158 0.027569
v 0.129624 0.247762 0.026254
v 0.130299 0.248179 0.024858
v 0.129959 0.247980 0.025614
v 0.120041 0.239515 0.028754
v 0.119068 0.238334 0.027777
v 0.119353 0.238774 0.028545
v 0.120088 0.238515 0.027301
v 0.121081 0.239717 0.028283
v 0.120379 0.238961 0.028074
v 0.119594 0.238394 0.027593
v 0.120578 0.239586 0.028571
v 0.119883 0.238837 0.028362
v 0.121339 0.239464 0.028332
v 0.120346 0.238261 0.027350
v 0.120637 0.238708 0.028123
v 0.120078 0.237342 0.027970
v 0.121051 0.238524 0.028947
v 0.120363 0.237782 0.028738
v 0.121155 0.239019 0.028681
v 0.120172 0.237827 0.027703
v 0.120460 0.238270 0.028473
v 0.130486 0.247785 0.027147
v 0.131147 0.248192 0.025775
v 0.130940 0.248101 0.026693
v 0.130734 0.248442 0.025270
v 0.130067 0.248033 0.026662
v 0.130497 0.248363 0.026170
v 0.130969 0.248407 0.025541
v 0.130308 0.248002 0.026922
v 0.130755 0.248338 0.026452
v 0.129812 0.248284 0.026613
v 0.130479 0.248693 0.025222
v 0.130232 0.248626 0.026119
v 0.130137 0.249184 0.025583
v 0.129476 0.248777 0.026954
v 0.129873 0.249149 0.026489
v 0.129732 0.248568 0.026812
v 0.130393 0.248973 0.025431
v 0.130163 0.248921 0.026330
v 0.121488 0.237464 0.015913
v 0.120635 0.236823 0.017083
v 0.121054 0.237130 0.016472
v 0.129720 0.245545 0.014342
v 0.130299 0.246324 0.015317
v 0.130008 0.245923 0.014781
v 0.120912 0.235739 0.015351
v 0.120078 0.235114 0.016507
v 0.120342 0.235165 0.015801
v 0.120346 0.236198 0.016736
v 0.121197 0.236839 0.015570
v 0.120614 0.236321 0.016006
v 0.120172 0.235663 0.016572
v 0.121015 0.236296 0.015412
v 0.120429 0.235785 0.015826
v 0.120939 0.237092 0.015521
v 0.120088 0.236452 0.016687
v 0.120332 0.236583 0.015958
v 0.119068 0.236106 0.016314
v 0.119902 0.236731 0.015158
v 0.119269 0.236235 0.015593
v 0.120437 0.236863 0.015302
v 0.119594 0.236230 0.016462
v 0.119814 0.236357 0.015728
v 0.129570 0.246222 0.013313
v 0.130137 0.246985 0.014273
v 0.129910 0.246667 0.013563
v 0.130479 0.246665 0.014789
v 0.129907 0.245893 0.013814
v 0.130263 0.246324 0.014096
v 0.130393 0.246846 0.014491
v 0.129826 0.246081 0.013523
v 0.130183 0.246524 0.013783
v 0.130163 0.245643 0.013863
v 0.130734 0.246414 0.014837
v 0.130525 0.246067 0.014154
v 0.131147 0.245993 0.014465
v 0.130581 0.245230 0.013506
v 0.130970 0.245627 0.013765
v 0.130403 0.245515 0.013633
v 0.130969 0.246280 0.014601
v 0.130778 0.245945 0.013905
v 0.120076 0.236408 0.017723
v 0.120076 0.011341 0.061471
v -0.058581 0.236408 0.017723
v -0.058581 0.011341 0.061471
v 0.096618 0.217675 0.024738
v 0.096618 0.032361 0.060759
v -0.035123 0.217675 0.024738
v -0.035123 0.032361 0.060759
v 0.026229 0.235493 0.016884
v 0.031918 0.236754 0.016639
v 0.030054 0.218869 0.020116
v 0.035742 0.220130 0.019870
v 0.027092 0.236833 0.016624
v 0.028673 0.237866 0.016423
v 0.030552 0.237600 0.016475
v 0.034879 0.218790 0.020131
v 0.033299 0.217757 0.020332
v 0.031420 0.218023 0.020280
v 0.029177 0.222680 0.019375
v 0.034866 0.223941 0.019130
v 0.030292 0.222927 0.019327
v 0.032021 0.223310 0.019252
v 0.033751 0.223694 0.019178
v 0.027327 0.230720 0.017812
v 0.033016 0.231981 0.017567
v 0.028442 0.230967 0.017764
v 0.030172 0.231351 0.017689
v 0.031901 0.231734 0.017615
v 0.033185 0.230809 0.015473
v 0.034753 0.223994 0.016798
v 0.028612 0.229795 0.015670
v 0.030179 0.222980 0.016995
v 0.030341 0.230178 0.015596
v 0.031909 0.223364 0.016920
v 0.032071 0.230562 0.015521
v 0.033639 0.223747 0.016846
v 0.029065 0.222733 0.017043
v 0.027497 0.229548 0.015718
v 0.033969 0.227283 0.015523
v 0.029395 0.226269 0.015720
v 0.031125 0.226652 0.015645
v 0.032855 0.227035 0.015571
v 0.028281 0.226021 0.015768
v 0.026229 0.235605 0.017458
v 0.031918 0.236866 0.017212
v 0.030054 0.218980 0.020689
v 0.035742 0.220241 0.020444
v 0.027092 0.236945 0.017197
v 0.028673 0.237977 0.016996
v 0.030552 0.237711 0.017048
v 0.034879 0.218901 0.020704
v 0.033299 0.217869 0.020905
v 0.031420 0.218134 0.020853
v 0.029074 0.223239 0.019861
v 0.034763 0.224500 0.019616
v 0.027420 0.230430 0.018463
v 0.033108 0.231691 0.018218
v 0.033283 0.230484 0.016061
v 0.034646 0.224555 0.017206
v 0.028958 0.223294 0.017451
v 0.027594 0.229223 0.016306
v 0.033969 0.227396 0.016105
v 0.028281 0.226135 0.016350
v 0.033037 0.218905 0.020160
v 0.033037 0.218768 0.019458
v 0.034266 0.219757 0.019994
v 0.034266 0.219620 0.019292
v 0.034522 0.221213 0.019711
v 0.034522 0.221076 0.019009
v 0.033654 0.222419 0.019477
v 0.033654 0.222283 0.018774
v 0.032171 0.222670 0.019428
v 0.032171 0.222534 0.018726
v 0.030941 0.221818 0.019594
v 0.030941 0.221682 0.018891
v 0.030686 0.220362 0.019877
v 0.030686 0.220226 0.019174
v 0.031554 0.219156 0.020111
v 0.031554 0.219019 0.019409
v 0.032604 0.220651 0.019092
v 0.028316 0.011163 0.060489
v 0.034125 0.010669 0.060585
v 0.029814 0.028143 0.057189
v 0.035624 0.027649 0.057285
v 0.029355 0.009950 0.060725
v 0.031063 0.009137 0.060883
v 0.032889 0.009650 0.060784
v 0.034617 0.028777 0.057066
v 0.032741 0.029670 0.056892
v 0.030737 0.029107 0.057002
v 0.029471 0.024250 0.057946
v 0.035281 0.023756 0.058042
v 0.030609 0.024154 0.057964
v 0.032376 0.024003 0.057994
v 0.034142 0.023853 0.058023
v 0.028746 0.016038 0.059542
v 0.034556 0.015544 0.059638
v 0.029884 0.015941 0.059561
v 0.031651 0.015791 0.059590
v 0.033417 0.015641 0.059619
v 0.034622 0.015862 0.057254
v 0.035237 0.022823 0.055901
v 0.029951 0.016260 0.057177
v 0.030565 0.023220 0.055824
v 0.031717 0.016110 0.057206
v 0.032332 0.023070 0.055853
v 0.033484 0.015959 0.057236
v 0.034098 0.022919 0.055883
v 0.029427 0.023317 0.055805
v 0.028812 0.016357 0.057158
v 0.034929 0.019224 0.055965
v 0.030258 0.019621 0.055888
v 0.032024 0.019471 0.055917
v 0.033791 0.019320 0.055947
v 0.029119 0.019718 0.055869
v 0.028316 0.011275 0.061063
v 0.034125 0.010781 0.061159
v 0.029814 0.028254 0.057762
v 0.035624 0.027760 0.057858
v 0.029355 0.010062 0.061299
v 0.031063 0.009248 0.061457
v 0.032889 0.009761 0.061357
v 0.034617 0.028889 0.057639
v 0.032741 0.029782 0.057465
v 0.030737 0.029219 0.057575
v 0.029430 0.023904 0.058608
v 0.035240 0.023410 0.058704
v 0.028782 0.016559 0.060036
v 0.034592 0.016065 0.060132
v 0.034660 0.016393 0.057676
v 0.035195 0.022445 0.056492
v 0.029385 0.022940 0.056396
v 0.028850 0.016888 0.057580
v 0.034929 0.019337 0.056548
v 0.029119 0.019831 0.056452
v 0.032774 0.028522 0.057166
v 0.032774 0.028386 0.056464
v 0.034109 0.027841 0.057299
v 0.034109 0.027705 0.056597
v 0.034563 0.026433 0.057573
v 0.034563 0.026296 0.056870
v 0.033869 0.025122 0.057827
v 0.033869 0.024985 0.057125
v 0.032434 0.024676 0.057914
v 0.032434 0.024540 0.057212
v 0.031099 0.025357 0.057782
v 0.031099 0.025221 0.057079
v 0.030645 0.026766 0.057508
v 0.030645 0.026629 0.056806
v 0.031339 0.028077 0.057253
v 0.031339 0.027940 0.056551
v 0.032604 0.026463 0.056838
v 0.088636 0.045895 -0.021560
v -0.006017 0.158025 0.028421
v 0.017088 -0.000044 -0.012630
v -0.037091 0.138073 0.032299
v 0.089155 0.045465 -0.019611
v -0.005498 0.157595 0.030370
v 0.017607 -0.000474 -0.010681
v -0.036571 0.137643 0.034248
v 0.066219 0.000467 -0.025613
v -0.021554 0.148049 0.030360
v 0.066738 0.000037 -0.023664
v -0.021035 0.147619 0.032309
v -0.034297 0.140400 0.035408
v -0.027350 0.148158 0.033900
v -0.029586 0.144943 0.034525
v -0.033483 0.144221 0.034666
v -0.028982 0.148297 0.032824
v -0.030498 0.146116 0.033248
v -0.033142 0.145626 0.033343
v -0.029301 0.148489 0.033461
v -0.030677 0.146510 0.033846
v -0.033075 0.146066 0.033932
v -0.034297 0.140517 0.036014
v -0.025445 0.149388 0.033661
v -0.024880 0.146446 0.034233
v -0.031829 0.146046 0.033936
v -0.025445 0.149506 0.034267
v -0.024880 0.146564 0.034838
v -0.031768 0.145593 0.033292
v -0.031458 0.144194 0.034703
v -0.024751 0.151050 0.033966
v -0.024751 0.150933 0.033361
v -0.025458 0.147971 0.034565
v -0.025458 0.147854 0.033960
v -0.029781 0.147360 0.033680
v -0.029511 0.147042 0.033010
v -0.028131 0.146331 0.034288
v -0.029281 0.149711 0.033223
v -0.028959 0.149634 0.032506
v -0.027317 0.150151 0.033545
v -0.034224 0.146537 0.033840
v -0.034409 0.146135 0.033187
v -0.035351 0.144993 0.034548
v -0.008284 0.157102 0.032162
v -0.018309 0.153964 0.032772
v -0.014412 0.154686 0.032632
v -0.012176 0.157901 0.032007
v -0.017967 0.155369 0.031449
v -0.015324 0.155858 0.031354
v -0.013808 0.158040 0.030930
v -0.017901 0.155809 0.032038
v -0.015503 0.156253 0.031952
v -0.014127 0.158232 0.031567
v -0.008284 0.157220 0.032767
v -0.023567 0.152168 0.033121
v -0.020220 0.152744 0.033009
v -0.017700 0.151056 0.033337
v -0.014607 0.157103 0.031787
v -0.023567 0.152286 0.033726
v -0.020220 0.152861 0.033614
v -0.017700 0.151173 0.033942
v -0.014337 0.156785 0.031116
v -0.012957 0.156074 0.032394
v -0.021939 0.152856 0.033615
v -0.021939 0.152738 0.033010
v -0.018783 0.152257 0.033732
v -0.018783 0.152140 0.033127
v -0.016655 0.155788 0.032042
v -0.016594 0.155336 0.031398
v -0.016284 0.153937 0.032809
v -0.019050 0.156280 0.031947
v -0.019235 0.155878 0.031293
v -0.020177 0.154736 0.032654
v -0.014106 0.159454 0.031330
v -0.013785 0.159377 0.030613
v -0.012143 0.159894 0.031651
v -0.041387 0.151040 0.033340
v -0.037842 0.145720 0.034374
v -0.031361 0.154178 0.032730
v -0.035259 0.153456 0.032871
v -0.037494 0.150241 0.033496
v -0.028086 0.151984 0.033157
v -0.031703 0.152380 0.032030
v -0.036759 0.146415 0.034239
v -0.034346 0.151890 0.032125
v -0.035862 0.149709 0.032549
v -0.029481 0.150892 0.032319
v -0.035364 0.147114 0.033054
v -0.037842 0.145837 0.034980
v -0.031769 0.152193 0.032741
v -0.034167 0.151749 0.032827
v -0.035543 0.149770 0.033212
v -0.029754 0.150843 0.033004
v -0.035090 0.147416 0.033670
v -0.041387 0.151157 0.033946
v -0.029450 0.155398 0.032493
v -0.031970 0.157086 0.032165
v -0.035063 0.150898 0.032993
v -0.029450 0.155516 0.033098
v -0.031970 0.157204 0.032770
v -0.035333 0.150942 0.032252
v -0.036713 0.152080 0.033170
v -0.027731 0.155521 0.033097
v -0.027731 0.155404 0.032492
v -0.030887 0.156120 0.032981
v -0.030887 0.156002 0.032376
v -0.033015 0.152213 0.032737
v -0.033076 0.152392 0.031970
v -0.033386 0.154217 0.032755
v -0.030620 0.151721 0.032833
v -0.030436 0.151850 0.032076
v -0.029493 0.153418 0.032910
v -0.035564 0.148547 0.033450
v -0.035885 0.148351 0.032756
v -0.037527 0.148260 0.033913
v -0.015373 0.167742 0.030094
v -0.011828 0.162422 0.031128
v -0.022320 0.159984 0.031602
v -0.020084 0.163199 0.030977
v -0.016187 0.163921 0.030836
v -0.021584 0.156158 0.032345
v -0.020688 0.159452 0.030655
v -0.012912 0.161727 0.031263
v -0.019172 0.161633 0.030231
v -0.016529 0.162123 0.030136
v -0.020189 0.156857 0.031160
v -0.014306 0.160634 0.030426
v -0.011828 0.162540 0.031733
v -0.020369 0.159513 0.031318
v -0.018993 0.161492 0.030934
v -0.016595 0.161936 0.030847
v -0.019916 0.157159 0.031776
v -0.014580 0.160585 0.031110
v -0.024835 0.154071 0.032751
v -0.015373 0.167860 0.030699
v -0.026103 0.155974 0.032381
v -0.024225 0.158754 0.031841
v -0.024790 0.161696 0.031269
v -0.017841 0.161956 0.030843
v -0.026103 0.156091 0.032986
v -0.024225 0.158871 0.032446
v -0.024790 0.161813 0.031874
v -0.017902 0.162134 0.030077
v -0.018212 0.163960 0.030861
v -0.024919 0.157327 0.032746
v -0.024919 0.157209 0.032141
v -0.024212 0.160406 0.032148
v -0.024212 0.160288 0.031543
v -0.019889 0.160641 0.031099
v -0.020159 0.160685 0.030358
v -0.021539 0.161823 0.031276
v -0.020389 0.158290 0.031556
v -0.020711 0.158093 0.030862
v -0.022353 0.158003 0.032019
v -0.015446 0.161464 0.030939
v -0.015261 0.161592 0.030182
v -0.014319 0.163161 0.031016
v -0.035371 0.140437 0.034883
v -0.007978 0.158025 0.031464
v -0.035166 0.140301 0.035833
v -0.007773 0.157890 0.032414
v -0.034669 0.139629 0.036346
v -0.007277 0.157217 0.032927
v -0.034173 0.138812 0.036122
v -0.006781 0.156401 0.032703
v -0.033968 0.138331 0.035292
v -0.006575 0.155919 0.031874
v -0.034173 0.138467 0.034343
v -0.006781 0.156055 0.030924
v -0.034669 0.139139 0.033830
v -0.007277 0.156728 0.030411
v -0.035166 0.139956 0.034053
v -0.007773 0.157544 0.030635
v -0.007277 0.156972 0.031669
v -0.034669 0.139384 0.035088
v -0.029892 0.148541 0.033083
v -0.031007 0.146937 0.033394
v -0.032951 0.146577 0.033464
v -0.031941 0.146561 0.033468
v -0.030282 0.147626 0.033260
v -0.029876 0.149532 0.032890
v -0.033883 0.146959 0.033390
v -0.031893 0.151544 0.032499
v -0.033837 0.151183 0.032569
v -0.034952 0.149580 0.032881
v -0.030259 0.150449 0.032712
v -0.034585 0.147672 0.033252
v -0.034562 0.150494 0.032703
v -0.032903 0.151560 0.032496
v -0.030961 0.151161 0.032573
v -0.034968 0.148589 0.033073
v -0.032422 0.149060 0.032982
v -0.029227 0.148498 0.033592
v -0.030635 0.146473 0.033986
v -0.033090 0.146018 0.034074
v -0.031815 0.145997 0.034078
v -0.029719 0.147343 0.033816
v -0.029206 0.149750 0.033349
v -0.034267 0.146501 0.033980
v -0.031754 0.152290 0.032855
v -0.034209 0.151836 0.032943
v -0.035617 0.149810 0.033337
v -0.029690 0.150908 0.033123
v -0.035154 0.147400 0.033805
v -0.035125 0.150965 0.033112
v -0.033029 0.152311 0.032851
v -0.030577 0.151808 0.032949
v -0.035638 0.148558 0.033580
v -0.017777 0.156320 0.031571
v -0.015833 0.156680 0.031501
v -0.014718 0.158284 0.031189
v -0.015108 0.157369 0.031367
v -0.016767 0.156304 0.031574
v -0.018709 0.156702 0.031496
v -0.014702 0.159275 0.030996
v -0.019778 0.159323 0.030987
v -0.018663 0.160926 0.030675
v -0.016719 0.161286 0.030605
v -0.019411 0.157415 0.031358
v -0.015085 0.160192 0.030818
v -0.017729 0.161303 0.030602
v -0.019388 0.160237 0.030809
v -0.019794 0.158331 0.031180
v -0.015787 0.160904 0.030680
v -0.017248 0.158803 0.031088
v -0.017916 0.155761 0.032180
v -0.015461 0.156216 0.032092
v -0.014053 0.158241 0.031698
v -0.014545 0.157086 0.031923
v -0.016641 0.155740 0.032184
v -0.019093 0.156243 0.032086
v -0.014032 0.159493 0.031455
v -0.020443 0.159553 0.031443
v -0.019035 0.161579 0.031049
v -0.016580 0.162033 0.030961
v -0.019980 0.157143 0.031911
v -0.014516 0.160651 0.031230
v -0.017855 0.162054 0.030957
v -0.019951 0.160708 0.031219
v -0.020464 0.158301 0.031686
v -0.015403 0.161551 0.031055
v -0.033735 0.139365 0.034583
v -0.023888 0.142520 0.032631
v -0.027689 0.141789 0.033495
v -0.030021 0.138583 0.033396
v -0.024041 0.140704 0.033351
v -0.026619 0.140208 0.033937
v -0.028201 0.138033 0.033870
v -0.024292 0.140534 0.032678
v -0.026630 0.140085 0.033210
v -0.028065 0.138112 0.033149
v -0.033893 0.139497 0.034002
v -0.021978 0.143740 0.032391
v -0.024318 0.145411 0.033407
v -0.027541 0.139236 0.033263
v -0.022135 0.143873 0.031810
v -0.024476 0.145544 0.032826
v -0.027608 0.139260 0.034049
v -0.029177 0.140416 0.033552
v -0.020475 0.143884 0.031362
v -0.020317 0.143752 0.031943
v -0.023490 0.144469 0.032313
v -0.023332 0.144337 0.032895
v -0.025493 0.140550 0.033007
v -0.025351 0.140710 0.033768
v -0.025849 0.142553 0.033137
v -0.023208 0.140069 0.032277
v -0.022831 0.140179 0.032963
v -0.022135 0.141771 0.031951
v -0.028151 0.136895 0.032894
v -0.028281 0.136680 0.033643
v -0.030169 0.136613 0.032953
v -0.007722 0.156067 0.031336
v -0.014847 0.148326 0.031502
v -0.012515 0.151532 0.031602
v -0.008714 0.152263 0.030737
v -0.013027 0.147776 0.031976
v -0.011445 0.149951 0.032044
v -0.008867 0.150447 0.031457
v -0.012891 0.147854 0.031255
v -0.011456 0.149827 0.031316
v -0.009118 0.150277 0.030784
v -0.007880 0.156200 0.030755
v -0.018715 0.144324 0.031639
v -0.016752 0.147096 0.031739
v -0.017139 0.150021 0.032511
v -0.010319 0.150293 0.031113
v -0.018873 0.144456 0.031058
v -0.016910 0.147228 0.031158
v -0.017297 0.150153 0.031930
v -0.010177 0.150452 0.031874
v -0.010675 0.152296 0.031243
v -0.017663 0.145690 0.031011
v -0.017506 0.145557 0.031592
v -0.016815 0.148755 0.031480
v -0.016657 0.148622 0.032062
v -0.012367 0.148978 0.031369
v -0.012434 0.149003 0.032155
v -0.014002 0.150159 0.031659
v -0.012977 0.146638 0.031000
v -0.013107 0.146423 0.031749
v -0.014995 0.146355 0.031059
v -0.008034 0.149812 0.030383
v -0.007657 0.149922 0.031069
v -0.006961 0.151514 0.030057
v -0.027467 0.128803 0.030471
v -0.030601 0.134084 0.032527
v -0.020342 0.136545 0.030304
v -0.022674 0.133338 0.030205
v -0.026475 0.132607 0.031070
v -0.020845 0.140348 0.031309
v -0.021635 0.136651 0.031773
v -0.029518 0.134779 0.032391
v -0.023217 0.134476 0.031705
v -0.025795 0.133980 0.032292
v -0.021977 0.139231 0.032454
v -0.027860 0.135453 0.033189
v -0.030759 0.134217 0.031946
v -0.022109 0.136857 0.031246
v -0.023544 0.134884 0.031185
v -0.025883 0.134434 0.031717
v -0.022419 0.139198 0.031864
v -0.027756 0.135771 0.032530
v -0.027625 0.128936 0.029889
v -0.018437 0.137774 0.030068
v -0.018050 0.134849 0.029295
v -0.024682 0.134419 0.031387
v -0.018595 0.137907 0.029487
v -0.018208 0.134982 0.028714
v -0.024457 0.133950 0.031982
v -0.024531 0.132588 0.030504
v -0.017841 0.139446 0.029634
v -0.017683 0.139313 0.030215
v -0.018689 0.136380 0.029164
v -0.018532 0.136248 0.029745
v -0.022634 0.135733 0.031132
v -0.022199 0.135399 0.031700
v -0.021203 0.134725 0.030089
v -0.022024 0.138074 0.031500
v -0.021526 0.137980 0.032106
v -0.020210 0.138528 0.030688
v -0.026967 0.134900 0.032117
v -0.026976 0.134481 0.032787
v -0.028244 0.133370 0.031691
v -0.001454 0.145505 0.027224
v -0.004588 0.150786 0.029280
v -0.011301 0.142350 0.029176
v -0.007500 0.143081 0.028311
v -0.005168 0.146288 0.028410
v -0.014344 0.144522 0.030498
v -0.010621 0.143723 0.030398
v -0.005671 0.150091 0.029415
v -0.008043 0.144219 0.029812
v -0.006461 0.146394 0.029879
v -0.012685 0.145196 0.031295
v -0.006802 0.148974 0.030560
v -0.004746 0.150919 0.028699
v -0.010709 0.144177 0.029823
v -0.008370 0.144627 0.029291
v -0.006935 0.146600 0.029352
v -0.012582 0.145514 0.030637
v -0.007245 0.148941 0.029970
v -0.017595 0.142435 0.030903
v -0.001612 0.145638 0.026643
v -0.016474 0.140546 0.030168
v -0.013211 0.141130 0.029416
v -0.010871 0.139459 0.028399
v -0.007460 0.145476 0.029238
v -0.016631 0.140679 0.029587
v -0.013369 0.141262 0.028835
v -0.011028 0.139592 0.027818
v -0.007025 0.145142 0.029806
v -0.006029 0.144467 0.028195
v -0.015029 0.141251 0.029283
v -0.014872 0.141119 0.029864
v -0.012014 0.140666 0.028331
v -0.011857 0.140534 0.028912
v -0.009508 0.144161 0.029494
v -0.009282 0.143693 0.030088
v -0.009356 0.142331 0.028611
v -0.011793 0.144643 0.030224
v -0.011802 0.144223 0.030893
v -0.013070 0.143113 0.029797
v -0.006849 0.147817 0.029607
v -0.006352 0.147722 0.030213
v -0.005036 0.148271 0.028794
v -0.024419 0.139945 0.032778
v -0.026317 0.139578 0.033200
v -0.027479 0.137979 0.033143
v -0.027054 0.138890 0.033239
v -0.025394 0.139957 0.033040
v -0.023539 0.139568 0.032456
v -0.027547 0.136993 0.032935
v -0.022644 0.136967 0.031621
v -0.023806 0.135367 0.031564
v -0.025703 0.135001 0.031986
v -0.022898 0.138863 0.032124
v -0.027225 0.136082 0.032640
v -0.024729 0.134989 0.031724
v -0.023068 0.136055 0.031525
v -0.022576 0.137952 0.031829
v -0.026584 0.135377 0.032308
v -0.025061 0.137473 0.032382
v -0.024374 0.140701 0.032418
v -0.026771 0.140239 0.032951
v -0.028238 0.138218 0.032879
v -0.027702 0.139369 0.033000
v -0.025606 0.140716 0.032750
v -0.023263 0.140226 0.032012
v -0.028325 0.136973 0.032617
v -0.022132 0.136940 0.030957
v -0.023600 0.134919 0.030885
v -0.025996 0.134457 0.031419
v -0.022453 0.139335 0.031592
v -0.027917 0.135823 0.032245
v -0.024765 0.134442 0.031087
v -0.022668 0.135789 0.030836
v -0.022046 0.138185 0.031220
v -0.027108 0.134932 0.031824
v -0.012301 0.147732 0.031330
v -0.011139 0.149331 0.031387
v -0.009242 0.149698 0.030965
v -0.010217 0.149710 0.031227
v -0.011877 0.148643 0.031426
v -0.012370 0.146746 0.031122
v -0.008362 0.149321 0.030643
v -0.010526 0.144754 0.030173
v -0.008628 0.145120 0.029751
v -0.007467 0.146720 0.029808
v -0.012047 0.145836 0.030827
v -0.007721 0.148616 0.030311
v -0.007891 0.145808 0.029712
v -0.009551 0.144742 0.029911
v -0.011406 0.145130 0.030495
v -0.007398 0.147705 0.030016
v -0.009884 0.147226 0.030569
v -0.013061 0.147971 0.031066
v -0.011593 0.149992 0.031138
v -0.009197 0.150454 0.030605
v -0.010428 0.150469 0.030937
v -0.012525 0.149122 0.031187
v -0.013147 0.146726 0.030804
v -0.008085 0.149979 0.030199
v -0.010818 0.144210 0.029606
v -0.008422 0.144672 0.029072
v -0.006954 0.146693 0.029144
v -0.012740 0.145576 0.030432
v -0.007275 0.149088 0.029779
v -0.007490 0.145542 0.029023
v -0.009587 0.144195 0.029274
v -0.011930 0.144685 0.030011
v -0.006868 0.147938 0.029406
vn -0.0000 0.1908 0.9816
vn 1.0000 -0.0000 -0.0000
vn -1.0000 -0.0000 -0.0000
vn -0.0000 -0.9816 0.1908
vn -0.0000 0.9816 -0.1908
vn 0.1542 -0.9659 0.2081
vn 0.1497 -0.9736 0.1722
vn 0.3968 -0.9033 0.1632
vn 0.3997 -0.8969 0.1892
vn -0.6527 0.7231 0.2261
vn -0.6716 0.7062 0.2239
vn -0.6288 0.6860 0.3660
vn -0.6077 0.7075 0.3607
vn -0.9165 0.3951 -0.0623
vn -0.9178 0.3870 -0.0882
vn -0.9886 0.1436 -0.0458
vn -0.9878 0.1553 -0.0104
vn -0.9999 -0.0035 -0.0140
vn -0.9999 -0.0020 -0.0143
vn -0.8868 -0.0872 -0.4538
vn -0.8868 -0.0892 -0.4534
vn 0.6697 -0.7087 -0.2220
vn 0.6516 -0.7249 -0.2234
vn 0.6046 -0.7083 -0.3643
vn 0.6276 -0.6906 -0.3594
vn 0.6257 -0.5032 0.5960
vn 0.6032 -0.5240 0.6014
vn 0.6504 -0.5918 0.4762
vn 0.6667 -0.5720 0.4778
vn -0.6083 0.5248 -0.5955
vn -0.6262 0.4990 -0.5991
vn -0.6694 0.5710 -0.4753
vn -0.6527 0.5907 -0.4745
vn 0.9098 -0.4097 0.0663
vn 0.9113 -0.4017 0.0908
vn 0.8805 -0.4631 0.1008
vn 0.8778 -0.4725 0.0787
vn 0.8868 -0.0892 -0.4534
vn 0.8868 -0.0872 -0.4538
vn 0.9999 -0.0020 -0.0143
vn 0.9999 -0.0035 -0.0140
vn -0.0010 0.1514 0.9885
vn 0.0010 0.1514 0.9885
vn 0.0009 0.2236 0.9747
vn -0.0009 0.2236 0.9747
vn -0.9999 0.0025 0.0165
vn -0.6263 -0.7695 0.1250
vn -0.6235 -0.7616 0.1766
vn -0.4787 0.8591 -0.1810
vn -0.4738 0.8664 -0.1577
vn -0.4116 0.8969 -0.1616
vn -0.4146 0.8904 -0.1877
vn -0.0009 -0.9843 0.1766
vn 0.0009 -0.9843 0.1766
vn 0.0009 -0.9783 0.2072
vn -0.0009 -0.9783 0.2072
vn 0.4244 -0.5954 -0.6822
vn 0.4658 -0.5783 -0.6697
vn -0.2594 0.9511 -0.1678
vn -0.2589 0.9448 -0.2009
vn -0.4410 0.6052 0.6628
vn -0.4588 0.5647 0.6859
vn -0.0334 -0.1915 -0.9809
vn 0.0319 -0.1914 -0.9810
vn -0.0006 0.9857 -0.1684
vn -0.0005 0.9773 -0.2118
vn -0.0010 -0.1596 -0.9872
vn -0.0010 -0.2237 -0.9747
vn -0.4547 0.2677 -0.8495
vn -0.4404 0.3127 -0.8416
vn 0.9998 -0.0045 -0.0209
vn 0.9997 0.0039 0.0225
vn 0.9656 -0.2514 0.0659
vn 0.9659 -0.2567 0.0332
vn -0.7811 -0.6070 0.1464
vn -0.7793 -0.6193 0.0956
vn 0.0336 0.1899 0.9812
vn -0.0397 0.1899 0.9810
vn 0.4221 -0.2998 0.8555
vn 0.4676 -0.2868 0.8361
vn 0.7725 0.1204 0.6235
vn 0.8421 -0.3035 0.4458
vn -0.1462 -0.7316 0.6658
vn -0.8869 0.0872 0.4537
vn 0.8151 -0.4729 0.3347
vn 0.4260 -0.8139 0.3951
vn -0.0013 -0.7824 0.6228
vn -0.8446 -0.0471 0.5334
vn -0.3830 0.8991 0.2120
vn -0.0011 0.8794 0.4761
vn -0.8729 0.4664 0.1432
vn -0.5281 0.8456 0.0784
vn -0.9999 0.0039 0.0162
vn 0.7725 0.1220 0.6232
vn 0.0337 0.1914 0.9809
vn 0.9997 0.0048 0.0223
vn -0.8869 0.0891 0.4534
vn -0.5753 0.8174 0.0288
vn -0.8253 0.5634 0.0388
vn 0.7969 -0.5296 0.2906
vn 0.5442 -0.7828 0.3017
vn -0.0010 0.6373 -0.7707
vn -0.3775 0.7536 -0.5381
vn -0.8306 -0.2941 -0.4728
vn -0.0012 -0.9587 -0.2844
vn -0.5412 0.7530 -0.3742
vn -0.8760 0.3677 -0.3122
vn -0.1916 -0.9172 -0.3493
vn 0.8427 -0.4398 -0.3106
vn 0.7726 -0.1219 -0.6231
vn 0.4257 -0.9028 -0.0617
vn 0.8080 -0.5793 -0.1071
vn 0.0013 -0.7824 0.6228
vn 0.0010 0.6373 -0.7707
vn 0.0009 -0.1596 -0.9872
vn -0.5914 0.7435 -0.3122
vn 0.7876 -0.6147 -0.0435
vn 0.5439 -0.8390 0.0134
vn 0.7726 -0.1204 -0.6234
vn 0.9998 -0.0037 -0.0211
vn -0.0334 -0.1900 -0.9812
vn -0.8280 0.5019 -0.2500
vn 0.0010 -0.2236 -0.9747
vn 0.0012 -0.9587 -0.2844
vn 0.0006 0.9773 -0.2118
vn 0.0011 0.8794 0.4761
vn 0.0006 0.9857 -0.1684
vn 0.0318 -0.1900 -0.9813
vn -0.0397 0.1914 0.9807
vn -0.1542 -0.9659 0.2081
vn -0.3997 -0.8969 0.1892
vn -0.3968 -0.9033 0.1632
vn -0.1497 -0.9736 0.1722
vn 0.6527 0.7231 0.2261
vn 0.6077 0.7075 0.3607
vn 0.6288 0.6860 0.3661
vn 0.6716 0.7062 0.2239
vn 0.9165 0.3951 -0.0623
vn 0.9878 0.1553 -0.0104
vn 0.9886 0.1436 -0.0458
vn 0.9178 0.3870 -0.0882
vn -0.6697 -0.7087 -0.2220
vn -0.6276 -0.6906 -0.3595
vn -0.6046 -0.7083 -0.3643
vn -0.6516 -0.7249 -0.2234
vn -0.6257 -0.5032 0.5960
vn -0.6667 -0.5720 0.4778
vn -0.6504 -0.5918 0.4762
vn -0.6032 -0.5240 0.6014
vn 0.6083 0.5248 -0.5955
vn 0.6527 0.5907 -0.4745
vn 0.6694 0.5710 -0.4753
vn 0.6262 0.4990 -0.5991
vn -0.9098 -0.4097 0.0663
vn -0.8778 -0.4725 0.0787
vn -0.8805 -0.4631 0.1008
vn -0.9113 -0.4017 0.0908
vn 0.0013 0.7823 -0.6228
vn -0.0013 0.7824 -0.6228
vn -0.0009 0.9788 -0.2050
vn 0.0009 0.9788 -0.2050
vn 0.9999 0.0025 0.0165
vn 0.6235 -0.7616 0.1766
vn 0.6263 -0.7695 0.1250
vn 0.4787 0.8591 -0.1810
vn 0.4147 0.8904 -0.1877
vn 0.4116 0.8969 -0.1616
vn 0.4738 0.8664 -0.1577
vn -0.4261 -0.5967 -0.6800
vn -0.4658 -0.5783 -0.6698
vn 0.2593 0.9511 -0.1678
vn 0.2589 0.9448 -0.2009
vn 0.4572 0.5635 0.6880
vn 0.4410 0.6052 0.6628
vn 0.0334 -0.1914 -0.9809
vn -0.0318 -0.1915 -0.9810
vn 0.4404 0.3127 -0.8416
vn 0.4560 0.2692 -0.8483
vn -0.9998 -0.0045 -0.0209
vn -0.9659 -0.2567 0.0332
vn -0.9656 -0.2514 0.0659
vn -0.9997 0.0039 0.0225
vn 0.7793 -0.6193 0.0956
vn 0.7811 -0.6070 0.1464
vn -0.0337 0.1900 0.9812
vn -0.4676 -0.2867 0.8361
vn -0.4235 -0.3015 0.8543
vn 0.0397 0.1899 0.9810
vn -0.8421 -0.3035 0.4458
vn -0.7725 0.1204 0.6235
vn 0.8869 0.0872 0.4537
vn 0.1462 -0.7316 0.6658
vn -0.8151 -0.4729 0.3347
vn -0.4260 -0.8139 0.3951
vn 0.8446 -0.0471 0.5334
vn 0.3830 0.8991 0.2120
vn 0.8729 0.4664 0.1432
vn 0.5281 0.8456 0.0784
vn 0.9999 0.0039 0.0162
vn -0.0336 0.1915 0.9809
vn -0.7725 0.1220 0.6232
vn -0.9997 0.0048 0.0223
vn 0.8869 0.0892 0.4533
vn 0.5753 0.8174 0.0288
vn 0.8253 0.5634 0.0388
vn -0.7969 -0.5296 0.2906
vn -0.5442 -0.7828 0.3017
vn 0.3775 0.7536 -0.5381
vn 0.8306 -0.2941 -0.4728
vn 0.5412 0.7530 -0.3742
vn 0.8760 0.3677 -0.3122
vn 0.1916 -0.9172 -0.3493
vn -0.7726 -0.1219 -0.6231
vn -0.8427 -0.4398 -0.3106
vn -0.4257 -0.9028 -0.0617
vn -0.8080 -0.5794 -0.1071
vn 0.5914 0.7435 -0.3122
vn -0.7876 -0.6147 -0.0435
vn -0.5439 -0.8390 0.0134
vn -0.7726 -0.1204 -0.6234
vn -0.9998 -0.0037 -0.0211
vn 0.0334 -0.1899 -0.9812
vn 0.8280 0.5020 -0.2500
vn -0.0319 -0.1900 -0.9813
vn 0.0397 0.1914 0.9807
vn 0.1542 0.9735 -0.1689
vn 0.3997 0.9025 -0.1606
vn 0.3968 0.8987 -0.1870
vn 0.1497 0.9672 -0.2051
vn -0.6527 -0.5858 0.4805
vn -0.6077 -0.5209 0.5994
vn -0.6288 -0.4989 0.5964
vn -0.6716 -0.5710 0.4721
vn -0.9165 -0.3897 0.0903
vn -0.9878 -0.1479 0.0485
vn -0.9886 -0.1503 0.0114
vn -0.9178 -0.3919 0.0632
vn 0.6697 0.5739 -0.4713
vn 0.6276 0.5056 -0.5920
vn 0.6046 0.5203 -0.6032
vn 0.6516 0.5885 -0.4787
vn 0.6257 0.6899 0.3641
vn 0.6667 0.7094 0.2287
vn 0.6504 0.7271 0.2198
vn 0.6032 0.7111 0.3613
vn -0.6083 -0.7097 -0.3555
vn -0.6527 -0.7254 -0.2186
vn -0.6694 -0.7075 -0.2268
vn -0.6262 -0.6871 -0.3685
vn 0.9098 0.4047 -0.0920
vn 0.8778 0.4676 -0.1040
vn 0.8806 0.4671 -0.0800
vn 0.9113 0.4065 -0.0663
vn -0.0009 0.1578 0.9875
vn 0.0010 0.1578 0.9875
vn 0.0010 0.2299 0.9732
vn -0.0010 0.2298 0.9732
vn -0.6235 0.7723 -0.1216
vn -0.6263 0.7603 -0.1724
vn -0.4788 -0.8643 0.1540
vn -0.4147 -0.8959 0.1595
vn -0.4117 -0.8921 0.1862
vn -0.4738 -0.8623 0.1784
vn -0.0009 0.9847 -0.1744
vn 0.0009 0.9847 -0.1745
vn 0.4261 0.2985 -0.8540
vn 0.4658 0.2853 -0.8376
vn -0.2594 -0.9447 0.2007
vn -0.2589 -0.9512 0.1677
vn -0.4572 -0.2647 0.8490
vn -0.4410 -0.3128 0.8412
vn -0.0006 -0.9770 0.2131
vn -0.0006 -0.9855 0.1698
vn -0.0009 -0.2218 -0.9751
vn -0.4404 -0.6052 -0.6631
vn -0.4560 -0.5673 -0.6857
vn -0.0010 -0.1578 -0.9875
vn 0.9659 0.2505 -0.0653
vn 0.9656 0.2578 -0.0330
vn -0.7793 0.6101 -0.1433
vn -0.7811 0.6176 -0.0917
vn 0.4676 0.5791 0.6678
vn 0.4235 0.5995 0.6791
vn 0.8421 0.4484 0.2996
vn -0.1462 0.9278 0.3433
vn 0.8151 0.5638 0.1332
vn 0.4260 0.9026 0.0615
vn -0.8446 0.2435 0.4769
vn -0.0013 0.9587 0.2843
vn -0.0011 -0.6370 0.7708
vn -0.3830 -0.7542 0.5334
vn -0.8729 -0.3788 0.3075
vn -0.5281 -0.7546 0.3895
vn -0.5753 -0.7471 0.3329
vn -0.8253 -0.5079 0.2471
vn 0.7969 0.5999 0.0711
vn 0.5442 0.8388 -0.0136
vn -0.3774 -0.9003 -0.2166
vn -0.0010 -0.8795 -0.4758
vn -0.8306 0.0956 -0.5486
vn -0.5412 -0.8384 -0.0649
vn -0.8760 -0.4579 -0.1517
vn -0.1916 0.7196 -0.6675
vn 0.8427 0.2914 -0.4527
vn 0.4257 0.8139 -0.3954
vn 0.8080 0.4970 -0.3164
vn 0.0013 0.9587 0.2843
vn 0.0009 -0.2218 -0.9751
vn 0.0010 -0.8795 -0.4758
vn -0.5914 -0.8063 -0.0109
vn 0.7876 0.5536 -0.2706
vn 0.5439 0.7830 -0.3019
vn -0.8280 -0.5591 -0.0438
vn 0.0010 -0.1578 -0.9875
vn 0.0006 -0.9855 0.1698
vn 0.0011 -0.6371 0.7708
vn 0.0006 -0.9770 0.2132
vn -0.1542 0.9735 -0.1688
vn -0.1497 0.9672 -0.2051
vn -0.3968 0.8987 -0.1870
vn -0.3997 0.9025 -0.1606
vn 0.6527 -0.5858 0.4805
vn 0.6716 -0.5710 0.4721
vn 0.6288 -0.4989 0.5964
vn 0.6077 -0.5209 0.5995
vn 0.9165 -0.3897 0.0903
vn 0.9178 -0.3919 0.0632
vn 0.9886 -0.1503 0.0114
vn 0.9878 -0.1479 0.0485
vn -0.6697 0.5739 -0.4713
vn -0.6516 0.5885 -0.4787
vn -0.6046 0.5203 -0.6032
vn -0.6276 0.5056 -0.5920
vn -0.6257 0.6899 0.3641
vn -0.6032 0.7111 0.3613
vn -0.6504 0.7271 0.2198
vn -0.6667 0.7094 0.2287
vn 0.6083 -0.7097 -0.3555
vn 0.6262 -0.6871 -0.3685
vn 0.6694 -0.7075 -0.2268
vn 0.6527 -0.7254 -0.2186
vn -0.9098 0.4047 -0.0920
vn -0.9113 0.4065 -0.0663
vn -0.8806 0.4671 -0.0800
vn -0.8778 0.4676 -0.1040
vn 0.6262 0.7603 -0.1724
vn 0.6235 0.7723 -0.1215
vn 0.4787 -0.8643 0.1540
vn 0.4738 -0.8623 0.1784
vn 0.4116 -0.8921 0.1862
vn 0.4146 -0.8959 0.1595
vn -0.4244 0.2965 -0.8556
vn -0.4658 0.2853 -0.8376
vn 0.2594 -0.9447 0.2007
vn 0.2590 -0.9512 0.1677
vn 0.4410 -0.3128 0.8412
vn 0.4589 -0.2667 0.8476
vn 0.4547 -0.5664 -0.6873
vn 0.4404 -0.6052 -0.6631
vn -0.9656 0.2578 -0.0331
vn -0.9659 0.2505 -0.0653
vn 0.7811 0.6176 -0.0917
vn 0.7793 0.6101 -0.1433
vn -0.4221 0.5985 0.6809
vn -0.4676 0.5791 0.6678
vn -0.8421 0.4484 0.2996
vn 0.1462 0.9278 0.3433
vn -0.8151 0.5638 0.1332
vn -0.4260 0.9026 0.0615
vn 0.8446 0.2435 0.4769
vn 0.3830 -0.7542 0.5334
vn 0.8729 -0.3788 0.3075
vn 0.5281 -0.7546 0.3895
vn 0.5753 -0.7471 0.3329
vn 0.8253 -0.5078 0.2470
vn -0.7970 0.5998 0.0710
vn -0.5442 0.8389 -0.0136
vn 0.3775 -0.9003 -0.2166
vn 0.8306 0.0955 -0.5486
vn 0.5412 -0.8384 -0.0649
vn 0.8760 -0.4579 -0.1517
vn 0.1916 0.7196 -0.6675
vn -0.8427 0.2914 -0.4527
vn -0.4257 0.8139 -0.3954
vn -0.8080 0.4970 -0.3164
vn 0.5914 -0.8063 -0.0109
vn -0.7876 0.5537 -0.2706
vn -0.5439 0.7829 -0.3019
vn 0.8280 -0.5590 -0.0438
vn -0.0000 -0.1908 -0.9816
vn 0.1279 -0.7115 -0.6910
vn 0.1280 -0.7115 -0.6909
vn 0.2150 -0.9761 -0.0328
vn 0.1279 -0.7115 -0.6909
vn -0.2087 0.8460 -0.4907
vn -0.1227 0.3749 -0.9189
vn -0.1227 0.3748 -0.9189
vn -0.9990 -0.0428 0.0083
vn -0.9754 -0.2162 0.0420
vn 0.9208 0.3828 -0.0744
vn 0.3295 0.9268 -0.1802
vn 0.3295 0.9268 -0.1801
vn 0.9999 0.0116 -0.0023
vn 0.9754 0.2162 -0.0420
vn 0.9999 0.0117 -0.0022
vn -0.9080 -0.4113 0.0799
vn -0.3295 -0.9268 0.1801
vn -0.7032 0.6979 -0.1357
vn -0.2203 0.9575 -0.1861
vn 0.7032 -0.6979 0.1357
vn 0.2203 -0.9575 0.1861
vn 0.1296 -0.7177 -0.6842
vn 0.4975 -0.4627 -0.7338
vn 0.8455 -0.5242 0.1019
vn 0.5739 -0.0270 -0.8185
vn 0.3142 0.3341 -0.8886
vn 0.5340 0.8300 -0.1613
vn -0.1296 0.4091 -0.9032
vn -0.4975 0.1541 -0.8537
vn -0.8455 0.5242 -0.1019
vn -0.5739 -0.2815 -0.7690
vn -0.3142 -0.6426 -0.6988
vn -0.5340 -0.8300 0.1613
vn 0.0501 0.4127 -0.9095
vn 0.0842 0.9127 -0.3999
vn -0.0818 -0.9876 -0.1342
vn -0.0481 -0.7032 -0.7094
vn -0.9958 -0.0902 0.0175
vn -0.9963 0.0847 -0.0165
vn 0.9651 -0.2570 0.0500
vn 0.9651 -0.2570 0.0499
vn 0.4541 -0.8746 0.1700
vn 0.9928 0.1174 -0.0228
vn 0.9963 -0.0847 0.0165
vn -0.9705 0.2366 -0.0460
vn -0.4694 0.8667 -0.1685
vn -0.6006 -0.7849 0.1526
vn -0.0863 -0.9780 0.1901
vn 0.5812 0.7988 -0.1553
vn 0.0863 0.9780 -0.1901
vn 0.7655 0.6316 -0.1228
vn 0.4504 0.2174 -0.8660
vn 0.0508 0.4212 -0.9056
vn 0.5862 -0.2041 -0.7840
vn 0.6434 -0.7514 0.1461
vn 0.3786 -0.5964 -0.7078
vn -0.0508 -0.7297 -0.6819
vn -0.7655 -0.6316 0.1228
vn -0.4504 -0.5259 -0.7215
vn -0.5862 -0.1044 -0.8034
vn -0.6434 0.7514 -0.1461
vn -0.3786 0.2879 -0.8797
vn -0.2519 0.2086 -0.9450
vn -0.9024 -0.4033 0.1515
vn 0.2519 -0.2086 0.9450
vn 0.7508 0.6582 -0.0548
vn 0.8614 -0.3968 -0.3172
vn -0.4860 0.8172 0.3099
vn -0.0438 -0.9779 -0.2042
vn 0.4459 -0.4593 -0.7682
vn 0.2227 -0.3329 -0.9163
vn 0.2678 -0.2385 -0.9335
vn 0.5311 -0.2693 -0.8034
vn 0.5305 -0.0623 -0.8454
vn 0.2650 -0.1346 -0.9548
vn 0.2289 -0.0365 -0.9728
vn 0.4541 0.1313 -0.8812
vn -0.3043 -0.5983 -0.7412
vn -0.1520 -0.4024 -0.9028
vn -0.0560 -0.4464 -0.8931
vn -0.1111 -0.6816 -0.7232
vn 0.0127 -0.1826 -0.9831
vn 0.0033 -0.1861 -0.9825
vn 0.1001 -0.6814 -0.7251
vn 0.0500 -0.4438 -0.8947
vn 0.1497 -0.4083 -0.9005
vn 0.2970 -0.6060 -0.7379
vn -0.8883 -0.2462 -0.3877
vn -0.7563 -0.5673 -0.3258
vn -0.1677 0.7904 -0.5892
vn -0.4947 0.6608 -0.5645
vn 0.5096 0.6514 -0.5622
vn 0.1850 0.7867 -0.5890
vn -0.7467 0.4186 -0.5170
vn -0.8846 0.0999 -0.4555
vn -0.8369 -0.5373 0.1045
vn 0.9827 0.1820 -0.0354
vn 0.9826 0.1821 -0.0354
vn 0.9275 0.3669 -0.0713
vn 0.8333 -0.5426 0.1055
vn 0.9756 -0.2156 0.0419
vn 0.5474 -0.8215 0.1597
vn -0.4541 -0.4518 -0.7679
vn -0.2289 -0.3305 -0.9156
vn 0.7563 0.4039 -0.5146
vn 0.0005 -0.1853 -0.9827
vn -0.0018 -0.1815 -0.9834
vn -0.0041 -0.1935 -0.9811
vn -0.0037 -0.1944 -0.9809
vn -0.0037 -0.1883 -0.9821
vn -0.0080 -0.1787 -0.9839
vn -0.0080 -0.1855 -0.9826
vn -0.0078 -0.1922 -0.9813
vn -0.0062 -0.1921 -0.9814
vn -0.0062 -0.1918 -0.9814
vn 0.2650 -0.1347 -0.9548
vn -0.0127 -0.1989 -0.9799
vn -0.0057 -0.1918 -0.9814
vn 0.1498 -0.4083 -0.9005
vn 0.2227 -0.3330 -0.9163
vn -0.8883 -0.2462 -0.3878
vn 0.8369 0.5373 -0.1045
vn -0.5637 -0.8108 0.1576
vn -0.7142 -0.6871 0.1336
vn 0.1725 -0.9669 0.1879
vn -0.1897 -0.9638 0.1873
vn 0.1726 -0.9669 0.1879
vn -0.0055 -0.1890 -0.9820
vn -0.0079 -0.1855 -0.9826
vn 0.0042 -0.1881 -0.9821
vn 0.0046 -0.1890 -0.9820
vn -0.0008 -0.1864 -0.9825
vn 0.0045 -0.1844 -0.9828
vn 0.0034 -0.1857 -0.9826
vn 0.0037 -0.1858 -0.9826
vn -0.1001 0.3601 -0.9275
vn 0.1111 0.3611 -0.9259
vn 0.0560 0.0793 -0.9953
vn -0.0500 0.0764 -0.9958
vn 0.3043 0.2771 -0.9114
vn 0.1520 0.0349 -0.9878
vn -0.5305 -0.2589 -0.8072
vn -0.5311 -0.0513 -0.8458
vn -0.2678 -0.1286 -0.9549
vn -0.2650 -0.2328 -0.9357
vn 0.0058 -0.1897 -0.9818
vn -0.4459 0.1381 -0.8844
vn -0.2970 0.2855 -0.9112
vn -0.1497 0.0412 -0.9879
vn -0.2227 -0.0345 -0.9743
vn -0.5096 -0.8145 -0.2773
vn 0.4947 -0.8241 -0.2759
vn 0.7467 -0.5818 -0.3225
vn 0.8846 -0.2633 -0.3849
vn 0.8883 0.0830 -0.4517
vn -0.1850 -0.9500 -0.2514
vn 0.1677 -0.9536 -0.2502
vn 0.5637 0.8108 -0.1576
vn 0.7142 0.6871 -0.1336
vn 0.5636 0.8108 -0.1576
vn -0.1725 0.9669 -0.1879
vn 0.1897 0.9638 -0.1873
vn -0.5474 0.8215 -0.1597
vn 0.0054 -0.1926 -0.9813
vn 0.0079 -0.1961 -0.9806
vn -0.0047 -0.1926 -0.9813
vn 0.0009 -0.1952 -0.9808
vn 0.0018 -0.2001 -0.9798
vn 0.0080 -0.2029 -0.9792
vn -0.0045 -0.1972 -0.9803
vn -0.0035 -0.1959 -0.9806
vn -0.0036 -0.1959 -0.9806
vn -0.2227 -0.0346 -0.9743
vn -0.2650 -0.2329 -0.9357
vn -0.0033 -0.1955 -0.9807
vn 0.1677 -0.9536 -0.2503
vn 0.8369 0.5373 -0.1044
vn -0.9826 -0.1821 0.0354
vn -0.9275 -0.3669 0.0713
vn -0.8336 0.5422 -0.1054
vn -0.8334 0.5425 -0.1054
vn -0.9756 0.2156 -0.0419
vn -0.0006 -0.1960 -0.9806
vn 0.0035 -0.1874 -0.9823
vn 0.0037 -0.1933 -0.9811
vn 0.0080 -0.1961 -0.9805
vn 0.0078 -0.1894 -0.9819
vn 0.0062 -0.1895 -0.9819
vn 0.0062 -0.1897 -0.9818
vn -0.5636 0.8108 -0.1577
vn -0.4033 0.7052 0.5831
vn -0.3706 0.7261 0.5791
vn -0.5309 0.8319 -0.1617
vn -0.0163 0.1803 0.9835
vn 0.0164 0.2012 0.9794
vn 0.3707 -0.4564 0.8089
vn 0.4033 -0.4354 0.8048
vn 0.5310 -0.8318 0.1617
vn 0.5636 -0.8109 0.1576
vn 0.3707 -0.7262 -0.5791
vn 0.4033 -0.7052 -0.5832
vn -0.0163 -0.2013 -0.9794
vn 0.0163 -0.1802 -0.9835
vn -0.3706 0.4562 -0.8090
vn -0.4034 0.4354 -0.8048
vn -0.8369 -0.5373 0.1044
vn -0.0533 -0.4346 -0.8991
vn 0.0482 -0.4350 -0.8992
vn 0.2554 -0.1369 -0.9571
vn 0.2181 -0.0442 -0.9749
vn 0.1465 0.0265 -0.9889
vn 0.1426 -0.3983 -0.9061
vn 0.2147 -0.3281 -0.9199
vn 0.2550 -0.2366 -0.9375
vn 0.0533 0.0661 -0.9964
vn -0.0482 0.0665 -0.9966
vn -0.1465 -0.3950 -0.9069
vn -0.2147 -0.0404 -0.9758
vn -0.2550 -0.1319 -0.9579
vn -0.1426 0.0298 -0.9893
vn -0.2181 -0.3242 -0.9205
vn -0.2554 -0.2316 -0.9387
vn -0.4833 0.1690 -0.8590
vn -0.3208 0.3269 -0.8889
vn 0.5737 -0.2724 -0.7725
vn 0.4833 -0.4785 -0.7332
vn -0.1085 0.4096 -0.9058
vn 0.1200 0.4085 -0.9048
vn 0.4905 0.1603 -0.8566
vn 0.5749 -0.0482 -0.8168
vn 0.3298 0.3196 -0.8883
vn -0.3298 -0.6291 -0.7039
vn -0.4905 -0.4695 -0.7341
vn 0.1085 -0.7191 -0.6864
vn -0.1200 -0.7177 -0.6859
vn -0.5749 -0.2613 -0.7754
vn -0.5737 -0.0368 -0.8183
vn 0.3208 -0.6361 -0.7018
vn 0.0482 -0.4350 -0.8991
vn -0.1200 -0.7178 -0.6859
vn -0.5737 -0.0368 -0.8182
vn 0.1468 0.3366 0.9301
vn 0.2121 0.0514 0.9759
vn 0.3143 0.0547 0.9478
vn 0.3503 0.3383 0.8734
vn 0.5327 0.2554 0.8068
vn 0.4049 0.0108 0.9143
vn 0.4750 -0.0600 0.8780
vn 0.6689 0.1108 0.7350
vn -0.3021 -0.2806 0.9110
vn -0.0121 -0.2569 0.9664
vn -0.0095 -0.1532 0.9882
vn -0.2919 -0.0740 0.9536
vn 0.2684 -0.2070 0.9408
vn 0.2558 -0.2152 0.9425
vn 0.2614 -0.2141 0.9412
vn -0.1990 0.1146 0.9733
vn 0.0394 -0.0595 0.9975
vn 0.1136 0.0161 0.9934
vn -0.0477 0.2617 0.9640
vn -0.4221 -0.8229 0.3804
vn -0.6468 -0.5777 0.4978
vn 0.8031 -0.5872 0.1017
vn 0.5469 -0.8291 0.1165
vn 0.9757 0.0747 0.2059
vn 0.9536 -0.2698 0.1338
vn 0.2240 -0.9589 0.1740
vn -0.1160 -0.9566 0.2673
vn 0.5880 0.8085 0.0250
vn 0.5879 0.8085 0.0250
vn 0.7265 0.6860 -0.0406
vn -0.1142 0.9614 0.2505
vn -0.1137 0.9614 0.2504
vn 0.2352 0.9595 0.1552
vn -0.4840 0.8155 0.3175
vn -0.2392 -0.4723 0.8484
vn 0.0171 -0.3539 0.9351
vn 0.8658 0.3935 0.3090
vn 0.2606 -0.2167 0.9408
vn 0.2631 -0.2204 0.9392
vn 0.2517 -0.2178 0.9430
vn 0.2512 -0.2169 0.9433
vn 0.2564 -0.2195 0.9413
vn 0.2629 -0.2271 0.9377
vn 0.2570 -0.2244 0.9400
vn 0.2511 -0.2216 0.9423
vn 0.2520 -0.2202 0.9424
vn 0.2521 -0.2202 0.9423
vn -0.0095 -0.1531 0.9882
vn 0.3143 0.0547 0.9477
vn 0.4048 0.0108 0.9143
vn 0.2431 -0.2233 0.9440
vn 0.2523 -0.2199 0.9423
vn 0.2241 -0.9589 0.1740
vn -0.9584 -0.1843 0.2180
vn -0.9151 -0.3681 0.1643
vn -0.7751 0.5371 0.3329
vn -0.9300 0.2113 0.3006
vn -0.7751 0.5369 0.3329
vn 0.2549 -0.2204 0.9415
vn 0.2599 -0.2125 0.9420
vn 0.2594 -0.2117 0.9423
vn 0.2593 -0.2176 0.9410
vn 0.2632 -0.2204 0.9392
vn 0.2629 -0.2272 0.9377
vn 0.2634 -0.2137 0.9407
vn 0.2618 -0.2141 0.9411
vn 0.2618 -0.2139 0.9411
vn 0.6296 -0.4768 0.6134
vn 0.7216 -0.2874 0.6298
vn 0.5015 -0.2608 0.8249
vn 0.4532 -0.3549 0.8177
vn 0.7327 -0.0816 0.6757
vn 0.5047 -0.1575 0.8488
vn -0.1021 -0.6176 0.7798
vn 0.0794 -0.6998 0.7099
vn 0.1777 -0.4686 0.8653
vn 0.0878 -0.4252 0.9008
vn 0.2592 -0.2104 0.9426
vn 0.2838 -0.6988 0.6566
vn 0.4774 -0.6232 0.6194
vn 0.3784 -0.4300 0.8197
vn 0.2805 -0.4658 0.8393
vn -0.7570 -0.2587 0.6001
vn -0.3279 0.6449 0.6904
vn -0.0053 0.7749 0.6320
vn 0.3350 0.7724 0.5396
vn 0.6409 0.6389 0.4256
vn -0.7346 0.0856 0.6731
vn -0.5843 0.4032 0.7043
vn 0.9584 0.1844 -0.2180
vn 0.9151 0.3681 -0.1643
vn 0.7751 -0.5371 -0.3329
vn 0.9300 -0.2113 -0.3006
vn 0.4840 -0.8155 -0.3175
vn 0.2567 -0.2100 0.9434
vn 0.2546 -0.2059 0.9449
vn 0.2520 -0.2188 0.9427
vn 0.2523 -0.2127 0.9440
vn 0.2484 -0.2099 0.9457
vn 0.2486 -0.2032 0.9471
vn 0.2482 -0.2166 0.9442
vn 0.2481 -0.2167 0.9442
vn 0.2498 -0.2163 0.9438
vn 0.0877 -0.4252 0.9009
vn 0.5015 -0.2607 0.8249
vn 0.2502 -0.2162 0.9437
vn -0.5880 -0.8085 -0.0250
vn -0.5879 -0.8085 -0.0250
vn -0.7265 -0.6859 0.0406
vn 0.1142 -0.9614 -0.2505
vn 0.1141 -0.9614 -0.2504
vn -0.2352 -0.9595 -0.1552
vn 0.2509 -0.2137 0.9441
vn 0.2484 -0.2099 0.9456
vn 0.2602 -0.2134 0.9417
vn 0.2552 -0.2108 0.9436
vn 0.2545 -0.2059 0.9449
vn 0.2604 -0.2087 0.9427
vn 0.2595 -0.2101 0.9426
vn -0.0007 -0.1578 0.9875
vn 0.2517 -0.2163 0.9433
vn 0.0431 -0.0667 0.9968
vn 0.3957 0.0013 0.9184
vn 0.4611 -0.0687 0.8847
vn 0.4924 -0.1608 0.8554
vn 0.1164 0.0035 0.9932
vn 0.2096 0.0403 0.9769
vn 0.3077 0.0404 0.9506
vn 0.4867 -0.2599 0.8340
vn 0.4430 -0.3510 0.8250
vn -0.0063 -0.2570 0.9664
vn 0.2764 -0.4581 0.8449
vn 0.1783 -0.4581 0.8709
vn 0.3696 -0.4211 0.8283
vn 0.0249 -0.3490 0.9368
vn 0.0903 -0.4191 0.9034
vn 0.2793 -0.7363 0.6163
vn 0.4886 -0.6528 0.5789
vn 0.3495 0.3853 0.8540
vn 0.1289 0.3854 0.9137
vn 0.6541 -0.4954 0.5716
vn 0.7522 -0.2900 0.5917
vn 0.6945 0.1400 0.7057
vn 0.5478 0.2978 0.7818
vn 0.7653 -0.0671 0.6401
vn -0.3571 -0.2838 0.8899
vn -0.2867 -0.4905 0.8229
vn -0.2459 0.1446 0.9585
vn -0.3443 -0.0605 0.9369
vn -0.1396 -0.6486 0.7482
vn 0.0583 -0.7359 0.6746
vn -0.0808 0.3023 0.9498
vn 0.0584 -0.7359 0.6746
vn 0.2793 -0.7363 0.6164
vn 0.5478 0.2977 0.7818
vn 0.1290 0.3854 0.9137
vt 0.001525 0.758367
vt 0.001525 0.382390
vt 0.484033 0.382390
vt 0.484033 0.758367
vt 0.806490 0.113549
vt 0.806490 0.509964
vt 0.802543 0.509964
vt 0.802542 0.113549
vt 0.611012 0.772859
vt 0.611012 0.376444
vt 0.664047 0.327671
vt 0.664047 0.819438
vt 0.750530 0.667265
vt 0.750530 0.390893
vt 0.799303 0.337858
vt 0.799303 0.720301
vt 0.859526 0.066970
vt 0.859526 0.558737
vt 0.671045 0.714113
vt 0.671045 0.437741
vt 0.717624 0.384705
vt 0.717624 0.767149
vt 0.607065 0.772859
vt 0.607064 0.376444
vt 0.667097 0.714113
vt 0.667097 0.437741
vt 0.746583 0.667265
vt 0.746583 0.390893
vt 0.512111 0.345867
vt 0.489624 0.345858
vt 0.490495 0.344772
vt 0.511264 0.344768
vt 0.977895 0.020671
vt 0.995069 0.003677
vt 0.996466 0.003876
vt 0.977785 0.022322
vt 0.897079 0.430326
vt 0.917848 0.430332
vt 0.918716 0.431419
vt 0.896230 0.431424
vt 0.488754 0.346966
vt 0.488751 0.871340
vt 0.487091 0.870966
vt 0.487101 0.347338
vt 0.581856 0.389472
vt 0.599486 0.371998
vt 0.600887 0.372170
vt 0.581744 0.391121
vt 0.926295 0.534806
vt 0.944974 0.553248
vt 0.943577 0.553448
vt 0.926405 0.536458
vt 0.864336 0.936822
vt 0.883477 0.955770
vt 0.882078 0.955942
vt 0.864445 0.938472
vt 0.520366 0.848138
vt 0.543198 0.848133
vt 0.542246 0.849460
vt 0.521323 0.849462
vt 0.890383 0.005172
vt 0.890383 0.528764
vt 0.888724 0.529138
vt 0.888731 0.004800
vt 0.997361 0.004837
vt 0.997362 0.421310
vt 0.977461 0.401417
vt 0.977461 0.024729
vt 0.512975 0.346969
vt 0.489130 0.346363
vt 0.512601 0.346370
vt 0.927662 0.557598
vt 0.948582 0.557595
vt 0.949536 0.558923
vt 0.926706 0.558923
vt 0.919588 0.432525
vt 0.919584 0.850553
vt 0.895363 0.850552
vt 0.895366 0.432527
vt 0.601480 0.372550
vt 0.581560 0.392348
vt 0.950071 0.560032
vt 0.926171 0.560032
vt 0.977599 0.023554
vt 0.997046 0.004257
vt 0.601808 0.373140
vt 0.581427 0.393517
vt 0.950409 0.561150
vt 0.925833 0.561150
vt 0.864016 0.934429
vt 0.884399 0.954807
vt 0.884070 0.955393
vt 0.864152 0.935597
vt 0.519491 0.845912
vt 0.544072 0.845912
vt 0.543733 0.847026
vt 0.519830 0.847029
vt 0.895740 0.431928
vt 0.919210 0.431922
vt 0.925972 0.532396
vt 0.945869 0.552285
vt 0.945554 0.552868
vt 0.926109 0.533573
vt 0.545920 0.846552
vt 0.545582 0.847737
vt 0.924278 0.532260
vt 0.924298 0.530987
vt 0.514581 0.346530
vt 0.514902 0.347413
vt 0.946988 0.553273
vt 0.946483 0.554128
vt 0.545050 0.848902
vt 0.924339 0.533598
vt 0.514119 0.345705
vt 0.945699 0.554681
vt 0.893443 0.432971
vt 0.893777 0.432058
vt 0.997954 0.002971
vt 0.998473 0.003854
vt 0.951927 0.559317
vt 0.952269 0.560505
vt 0.975797 0.026130
vt 0.975774 0.024864
vt 0.894226 0.431258
vt 0.997189 0.002441
vt 0.951391 0.558151
vt 0.975833 0.023530
vt 0.512973 0.871339
vt 0.924311 0.050562
vt 0.925980 0.049156
vt 0.544067 0.367636
vt 0.545920 0.366994
vt 0.514902 0.870894
vt 0.975858 0.021813
vt 0.950444 0.556783
vt 0.895254 0.429604
vt 0.995276 0.001934
vt 0.924366 0.535317
vt 0.544107 0.850269
vt 0.513093 0.344050
vt 0.943784 0.555194
vt 0.924295 0.560679
vt 0.924618 0.559457
vt 0.862555 0.934448
vt 0.862574 0.933142
vt 0.920922 0.432038
vt 0.921243 0.432897
vt 0.885348 0.955671
vt 0.884845 0.956494
vt 0.925177 0.558246
vt 0.862620 0.935842
vt 0.920440 0.431228
vt 0.884054 0.957020
vt 0.487438 0.346446
vt 0.602238 0.371410
vt 0.602766 0.372270
vt 0.518260 0.847680
vt 0.517957 0.846345
vt 0.579989 0.394839
vt 0.579986 0.393429
vt 0.487915 0.345648
vt 0.601447 0.370900
vt 0.518836 0.848845
vt 0.580040 0.392070
vt 0.998473 0.422292
vt 0.862584 0.559782
vt 0.864024 0.558497
vt 0.862735 0.938147
vt 0.926431 0.556380
vt 0.580150 0.389791
vt 0.520095 0.850681
vt 0.599598 0.370503
vt 0.488954 0.344096
vt 0.517951 0.367203
vt 0.519486 0.367636
vt 0.602766 0.897251
vt 0.601826 0.896394
vt 0.882194 0.957435
vt 0.919394 0.429661
vt 0.884408 0.538120
vt 0.885348 0.537262
vt 0.925840 0.932923
vt 0.924307 0.933393
vt 0.893433 0.850106
vt 0.952269 0.933564
vt 0.950417 0.932922
vt 0.975792 0.400011
vt 0.581444 0.876019
vt 0.580005 0.874695
vt 0.945877 0.029268
vt 0.946988 0.028285
vt 0.865374 0.003699
vt 0.866221 0.002599
vt 0.886989 0.002606
vt 0.887860 0.003692
vt 0.977896 0.405478
vt 0.977785 0.403826
vt 0.996467 0.422270
vt 0.995070 0.422469
vt 0.897075 0.852756
vt 0.896227 0.851657
vt 0.918713 0.851659
vt 0.917844 0.852747
vt 0.722546 0.894372
vt 0.722433 0.892722
vt 0.741579 0.911669
vt 0.740179 0.911841
vt 0.952026 0.050830
vt 0.952136 0.049179
vt 0.969308 0.032185
vt 0.970705 0.032385
vt 0.864345 0.556105
vt 0.864454 0.554455
vt 0.882089 0.536990
vt 0.883487 0.537162
vt 0.551378 0.385777
vt 0.552335 0.384453
vt 0.573256 0.384452
vt 0.574210 0.385780
vt 0.893445 0.422453
vt 0.893440 0.005192
vt 0.895099 0.004819
vt 0.895105 0.422826
vt 0.864510 0.004802
vt 0.864884 0.004203
vt 0.888355 0.004197
vt 0.927669 0.936473
vt 0.926714 0.935148
vt 0.949543 0.935145
vt 0.948590 0.936473
vt 0.742170 0.911291
vt 0.722248 0.891495
vt 0.950078 0.934038
vt 0.926179 0.934039
vt 0.997046 0.421889
vt 0.977599 0.402594
vt 0.742499 0.910705
vt 0.722115 0.890326
vt 0.864161 0.557329
vt 0.884078 0.537537
vt 0.550504 0.388003
vt 0.550843 0.386886
vt 0.574745 0.386887
vt 0.575083 0.388003
vt 0.919207 0.851156
vt 0.895736 0.851152
vt 0.951702 0.053238
vt 0.951840 0.052062
vt 0.971285 0.032765
vt 0.971600 0.033348
vt 0.576597 0.386175
vt 0.576937 0.387361
vt 0.950014 0.053373
vt 0.950036 0.054641
vt 0.862576 0.005248
vt 0.862899 0.004363
vt 0.972719 0.032360
vt 0.972215 0.031505
vt 0.576063 0.385009
vt 0.950073 0.052038
vt 0.863363 0.003537
vt 0.971430 0.030951
vt 0.893769 0.851021
vt 0.997954 0.423175
vt 0.951930 0.934750
vt 0.975770 0.401282
vt 0.894219 0.851823
vt 0.997190 0.423705
vt 0.951396 0.935915
vt 0.975830 0.402618
vt 0.864504 0.529137
vt 0.951710 0.536517
vt 0.950041 0.535111
vt 0.576937 0.866895
vt 0.575084 0.866253
vt 0.862575 0.528692
vt 0.975857 0.404336
vt 0.950451 0.937283
vt 0.895248 0.853479
vt 0.995277 0.424212
vt 0.950098 0.050321
vt 0.575118 0.383642
vt 0.864391 0.001880
vt 0.969515 0.030439
vt 0.924628 0.934613
vt 0.862564 0.558478
vt 0.921243 0.850181
vt 0.920920 0.851041
vt 0.884849 0.536442
vt 0.925185 0.935824
vt 0.862629 0.557084
vt 0.920438 0.851851
vt 0.884062 0.535916
vt 0.890047 0.004280
vt 0.742924 0.912424
vt 0.743447 0.911567
vt 0.548969 0.387570
vt 0.549273 0.386235
vt 0.720676 0.889002
vt 0.720674 0.890414
vt 0.889569 0.003482
vt 0.742137 0.912934
vt 0.549849 0.385070
vt 0.720728 0.891773
vt 0.862744 0.554780
vt 0.926438 0.937690
vt 0.720839 0.894053
vt 0.551107 0.383234
vt 0.740293 0.913332
vt 0.888530 0.001930
vt 0.548970 0.866687
vt 0.550504 0.866254
vt 0.742507 0.387382
vt 0.743447 0.386525
vt 0.882206 0.535500
vt 0.919390 0.853418
vt 0.722122 0.407761
vt 0.720684 0.409084
vt 0.972719 0.557389
vt 0.971609 0.556407
vt 0.512108 0.872442
vt 0.511262 0.873542
vt 0.490493 0.873536
vt 0.489621 0.872449
vt 0.959711 0.959422
vt 0.959600 0.957771
vt 0.978281 0.976214
vt 0.976885 0.976413
vt 0.917607 0.002616
vt 0.918456 0.003715
vt 0.895971 0.003714
vt 0.896839 0.002626
vt 0.581875 0.880063
vt 0.581762 0.878414
vt 0.600906 0.897354
vt 0.599507 0.897525
vt 0.926304 0.046747
vt 0.926414 0.045096
vt 0.943587 0.028110
vt 0.944982 0.028309
vt 0.835158 0.580544
vt 0.835268 0.578894
vt 0.852904 0.561428
vt 0.854302 0.561600
vt 0.520360 0.365410
vt 0.521317 0.364086
vt 0.542240 0.364085
vt 0.543193 0.365413
vt 0.959276 0.955362
vt 0.959276 0.578694
vt 0.979176 0.558803
vt 0.979177 0.975254
vt 0.512598 0.871938
vt 0.489126 0.871944
vt 0.805730 0.914092
vt 0.804774 0.912767
vt 0.827606 0.912764
vt 0.826653 0.914092
vt 0.919320 0.004820
vt 0.919326 0.422824
vt 0.601497 0.896977
vt 0.581577 0.877188
vt 0.828141 0.911657
vt 0.804240 0.911658
vt 0.978861 0.975834
vt 0.959414 0.956538
vt 0.828479 0.910541
vt 0.803901 0.910542
vt 0.834838 0.582937
vt 0.834975 0.581769
vt 0.854894 0.561975
vt 0.855223 0.562558
vt 0.519825 0.366519
vt 0.543728 0.366520
vt 0.895477 0.004217
vt 0.918946 0.004220
vt 0.926118 0.047979
vt 0.945562 0.028688
vt 0.545580 0.365808
vt 0.924289 0.049291
vt 0.514581 0.871778
vt 0.946487 0.027434
vt 0.545046 0.364642
vt 0.924349 0.047955
vt 0.514118 0.872603
vt 0.945705 0.026880
vt 0.920913 0.004351
vt 0.921249 0.005266
vt 0.979769 0.977119
vt 0.980287 0.976237
vt 0.830332 0.911183
vt 0.829992 0.912369
vt 0.957607 0.953956
vt 0.957586 0.955227
vt 0.920463 0.003549
vt 0.979004 0.977649
vt 0.829459 0.913535
vt 0.957645 0.956563
vt 0.957672 0.958281
vt 0.828514 0.914903
vt 0.919434 0.001894
vt 0.977091 0.978156
vt 0.924376 0.046237
vt 0.544101 0.363275
vt 0.513092 0.874260
vt 0.943795 0.026367
vt 0.802689 0.912233
vt 0.802367 0.911012
vt 0.833377 0.582919
vt 0.833396 0.584225
vt 0.893763 0.004332
vt 0.856163 0.561701
vt 0.855665 0.560880
vt 0.803246 0.913443
vt 0.833442 0.581524
vt 0.894246 0.003522
vt 0.854878 0.560354
vt 0.487431 0.871862
vt 0.602247 0.898105
vt 0.518255 0.365867
vt 0.580003 0.876107
vt 0.487910 0.872660
vt 0.601463 0.898615
vt 0.518831 0.364703
vt 0.580057 0.877466
vt 0.980287 0.557820
vt 0.834837 0.958901
vt 0.833396 0.957616
vt 0.833558 0.579220
vt 0.804499 0.915309
vt 0.580168 0.879745
vt 0.520090 0.362867
vt 0.599622 0.899014
vt 0.488951 0.874212
vt 0.853022 0.559938
vt 0.895293 0.001955
vt 0.855221 0.979280
vt 0.856163 0.980139
vt 0.802363 0.538273
vt 0.803897 0.538743
vt 0.921249 0.422380
vt 0.830332 0.538100
vt 0.828475 0.538743
vt 0.957609 0.580099
vt 0.865369 0.530240
vt 0.887854 0.530247
vt 0.886983 0.531333
vt 0.866215 0.531339
vt 0.959711 0.574634
vt 0.976884 0.557643
vt 0.978281 0.557842
vt 0.959600 0.576286
vt 0.917613 0.425025
vt 0.896846 0.425021
vt 0.895977 0.423934
vt 0.918462 0.423927
vt 0.722553 0.403716
vt 0.740187 0.386251
vt 0.741586 0.386423
vt 0.722440 0.405365
vt 0.952033 0.538925
vt 0.970714 0.557365
vt 0.969318 0.557565
vt 0.952144 0.540577
vt 0.835157 0.961294
vt 0.854300 0.980239
vt 0.852901 0.980412
vt 0.835266 0.962943
vt 0.551379 0.868480
vt 0.574210 0.868477
vt 0.573257 0.869804
vt 0.552335 0.869804
vt 0.888349 0.529742
vt 0.864879 0.529735
vt 0.805726 0.535193
vt 0.826648 0.535191
vt 0.827601 0.536519
vt 0.804770 0.536519
vt 0.742177 0.386799
vt 0.722255 0.406592
vt 0.828137 0.537626
vt 0.804236 0.537627
vt 0.959414 0.577518
vt 0.978860 0.558223
vt 0.854892 0.979864
vt 0.834973 0.960069
vt 0.574745 0.867369
vt 0.550843 0.867371
vt 0.918952 0.423423
vt 0.895483 0.423429
vt 0.971293 0.556986
vt 0.951848 0.537693
vt 0.576597 0.868082
vt 0.950019 0.536381
vt 0.862897 0.529575
vt 0.972218 0.558241
vt 0.576063 0.869247
vt 0.950079 0.537717
vt 0.863359 0.530401
vt 0.971437 0.558794
vt 0.920915 0.423292
vt 0.979769 0.556937
vt 0.829991 0.536913
vt 0.957587 0.578829
vt 0.920466 0.424093
vt 0.979003 0.556407
vt 0.829455 0.535747
vt 0.957646 0.577494
vt 0.957672 0.575776
vt 0.828509 0.534379
vt 0.919438 0.425746
vt 0.977090 0.555900
vt 0.950105 0.539436
vt 0.575119 0.870615
vt 0.864385 0.532057
vt 0.969527 0.559307
vt 0.802685 0.537053
vt 0.833376 0.958920
vt 0.893768 0.423314
vt 0.855664 0.980960
vt 0.803242 0.535843
vt 0.833441 0.960314
vt 0.894251 0.424125
vt 0.854876 0.981487
vt 0.890044 0.529660
vt 0.742927 0.385671
vt 0.549273 0.868022
vt 0.720681 0.407673
vt 0.889565 0.530458
vt 0.742144 0.385161
vt 0.549850 0.869187
vt 0.720735 0.406314
vt 0.833556 0.962618
vt 0.804495 0.533976
vt 0.720846 0.404034
vt 0.551108 0.871023
vt 0.740303 0.384762
vt 0.888524 0.532010
vt 0.853019 0.981902
vt 0.895299 0.425693
vt 0.484033 0.001529
vt 0.484033 0.377506
vt 0.001525 0.377505
vt 0.001525 0.001529
vt 0.164503 0.002118
vt 0.835497 0.002118
vt 0.835497 0.997882
vt 0.164503 0.997882
vt 0.814407 0.018533
vt 0.811078 0.018533
vt 0.811078 0.006938
vt 0.814407 0.003613
vt 0.828069 0.018533
vt 0.824740 0.018533
vt 0.824740 0.003613
vt 0.828069 0.006938
vt 0.819574 0.018533
vt 0.819574 0.001638
vt 0.819574 0.025338
vt 0.814407 0.025338
vt 0.824740 0.025338
vt 0.828069 0.025338
vt 0.811078 0.025338
vt 0.814407 0.071246
vt 0.811078 0.067921
vt 0.811078 0.053398
vt 0.814407 0.053398
vt 0.828069 0.067921
vt 0.824740 0.071246
vt 0.824740 0.053398
vt 0.828069 0.053398
vt 0.819574 0.073221
vt 0.819574 0.053398
vt 0.811078 0.046389
vt 0.814407 0.046389
vt 0.814407 0.035863
vt 0.811078 0.035863
vt 0.824740 0.046389
vt 0.828069 0.046389
vt 0.828069 0.035863
vt 0.824740 0.035863
vt 0.819574 0.046389
vt 0.819574 0.035863
vt 0.790774 0.207291
vt 0.790774 0.221813
vt 0.789073 0.223035
vt 0.789073 0.207291
vt 0.790774 0.328931
vt 0.790774 0.333637
vt 0.789073 0.333637
vt 0.789073 0.328931
vt 0.790774 0.278347
vt 0.790774 0.289943
vt 0.789073 0.291306
vt 0.789073 0.278347
vt 0.790774 0.257875
vt 0.790774 0.262580
vt 0.789072 0.262580
vt 0.789072 0.257875
vt 0.790774 0.202585
vt 0.789073 0.202585
vt 0.790774 0.197054
vt 0.789073 0.197054
vt 0.790774 0.339168
vt 0.789073 0.339168
vt 0.790774 0.273642
vt 0.789073 0.273642
vt 0.790774 0.268111
vt 0.789072 0.268111
vt 0.790774 0.246279
vt 0.789073 0.244916
vt 0.797414 0.291429
vt 0.795934 0.292842
vt 0.797414 0.224058
vt 0.795912 0.225346
vt 0.790774 0.314409
vt 0.789073 0.313187
vt 0.797414 0.312164
vt 0.795912 0.310876
vt 0.799232 0.301797
vt 0.797504 0.301797
vt 0.797414 0.244793
vt 0.795934 0.243381
vt 0.799232 0.234425
vt 0.797504 0.234425
vt 0.957055 0.019061
vt 0.954971 0.019061
vt 0.954971 0.014677
vt 0.957055 0.014677
vt 0.954971 0.010292
vt 0.957055 0.010292
vt 0.954971 0.005908
vt 0.957055 0.005908
vt 0.954971 0.001523
vt 0.957055 0.001523
vt 0.957055 0.036599
vt 0.954971 0.036599
vt 0.954971 0.032215
vt 0.957055 0.032215
vt 0.954971 0.027830
vt 0.957055 0.027830
vt 0.524513 0.001523
vt 0.528897 0.001523
vt 0.526705 0.006816
vt 0.954971 0.023446
vt 0.957055 0.023446
vt 0.524513 0.012109
vt 0.521413 0.009008
vt 0.531998 0.004624
vt 0.531998 0.009008
vt 0.521413 0.004624
vt 0.528897 0.012109
vt 0.834459 0.056325
vt 0.834343 0.071005
vt 0.831130 0.067921
vt 0.831130 0.056325
vt 0.848120 0.056325
vt 0.848120 0.067921
vt 0.845689 0.071005
vt 0.844791 0.056325
vt 0.840016 0.073173
vt 0.839625 0.056325
vt 0.839625 0.049521
vt 0.834459 0.049521
vt 0.844791 0.049521
vt 0.848120 0.049521
vt 0.831130 0.049521
vt 0.834459 0.003613
vt 0.834459 0.021461
vt 0.831130 0.021461
vt 0.831130 0.006938
vt 0.848120 0.006938
vt 0.848120 0.021461
vt 0.844791 0.021461
vt 0.844792 0.003613
vt 0.839625 0.021461
vt 0.839625 0.001638
vt 0.834459 0.028470
vt 0.831130 0.028470
vt 0.834459 0.038995
vt 0.831130 0.038996
vt 0.848120 0.028470
vt 0.844791 0.028470
vt 0.848120 0.038995
vt 0.844791 0.038995
vt 0.839625 0.028470
vt 0.839625 0.038995
vt 0.488790 0.237334
vt 0.487089 0.237334
vt 0.487089 0.221590
vt 0.488790 0.222812
vt 0.488790 0.115639
vt 0.487089 0.115639
vt 0.487089 0.110933
vt 0.488790 0.110933
vt 0.488790 0.166223
vt 0.487088 0.166223
vt 0.487088 0.153264
vt 0.488790 0.154627
vt 0.488790 0.186751
vt 0.487089 0.186751
vt 0.487089 0.182823
vt 0.488790 0.182823
vt 0.488790 0.242040
vt 0.487089 0.242040
vt 0.488790 0.247571
vt 0.487089 0.247571
vt 0.487089 0.105402
vt 0.488790 0.105402
vt 0.488790 0.170677
vt 0.487088 0.170677
vt 0.488790 0.176750
vt 0.487088 0.176750
vt 0.488790 0.198346
vt 0.487089 0.199709
vt 0.493950 0.151729
vt 0.495430 0.153141
vt 0.493928 0.219278
vt 0.495430 0.220567
vt 0.488790 0.130162
vt 0.487089 0.131383
vt 0.495430 0.132406
vt 0.493928 0.133695
vt 0.495520 0.142773
vt 0.497248 0.142773
vt 0.495430 0.199832
vt 0.493950 0.201245
vt 0.495520 0.210200
vt 0.497248 0.210200
vt 0.521414 0.033318
vt 0.521414 0.028934
vt 0.523498 0.028934
vt 0.523498 0.033318
vt 0.521414 0.024549
vt 0.523498 0.024549
vt 0.521414 0.020165
vt 0.523498 0.020165
vt 0.521414 0.015780
vt 0.523498 0.015780
vt 0.521414 0.050856
vt 0.521414 0.046472
vt 0.523498 0.046472
vt 0.523498 0.050856
vt 0.521414 0.042087
vt 0.523498 0.042087
vt 0.671574 0.012109
vt 0.673766 0.006816
vt 0.675959 0.012108
vt 0.521414 0.037703
vt 0.523498 0.037703
vt 0.671574 0.001523
vt 0.668474 0.004624
vt 0.679059 0.009008
vt 0.679059 0.004624
vt 0.668474 0.009008
vt 0.675959 0.001523
vt 0.718668 0.001815
vt 0.629046 0.059025
vt 0.678598 0.379546
vt 0.717441 0.379672
vt 0.987667 0.421091
vt 0.983350 0.421091
vt 0.983351 0.745385
vt 0.987666 0.745385
vt 0.576249 0.379613
vt 0.666017 0.322632
vt 0.617284 0.001985
vt 0.578442 0.001760
vt 0.990718 0.753590
vt 0.995032 0.753590
vt 0.995032 0.429242
vt 0.990716 0.429242
vt 0.792748 0.830894
vt 0.792748 0.937218
vt 0.797063 0.937218
vt 0.797063 0.830894
vt 0.514040 0.040365
vt 0.514040 0.079208
vt 0.518355 0.079208
vt 0.518355 0.040365
vt 0.514040 0.001523
vt 0.518355 0.001523
vt 0.792748 0.724565
vt 0.797063 0.724565
vt 0.487149 0.321594
vt 0.539600 0.001535
vt 0.807916 0.059606
vt 0.756283 0.379798
vt 0.783174 0.741442
vt 0.777613 0.738871
vt 0.775243 0.742134
vt 0.779385 0.746573
vt 0.773975 0.750036
vt 0.771784 0.744248
vt 0.767767 0.744915
vt 0.767559 0.751084
vt 0.775333 0.719593
vt 0.772675 0.725122
vt 0.775906 0.727527
vt 0.780402 0.723468
vt 0.769409 0.713951
vt 0.769134 0.718043
vt 0.783731 0.728914
vt 0.777970 0.730983
vt 0.778578 0.734961
vt 0.784636 0.735229
vt 0.771039 0.742245
vt 0.767845 0.742807
vt 0.775986 0.731695
vt 0.776494 0.734868
vt 0.771762 0.727029
vt 0.774359 0.728924
vt 0.775695 0.737984
vt 0.773827 0.740605
vt 0.951916 0.021251
vt 0.951916 0.001532
vt 0.950039 0.001532
vt 0.950039 0.021251
vt 0.794809 0.006239
vt 0.796686 0.006239
vt 0.796686 0.001532
vt 0.794809 0.001532
vt 0.794809 0.016235
vt 0.796686 0.016236
vt 0.796686 0.010999
vt 0.794809 0.010999
vt 0.794809 0.021498
vt 0.796686 0.021498
vt 0.929234 0.001532
vt 0.929234 0.035795
vt 0.931111 0.035795
vt 0.931111 0.001532
vt 0.768769 0.724116
vt 0.768650 0.726205
vt 0.789676 0.715089
vt 0.767349 0.763695
vt 0.774832 0.763695
vt 0.776187 0.758342
vt 0.788077 0.750405
vt 0.779200 0.753779
vt 0.783329 0.751152
vt 0.783173 0.785950
vt 0.779384 0.780819
vt 0.775239 0.785259
vt 0.777613 0.788522
vt 0.773975 0.777354
vt 0.767559 0.776307
vt 0.767768 0.782477
vt 0.771783 0.783139
vt 0.775332 0.807796
vt 0.780403 0.803922
vt 0.775910 0.799864
vt 0.772674 0.802263
vt 0.769409 0.813438
vt 0.769133 0.809346
vt 0.783731 0.798477
vt 0.784637 0.792162
vt 0.778580 0.792431
vt 0.777971 0.796409
vt 0.767847 0.784590
vt 0.771041 0.785133
vt 0.776497 0.792525
vt 0.775985 0.795696
vt 0.774369 0.798471
vt 0.771759 0.800347
vt 0.773816 0.786793
vt 0.775697 0.789411
vt 0.857983 0.021251
vt 0.856105 0.021251
vt 0.856105 0.040969
vt 0.857983 0.040969
vt 0.794809 0.036756
vt 0.794809 0.041464
vt 0.796686 0.041464
vt 0.796686 0.036756
vt 0.794809 0.026760
vt 0.794809 0.031996
vt 0.796686 0.031996
vt 0.796686 0.026760
vt 0.526555 0.050052
vt 0.528433 0.050052
vt 0.528433 0.015789
vt 0.526555 0.015789
vt 0.768768 0.803275
vt 0.768649 0.801191
vt 0.789676 0.812301
vt 0.776187 0.769049
vt 0.788076 0.776986
vt 0.779199 0.773612
vt 0.783329 0.776240
vt 0.752482 0.740118
vt 0.755889 0.745735
vt 0.760486 0.741541
vt 0.758390 0.738020
vt 0.761170 0.749667
vt 0.763795 0.743957
vt 0.762736 0.718837
vt 0.757169 0.722134
vt 0.761253 0.726741
vt 0.764756 0.724688
vt 0.753194 0.727294
vt 0.751620 0.733635
vt 0.757787 0.733969
vt 0.758813 0.730010
vt 0.764699 0.742006
vt 0.759892 0.734080
vt 0.760747 0.730940
vt 0.762657 0.728313
vt 0.765459 0.726697
vt 0.762058 0.740107
vt 0.760416 0.737296
vt 0.950039 0.040969
vt 0.951916 0.040969
vt 0.853054 0.006239
vt 0.853054 0.001532
vt 0.851176 0.001532
vt 0.851176 0.006239
vt 0.853054 0.016236
vt 0.853054 0.010999
vt 0.851176 0.010999
vt 0.851176 0.016236
vt 0.853053 0.021498
vt 0.851176 0.021498
vt 0.501808 0.105404
vt 0.499931 0.105404
vt 0.499931 0.139667
vt 0.501808 0.139667
vt 0.748707 0.712449
vt 0.758533 0.758084
vt 0.759781 0.763695
vt 0.746544 0.748864
vt 0.755572 0.753203
vt 0.751431 0.750142
vt 0.752482 0.787272
vt 0.758390 0.789371
vt 0.760485 0.785849
vt 0.755888 0.781656
vt 0.761169 0.777724
vt 0.763794 0.783435
vt 0.762736 0.808552
vt 0.764756 0.802702
vt 0.761254 0.800647
vt 0.757168 0.805255
vt 0.753193 0.800096
vt 0.758812 0.797380
vt 0.757786 0.793422
vt 0.751619 0.793755
vt 0.764698 0.785386
vt 0.760743 0.796450
vt 0.759891 0.793311
vt 0.765459 0.800694
vt 0.762660 0.799070
vt 0.760418 0.790096
vt 0.762055 0.787280
vt 0.857983 0.001532
vt 0.856105 0.001532
vt 0.853054 0.036756
vt 0.851176 0.036756
vt 0.851176 0.041464
vt 0.853054 0.041464
vt 0.853054 0.026760
vt 0.851176 0.026760
vt 0.851176 0.031996
vt 0.853054 0.031996
vt 0.502163 0.178365
vt 0.502163 0.144102
vt 0.500285 0.144102
vt 0.500285 0.178365
vt 0.748707 0.814939
vt 0.758533 0.769307
vt 0.746544 0.778527
vt 0.755572 0.774187
vt 0.751431 0.777249
vt 0.496047 0.001528
vt 0.493060 0.001528
vt 0.493060 0.101195
vt 0.496047 0.101195
vt 0.490073 0.001528
vt 0.490073 0.101195
vt 0.487086 0.001528
vt 0.487086 0.101195
vt 0.510982 0.001528
vt 0.507995 0.001528
vt 0.507995 0.101195
vt 0.510982 0.101195
vt 0.505008 0.001528
vt 0.505008 0.101195
vt 0.502021 0.001528
vt 0.502021 0.101195
vt 0.699604 0.006631
vt 0.695998 0.005137
vt 0.697492 0.008743
vt 0.499034 0.001528
vt 0.499034 0.101195
vt 0.692393 0.006631
vt 0.692393 0.003644
vt 0.694505 0.001532
vt 0.697492 0.001532
vt 0.694505 0.008743
vt 0.699604 0.003644
vt 0.689332 0.006631
vt 0.685727 0.005137
vt 0.687220 0.008743
vt 0.682121 0.006631
vt 0.682121 0.003644
vt 0.684233 0.001532
vt 0.687220 0.001532
vt 0.689332 0.003644
vt 0.684233 0.008743
vt 0.750472 0.010250
vt 0.758111 0.011725
vt 0.751609 0.007433
vt 0.762407 0.005216
vt 0.764562 0.007362
vt 0.765751 0.010161
vt 0.753754 0.005284
vt 0.756548 0.004092
vt 0.759585 0.004086
vt 0.765750 0.013201
vt 0.764613 0.016017
vt 0.750471 0.013289
vt 0.759675 0.019358
vt 0.756637 0.019364
vt 0.762468 0.018166
vt 0.751660 0.016088
vt 0.753816 0.018234
vt 0.760199 0.021904
vt 0.763925 0.020320
vt 0.760074 0.001529
vt 0.756024 0.001546
vt 0.766782 0.017451
vt 0.768305 0.013698
vt 0.766728 0.005897
vt 0.763838 0.003039
vt 0.768305 0.009643
vt 0.747917 0.013807
vt 0.749494 0.017554
vt 0.749441 0.005999
vt 0.747917 0.009752
vt 0.752385 0.020411
vt 0.756149 0.021921
vt 0.752298 0.003130
vt 0.624667 0.013204
vt 0.625804 0.016021
vt 0.632306 0.011729
vt 0.636601 0.018238
vt 0.638757 0.016092
vt 0.639946 0.013293
vt 0.627949 0.018170
vt 0.630742 0.019362
vt 0.633780 0.019368
vt 0.639945 0.010253
vt 0.638808 0.007436
vt 0.624666 0.010165
vt 0.633869 0.004096
vt 0.630832 0.004090
vt 0.636663 0.005288
vt 0.625855 0.007366
vt 0.628010 0.005220
vt 0.638119 0.003134
vt 0.634393 0.001550
vt 0.630218 0.021907
vt 0.634269 0.021925
vt 0.642500 0.009756
vt 0.640976 0.006003
vt 0.638032 0.020415
vt 0.640923 0.017557
vt 0.642500 0.013811
vt 0.623689 0.005900
vt 0.622112 0.009647
vt 0.622112 0.013702
vt 0.623636 0.017455
vt 0.626579 0.003043
vt 0.630343 0.001533
vt 0.626493 0.020324
vt 0.703910 0.791009
vt 0.698404 0.788328
vt 0.695967 0.791542
vt 0.700020 0.796061
vt 0.694546 0.799416
vt 0.692472 0.793591
vt 0.688447 0.794175
vt 0.688115 0.800334
vt 0.696507 0.769022
vt 0.693742 0.774495
vt 0.696924 0.776960
vt 0.701496 0.772995
vt 0.690700 0.763268
vt 0.690344 0.767351
vt 0.704715 0.778502
vt 0.698916 0.780457
vt 0.699452 0.784443
vt 0.705496 0.784831
vt 0.691769 0.791584
vt 0.688567 0.792069
vt 0.696913 0.781133
vt 0.697382 0.784309
vt 0.692792 0.776383
vt 0.695352 0.778324
vt 0.696504 0.787399
vt 0.694576 0.789981
vt 0.924298 0.021250
vt 0.924298 0.040969
vt 0.926175 0.040969
vt 0.926175 0.021250
vt 0.804688 0.006239
vt 0.806566 0.006239
vt 0.806566 0.001532
vt 0.804688 0.001532
vt 0.804688 0.016236
vt 0.806566 0.016236
vt 0.806566 0.010999
vt 0.804688 0.010999
vt 0.804688 0.021498
vt 0.806566 0.021498
vt 0.504863 0.105404
vt 0.504863 0.139667
vt 0.506740 0.139667
vt 0.506740 0.105404
vt 0.689859 0.773411
vt 0.689699 0.775495
vt 0.710930 0.764805
vt 0.687652 0.812930
vt 0.695130 0.813080
vt 0.696591 0.807758
vt 0.708631 0.800064
vt 0.699692 0.803259
vt 0.703871 0.800716
vt 0.703019 0.835486
vt 0.699335 0.830281
vt 0.695105 0.834633
vt 0.697406 0.837947
vt 0.694000 0.826710
vt 0.687611 0.825535
vt 0.687695 0.831704
vt 0.691694 0.832447
vt 0.694750 0.857161
vt 0.699894 0.853392
vt 0.695488 0.849249
vt 0.692206 0.851580
vt 0.688716 0.862679
vt 0.688523 0.858585
vt 0.703329 0.848017
vt 0.704359 0.841724
vt 0.698300 0.841873
vt 0.697613 0.845835
vt 0.687731 0.833816
vt 0.690913 0.834425
vt 0.696221 0.841925
vt 0.695641 0.845083
vt 0.693978 0.847827
vt 0.691332 0.849650
vt 0.693657 0.836132
vt 0.695464 0.838802
vt 0.515912 0.102719
vt 0.514035 0.102719
vt 0.514035 0.122438
vt 0.515912 0.122438
vt 0.804688 0.036756
vt 0.804688 0.041464
vt 0.806566 0.041464
vt 0.806566 0.036756
vt 0.804688 0.026760
vt 0.804688 0.031996
vt 0.806566 0.031996
vt 0.806566 0.026760
vt 0.708994 0.861951
vt 0.710930 0.861902
vt 0.710034 0.826577
vt 0.708098 0.826626
vt 0.688281 0.852509
vt 0.688205 0.850420
vt 0.696377 0.818456
vt 0.699295 0.823076
vt 0.703369 0.825784
vt 0.673270 0.789077
vt 0.676561 0.794756
vt 0.681235 0.790660
vt 0.679214 0.787100
vt 0.681759 0.798790
vt 0.684496 0.793134
vt 0.683936 0.768017
vt 0.678308 0.771202
vt 0.682298 0.775886
vt 0.685838 0.773903
vt 0.674235 0.776278
vt 0.672538 0.782582
vt 0.678699 0.783038
vt 0.679795 0.779101
vt 0.685440 0.791197
vt 0.680812 0.783192
vt 0.681703 0.780066
vt 0.683671 0.777488
vt 0.686500 0.775922
vt 0.682828 0.789264
vt 0.681251 0.786418
vt 0.926175 0.001532
vt 0.924298 0.001532
vt 0.799746 0.036757
vt 0.799746 0.041464
vt 0.801624 0.041464
vt 0.801624 0.036757
vt 0.799746 0.026760
vt 0.799746 0.031996
vt 0.801624 0.031996
vt 0.801624 0.026760
vt 0.799746 0.021498
vt 0.801624 0.021498
vt 0.505217 0.178365
vt 0.507095 0.178365
vt 0.507095 0.144102
vt 0.505217 0.144102
vt 0.670047 0.761359
vt 0.678957 0.807147
vt 0.680092 0.812779
vt 0.667164 0.797696
vt 0.676096 0.802212
vt 0.672020 0.799070
vt 0.672327 0.836189
vt 0.678187 0.838403
vt 0.680352 0.834929
vt 0.675843 0.830646
vt 0.681198 0.826823
vt 0.683706 0.832581
vt 0.682146 0.857662
vt 0.684282 0.851855
vt 0.680822 0.849733
vt 0.676648 0.854254
vt 0.672780 0.849019
vt 0.678449 0.846419
vt 0.677510 0.842440
vt 0.671336 0.842651
vt 0.684568 0.834548
vt 0.680395 0.845531
vt 0.679627 0.842370
vt 0.685025 0.849861
vt 0.682257 0.848187
vt 0.680193 0.839165
vt 0.681894 0.836393
vt 0.515912 0.083000
vt 0.514035 0.083000
vt 0.799746 0.006239
vt 0.801624 0.006239
vt 0.801624 0.001532
vt 0.799746 0.001532
vt 0.799746 0.016236
vt 0.801624 0.016236
vt 0.801624 0.010999
vt 0.799746 0.010999
vt 0.624390 0.027850
vt 0.658653 0.027850
vt 0.658653 0.025972
vt 0.624390 0.025972
vt 0.667998 0.863761
vt 0.678732 0.818361
vt 0.666570 0.827332
vt 0.675676 0.823178
vt 0.671477 0.826153
vt 0.657217 0.019368
vt 0.655743 0.011729
vt 0.654179 0.019362
vt 0.648103 0.010165
vt 0.649292 0.007366
vt 0.651448 0.005220
vt 0.651386 0.018170
vt 0.649241 0.016021
vt 0.648104 0.013204
vt 0.654269 0.004090
vt 0.657307 0.004096
vt 0.660038 0.018238
vt 0.662245 0.007437
vt 0.663382 0.010253
vt 0.660100 0.005288
vt 0.662194 0.016092
vt 0.663383 0.013293
vt 0.664413 0.006003
vt 0.661556 0.003134
vt 0.645549 0.013702
vt 0.647073 0.017455
vt 0.657831 0.001550
vt 0.653780 0.001533
vt 0.647126 0.005900
vt 0.645549 0.009647
vt 0.650017 0.003043
vt 0.661470 0.020415
vt 0.664360 0.017557
vt 0.653655 0.021908
vt 0.657706 0.021925
vt 0.665937 0.013811
vt 0.665937 0.009756
vt 0.649930 0.020324
vt 0.783033 0.004086
vt 0.779996 0.004092
vt 0.781559 0.011725
vt 0.773919 0.013289
vt 0.775108 0.016088
vt 0.777264 0.018234
vt 0.777203 0.005284
vt 0.775057 0.007433
vt 0.773920 0.010250
vt 0.780085 0.019364
vt 0.783123 0.019358
vt 0.785855 0.005216
vt 0.788062 0.016017
vt 0.789198 0.013201
vt 0.785916 0.018166
vt 0.788010 0.007362
vt 0.789199 0.010161
vt 0.787373 0.020320
vt 0.790230 0.017451
vt 0.772889 0.005999
vt 0.771366 0.009752
vt 0.779596 0.021921
vt 0.783647 0.021904
vt 0.771366 0.013807
vt 0.772942 0.017554
vt 0.775833 0.020411
vt 0.790176 0.005897
vt 0.787286 0.003039
vt 0.783522 0.001529
vt 0.779472 0.001546
vt 0.791753 0.009643
vt 0.791753 0.013698
vt 0.775746 0.003130
s 1
usemtl standing_picture_frame_01_glass
f 4/1/1 2/2/1 1/3/1 3/4/1
usemtl standing_picture_frame_01_artwork
f 360/545/1 358/546/1 357/547/1 359/548/1
usemtl standing_picture_frame_01
f 12/5/2 11/6/2 15/7/2 16/8/2
f 9/9/1 10/10/1 6/11/1 5/12/1
f 10/13/1 11/14/1 8/15/1 6/16/1
f 11/6/1 12/5/1 7/17/1 8/18/1
f 12/19/1 9/20/1 5/21/1 7/22/1
f 10/10/3 9/9/3 13/23/3 14/24/3
f 9/20/4 12/19/4 16/25/4 13/26/4
f 11/14/5 10/13/5 14/27/5 15/28/5
f 44/29/6 93/30/7 63/31/8 21/32/9
f 18/33/10 20/34/11 50/35/12 27/36/13
f 21/37/14 63/38/15 86/39/16 51/40/17
f 95/41/18 263/42/19 265/43/20 97/44/21
f 59/45/22 62/46/23 92/47/24 69/48/25
f 32/49/26 45/50/27 20/51/28 18/52/29
f 74/53/30 87/54/31 62/55/32 59/56/33
f 68/57/34 33/58/35 17/59/36 60/60/37
f 181/61/38 349/62/39 347/63/40 179/64/41
f 54/65/42 138/66/43 107/67/44 23/68/45
f 42/69/46 95/41/18 99/70/47 47/71/48
f 60/72/49 17/73/50 26/74/51 75/75/52
f 84/76/53 168/77/54 137/78/55 53/79/56
f 98/80/57 72/81/58 69/48/25 92/47/24
f 29/82/59 81/83/60 75/75/52 26/74/51
f 54/65/42 23/68/45 30/84/61 56/85/62
f 96/86/63 65/87/64 72/81/58 98/80/57
f 24/88/65 77/89/66 81/83/60 29/82/59
f 78/90/67 83/91/68 90/92/69 80/93/70
f 66/94/71 35/95/72 39/96/73 71/97/74
f 71/97/74 39/96/73 33/58/35 68/57/34
f 84/76/53 53/79/56 57/98/75 89/99/76
f 47/71/48 99/70/47 93/30/7 44/29/6
f 89/99/76 57/98/75 51/40/17 86/39/16
f 36/100/77 41/101/78 48/102/79 38/103/80
f 38/103/80 48/102/79 45/50/27 32/49/26
f 80/93/70 90/92/69 87/54/31 74/53/30
f 56/85/62 30/84/61 27/36/13 50/35/12
f 39/96/73 35/95/72 37/104/81 40/105/82
f 40/106/82 37/107/81 36/100/77 38/103/80
f 42/69/46 47/71/48 49/108/83 43/109/84
f 43/110/84 49/111/83 48/102/79 41/101/78
f 33/58/35 39/96/73 40/105/82 34/112/85
f 34/113/85 40/106/82 38/103/80 32/49/26
f 47/71/48 44/29/6 46/114/86 49/108/83
f 49/111/83 46/115/86 45/50/27 48/102/79
f 57/98/75 53/79/56 55/116/87 58/117/88
f 58/118/88 55/119/87 54/65/42 56/85/62
f 24/88/65 29/82/59 31/120/89 25/121/90
f 25/122/90 31/123/89 30/84/61 23/68/45
f 51/40/17 57/98/75 58/117/88 52/124/91
f 52/125/91 58/118/88 56/85/62 50/35/12
f 29/82/59 26/74/51 28/126/92 31/120/89
f 31/123/89 28/127/92 27/36/13 30/84/61
f 210/128/93 263/42/19 95/41/18 42/69/46
f 37/107/81 205/129/94 204/130/95 36/100/77
f 35/95/72 203/131/96 205/132/94 37/104/81
f 43/109/84 211/133/97 210/128/93 42/69/46
f 18/33/10 27/36/13 28/127/92 19/134/98
f 19/135/98 28/126/92 26/74/51 17/73/50
f 21/37/14 51/40/17 52/124/91 22/136/99
f 22/137/99 52/125/91 50/35/12 20/34/11
f 32/49/26 18/52/29 19/138/100 34/113/85
f 34/112/85 19/139/100 17/59/36 33/58/35
f 44/29/6 21/32/9 22/140/101 46/114/86
f 46/115/86 22/141/101 20/51/28 45/50/27
f 81/83/60 77/89/66 79/142/102 82/143/103
f 82/144/103 79/145/102 78/90/67 80/93/70
f 84/76/53 89/99/76 91/146/104 85/147/105
f 85/148/105 91/149/104 90/92/69 83/91/68
f 75/75/52 81/83/60 82/143/103 76/150/106
f 76/151/106 82/144/103 80/93/70 74/53/30
f 89/99/76 86/39/16 88/152/107 91/146/104
f 91/149/104 88/153/107 87/54/31 90/92/69
f 99/70/47 95/41/18 97/44/21 100/154/108
f 100/155/108 97/156/21 96/86/63 98/80/57
f 66/94/71 71/97/74 73/157/109 67/158/110
f 67/159/110 73/160/109 72/81/58 65/87/64
f 93/30/7 99/70/47 100/154/108 94/161/111
f 94/162/111 100/155/108 98/80/57 92/47/24
f 71/97/74 68/57/34 70/163/112 73/157/109
f 73/160/109 70/164/112 69/48/25 72/81/58
f 139/165/113 138/66/43 54/65/42 55/119/87
f 79/145/102 163/166/114 162/167/115 78/90/67
f 74/53/30 59/56/33 61/168/116 76/151/106
f 76/150/106 61/169/116 60/72/49 75/75/52
f 59/45/22 69/48/25 70/164/112 61/170/117
f 61/171/117 70/163/112 68/57/34 60/60/37
f 92/47/24 62/46/23 64/172/118 94/162/111
f 94/161/111 64/173/118 63/31/8 93/30/7
f 235/174/119 234/175/120 66/94/71 67/158/110
f 97/156/21 265/176/20 264/177/121 96/86/63
f 62/55/32 87/54/31 88/153/107 64/178/122
f 64/179/122 88/152/107 86/39/16 63/38/15
f 167/180/123 169/181/124 85/148/105 83/91/68
f 77/89/66 161/182/125 163/183/114 79/142/102
f 137/78/55 139/184/113 55/116/87 53/79/56
f 109/185/126 108/186/127 24/88/65 25/121/90
f 107/67/44 109/187/126 25/122/90 23/68/45
f 161/182/125 77/89/66 24/88/65 108/186/127
f 78/90/67 162/167/115 167/180/123 83/91/68
f 233/188/128 235/189/119 67/159/110 65/87/64
f 41/101/78 209/190/129 211/191/97 43/110/84
f 233/188/128 65/87/64 96/86/63 264/177/121
f 204/130/95 209/190/129 41/101/78 36/100/77
f 66/94/71 234/175/120 203/131/96 35/95/72
f 128/192/130 105/193/131 147/194/132 177/195/133
f 102/196/134 111/197/135 134/198/136 104/199/137
f 105/200/138 135/201/139 170/202/140 147/203/141
f 143/204/142 153/205/143 176/206/144 146/207/145
f 116/208/146 102/209/147 104/210/148 129/211/149
f 158/212/150 143/213/151 146/214/152 171/215/153
f 152/216/154 144/217/155 101/218/156 117/219/157
f 337/220/158 253/221/159 252/222/160 336/223/161
f 126/224/162 131/225/163 183/226/164 179/64/41
f 144/227/165 159/228/166 110/229/167 101/230/168
f 182/231/169 176/206/144 153/205/143 156/232/170
f 113/233/171 110/229/167 159/228/166 165/234/172
f 138/66/43 140/235/173 114/236/174 107/67/44
f 180/237/175 182/231/169 156/232/170 149/238/176
f 108/186/127 113/233/171 165/234/172 161/182/125
f 162/167/115 164/239/177 174/240/178 167/180/123
f 150/241/179 155/242/180 123/243/181 119/244/182
f 155/242/180 152/216/154 117/219/157 123/243/181
f 168/77/54 173/245/183 141/246/184 137/78/55
f 131/225/163 128/192/130 177/195/133 183/226/164
f 173/245/183 170/202/140 135/201/139 141/246/184
f 120/247/185 122/248/186 132/249/187 125/250/188
f 122/248/186 116/208/146 129/211/149 132/249/187
f 164/239/177 158/212/150 171/215/153 174/240/178
f 140/235/173 134/198/136 111/197/135 114/236/174
f 123/243/181 124/251/189 121/252/190 119/244/182
f 124/253/189 122/248/186 120/247/185 121/254/190
f 126/224/162 127/255/191 133/256/192 131/225/163
f 127/257/191 125/250/188 132/249/187 133/258/192
f 117/219/157 118/259/193 124/251/189 123/243/181
f 118/260/193 116/208/146 122/248/186 124/253/189
f 131/225/163 133/256/192 130/261/194 128/192/130
f 133/258/192 132/249/187 129/211/149 130/262/194
f 141/246/184 142/263/195 139/184/113 137/78/55
f 142/264/195 140/235/173 138/66/43 139/165/113
f 108/186/127 109/185/126 115/265/196 113/233/171
f 109/187/126 107/67/44 114/236/174 115/266/196
f 135/201/139 136/267/197 142/263/195 141/246/184
f 136/268/197 134/198/136 140/235/173 142/264/195
f 113/233/171 115/265/196 112/269/198 110/229/167
f 115/266/196 114/236/174 111/197/135 112/270/198
f 294/271/199 126/224/162 179/64/41 347/63/40
f 120/247/185 288/272/200 289/273/201 121/254/190
f 121/252/190 289/274/201 287/275/202 119/244/182
f 126/224/162 294/271/199 295/276/203 127/255/191
f 102/196/134 103/277/204 112/270/198 111/197/135
f 103/278/204 101/230/168 110/229/167 112/269/198
f 105/200/138 106/279/205 136/267/197 135/201/139
f 106/280/205 104/199/137 134/198/136 136/268/197
f 116/208/146 118/260/193 103/281/206 102/209/147
f 118/259/193 117/219/157 101/218/156 103/282/206
f 128/192/130 130/261/194 106/283/207 105/193/131
f 130/262/194 129/211/149 104/210/148 106/284/207
f 165/234/172 166/285/208 163/183/114 161/182/125
f 166/286/208 164/239/177 162/167/115 163/166/114
f 168/77/54 169/287/124 175/288/209 173/245/183
f 169/181/124 167/180/123 174/240/178 175/289/209
f 159/228/166 160/290/210 166/285/208 165/234/172
f 160/291/210 158/212/150 164/239/177 166/286/208
f 173/245/183 175/288/209 172/292/211 170/202/140
f 175/289/209 174/240/178 171/215/153 172/293/211
f 183/226/164 184/294/212 181/61/38 179/64/41
f 184/295/212 182/231/169 180/237/175 181/296/38
f 150/241/179 151/297/213 157/298/214 155/242/180
f 151/299/213 149/238/176 156/232/170 157/300/214
f 177/195/133 178/301/215 184/294/212 183/226/164
f 178/302/215 176/206/144 182/231/169 184/295/212
f 155/242/180 157/298/214 154/303/216 152/216/154
f 157/300/214 156/232/170 153/205/143 154/304/216
f 158/212/150 160/291/210 145/305/217 143/213/151
f 160/290/210 159/228/166 144/227/165 145/306/217
f 143/204/142 145/307/218 154/304/216 153/205/143
f 145/308/218 144/217/155 152/216/154 154/303/216
f 176/206/144 178/302/215 148/309/219 146/207/145
f 178/301/215 177/195/133 147/194/132 148/310/219
f 319/311/220 151/297/213 150/241/179 318/312/221
f 180/237/175 348/313/222 349/314/39 181/296/38
f 146/214/152 148/315/223 172/293/211 171/215/153
f 148/316/223 147/203/141 170/202/140 172/292/211
f 317/317/224 149/238/176 151/299/213 319/318/220
f 127/257/191 295/319/203 293/320/225 125/250/188
f 317/317/224 348/313/222 180/237/175 149/238/176
f 288/272/200 120/247/185 125/250/188 293/320/225
f 119/244/182 287/275/202 318/312/221 150/241/179
f 212/321/226 189/322/227 231/323/228 261/324/229
f 186/325/230 195/326/231 218/327/232 188/328/233
f 189/329/234 219/330/235 254/331/236 231/332/237
f 227/333/238 237/334/239 260/335/240 230/336/241
f 200/337/242 186/338/243 188/339/244 213/340/245
f 242/341/246 227/342/247 230/343/248 255/344/249
f 236/345/250 228/346/251 185/347/252 201/348/253
f 191/349/254 275/350/255 306/351/256 222/352/257
f 210/128/93 215/353/258 267/354/259 263/42/19
f 228/355/260 243/356/261 194/357/262 185/358/263
f 221/359/264 305/360/265 336/223/161 252/222/160
f 266/361/266 260/335/240 237/334/239 240/362/267
f 197/363/268 194/357/262 243/356/261 249/364/269
f 222/352/257 224/365/270 198/366/271 191/349/254
f 264/177/121 266/361/266 240/362/267 233/188/128
f 192/367/272 197/363/268 249/364/269 245/368/273
f 246/369/274 248/370/275 258/371/276 251/372/277
f 234/175/120 239/373/278 207/374/279 203/131/96
f 239/373/278 236/345/250 201/348/253 207/374/279
f 252/222/160 257/375/280 225/376/281 221/359/264
f 215/353/258 212/321/226 261/324/229 267/354/259
f 257/375/280 254/331/236 219/330/235 225/376/281
f 204/130/95 206/377/282 216/378/283 209/190/129
f 206/377/282 200/337/242 213/340/245 216/378/283
f 248/370/275 242/341/246 255/344/249 258/371/276
f 224/365/270 218/327/232 195/326/231 198/366/271
f 207/374/279 208/379/284 205/132/94 203/131/96
f 208/380/284 206/377/282 204/130/95 205/129/94
f 210/128/93 211/133/97 217/381/285 215/353/258
f 211/191/97 209/190/129 216/378/283 217/382/285
f 201/348/253 202/383/286 208/379/284 207/374/279
f 202/384/286 200/337/242 206/377/282 208/380/284
f 215/353/258 217/381/285 214/385/287 212/321/226
f 217/382/285 216/378/283 213/340/245 214/386/287
f 225/376/281 226/387/288 223/388/289 221/359/264
f 226/389/288 224/365/270 222/352/257 223/390/289
f 192/367/272 193/391/290 199/392/291 197/363/268
f 193/393/290 191/349/254 198/366/271 199/394/291
f 219/330/235 220/395/292 226/387/288 225/376/281
f 220/396/292 218/327/232 224/365/270 226/389/288
f 197/363/268 199/392/291 196/397/293 194/357/262
f 199/394/291 198/366/271 195/326/231 196/398/293
f 186/325/230 187/399/294 196/398/293 195/326/231
f 187/400/294 185/358/263 194/357/262 196/397/293
f 189/329/234 190/401/295 220/395/292 219/330/235
f 190/402/295 188/328/233 218/327/232 220/396/292
f 200/337/242 202/384/286 187/403/296 186/338/243
f 202/383/286 201/348/253 185/347/252 187/404/296
f 212/321/226 214/385/287 190/405/297 189/322/227
f 214/386/287 213/340/245 188/339/244 190/406/297
f 249/364/269 250/407/298 247/408/299 245/368/273
f 250/409/298 248/370/275 246/369/274 247/410/299
f 252/222/160 253/221/159 259/411/300 257/375/280
f 253/412/159 251/372/277 258/371/276 259/413/300
f 243/356/261 244/414/301 250/407/298 249/364/269
f 244/415/301 242/341/246 248/370/275 250/409/298
f 257/375/280 259/411/300 256/416/302 254/331/236
f 259/413/300 258/371/276 255/344/249 256/417/302
f 267/354/259 268/418/303 265/43/20 263/42/19
f 268/419/303 266/361/266 264/177/121 265/176/20
f 234/175/120 235/174/119 241/420/304 239/373/278
f 235/189/119 233/188/128 240/362/267 241/421/304
f 261/324/229 262/422/305 268/418/303 267/354/259
f 262/423/305 260/335/240 266/361/266 268/419/303
f 239/373/278 241/420/304 238/424/306 236/345/250
f 241/421/304 240/362/267 237/334/239 238/425/306
f 307/426/307 223/390/289 222/352/257 306/351/256
f 246/369/274 330/427/308 331/428/309 247/410/299
f 242/341/246 244/415/301 229/429/310 227/342/247
f 244/414/301 243/356/261 228/355/260 229/430/310
f 227/333/238 229/431/311 238/425/306 237/334/239
f 229/432/311 228/346/251 236/345/250 238/424/306
f 260/335/240 262/423/305 232/433/312 230/336/241
f 262/422/305 261/324/229 231/323/228 232/434/312
f 230/343/248 232/435/313 256/417/302 255/344/249
f 232/436/313 231/332/237 254/331/236 256/416/302
f 335/437/314 251/372/277 253/412/159 337/438/158
f 247/408/299 331/439/309 329/440/315 245/368/273
f 305/360/265 221/359/264 223/388/289 307/441/307
f 277/442/316 193/391/290 192/367/272 276/443/317
f 275/350/255 191/349/254 193/393/290 277/444/316
f 329/440/315 276/443/317 192/367/272 245/368/273
f 251/372/277 335/437/314 330/427/308 246/369/274
f 296/445/318 345/446/319 315/447/320 273/448/321
f 270/449/322 272/450/323 302/451/324 279/452/325
f 273/453/326 315/454/327 338/455/328 303/456/329
f 311/457/330 314/458/331 344/459/332 321/460/333
f 284/461/334 297/462/335 272/463/336 270/464/337
f 326/465/338 339/466/339 314/467/340 311/468/341
f 320/469/342 285/470/343 269/471/344 312/472/345
f 294/271/199 347/63/40 351/473/346 299/474/347
f 312/475/348 269/476/349 278/477/350 327/478/351
f 350/479/352 324/480/353 321/460/333 344/459/332
f 281/481/354 333/482/355 327/478/351 278/477/350
f 306/351/256 275/350/255 282/483/356 308/484/357
f 348/313/222 317/317/224 324/480/353 350/479/352
f 276/443/317 329/440/315 333/482/355 281/481/354
f 330/427/308 335/437/314 342/485/358 332/486/359
f 318/312/221 287/275/202 291/487/360 323/488/361
f 323/488/361 291/487/360 285/470/343 320/469/342
f 336/223/161 305/360/265 309/489/362 341/490/363
f 299/474/347 351/473/346 345/446/319 296/445/318
f 341/490/363 309/489/362 303/456/329 338/455/328
f 288/272/200 293/320/225 300/491/364 290/492/365
f 290/492/365 300/491/364 297/462/335 284/461/334
f 332/486/359 342/485/358 339/466/339 326/465/338
f 308/484/357 282/483/356 279/452/325 302/451/324
f 291/487/360 287/275/202 289/274/201 292/493/366
f 292/494/366 289/273/201 288/272/200 290/492/365
f 294/271/199 299/474/347 301/495/367 295/276/203
f 295/319/203 301/496/367 300/491/364 293/320/225
f 285/470/343 291/487/360 292/493/366 286/497/368
f 286/498/368 292/494/366 290/492/365 284/461/334
f 299/474/347 296/445/318 298/499/369 301/495/367
f 301/496/367 298/500/369 297/462/335 300/491/364
f 309/489/362 305/360/265 307/441/307 310/501/370
f 310/502/370 307/426/307 306/351/256 308/484/357
f 276/443/317 281/481/354 283/503/371 277/442/316
f 277/444/316 283/504/371 282/483/356 275/350/255
f 303/456/329 309/489/362 310/501/370 304/505/372
f 304/506/372 310/502/370 308/484/357 302/451/324
f 281/481/354 278/477/350 280/507/373 283/503/371
f 283/504/371 280/508/373 279/452/325 282/483/356
f 270/449/322 279/452/325 280/508/373 271/509/374
f 271/510/374 280/507/373 278/477/350 269/476/349
f 273/453/326 303/456/329 304/505/372 274/511/375
f 274/512/375 304/506/372 302/451/324 272/450/323
f 284/461/334 270/464/337 271/513/376 286/498/368
f 286/497/368 271/514/376 269/471/344 285/470/343
f 296/445/318 273/448/321 274/515/377 298/499/369
f 298/500/369 274/516/377 272/463/336 297/462/335
f 333/482/355 329/440/315 331/439/309 334/517/378
f 334/518/378 331/428/309 330/427/308 332/486/359
f 336/223/161 341/490/363 343/519/379 337/220/158
f 337/438/158 343/520/379 342/485/358 335/437/314
f 327/478/351 333/482/355 334/517/378 328/521/380
f 328/522/380 334/518/378 332/486/359 326/465/338
f 341/490/363 338/455/328 340/523/381 343/519/379
f 343/520/379 340/524/381 339/466/339 342/485/358
f 351/473/346 347/63/40 349/62/39 352/525/382
f 352/526/382 349/314/39 348/313/222 350/479/352
f 318/312/221 323/488/361 325/527/383 319/311/220
f 319/318/220 325/528/383 324/480/353 317/317/224
f 345/446/319 351/473/346 352/525/382 346/529/384
f 346/530/384 352/526/382 350/479/352 344/459/332
f 323/488/361 320/469/342 322/531/385 325/527/383
f 325/528/383 322/532/385 321/460/333 324/480/353
f 326/465/338 311/468/341 313/533/386 328/522/380
f 328/521/380 313/534/386 312/475/348 327/478/351
f 311/457/330 321/460/333 322/532/385 313/535/387
f 313/536/387 322/531/385 320/469/342 312/472/345
f 344/459/332 314/458/331 316/537/388 346/530/384
f 346/529/384 316/538/388 315/447/320 345/446/319
f 314/467/340 339/466/339 340/524/381 316/539/389
f 316/540/389 340/523/381 338/455/328 315/454/327
f 169/287/124 168/77/54 84/76/53 85/147/105
f 354/541/390 356/542/390 355/543/390 353/544/390
f 375/549/390 372/550/390 364/551/390 368/552/390
f 371/553/390 373/554/390 370/555/390 363/556/390
f 373/554/390 374/557/390 369/558/390 370/555/390
f 374/557/390 375/549/390 368/552/390 369/558/390
f 386/559/391 388/560/392 375/549/393 374/557/393
f 384/561/394 386/559/391 374/557/393 373/554/393
f 389/562/392 384/561/394 373/554/393 371/553/393
f 388/560/392 382/563/394 372/550/393 375/549/393
f 367/564/390 362/565/390 377/566/390 380/567/390
f 361/568/390 365/569/390 378/570/390 376/571/390
f 365/569/390 366/572/390 379/573/390 378/570/390
f 366/572/390 367/564/390 380/567/390 379/573/390
f 380/567/395 377/566/395 381/574/396 387/575/397
f 394/576/390 391/577/390 382/563/394 388/560/392
f 376/571/395 378/570/395 383/578/396 390/579/396
f 395/580/390 392/581/390 384/561/394 389/562/392
f 378/570/395 379/573/395 385/582/396 383/578/396
f 392/581/390 393/583/390 386/559/391 384/561/394
f 379/573/395 380/567/395 387/575/397 385/582/396
f 393/583/390 394/576/390 388/560/392 386/559/391
f 385/582/396 387/575/397 394/576/390 393/583/390
f 383/578/396 385/582/396 393/583/390 392/581/390
f 390/579/396 383/578/396 392/581/390 395/580/390
f 387/575/397 381/574/396 391/577/390 394/576/390
f 361/584/398 376/585/399 408/586/399 396/587/398
f 362/588/400 367/589/401 402/590/402 397/591/400
f 364/592/403 372/593/404 407/594/404 399/595/405
f 363/596/406 370/597/407 405/598/407 398/599/406
f 365/600/408 361/584/398 396/587/398 400/601/408
f 366/602/409 365/600/408 400/601/408 401/603/409
f 367/589/401 366/604/409 401/605/409 402/590/402
f 368/606/410 364/592/403 399/595/405 403/607/410
f 369/608/411 368/606/410 403/607/410 404/609/411
f 370/597/407 369/608/411 404/609/411 405/598/407
f 371/610/399 363/596/406 398/599/406 406/611/399
f 372/593/404 382/612/404 411/613/404 407/594/404
f 376/585/399 390/614/399 413/615/399 408/586/399
f 377/616/404 362/588/400 397/591/400 409/617/404
f 381/618/404 377/616/404 409/617/404 410/619/404
f 382/612/404 391/620/404 414/621/404 411/613/404
f 389/622/399 371/610/399 406/611/399 412/623/399
f 390/614/399 395/624/399 415/625/399 413/615/399
f 391/620/404 381/618/404 410/619/404 414/621/404
f 395/624/399 389/622/399 412/623/399 415/625/399
f 416/626/411 417/627/412 419/628/413 418/629/414
f 418/629/414 419/628/413 421/630/415 420/631/404
f 420/631/404 421/630/415 423/632/416 422/633/417
f 422/633/417 423/632/416 425/634/418 424/635/409
f 424/636/409 425/637/418 427/638/419 426/639/420
f 426/639/420 427/638/419 429/640/421 428/641/399
f 425/642/418 423/643/416 432/644/390
f 428/641/399 429/640/421 431/645/422 430/646/423
f 430/646/423 431/645/422 417/627/412 416/626/411
f 431/647/422 429/648/421 432/644/390
f 421/649/415 419/650/413 432/644/390
f 427/651/419 425/642/418 432/644/390
f 417/652/412 431/647/422 432/644/390
f 419/650/413 417/652/412 432/644/390
f 423/643/416 421/649/415 432/644/390
f 429/648/421 427/651/419 432/644/390
f 447/653/390 440/654/390 436/655/390 444/656/390
f 443/657/390 435/658/390 442/659/390 445/660/390
f 445/660/390 442/659/390 441/661/390 446/662/390
f 446/662/390 441/661/390 440/654/390 447/653/390
f 458/663/424 446/662/425 447/653/425 460/664/424
f 456/665/424 445/660/425 446/662/425 458/663/424
f 461/666/424 443/657/425 445/660/425 456/665/424
f 460/664/424 447/653/425 444/656/425 454/667/424
f 439/668/390 452/669/390 449/670/390 434/671/390
f 433/672/390 448/673/390 450/674/390 437/675/390
f 437/675/390 450/674/390 451/676/390 438/677/390
f 438/677/390 451/676/390 452/669/390 439/668/390
f 452/669/426 459/678/427 453/679/427 449/670/426
f 466/680/390 460/664/424 454/667/424 463/681/390
f 448/673/426 462/682/427 455/683/427 450/674/426
f 467/684/390 461/666/424 456/665/424 464/685/390
f 450/674/426 455/683/427 457/686/427 451/676/426
f 464/685/390 456/665/424 458/663/424 465/687/390
f 451/676/426 457/686/427 459/678/427 452/669/426
f 465/687/390 458/663/424 460/664/424 466/680/390
f 457/686/427 465/687/390 466/680/390 459/678/427
f 455/683/427 464/685/390 465/687/390 457/686/427
f 462/682/427 467/684/390 464/685/390 455/683/427
f 459/678/427 466/680/390 463/681/390 453/679/427
f 433/688/428 468/689/428 480/690/429 448/691/429
f 434/692/430 469/693/431 474/694/432 439/695/432
f 436/696/433 471/697/433 479/698/434 444/699/434
f 435/700/435 470/701/435 477/702/436 442/703/436
f 437/704/437 472/705/437 468/689/428 433/688/428
f 438/706/438 473/707/438 472/705/437 437/704/437
f 439/695/432 474/694/432 473/708/438 438/709/438
f 440/710/439 475/711/439 471/697/433 436/696/433
f 441/712/440 476/713/440 475/711/439 440/710/439
f 442/703/436 477/702/436 476/713/440 441/712/440
f 443/714/429 478/715/429 470/701/435 435/700/435
f 444/699/434 479/698/434 483/716/434 454/717/434
f 448/691/429 480/690/429 485/718/429 462/719/429
f 449/720/434 481/721/434 469/693/431 434/692/430
f 453/722/434 482/723/434 481/721/434 449/720/434
f 454/717/434 483/716/434 486/724/434 463/725/434
f 461/726/429 484/727/429 478/715/429 443/714/429
f 462/719/429 485/718/429 487/728/429 467/729/429
f 463/725/434 486/724/434 482/723/434 453/722/434
f 467/729/429 487/728/429 484/727/429 461/726/429
f 488/730/440 490/731/441 491/732/442 489/733/443
f 490/731/441 492/734/434 493/735/444 491/732/442
f 492/734/434 494/736/445 495/737/446 493/735/444
f 494/736/445 496/738/438 497/739/447 495/737/446
f 496/740/438 498/741/448 499/742/449 497/743/447
f 498/741/448 500/744/429 501/745/450 499/742/449
f 497/746/447 504/747/390 495/748/446
f 500/744/429 502/749/451 503/750/452 501/745/450
f 502/749/451 488/730/440 489/733/443 503/750/452
f 503/751/452 504/747/390 501/752/450
f 493/753/444 504/747/390 491/754/442
f 499/755/449 504/747/390 497/746/447
f 489/756/443 504/747/390 503/751/452
f 491/754/442 504/747/390 489/756/443
f 495/748/446 504/747/390 493/753/444
f 501/752/450 504/747/390 499/755/449
f 513/757/453 507/758/453 508/759/453 514/760/453
f 507/761/454 511/762/454 512/763/454 508/764/454
f 515/765/455 509/766/455 510/767/455 516/768/455
f 509/769/456 505/770/456 506/771/456 510/772/456
f 513/773/457 505/774/457 509/775/457 515/776/457
f 516/777/458 510/778/458 506/779/458 514/780/458
f 512/781/458 516/777/458 514/780/458 508/782/458
f 507/783/459 513/773/459 515/776/459 511/784/459
f 511/785/455 515/765/455 516/768/455 512/786/455
f 505/787/453 513/757/453 514/760/453 506/788/453
f 541/789/460 540/790/461 521/791/462 518/792/463
f 544/793/464 543/794/465 591/795/466 586/796/467
f 547/797/468 546/798/469 523/799/470 520/800/471
f 582/801/472 588/802/390 547/797/473
f 534/803/474 533/804/475 522/805/476 519/806/477
f 543/794/465 542/807/478 597/808/479 591/795/466
f 533/804/475 530/809/480 525/810/481 522/805/476
f 546/798/469 545/811/482 526/812/483 523/799/470
f 540/790/461 539/813/484 524/814/485 521/791/462
f 582/815/486 517/816/486 527/817/486 593/818/486
f 538/819/487 537/820/488 532/821/489 529/822/489
f 536/823/490 535/824/490 531/825/491 528/826/491
f 520/800/471 523/799/470 533/804/475 534/803/474
f 523/799/470 526/812/483 530/809/480 533/804/475
f 559/827/492 563/828/492 535/824/490 536/823/490
f 528/826/491 531/825/491 537/820/488 538/819/487
f 517/829/492 529/830/492 532/831/492 527/832/492
f 519/806/477 522/805/476 540/790/461 541/789/460
f 522/805/476 525/810/481 539/813/484 540/790/461
f 518/792/463 521/791/462 543/794/465 544/793/464
f 521/791/462 524/814/485 542/807/478 543/794/465
f 588/802/493 592/833/494 546/798/469 547/797/468
f 592/833/494 598/834/495 545/811/482 546/798/469
f 517/835/496 582/801/472 547/797/473
f 517/835/496 547/797/473 520/800/390
f 517/835/496 520/800/390 534/803/497
f 586/796/498 638/836/390 559/837/390 536/838/499
f 529/839/500 519/806/501 541/789/502
f 517/835/496 534/803/497 519/806/501
f 517/835/496 519/806/501 529/839/500
f 528/840/503 544/793/503 586/796/498 536/838/499
f 529/839/500 541/789/502 518/792/504 538/841/505
f 538/841/505 518/792/504 544/793/503 528/840/503
f 574/842/474 549/843/471 552/844/470 573/845/475
f 577/846/468 625/847/493 630/848/494 576/849/469
f 580/850/464 551/851/463 554/852/462 579/853/506
f 621/854/507 580/850/508 627/855/390
f 567/856/460 550/857/477 553/858/509 566/859/510
f 576/849/469 630/848/494 636/860/495 575/861/482
f 566/859/510 553/858/509 556/862/481 562/863/484
f 579/853/506 554/852/462 557/864/485 578/865/511
f 573/845/475 552/844/470 555/866/483 572/867/480
f 621/868/512 632/869/512 558/870/512 548/871/512
f 571/872/513 561/873/514 565/874/514 570/875/513
f 569/876/515 560/877/516 564/878/516 568/879/517
f 551/851/463 567/856/460 566/859/510 554/852/462
f 554/852/462 566/859/510 562/863/484 557/864/485
f 559/827/492 569/876/515 568/879/517 563/828/492
f 560/877/516 571/872/513 570/875/513 564/878/516
f 548/880/492 558/881/492 565/882/492 561/883/492
f 550/857/477 574/842/474 573/845/475 553/858/509
f 553/858/509 573/845/475 572/867/480 556/862/481
f 549/843/471 577/846/468 576/849/469 552/844/470
f 552/844/470 576/849/469 575/861/482 555/866/483
f 627/855/467 580/850/464 579/853/506 631/884/466
f 631/884/466 579/853/506 578/865/511 637/885/479
f 548/886/518 580/850/508 621/854/507
f 548/886/518 551/851/390 580/850/508
f 548/886/518 567/856/519 551/851/390
f 625/847/520 569/887/521 559/837/390 638/836/390
f 561/888/522 574/842/497 550/857/501
f 548/886/518 550/857/501 567/856/519
f 548/886/518 561/888/522 550/857/501
f 560/889/523 569/887/521 625/847/520 577/846/523
f 561/888/522 571/890/524 549/843/525 574/842/497
f 571/890/524 560/889/523 577/846/523 549/843/525
f 613/891/526 583/892/527 587/893/528 612/894/529
f 616/895/530 586/796/467 591/795/466 615/896/531
f 619/897/532 585/898/533 590/899/534 618/900/535
f 582/801/472 619/897/536 588/802/390
f 606/901/537 584/902/538 589/903/539 605/904/540
f 615/896/531 591/795/466 597/808/479 614/905/541
f 605/904/540 589/903/539 595/906/542 602/907/543
f 618/900/535 590/899/534 596/908/544 617/909/545
f 612/894/529 587/893/528 594/910/546 611/911/547
f 582/815/486 593/818/486 599/912/486 581/913/486
f 610/914/548 601/915/549 604/916/549 609/917/550
f 608/918/551 600/919/552 603/920/552 607/921/551
f 585/898/533 606/901/537 605/904/540 590/899/534
f 590/899/534 605/904/540 602/907/543 596/908/544
f 640/922/553 608/918/551 607/921/551 644/923/553
f 600/919/552 610/914/548 609/917/550 603/920/552
f 581/924/553 599/925/553 604/926/553 601/927/553
f 584/902/538 613/891/526 612/894/529 589/903/539
f 589/903/539 612/894/529 611/911/547 595/906/542
f 583/892/527 616/895/530 615/896/531 587/893/528
f 587/893/528 615/896/531 614/905/541 594/910/546
f 588/802/493 619/897/532 618/900/535 592/833/494
f 592/833/494 618/900/535 617/909/545 598/834/495
f 581/928/554 619/897/536 582/801/472
f 581/928/554 585/898/390 619/897/536
f 581/928/554 606/901/555 585/898/390
f 586/796/498 608/929/556 640/930/390 638/836/390
f 601/931/557 613/891/558 584/902/559
f 581/928/554 584/902/559 606/901/555
f 581/928/554 601/931/557 584/902/559
f 600/932/560 608/929/556 586/796/498 616/895/560
f 601/931/557 610/933/561 583/892/562 613/891/558
f 610/933/561 600/932/560 616/895/560 583/892/562
f 655/934/537 654/935/563 626/936/534 622/937/533
f 658/938/532 657/939/564 630/848/494 625/847/493
f 661/940/530 660/941/531 629/942/528 624/943/527
f 621/854/507 627/855/390 661/940/565
f 648/944/526 647/945/529 628/946/539 623/947/538
f 657/939/564 656/948/545 636/860/495 630/848/494
f 647/945/529 643/949/566 634/950/542 628/946/539
f 660/941/531 659/951/541 635/952/546 629/942/528
f 654/935/563 653/953/543 633/954/544 626/936/534
f 621/868/512 620/955/567 639/956/567 632/869/512
f 652/957/568 651/958/568 646/959/569 642/960/569
f 650/961/570 649/962/571 645/963/572 641/964/572
f 624/943/527 629/942/528 647/945/529 648/944/526
f 629/942/528 635/952/546 643/949/566 647/945/529
f 640/922/553 644/923/553 649/962/571 650/961/570
f 641/964/572 645/963/572 651/958/568 652/957/568
f 620/965/553 642/966/553 646/967/553 639/968/553
f 623/947/538 628/946/539 654/935/563 655/934/537
f 628/946/539 634/950/542 653/953/543 654/935/563
f 622/937/533 626/936/534 657/939/564 658/938/532
f 626/936/534 633/954/544 656/948/545 657/939/564
f 627/855/467 631/884/466 660/941/531 661/940/530
f 631/884/466 637/885/479 659/951/541 660/941/531
f 620/969/573 621/854/507 661/940/565
f 620/969/573 661/940/565 624/943/390
f 620/969/573 624/943/390 648/944/558
f 625/847/520 638/836/390 640/930/390 650/970/574
f 642/971/575 623/947/559 655/934/576
f 620/969/573 648/944/558 623/947/559
f 620/969/573 623/947/559 642/971/575
f 641/972/577 658/938/577 625/847/520 650/970/574
f 642/971/575 655/934/576 622/937/578 652/973/579
f 652/973/579 622/937/578 658/938/577 641/972/577
f 662/974/580 664/975/581 665/976/582 663/977/583
f 664/975/581 666/978/584 667/979/585 665/976/582
f 666/978/584 668/980/586 669/981/587 667/979/585
f 668/982/586 670/983/588 671/984/589 669/985/587
f 670/983/588 672/986/590 673/987/591 671/984/589
f 672/986/590 674/988/592 675/989/593 673/987/591
f 677/990/594 678/991/567 675/992/593
f 674/988/592 676/993/595 677/994/594 675/989/593
f 676/993/595 662/974/580 663/977/583 677/994/594
f 671/995/589 678/991/567 669/996/587
f 667/997/585 678/991/567 665/998/582
f 673/999/591 678/991/567 671/995/589
f 663/1000/583 678/991/567 677/990/594
f 665/998/582 678/991/567 663/1000/583
f 669/996/587 678/991/567 667/997/585
f 675/992/593 678/991/567 673/999/591
f 670/1001/588 679/1002/596 672/1003/590
f 676/1004/595 679/1002/596 662/1005/580
f 662/1005/580 679/1002/596 664/1006/581
f 666/1007/584 679/1002/596 668/1008/586
f 672/1003/590 679/1002/596 674/1009/592
f 668/1008/586 679/1002/596 670/1001/588
f 674/1009/592 679/1002/596 676/1004/595
f 664/1006/581 679/1002/596 666/1007/584
f 682/1010/597 696/1011/390 683/1012/598
f 685/1013/599 696/1011/390 690/1014/600
f 690/1014/600 696/1011/390 694/1015/601
f 681/1016/602 696/1011/390 684/1017/603
f 680/1018/604 696/1011/390 685/1013/599
f 684/1017/603 696/1011/390 680/1018/604
f 687/1019/605 696/1011/390 693/1020/606
f 686/1021/607 696/1011/390 682/1010/597
f 692/1022/608 696/1011/390 689/1023/609
f 683/1012/598 696/1011/390 681/1016/602
f 693/1020/606 696/1011/390 688/1024/610
f 688/1024/610 696/1011/390 692/1022/608
f 691/1025/611 696/1011/390 686/1021/607
f 695/1026/612 696/1011/390 691/1025/611
f 694/1015/601 696/1011/390 687/1019/605
f 689/1023/609 696/1011/390 695/1026/612
f 692/1022/608 709/1027/613 705/1028/614 688/1024/610
f 680/1018/604 697/1029/615 701/1030/616 684/1017/603
f 693/1020/606 710/1031/617 704/1032/618 687/1019/605
f 690/1014/600 707/1033/619 702/1034/620 685/1013/599
f 694/1015/601 711/1035/621 707/1033/619 690/1014/600
f 686/1021/607 703/1036/622 708/1037/623 691/1025/611
f 683/1012/598 700/1038/624 699/1039/625 682/1010/597
f 691/1025/611 708/1037/623 712/1040/626 695/1026/612
f 689/1023/609 706/1041/627 709/1027/613 692/1022/608
f 684/1017/603 701/1030/616 698/1042/628 681/1016/602
f 688/1024/610 705/1028/614 710/1031/617 693/1020/606
f 685/1013/599 702/1034/620 697/1029/615 680/1018/604
f 687/1019/605 704/1032/618 711/1035/621 694/1015/601
f 682/1010/597 699/1039/625 703/1036/622 686/1021/607
f 695/1026/612 712/1040/626 706/1041/627 689/1023/609
f 681/1016/602 698/1042/628 700/1038/624 683/1012/598
f 715/1043/604 716/1044/603 729/1045/390
f 718/1046/607 723/1047/611 729/1045/390
f 723/1047/611 727/1048/612 729/1045/390
f 714/1049/602 717/1050/629 729/1045/390
f 713/1051/597 718/1046/607 729/1045/390
f 717/1050/629 713/1051/597 729/1045/390
f 720/1052/609 726/1053/608 729/1045/390
f 719/1054/599 715/1043/604 729/1045/390
f 725/1055/606 722/1056/605 729/1045/390
f 716/1044/603 714/1049/602 729/1045/390
f 726/1053/608 721/1057/610 729/1045/390
f 721/1057/610 725/1055/606 729/1045/390
f 724/1058/600 719/1054/599 729/1045/390
f 728/1059/601 724/1058/600 729/1045/390
f 727/1048/612 720/1052/609 729/1045/390
f 722/1056/605 728/1059/601 729/1045/390
f 725/1055/606 721/1057/610 738/1060/614 742/1061/617
f 713/1051/597 717/1050/629 734/1062/624 730/1063/630
f 726/1053/608 720/1052/609 737/1064/631 743/1065/613
f 723/1047/611 718/1046/607 735/1066/622 740/1067/623
f 727/1048/612 723/1047/611 740/1067/623 744/1068/626
f 719/1054/599 724/1058/600 741/1069/619 736/1070/620
f 716/1044/603 715/1043/604 732/1071/615 733/1072/616
f 724/1058/600 728/1059/601 745/1073/621 741/1069/619
f 722/1056/605 725/1055/606 742/1061/617 739/1074/618
f 717/1050/629 714/1049/602 731/1075/628 734/1062/624
f 721/1057/610 726/1053/608 743/1065/613 738/1060/614
f 718/1046/607 713/1051/597 730/1063/630 735/1066/622
f 720/1052/609 727/1048/612 744/1068/626 737/1064/631
f 715/1043/604 719/1054/599 736/1070/620 732/1071/615
f 728/1059/601 722/1056/605 739/1074/618 745/1073/621
f 714/1049/602 716/1044/603 733/1072/616 731/1075/628
f 770/1076/632 769/1077/633 750/1078/634 747/1079/635
f 773/1080/636 772/1081/637 820/1082/638 815/1083/639
f 776/1084/640 775/1085/641 752/1086/642 749/1087/643
f 811/1088/644 817/1089/645 776/1084/646
f 763/1090/647 762/1091/648 751/1092/649 748/1093/650
f 772/1081/637 771/1094/651 826/1095/652 820/1082/638
f 762/1091/648 759/1096/653 754/1097/654 751/1092/649
f 775/1085/641 774/1098/655 755/1099/656 752/1086/642
f 769/1077/633 768/1100/657 753/1101/658 750/1078/634
f 811/1102/596 746/1103/486 756/1104/486 822/1105/596
f 767/1106/659 766/1107/660 761/1108/661 758/1109/661
f 765/1110/662 764/1111/663 760/1112/664 757/1113/664
f 749/1087/643 752/1086/642 762/1091/648 763/1090/647
f 752/1086/642 755/1099/656 759/1096/653 762/1091/648
f 788/1114/665 792/1115/665 764/1111/663 765/1110/662
f 757/1113/664 760/1112/664 766/1107/660 767/1106/659
f 746/1116/665 758/1117/665 761/1118/665 756/1119/665
f 748/1093/650 751/1092/649 769/1077/633 770/1076/632
f 751/1092/649 754/1097/654 768/1100/657 769/1077/633
f 747/1079/635 750/1078/634 772/1081/637 773/1080/636
f 750/1078/634 753/1101/658 771/1094/651 772/1081/637
f 817/1089/666 821/1120/667 775/1085/641 776/1084/640
f 821/1120/667 827/1121/668 774/1098/655 775/1085/641
f 746/1122/669 811/1088/644 776/1084/646
f 746/1122/669 776/1084/646 749/1087/645
f 746/1122/669 749/1087/645 763/1090/670
f 815/1083/671 867/1123/645 788/1124/645 765/1125/672
f 758/1126/673 748/1093/674 770/1076/675
f 746/1122/669 763/1090/670 748/1093/674
f 746/1122/669 748/1093/674 758/1126/673
f 757/1127/676 773/1080/676 815/1083/671 765/1125/672
f 758/1126/673 770/1076/675 747/1079/677 767/1128/678
f 767/1128/678 747/1079/677 773/1080/676 757/1127/676
f 803/1129/647 778/1130/643 781/1131/679 802/1132/648
f 806/1133/640 854/1134/666 859/1135/667 805/1136/641
f 809/1137/636 780/1138/635 783/1139/680 808/1140/681
f 850/1141/682 809/1137/683 856/1142/645
f 796/1143/632 779/1144/650 782/1145/649 795/1146/633
f 805/1136/641 859/1135/667 865/1147/668 804/1148/655
f 795/1146/633 782/1145/649 785/1149/654 791/1150/684
f 808/1140/681 783/1139/680 786/1151/658 807/1152/651
f 802/1132/648 781/1131/679 784/1153/656 801/1154/653
f 850/1155/567 861/1156/567 787/1157/512 777/1158/512
f 800/1159/685 790/1160/686 794/1161/686 799/1162/685
f 798/1163/687 789/1164/688 793/1165/688 797/1166/689
f 780/1138/635 796/1143/632 795/1146/633 783/1139/680
f 783/1139/680 795/1146/633 791/1150/684 786/1151/658
f 788/1114/665 798/1163/687 797/1166/689 792/1115/665
f 789/1164/688 800/1159/685 799/1162/685 793/1165/688
f 777/1167/665 787/1168/665 794/1169/665 790/1170/665
f 779/1144/650 803/1129/647 802/1132/648 782/1145/649
f 782/1145/649 802/1132/648 801/1154/653 785/1149/654
f 778/1130/643 806/1133/640 805/1136/641 781/1131/679
f 781/1131/679 805/1136/641 804/1148/655 784/1153/656
f 856/1142/639 809/1137/636 808/1140/681 860/1171/638
f 860/1171/638 808/1140/681 807/1152/651 866/1172/652
f 777/1167/690 809/1137/683 850/1141/682
f 777/1167/690 780/1138/645 809/1137/683
f 777/1167/690 796/1143/675 780/1138/645
f 854/1134/691 798/1173/692 788/1124/645 867/1123/645
f 790/1170/693 803/1129/694 779/1144/695
f 777/1167/690 779/1144/695 796/1143/675
f 777/1167/690 790/1170/693 779/1144/695
f 789/1174/696 798/1173/692 854/1134/691 806/1133/696
f 790/1170/693 800/1175/697 778/1130/698 803/1129/694
f 800/1175/697 789/1174/696 806/1133/696 778/1130/698
f 842/1176/699 812/1177/700 816/1178/701 841/1179/702
f 845/1180/703 815/1083/639 820/1082/638 844/1181/704
f 848/1182/705 814/1183/706 819/1184/707 847/1185/708
f 811/1088/644 848/1182/709 817/1089/645
f 835/1186/710 813/1187/711 818/1188/712 834/1189/713
f 844/1181/704 820/1082/638 826/1095/652 843/1190/714
f 834/1189/713 818/1188/712 824/1191/715 831/1192/716
f 847/1185/708 819/1184/707 825/1193/717 846/1194/718
f 841/1179/702 816/1178/701 823/1195/719 840/1196/720
f 811/1102/596 822/1105/596 828/1197/596 810/1198/596
f 839/1199/721 830/1200/722 833/1201/722 838/1202/721
f 837/1203/723 829/1204/724 832/1205/724 836/1206/723
f 814/1183/706 835/1186/710 834/1189/713 819/1184/707
f 819/1184/707 834/1189/713 831/1192/716 825/1193/717
f 869/1207/725 837/1203/723 836/1206/723 873/1208/725
f 829/1204/724 839/1199/721 838/1202/721 832/1205/724
f 810/1209/725 828/1210/725 833/1211/725 830/1212/725
f 813/1187/711 842/1176/699 841/1179/702 818/1188/712
f 818/1188/712 841/1179/702 840/1196/720 824/1191/715
f 812/1177/700 845/1180/703 844/1181/704 816/1178/701
f 816/1178/701 844/1181/704 843/1190/714 823/1195/719
f 817/1089/666 848/1182/705 847/1185/708 821/1120/667
f 821/1120/667 847/1185/708 846/1194/718 827/1121/668
f 810/1213/726 848/1182/709 811/1088/644
f 810/1213/726 814/1183/645 848/1182/709
f 810/1213/726 835/1186/727 814/1183/645
f 815/1083/671 837/1214/728 869/1215/645 867/1123/645
f 830/1216/729 842/1176/730 813/1187/731
f 810/1213/726 813/1187/731 835/1186/727
f 810/1213/726 830/1216/729 813/1187/731
f 829/1217/732 837/1214/728 815/1083/671 845/1180/733
f 830/1216/729 839/1218/734 812/1177/734 842/1176/730
f 839/1218/734 829/1217/732 845/1180/733 812/1177/734
f 884/1219/710 883/1220/713 855/1221/707 851/1222/706
f 887/1223/705 886/1224/735 859/1135/667 854/1134/666
f 890/1225/703 889/1226/704 858/1227/736 853/1228/700
f 850/1141/682 856/1142/645 890/1225/737
f 877/1229/699 876/1230/702 857/1231/712 852/1232/711
f 886/1224/735 885/1233/718 865/1147/668 859/1135/667
f 876/1230/702 872/1234/720 863/1235/715 857/1231/712
f 889/1226/704 888/1236/714 864/1237/719 858/1227/736
f 883/1220/713 882/1238/716 862/1239/717 855/1221/707
f 850/1155/567 849/1240/567 868/1241/567 861/1156/567
f 881/1242/738 880/1243/739 875/1244/740 871/1245/740
f 879/1246/741 878/1247/742 874/1248/743 870/1249/743
f 853/1228/700 858/1227/736 876/1230/702 877/1229/699
f 858/1227/736 864/1237/719 872/1234/720 876/1230/702
f 869/1207/725 873/1208/725 878/1247/742 879/1246/741
f 870/1249/743 874/1248/743 880/1243/739 881/1242/738
f 849/1250/725 871/1251/725 875/1252/725 868/1253/725
f 852/1232/711 857/1231/712 883/1220/713 884/1219/710
f 857/1231/712 863/1235/715 882/1238/716 883/1220/713
f 851/1222/706 855/1221/707 886/1224/735 887/1223/705
f 855/1221/707 862/1239/717 885/1233/718 886/1224/735
f 856/1142/639 860/1171/638 889/1226/704 890/1225/703
f 860/1171/638 866/1172/652 888/1236/714 889/1226/704
f 849/1254/744 850/1141/682 890/1225/737
f 849/1254/744 890/1225/737 853/1228/645
f 849/1254/744 853/1228/645 877/1229/745
f 854/1134/691 867/1123/645 869/1215/645 879/1255/746
f 871/1256/747 852/1232/731 884/1219/748
f 849/1254/744 877/1229/745 852/1232/731
f 849/1254/744 852/1232/731 871/1256/747
f 870/1257/749 887/1223/749 854/1134/691 879/1255/746
f 871/1256/747 884/1219/748 851/1222/750 881/1258/750
f 881/1258/750 851/1222/750 887/1223/749 870/1257/749
f 893/1259/751 907/1260/752 894/1261/753
f 896/1262/754 907/1260/752 901/1263/755
f 901/1263/755 907/1260/752 905/1264/756
f 892/1265/757 907/1260/752 895/1266/758
f 891/1267/759 907/1260/752 896/1262/754
f 895/1266/758 907/1260/752 891/1267/759
f 898/1268/760 907/1260/752 904/1269/761
f 897/1270/762 907/1260/752 893/1259/751
f 903/1271/763 907/1260/752 900/1272/764
f 894/1261/753 907/1260/752 892/1265/757
f 904/1269/761 907/1260/752 899/1273/765
f 899/1273/765 907/1260/752 903/1271/763
f 902/1274/766 907/1260/752 897/1270/762
f 906/1275/767 907/1260/752 902/1274/766
f 905/1264/756 907/1260/752 898/1268/760
f 900/1272/764 907/1260/752 906/1275/767
f 903/1271/763 920/1276/768 916/1277/769 899/1273/765
f 891/1267/759 908/1278/770 912/1279/771 895/1266/758
f 904/1269/761 921/1280/772 915/1281/773 898/1268/760
f 901/1263/755 918/1282/774 913/1283/775 896/1262/754
f 905/1264/756 922/1284/776 918/1282/774 901/1263/755
f 897/1270/762 914/1285/777 919/1286/778 902/1274/766
f 894/1261/753 911/1287/779 910/1288/780 893/1259/751
f 902/1274/766 919/1286/778 923/1289/781 906/1275/767
f 900/1272/764 917/1290/782 920/1276/768 903/1271/763
f 895/1266/758 912/1279/771 909/1291/783 892/1265/757
f 899/1273/765 916/1277/769 921/1280/772 904/1269/761
f 896/1262/754 913/1283/775 908/1278/770 891/1267/759
f 898/1268/760 915/1281/773 922/1284/776 905/1264/756
f 893/1259/751 910/1288/780 914/1285/777 897/1270/762
f 906/1275/767 923/1289/781 917/1290/782 900/1272/764
f 892/1265/757 909/1291/783 911/1287/779 894/1261/753
f 926/1292/759 927/1293/758 940/1294/752
f 929/1295/762 934/1296/766 940/1294/752
f 934/1296/766 938/1297/767 940/1294/752
f 925/1298/757 928/1299/753 940/1294/752
f 924/1300/751 929/1295/762 940/1294/752
f 928/1299/753 924/1300/751 940/1294/752
f 931/1301/764 937/1302/763 940/1294/752
f 930/1303/754 926/1292/759 940/1294/752
f 936/1304/761 933/1305/760 940/1294/752
f 927/1293/758 925/1298/757 940/1294/752
f 937/1302/763 932/1306/765 940/1294/752
f 932/1306/765 936/1304/761 940/1294/752
f 935/1307/755 930/1303/754 940/1294/752
f 939/1308/756 935/1307/755 940/1294/752
f 938/1297/767 931/1301/764 940/1294/752
f 933/1305/760 939/1308/756 940/1294/752
f 936/1304/761 932/1306/765 949/1309/769 953/1310/772
f 924/1300/751 928/1299/753 945/1311/779 941/1312/780
f 937/1302/763 931/1301/764 948/1313/784 954/1314/785
f 934/1296/766 929/1295/762 946/1315/777 951/1316/778
f 938/1297/767 934/1296/766 951/1316/778 955/1317/781
f 930/1303/754 935/1307/755 952/1318/774 947/1319/786
f 927/1293/758 926/1292/759 943/1320/770 944/1321/787
f 935/1307/755 939/1308/756 956/1322/776 952/1318/774
f 933/1305/760 936/1304/761 953/1310/772 950/1323/773
f 928/1299/753 925/1298/757 942/1324/783 945/1311/779
f 932/1306/765 937/1302/763 954/1314/785 949/1309/769
f 929/1295/762 924/1300/751 941/1312/780 946/1315/777
f 931/1301/764 938/1297/767 955/1317/781 948/1313/784
f 926/1292/759 930/1303/754 947/1319/786 943/1320/770
f 939/1308/756 933/1305/760 950/1323/773 956/1322/776
f 925/1298/757 927/1293/758 944/1321/787 942/1324/783
