# Blender 5.1.1
# www.blender.org
mtllib gallinera_table_4k.mtl
o gallinera_table
v -0.378321 0.057461 0.204844
v -0.378321 0.077461 0.204844
v -0.378321 0.057461 -0.204844
v -0.378321 0.077461 -0.204844
v 0.378295 0.057461 0.204844
v 0.378295 0.077461 0.204844
v 0.378295 0.057461 -0.204844
v 0.378295 0.077461 -0.204844
v -0.361740 0.391000 0.227435
v -0.361740 0.391000 0.203662
v -0.361740 0.466000 0.203662
v -0.361740 0.426201 0.227435
v -0.361740 0.393541 0.209410
v -0.361740 0.393541 0.225997
v -0.361740 0.391000 0.225997
v -0.361740 0.391000 0.209410
v -0.362086 0.104715 0.231640
v -0.362086 0.034721 0.231640
v -0.362086 0.104715 0.204645
v -0.362086 0.034721 0.204645
v -0.362086 0.073521 0.236285
v -0.362086 0.038421 0.236285
v -0.362086 0.073521 0.231640
v -0.362086 0.038421 0.231640
v -0.362086 0.102555 0.209410
v -0.362086 0.102555 0.227435
v -0.362086 0.104715 0.209410
v -0.362086 0.104715 0.227435
v -0.361740 0.466000 0.234764
v -0.361740 0.426201 0.234764
v 0.361740 0.391000 0.227435
v 0.361740 0.391000 0.203662
v 0.361740 0.466000 0.203662
v 0.361740 0.426201 0.227435
v 0.361740 0.393541 0.209410
v 0.361740 0.393541 0.225997
v 0.361740 0.391000 0.225997
v 0.361740 0.391000 0.209410
v 0.362086 0.104715 0.231640
v 0.362086 0.034721 0.231640
v 0.362086 0.104715 0.204645
v 0.362086 0.034721 0.204645
v 0.362086 0.073521 0.236285
v 0.362086 0.038421 0.236285
v 0.362086 0.073521 0.231640
v 0.362086 0.038421 0.231640
v 0.362086 0.102555 0.209410
v 0.362086 0.102555 0.227435
v 0.362086 0.104715 0.209410
v 0.362086 0.104715 0.227435
v 0.361740 0.466000 0.234764
v 0.361740 0.426201 0.234764
v -0.361740 0.391000 -0.227435
v -0.361740 0.391000 -0.203662
v -0.361740 0.466000 -0.203662
v -0.361740 0.426201 -0.227435
v -0.361740 0.393541 -0.209410
v -0.361740 0.393541 -0.225997
v -0.361740 0.391000 -0.225997
v -0.361740 0.391000 -0.209410
v -0.362086 0.104715 -0.231640
v -0.362086 0.034721 -0.231640
v -0.362086 0.104715 -0.204645
v -0.362086 0.034721 -0.204645
v -0.362086 0.073521 -0.236285
v -0.362086 0.038421 -0.236285
v -0.362086 0.073521 -0.231640
v -0.362086 0.038421 -0.231640
v -0.362086 0.102555 -0.209410
v -0.362086 0.102555 -0.227435
v -0.362086 0.104715 -0.209410
v -0.362086 0.104715 -0.227435
v -0.361740 0.466000 -0.234764
v -0.361740 0.426201 -0.234764
v 0.361740 0.391000 -0.227435
v 0.361740 0.391000 -0.203662
v 0.361740 0.466000 -0.203662
v 0.361740 0.426201 -0.227435
v 0.361740 0.393541 -0.209410
v 0.361740 0.393541 -0.225997
v 0.361740 0.391000 -0.225997
v 0.361740 0.391000 -0.209410
v 0.362086 0.104715 -0.231640
v 0.362086 0.034721 -0.231640
v 0.362086 0.104715 -0.204645
v 0.362086 0.034721 -0.204645
v 0.362086 0.073521 -0.236285
v 0.362086 0.038421 -0.236285
v 0.362086 0.073521 -0.231640
v 0.362086 0.038421 -0.231640
v 0.362086 0.102555 -0.209410
v 0.362086 0.102555 -0.227435
v 0.362086 0.104715 -0.209410
v 0.362086 0.104715 -0.227435
v 0.361740 0.466000 -0.234764
v 0.361740 0.426201 -0.234764
v -0.389748 0.391000 -0.200149
v -0.374775 0.391000 -0.200149
v -0.374775 0.466000 -0.200149
v -0.389748 0.426201 -0.200149
v -0.380523 0.393541 -0.200149
v -0.388310 0.393541 -0.200149
v -0.388310 0.391000 -0.200149
v -0.380523 0.391000 -0.200149
v -0.393952 0.104715 -0.200340
v -0.393952 0.034721 -0.200340
v -0.375758 0.104715 -0.200340
v -0.375758 0.034721 -0.200340
v -0.398598 0.073521 -0.200340
v -0.398598 0.038421 -0.200340
v -0.393952 0.073521 -0.200340
v -0.393952 0.038421 -0.200340
v -0.380523 0.102555 -0.200340
v -0.389748 0.102555 -0.200340
v -0.380523 0.104715 -0.200340
v -0.389748 0.104715 -0.200340
v -0.397077 0.466000 -0.200149
v -0.397077 0.426201 -0.200149
v -0.389748 0.391000 0.200283
v -0.374775 0.391000 0.200283
v -0.374775 0.466000 0.200283
v -0.389748 0.426201 0.200283
v -0.380523 0.393541 0.200283
v -0.388310 0.393541 0.200283
v -0.388310 0.391000 0.200283
v -0.380523 0.391000 0.200283
v -0.393952 0.104715 0.200474
v -0.393952 0.034721 0.200474
v -0.375758 0.104715 0.200474
v -0.375758 0.034721 0.200474
v -0.398598 0.073521 0.200474
v -0.398598 0.038421 0.200474
v -0.393952 0.073521 0.200474
v -0.393952 0.038421 0.200474
v -0.380523 0.102555 0.200474
v -0.389748 0.102555 0.200474
v -0.380523 0.104715 0.200474
v -0.389748 0.104715 0.200474
v -0.397077 0.466000 0.200283
v -0.397077 0.426201 0.200283
v 0.389748 0.391000 -0.200149
v 0.374775 0.391000 -0.200149
v 0.374775 0.466000 -0.200149
v 0.389748 0.426201 -0.200149
v 0.380523 0.393541 -0.200149
v 0.388310 0.393541 -0.200149
v 0.388310 0.391000 -0.200149
v 0.380523 0.391000 -0.200149
v 0.393952 0.104715 -0.200340
v 0.393952 0.034721 -0.200340
v 0.375758 0.104715 -0.200340
v 0.375758 0.034721 -0.200340
v 0.398598 0.073521 -0.200340
v 0.398598 0.038421 -0.200340
v 0.393952 0.073521 -0.200340
v 0.393952 0.038421 -0.200340
v 0.380523 0.102555 -0.200340
v 0.389748 0.102555 -0.200340
v 0.380523 0.104715 -0.200340
v 0.389748 0.104715 -0.200340
v 0.397077 0.466000 -0.200149
v 0.397077 0.426201 -0.200149
v 0.389748 0.391000 0.200283
v 0.374775 0.391000 0.200283
v 0.374775 0.466000 0.200283
v 0.389748 0.426201 0.200283
v 0.380523 0.393541 0.200283
v 0.388310 0.393541 0.200283
v 0.388310 0.391000 0.200283
v 0.380523 0.391000 0.200283
v 0.393952 0.104715 0.200474
v 0.393952 0.034721 0.200474
v 0.375758 0.104715 0.200474
v 0.375758 0.034721 0.200474
v 0.398598 0.073521 0.200474
v 0.398598 0.038421 0.200474
v 0.393952 0.073521 0.200474
v 0.393952 0.038421 0.200474
v 0.380523 0.102555 0.200474
v 0.389748 0.102555 0.200474
v 0.380523 0.104715 0.200474
v 0.389748 0.104715 0.200474
v 0.397077 0.466000 0.200283
v 0.397077 0.426201 0.200283
v -0.396131 0.000000 0.202857
v -0.396149 -0.000000 0.234923
v -0.365022 -0.000000 0.202897
v -0.365022 -0.000000 0.234923
v -0.389212 0.114619 0.201260
v -0.396879 0.107930 0.199706
v -0.393840 0.111723 0.200322
v -0.398584 0.107930 0.200581
v -0.394208 0.114620 0.203347
v -0.396849 0.111724 0.201677
v -0.399291 0.107930 0.202692
v -0.396785 0.114961 0.209391
v -0.398297 0.111859 0.205348
v -0.363438 0.114864 0.211912
v -0.361881 0.107930 0.202692
v -0.362498 0.111821 0.206347
v -0.362587 0.107930 0.200581
v -0.365227 0.114643 0.205223
v -0.363634 0.111733 0.202421
v -0.364292 0.107930 0.199706
v -0.370173 0.114765 0.202188
v -0.366624 0.111781 0.200690
v -0.395944 0.114643 0.232597
v -0.398584 0.107930 0.237240
v -0.397538 0.111733 0.235399
v -0.396879 0.107930 0.238114
v -0.390999 0.114765 0.235632
v -0.394548 0.111781 0.237130
v -0.397733 0.114864 0.225908
v -0.399291 0.107930 0.235128
v -0.398673 0.111821 0.231473
v -0.362587 0.107930 0.237240
v -0.366963 0.114620 0.234474
v -0.364322 0.111724 0.236143
v -0.371959 0.114619 0.236560
v -0.364292 0.107930 0.238114
v -0.367332 0.111723 0.237498
v -0.361881 0.107930 0.235128
v -0.364387 0.114961 0.228429
v -0.362874 0.111859 0.232473
v -0.370990 0.150331 0.196623
v -0.371511 0.129942 0.197835
v -0.369959 0.139939 0.194230
v -0.361132 0.150331 0.204407
v -0.362189 0.129942 0.205196
v -0.359043 0.139939 0.202850
v -0.356487 0.150331 0.216077
v -0.357797 0.129942 0.216231
v -0.353899 0.139939 0.215773
v -0.402873 0.150331 0.209314
v -0.401661 0.129942 0.209836
v -0.405266 0.139939 0.208284
v -0.394300 0.129942 0.200514
v -0.395089 0.150331 0.199456
v -0.396646 0.139939 0.197367
v -0.383419 0.150331 0.194811
v -0.383265 0.129942 0.196121
v -0.383723 0.139939 0.192223
v -0.389660 0.129942 0.239985
v -0.390182 0.150331 0.241197
v -0.391212 0.139939 0.243590
v -0.400040 0.150331 0.233413
v -0.398982 0.129942 0.232625
v -0.402129 0.139939 0.234971
v -0.359510 0.129942 0.227985
v -0.358299 0.150331 0.228506
v -0.355906 0.139939 0.229537
v -0.366871 0.129942 0.237307
v -0.366083 0.150331 0.238364
v -0.364525 0.139939 0.240453
v -0.377753 0.150331 0.243009
v -0.377907 0.129942 0.241699
v -0.377449 0.139939 0.245597
v -0.403375 0.129942 0.221589
v -0.404685 0.150331 0.221743
v -0.407273 0.139939 0.222047
v -0.374855 0.117530 0.205600
v -0.374894 0.120210 0.205692
v -0.375082 0.118852 0.206128
v -0.369047 0.120210 0.210308
v -0.368968 0.117530 0.210249
v -0.369428 0.118852 0.210592
v -0.366194 0.117530 0.217218
v -0.366292 0.120210 0.217230
v -0.366764 0.118852 0.217285
v -0.393896 0.117530 0.213179
v -0.393804 0.120210 0.213219
v -0.393368 0.118852 0.213406
v -0.389188 0.120210 0.207372
v -0.389247 0.117530 0.207292
v -0.388904 0.118852 0.207752
v -0.382278 0.117530 0.204518
v -0.382266 0.120210 0.204617
v -0.382211 0.118852 0.205088
v -0.386277 0.120210 0.232129
v -0.386317 0.117530 0.232220
v -0.386090 0.118852 0.231693
v -0.392204 0.117530 0.227571
v -0.392124 0.120210 0.227512
v -0.391744 0.118852 0.227228
v -0.367276 0.117530 0.224641
v -0.367367 0.120210 0.224602
v -0.367803 0.118852 0.224414
v -0.371984 0.120210 0.230449
v -0.371924 0.117530 0.230528
v -0.372268 0.118852 0.230068
v -0.378905 0.120210 0.233204
v -0.378894 0.117530 0.233302
v -0.378961 0.118852 0.232732
v -0.394879 0.120210 0.220590
v -0.394978 0.117530 0.220602
v -0.394408 0.118852 0.220535
v -0.359830 0.172249 0.227847
v -0.359830 0.211048 0.227847
v -0.357248 0.191649 0.228959
v -0.358142 0.211048 0.216272
v -0.358142 0.172249 0.216272
v -0.355350 0.191649 0.215944
v -0.371649 0.172249 0.198155
v -0.371649 0.211048 0.198155
v -0.370537 0.191649 0.195572
v -0.383224 0.211048 0.196467
v -0.383224 0.172249 0.196467
v -0.383552 0.191649 0.193675
v -0.394092 0.172249 0.200793
v -0.394092 0.211048 0.200793
v -0.395773 0.191649 0.198539
v -0.401341 0.211048 0.209973
v -0.401341 0.172249 0.209973
v -0.403924 0.191649 0.208862
v -0.362468 0.211048 0.205404
v -0.362468 0.172249 0.205404
v -0.360214 0.191649 0.203723
v -0.403029 0.172249 0.221548
v -0.403029 0.211048 0.221548
v -0.405821 0.191649 0.221877
v -0.398703 0.211048 0.232417
v -0.398703 0.172249 0.232417
v -0.400957 0.191649 0.234097
v -0.367079 0.172249 0.237028
v -0.367079 0.211048 0.237028
v -0.365399 0.191649 0.239282
v -0.377947 0.172249 0.241353
v -0.377947 0.211048 0.241353
v -0.377619 0.191649 0.244146
v -0.389523 0.172249 0.239666
v -0.389523 0.211048 0.239666
v -0.390634 0.191649 0.242248
v -0.398584 0.466244 0.237240
v -0.396879 0.466244 0.238114
v -0.399291 0.466244 0.235129
v -0.398584 0.466244 0.200581
v -0.399291 0.466244 0.202692
v -0.396879 0.466244 0.199706
v -0.362587 0.466244 0.237240
v -0.361881 0.466244 0.235129
v -0.364293 0.466244 0.238114
v -0.362587 0.466244 0.200581
v -0.364293 0.466244 0.199706
v -0.361881 0.466244 0.202692
v -0.398673 0.381369 0.206347
v -0.399291 0.385260 0.202692
v -0.397733 0.378326 0.211912
v -0.362874 0.381331 0.205348
v -0.364387 0.378229 0.209391
v -0.361881 0.385260 0.202692
v -0.364322 0.381466 0.201677
v -0.366963 0.378570 0.203347
v -0.362587 0.385260 0.200581
v -0.367332 0.381467 0.200322
v -0.364292 0.385260 0.199706
v -0.371959 0.378571 0.201260
v -0.398584 0.385260 0.200581
v -0.395944 0.378547 0.205223
v -0.397538 0.381457 0.202421
v -0.396879 0.385260 0.199706
v -0.390999 0.378425 0.202188
v -0.394548 0.381409 0.200690
v -0.365227 0.378547 0.232597
v -0.362587 0.385260 0.237240
v -0.363770 0.381680 0.235159
v -0.364292 0.385260 0.238114
v -0.370173 0.378425 0.235632
v -0.366624 0.381409 0.237130
v -0.363438 0.378326 0.225908
v -0.361881 0.385260 0.235128
v -0.362579 0.381581 0.230996
v -0.398584 0.385260 0.237240
v -0.394208 0.378570 0.234474
v -0.396849 0.381466 0.236143
v -0.389212 0.378571 0.236560
v -0.396879 0.385260 0.238114
v -0.393840 0.381467 0.237498
v -0.399291 0.385260 0.235128
v -0.396785 0.378229 0.228429
v -0.398297 0.381331 0.232473
v -0.387468 0.332721 0.202927
v -0.394537 0.332721 0.208509
v -0.397869 0.332721 0.216879
v -0.364602 0.332721 0.212028
v -0.370185 0.332721 0.204958
v -0.378554 0.332721 0.201627
v -0.373704 0.332721 0.234894
v -0.366634 0.332721 0.229311
v -0.396569 0.332721 0.225792
v -0.390987 0.332721 0.232862
v -0.382617 0.332721 0.236193
v -0.363303 0.332721 0.220942
v -0.390182 0.342859 0.196623
v -0.389660 0.363248 0.197835
v -0.391212 0.353251 0.194230
v -0.400040 0.342859 0.204407
v -0.398982 0.363248 0.205196
v -0.402129 0.353251 0.202850
v -0.404685 0.342859 0.216077
v -0.403375 0.363248 0.216231
v -0.407273 0.353251 0.215773
v -0.358299 0.342859 0.209314
v -0.359510 0.363248 0.209836
v -0.355906 0.353251 0.208284
v -0.366871 0.363248 0.200514
v -0.366083 0.342859 0.199456
v -0.364525 0.353251 0.197367
v -0.377753 0.342859 0.194811
v -0.377907 0.363248 0.196121
v -0.377449 0.353251 0.192223
v -0.371511 0.363248 0.239985
v -0.370990 0.342859 0.241197
v -0.369959 0.353251 0.243590
v -0.361132 0.342859 0.233413
v -0.362189 0.363248 0.232625
v -0.359043 0.353251 0.234971
v -0.401661 0.363248 0.227985
v -0.402873 0.342859 0.228506
v -0.405266 0.353251 0.229537
v -0.394300 0.363248 0.237307
v -0.395089 0.342859 0.238364
v -0.396646 0.353251 0.240453
v -0.383419 0.342859 0.243009
v -0.383265 0.363248 0.241699
v -0.383723 0.353251 0.245597
v -0.357797 0.363248 0.221589
v -0.356487 0.342859 0.221743
v -0.353899 0.353251 0.222047
v -0.386317 0.375660 0.205600
v -0.386277 0.372980 0.205692
v -0.386090 0.374338 0.206128
v -0.392124 0.372980 0.210308
v -0.392204 0.375660 0.210249
v -0.391744 0.374338 0.210592
v -0.394978 0.375660 0.217218
v -0.394879 0.372980 0.217230
v -0.394408 0.374338 0.217285
v -0.367276 0.375660 0.213179
v -0.367367 0.372980 0.213219
v -0.367803 0.374338 0.213406
v -0.371984 0.372980 0.207372
v -0.371924 0.375660 0.207292
v -0.372268 0.374338 0.207752
v -0.378894 0.375660 0.204518
v -0.378905 0.372980 0.204617
v -0.378961 0.374338 0.205088
v -0.374894 0.372980 0.232129
v -0.374855 0.375660 0.232220
v -0.375082 0.374338 0.231693
v -0.368968 0.375660 0.227571
v -0.369047 0.372980 0.227512
v -0.369428 0.374338 0.227228
v -0.393896 0.375660 0.224641
v -0.393804 0.372980 0.224602
v -0.393368 0.374338 0.224414
v -0.389188 0.372980 0.230449
v -0.389247 0.375660 0.230528
v -0.388904 0.374338 0.230068
v -0.382266 0.372980 0.233204
v -0.382278 0.375660 0.233302
v -0.382211 0.374338 0.232732
v -0.366292 0.372980 0.220590
v -0.366194 0.375660 0.220602
v -0.366764 0.374338 0.220535
v -0.401341 0.320353 0.227847
v -0.401341 0.282091 0.227847
v -0.403924 0.301222 0.228959
v -0.403029 0.282091 0.216272
v -0.403029 0.320353 0.216272
v -0.405821 0.301222 0.215944
v -0.389523 0.320353 0.198155
v -0.389523 0.282091 0.198155
v -0.390634 0.301222 0.195572
v -0.377947 0.282091 0.196467
v -0.377947 0.320353 0.196467
v -0.377619 0.301222 0.193675
v -0.367079 0.320353 0.200793
v -0.367079 0.282091 0.200793
v -0.365399 0.301222 0.198539
v -0.359830 0.282091 0.209973
v -0.359830 0.320353 0.209973
v -0.357248 0.301222 0.208862
v -0.398703 0.282091 0.205404
v -0.398703 0.320353 0.205404
v -0.400957 0.301222 0.203723
v -0.358142 0.320353 0.221548
v -0.358142 0.282091 0.221548
v -0.355350 0.301222 0.221877
v -0.362468 0.282091 0.232417
v -0.362468 0.320353 0.232417
v -0.360214 0.301222 0.234097
v -0.394092 0.320353 0.237028
v -0.394092 0.282091 0.237028
v -0.395773 0.301222 0.239282
v -0.383224 0.320353 0.241353
v -0.383224 0.282091 0.241353
v -0.383552 0.301222 0.244146
v -0.371649 0.320353 0.239666
v -0.371649 0.282091 0.239666
v -0.370537 0.301222 0.242248
v -0.374665 0.162011 0.205160
v -0.374571 0.159122 0.204941
v -0.374826 0.160526 0.205533
v -0.368583 0.162011 0.209962
v -0.368392 0.159122 0.209820
v -0.368909 0.160526 0.210205
v -0.365717 0.162011 0.217162
v -0.365480 0.159122 0.217135
v -0.366121 0.160526 0.217210
v -0.394336 0.162011 0.212990
v -0.394555 0.159122 0.212895
v -0.393963 0.160526 0.213150
v -0.389676 0.159122 0.206717
v -0.389534 0.162011 0.206908
v -0.389291 0.160526 0.207233
v -0.382334 0.162011 0.204042
v -0.382361 0.159122 0.203805
v -0.382286 0.160526 0.204445
v -0.386601 0.159122 0.232880
v -0.386506 0.162011 0.232661
v -0.386346 0.160526 0.232288
v -0.392588 0.162011 0.227858
v -0.392779 0.159122 0.228001
v -0.392263 0.160526 0.227615
v -0.366616 0.159122 0.224925
v -0.366835 0.162011 0.224831
v -0.367208 0.160526 0.224670
v -0.371495 0.159122 0.231104
v -0.371638 0.162011 0.230913
v -0.371881 0.160526 0.230587
v -0.378838 0.162011 0.233779
v -0.378810 0.159122 0.234016
v -0.378885 0.160526 0.233375
v -0.395691 0.159122 0.220686
v -0.395454 0.162011 0.220658
v -0.395051 0.160526 0.220611
v -0.373758 0.227468 0.205018
v -0.374739 0.222977 0.205332
v -0.374765 0.225502 0.205968
v -0.367727 0.227468 0.210293
v -0.368734 0.222977 0.210075
v -0.369074 0.225502 0.210612
v -0.365141 0.227468 0.217877
v -0.365904 0.222977 0.217184
v -0.366467 0.225502 0.217480
v -0.394478 0.227468 0.212083
v -0.394164 0.222977 0.213064
v -0.393528 0.225502 0.213090
v -0.389421 0.222977 0.207058
v -0.389203 0.227468 0.206051
v -0.388884 0.225502 0.207398
v -0.381619 0.227468 0.203465
v -0.382312 0.222977 0.204228
v -0.382016 0.225502 0.204792
v -0.386432 0.222977 0.232488
v -0.387413 0.227468 0.232803
v -0.386406 0.225502 0.231853
v -0.393445 0.227468 0.227528
v -0.392438 0.222977 0.227746
v -0.392097 0.225502 0.227208
v -0.367008 0.222977 0.224757
v -0.366693 0.227468 0.225738
v -0.367643 0.225502 0.224731
v -0.371750 0.222977 0.230762
v -0.371968 0.227468 0.231769
v -0.372288 0.225502 0.230422
v -0.379552 0.227468 0.234355
v -0.378860 0.222977 0.233592
v -0.379155 0.225502 0.233029
v -0.395268 0.222977 0.220636
v -0.396031 0.227468 0.219944
v -0.394704 0.225502 0.220341
v -0.410716 0.236426 0.217368
v -0.382128 0.236426 0.249040
v -0.366857 0.236426 0.245775
v -0.355264 0.236426 0.235311
v -0.407451 0.236426 0.232639
v -0.396987 0.236426 0.244232
v -0.379043 0.236426 0.188780
v -0.394315 0.236426 0.192045
v -0.405908 0.236426 0.202509
v -0.350456 0.236426 0.220453
v -0.353721 0.236426 0.205181
v -0.364185 0.236426 0.193588
v -0.350462 0.257099 0.220892
v -0.382568 0.257099 0.249034
v -0.397364 0.257099 0.244007
v -0.407664 0.257099 0.232256
v -0.355489 0.257099 0.235688
v -0.367240 0.257099 0.245989
v -0.378604 0.257099 0.188787
v -0.363808 0.257099 0.193813
v -0.353507 0.257099 0.205565
v -0.410709 0.257099 0.216928
v -0.405683 0.257099 0.202132
v -0.393931 0.257099 0.191832
v -0.387867 0.266826 0.202241
v -0.387601 0.268395 0.202618
v -0.387648 0.267543 0.202629
v -0.395226 0.266826 0.208115
v -0.394807 0.268395 0.208308
v -0.394842 0.267543 0.208341
v -0.398662 0.266826 0.216882
v -0.398203 0.268395 0.216839
v -0.398217 0.267543 0.216885
v -0.363917 0.266826 0.211629
v -0.364294 0.268395 0.211895
v -0.364304 0.267543 0.211848
v -0.369984 0.268395 0.204689
v -0.369791 0.266826 0.204270
v -0.370016 0.267543 0.204654
v -0.378557 0.266826 0.200833
v -0.378515 0.268395 0.201293
v -0.378561 0.267543 0.201279
v -0.373571 0.268395 0.235202
v -0.373304 0.266826 0.235579
v -0.373524 0.267543 0.235192
v -0.365945 0.266826 0.229705
v -0.366364 0.268395 0.229512
v -0.366329 0.267543 0.229480
v -0.396878 0.268395 0.225925
v -0.397255 0.266826 0.226192
v -0.396867 0.267543 0.225972
v -0.391188 0.268395 0.233132
v -0.391381 0.266826 0.233551
v -0.391155 0.267543 0.233167
v -0.382614 0.266826 0.236987
v -0.382657 0.268395 0.236527
v -0.382611 0.267543 0.236541
v -0.362969 0.268395 0.220981
v -0.362509 0.266826 0.220939
v -0.362954 0.267543 0.220935
v -0.391319 0.263970 0.196090
v -0.378470 0.263970 0.193781
v -0.401291 0.263970 0.204514
v -0.405715 0.263970 0.216795
v -0.403406 0.263970 0.229643
v -0.366189 0.263970 0.198205
v -0.357765 0.263970 0.208177
v -0.355456 0.263970 0.221026
v -0.359881 0.263970 0.233307
v -0.369853 0.263970 0.241731
v -0.382701 0.263970 0.244040
v -0.394982 0.263970 0.239615
v -0.404167 0.229779 0.218692
v -0.401117 0.229779 0.230512
v -0.400899 0.229779 0.206931
v -0.380804 0.229779 0.242491
v -0.368984 0.229779 0.239441
v -0.392565 0.229779 0.239223
v -0.360273 0.229779 0.230890
v -0.357005 0.229779 0.219128
v -0.368606 0.229779 0.198597
v -0.380368 0.229779 0.195329
v -0.392187 0.229779 0.198379
v -0.360055 0.229779 0.207309
v -0.397109 0.000000 0.201950
v -0.398584 0.001875 0.200581
v -0.398152 0.000549 0.200982
v -0.396879 0.001875 0.199706
v -0.396429 0.000000 0.201603
v -0.396747 0.000549 0.200262
v -0.397393 0.000000 0.202791
v -0.399291 0.001875 0.202692
v -0.398735 0.000549 0.202721
v -0.396441 -0.000000 0.236200
v -0.396879 0.001875 0.238114
v -0.396750 0.000549 0.237554
v -0.398584 0.001875 0.237240
v -0.397120 -0.000000 0.235847
v -0.398155 0.000549 0.236832
v -0.399291 0.001875 0.235129
v -0.397397 -0.000000 0.235005
v -0.398736 0.000549 0.235092
v -0.364042 -0.000000 0.201964
v -0.362587 0.001875 0.200581
v -0.363013 0.000549 0.200986
v -0.361881 0.001875 0.202692
v -0.363761 -0.000000 0.202815
v -0.362432 0.000549 0.202728
v -0.364727 -0.000000 0.201607
v -0.364293 0.001875 0.199706
v -0.364420 0.000549 0.200263
v -0.364047 -0.000000 0.235851
v -0.362587 0.001875 0.237240
v -0.363015 0.000549 0.236833
v -0.364293 0.001875 0.238114
v -0.364730 -0.000000 0.236202
v -0.364421 0.000549 0.237554
v -0.363763 -0.000000 0.235005
v -0.361881 0.001875 0.235129
v -0.362432 0.000549 0.235093
v 0.396131 0.000000 0.202857
v 0.396149 -0.000000 0.234923
v 0.365022 -0.000000 0.202897
v 0.365022 -0.000000 0.234923
v 0.389212 0.114619 0.201260
v 0.396879 0.107930 0.199706
v 0.393840 0.111723 0.200322
v 0.398584 0.107930 0.200581
v 0.394208 0.114620 0.203347
v 0.396849 0.111724 0.201677
v 0.399291 0.107930 0.202692
v 0.396785 0.114961 0.209391
v 0.398297 0.111859 0.205348
v 0.363438 0.114864 0.211912
v 0.361881 0.107930 0.202692
v 0.362498 0.111821 0.206347
v 0.362587 0.107930 0.200581
v 0.365227 0.114643 0.205223
v 0.363634 0.111733 0.202421
v 0.364292 0.107930 0.199706
v 0.370173 0.114765 0.202188
v 0.366624 0.111781 0.200690
v 0.395944 0.114643 0.232597
v 0.398584 0.107930 0.237240
v 0.397538 0.111733 0.235399
v 0.396879 0.107930 0.238114
v 0.390999 0.114765 0.235632
v 0.394548 0.111781 0.237130
v 0.397733 0.114864 0.225908
v 0.399291 0.107930 0.235128
v 0.398673 0.111821 0.231473
v 0.362587 0.107930 0.237240
v 0.366963 0.114620 0.234474
v 0.364322 0.111724 0.236143
v 0.371959 0.114619 0.236560
v 0.364292 0.107930 0.238114
v 0.367332 0.111723 0.237498
v 0.361881 0.107930 0.235128
v 0.364387 0.114961 0.228429
v 0.362874 0.111859 0.232473
v 0.370990 0.150331 0.196623
v 0.371511 0.129942 0.197835
v 0.369959 0.139939 0.194230
v 0.361132 0.150331 0.204407
v 0.362189 0.129942 0.205196
v 0.359043 0.139939 0.202850
v 0.356487 0.150331 0.216077
v 0.357797 0.129942 0.216231
v 0.353899 0.139939 0.215773
v 0.402873 0.150331 0.209314
v 0.401661 0.129942 0.209836
v 0.405266 0.139939 0.208284
v 0.394300 0.129942 0.200514
v 0.395089 0.150331 0.199456
v 0.396646 0.139939 0.197367
v 0.383419 0.150331 0.194811
v 0.383265 0.129942 0.196121
v 0.383723 0.139939 0.192223
v 0.389660 0.129942 0.239985
v 0.390182 0.150331 0.241197
v 0.391212 0.139939 0.243590
v 0.400040 0.150331 0.233413
v 0.398982 0.129942 0.232625
v 0.402129 0.139939 0.234971
v 0.359510 0.129942 0.227985
v 0.358299 0.150331 0.228506
v 0.355906 0.139939 0.229537
v 0.366871 0.129942 0.237307
v 0.366083 0.150331 0.238364
v 0.364525 0.139939 0.240453
v 0.377753 0.150331 0.243009
v 0.377907 0.129942 0.241699
v 0.377449 0.139939 0.245597
v 0.403375 0.129942 0.221589
v 0.404685 0.150331 0.221743
v 0.407273 0.139939 0.222047
v 0.374855 0.117530 0.205600
v 0.374894 0.120210 0.205692
v 0.375082 0.118852 0.206128
v 0.369047 0.120210 0.210308
v 0.368968 0.117530 0.210249
v 0.369428 0.118852 0.210592
v 0.366194 0.117530 0.217218
v 0.366292 0.120210 0.217230
v 0.366764 0.118852 0.217285
v 0.393896 0.117530 0.213179
v 0.393804 0.120210 0.213219
v 0.393368 0.118852 0.213406
v 0.389188 0.120210 0.207372
v 0.389247 0.117530 0.207292
v 0.388904 0.118852 0.207752
v 0.382278 0.117530 0.204518
v 0.382266 0.120210 0.204617
v 0.382211 0.118852 0.205088
v 0.386277 0.120210 0.232129
v 0.386317 0.117530 0.232220
v 0.386090 0.118852 0.231693
v 0.392204 0.117530 0.227571
v 0.392124 0.120210 0.227512
v 0.391744 0.118852 0.227228
v 0.367276 0.117530 0.224641
v 0.367367 0.120210 0.224602
v 0.367803 0.118852 0.224414
v 0.371984 0.120210 0.230449
v 0.371924 0.117530 0.230528
v 0.372267 0.118852 0.230068
v 0.378905 0.120210 0.233204
v 0.378894 0.117530 0.233302
v 0.378961 0.118852 0.232732
v 0.394879 0.120210 0.220590
v 0.394978 0.117530 0.220602
v 0.394408 0.118852 0.220535
v 0.359830 0.172249 0.227847
v 0.359830 0.211048 0.227847
v 0.357248 0.191649 0.228959
v 0.358142 0.211048 0.216272
v 0.358142 0.172249 0.216272
v 0.355350 0.191649 0.215944
v 0.371649 0.172249 0.198155
v 0.371649 0.211048 0.198155
v 0.370537 0.191649 0.195572
v 0.383224 0.211048 0.196467
v 0.383224 0.172249 0.196467
v 0.383552 0.191649 0.193675
v 0.394092 0.172249 0.200793
v 0.394092 0.211048 0.200793
v 0.395773 0.191649 0.198539
v 0.401341 0.211048 0.209973
v 0.401341 0.172249 0.209973
v 0.403924 0.191649 0.208862
v 0.362468 0.211048 0.205404
v 0.362468 0.172249 0.205404
v 0.360214 0.191649 0.203723
v 0.403029 0.172249 0.221548
v 0.403029 0.211048 0.221548
v 0.405821 0.191649 0.221877
v 0.398703 0.211048 0.232417
v 0.398703 0.172249 0.232417
v 0.400957 0.191649 0.234097
v 0.367079 0.172249 0.237028
v 0.367079 0.211048 0.237028
v 0.365399 0.191649 0.239282
v 0.377947 0.172249 0.241353
v 0.377947 0.211048 0.241353
v 0.377619 0.191649 0.244146
v 0.389522 0.172249 0.239666
v 0.389522 0.211048 0.239666
v 0.390634 0.191649 0.242248
v 0.398584 0.466244 0.237240
v 0.396879 0.466244 0.238114
v 0.399291 0.466244 0.235129
v 0.398584 0.466244 0.200581
v 0.399291 0.466244 0.202692
v 0.396879 0.466244 0.199706
v 0.362587 0.466244 0.237240
v 0.361881 0.466244 0.235129
v 0.364293 0.466244 0.238114
v 0.362587 0.466244 0.200581
v 0.364293 0.466244 0.199706
v 0.361881 0.466244 0.202692
v 0.398673 0.381369 0.206347
v 0.399291 0.385260 0.202692
v 0.397733 0.378326 0.211912
v 0.362874 0.381331 0.205348
v 0.364387 0.378229 0.209391
v 0.361881 0.385260 0.202692
v 0.364322 0.381466 0.201677
v 0.366963 0.378570 0.203347
v 0.362587 0.385260 0.200581
v 0.367332 0.381467 0.200322
v 0.364292 0.385260 0.199706
v 0.371959 0.378571 0.201260
v 0.398584 0.385260 0.200581
v 0.395944 0.378547 0.205223
v 0.397538 0.381457 0.202421
v 0.396879 0.385260 0.199706
v 0.390999 0.378425 0.202188
v 0.394548 0.381409 0.200690
v 0.365227 0.378547 0.232597
v 0.362587 0.385260 0.237240
v 0.363770 0.381680 0.235159
v 0.364292 0.385260 0.238114
v 0.370173 0.378425 0.235632
v 0.366624 0.381409 0.237130
v 0.363438 0.378326 0.225908
v 0.361881 0.385260 0.235128
v 0.362579 0.381581 0.230996
v 0.398584 0.385260 0.237240
v 0.394208 0.378570 0.234474
v 0.396849 0.381466 0.236143
v 0.389212 0.378571 0.236560
v 0.396879 0.385260 0.238114
v 0.393840 0.381467 0.237498
v 0.399291 0.385260 0.235128
v 0.396785 0.378229 0.228429
v 0.398297 0.381331 0.232473
v 0.387468 0.332721 0.202927
v 0.394537 0.332721 0.208509
v 0.397869 0.332721 0.216879
v 0.364602 0.332721 0.212028
v 0.370185 0.332721 0.204958
v 0.378554 0.332721 0.201627
v 0.373704 0.332721 0.234894
v 0.366634 0.332721 0.229311
v 0.396569 0.332721 0.225792
v 0.390987 0.332721 0.232862
v 0.382617 0.332721 0.236193
v 0.363303 0.332721 0.220942
v 0.390182 0.342859 0.196623
v 0.389660 0.363248 0.197835
v 0.391212 0.353251 0.194230
v 0.400040 0.342859 0.204407
v 0.398982 0.363248 0.205196
v 0.402129 0.353251 0.202850
v 0.404685 0.342859 0.216077
v 0.403375 0.363248 0.216231
v 0.407273 0.353251 0.215773
v 0.358299 0.342859 0.209314
v 0.359510 0.363248 0.209836
v 0.355906 0.353251 0.208284
v 0.366871 0.363248 0.200514
v 0.366083 0.342859 0.199456
v 0.364525 0.353251 0.197367
v 0.377753 0.342859 0.194811
v 0.377907 0.363248 0.196121
v 0.377449 0.353251 0.192223
v 0.371511 0.363248 0.239985
v 0.370990 0.342859 0.241197
v 0.369959 0.353251 0.243590
v 0.361132 0.342859 0.233413
v 0.362189 0.363248 0.232625
v 0.359043 0.353251 0.234971
v 0.401661 0.363248 0.227985
v 0.402873 0.342859 0.228506
v 0.405266 0.353251 0.229537
v 0.394300 0.363248 0.237307
v 0.395089 0.342859 0.238364
v 0.396646 0.353251 0.240453
v 0.383419 0.342859 0.243009
v 0.383265 0.363248 0.241699
v 0.383723 0.353251 0.245597
v 0.357797 0.363248 0.221589
v 0.356487 0.342859 0.221743
v 0.353899 0.353251 0.222047
v 0.386317 0.375660 0.205600
v 0.386277 0.372980 0.205692
v 0.386090 0.374338 0.206128
v 0.392124 0.372980 0.210308
v 0.392204 0.375660 0.210249
v 0.391744 0.374338 0.210592
v 0.394978 0.375660 0.217218
v 0.394879 0.372980 0.217230
v 0.394408 0.374338 0.217285
v 0.367276 0.375660 0.213179
v 0.367367 0.372980 0.213219
v 0.367803 0.374338 0.213406
v 0.371984 0.372980 0.207372
v 0.371924 0.375660 0.207292
v 0.372267 0.374338 0.207752
v 0.378894 0.375660 0.204518
v 0.378905 0.372980 0.204617
v 0.378961 0.374338 0.205088
v 0.374894 0.372980 0.232129
v 0.374855 0.375660 0.232220
v 0.375082 0.374338 0.231693
v 0.368968 0.375660 0.227571
v 0.369047 0.372980 0.227512
v 0.369428 0.374338 0.227228
v 0.393896 0.375660 0.224641
v 0.393804 0.372980 0.224602
v 0.393368 0.374338 0.224414
v 0.389188 0.372980 0.230449
v 0.389247 0.375660 0.230528
v 0.388904 0.374338 0.230068
v 0.382266 0.372980 0.233204
v 0.382278 0.375660 0.233302
v 0.382211 0.374338 0.232732
v 0.366292 0.372980 0.220590
v 0.366194 0.375660 0.220602
v 0.366764 0.374338 0.220535
v 0.401341 0.320353 0.227847
v 0.401341 0.282091 0.227847
v 0.403924 0.301222 0.228959
v 0.403029 0.282091 0.216272
v 0.403029 0.320353 0.216272
v 0.405821 0.301222 0.215944
v 0.389522 0.320353 0.198155
v 0.389523 0.282091 0.198155
v 0.390634 0.301222 0.195572
v 0.377947 0.282091 0.196467
v 0.377947 0.320353 0.196467
v 0.377619 0.301222 0.193675
v 0.367079 0.320353 0.200793
v 0.367079 0.282091 0.200793
v 0.365399 0.301222 0.198539
v 0.359830 0.282091 0.209973
v 0.359830 0.320353 0.209973
v 0.357248 0.301222 0.208862
v 0.398703 0.282091 0.205404
v 0.398703 0.320353 0.205404
v 0.400957 0.301222 0.203723
v 0.358142 0.320353 0.221548
v 0.358142 0.282091 0.221548
v 0.355350 0.301222 0.221877
v 0.362468 0.282091 0.232417
v 0.362468 0.320353 0.232417
v 0.360214 0.301222 0.234097
v 0.394092 0.320353 0.237028
v 0.394092 0.282091 0.237028
v 0.395773 0.301222 0.239282
v 0.383224 0.320353 0.241353
v 0.383224 0.282091 0.241353
v 0.383552 0.301222 0.244146
v 0.371649 0.320353 0.239666
v 0.371649 0.282091 0.239666
v 0.370537 0.301222 0.242248
v 0.374665 0.162011 0.205160
v 0.374571 0.159122 0.204941
v 0.374826 0.160526 0.205533
v 0.368583 0.162011 0.209962
v 0.368392 0.159122 0.209820
v 0.368909 0.160526 0.210205
v 0.365717 0.162011 0.217162
v 0.365480 0.159122 0.217135
v 0.366121 0.160526 0.217210
v 0.394336 0.162011 0.212990
v 0.394555 0.159122 0.212895
v 0.393963 0.160526 0.213150
v 0.389676 0.159122 0.206717
v 0.389534 0.162011 0.206908
v 0.389291 0.160526 0.207233
v 0.382334 0.162011 0.204042
v 0.382361 0.159122 0.203805
v 0.382286 0.160526 0.204445
v 0.386601 0.159122 0.232880
v 0.386506 0.162011 0.232661
v 0.386346 0.160526 0.232288
v 0.392588 0.162011 0.227858
v 0.392779 0.159122 0.228001
v 0.392263 0.160526 0.227615
v 0.366616 0.159122 0.224925
v 0.366835 0.162011 0.224831
v 0.367208 0.160526 0.224670
v 0.371495 0.159122 0.231104
v 0.371638 0.162011 0.230913
v 0.371881 0.160526 0.230587
v 0.378838 0.162011 0.233779
v 0.378810 0.159122 0.234016
v 0.378885 0.160526 0.233375
v 0.395691 0.159122 0.220686
v 0.395454 0.162011 0.220658
v 0.395051 0.160526 0.220611
v 0.373758 0.227468 0.205018
v 0.374739 0.222977 0.205332
v 0.374765 0.225502 0.205968
v 0.367727 0.227468 0.210293
v 0.368734 0.222977 0.210075
v 0.369074 0.225502 0.210612
v 0.365141 0.227468 0.217877
v 0.365904 0.222977 0.217184
v 0.366467 0.225502 0.217480
v 0.394478 0.227468 0.212083
v 0.394164 0.222977 0.213064
v 0.393528 0.225502 0.213090
v 0.389421 0.222977 0.207058
v 0.389203 0.227468 0.206051
v 0.388884 0.225502 0.207398
v 0.381619 0.227468 0.203465
v 0.382312 0.222977 0.204228
v 0.382016 0.225502 0.204792
v 0.386432 0.222977 0.232488
v 0.387413 0.227468 0.232803
v 0.386406 0.225502 0.231853
v 0.393445 0.227468 0.227528
v 0.392438 0.222977 0.227746
v 0.392097 0.225502 0.227208
v 0.367008 0.222977 0.224757
v 0.366693 0.227468 0.225738
v 0.367643 0.225502 0.224731
v 0.371750 0.222977 0.230762
v 0.371968 0.227468 0.231769
v 0.372288 0.225502 0.230422
v 0.379552 0.227468 0.234355
v 0.378860 0.222977 0.233592
v 0.379155 0.225502 0.233029
v 0.395268 0.222977 0.220636
v 0.396031 0.227468 0.219944
v 0.394704 0.225502 0.220341
v 0.410716 0.236426 0.217368
v 0.382128 0.236426 0.249040
v 0.366857 0.236426 0.245775
v 0.355264 0.236426 0.235311
v 0.407451 0.236426 0.232639
v 0.396987 0.236426 0.244232
v 0.379043 0.236426 0.188780
v 0.394315 0.236426 0.192045
v 0.405908 0.236426 0.202509
v 0.350456 0.236426 0.220453
v 0.353721 0.236426 0.205181
v 0.364185 0.236426 0.193588
v 0.350462 0.257099 0.220892
v 0.382568 0.257099 0.249034
v 0.397364 0.257099 0.244007
v 0.407664 0.257099 0.232256
v 0.355489 0.257099 0.235688
v 0.367240 0.257099 0.245989
v 0.378604 0.257099 0.188787
v 0.363808 0.257099 0.193813
v 0.353507 0.257099 0.205565
v 0.410709 0.257099 0.216928
v 0.405683 0.257099 0.202132
v 0.393931 0.257099 0.191832
v 0.387867 0.266826 0.202241
v 0.387601 0.268395 0.202618
v 0.387648 0.267543 0.202629
v 0.395226 0.266826 0.208115
v 0.394807 0.268395 0.208308
v 0.394842 0.267543 0.208341
v 0.398663 0.266826 0.216882
v 0.398203 0.268395 0.216839
v 0.398217 0.267543 0.216885
v 0.363917 0.266826 0.211629
v 0.364294 0.268395 0.211895
v 0.364304 0.267543 0.211848
v 0.369984 0.268395 0.204689
v 0.369791 0.266826 0.204270
v 0.370016 0.267543 0.204654
v 0.378557 0.266826 0.200833
v 0.378515 0.268395 0.201293
v 0.378561 0.267543 0.201279
v 0.373571 0.268395 0.235202
v 0.373304 0.266826 0.235579
v 0.373524 0.267543 0.235192
v 0.365945 0.266826 0.229705
v 0.366364 0.268395 0.229512
v 0.366329 0.267543 0.229480
v 0.396878 0.268395 0.225925
v 0.397255 0.266826 0.226192
v 0.396867 0.267543 0.225972
v 0.391188 0.268395 0.233132
v 0.391381 0.266826 0.233551
v 0.391155 0.267543 0.233167
v 0.382614 0.266826 0.236987
v 0.382657 0.268395 0.236527
v 0.382611 0.267543 0.236541
v 0.362969 0.268395 0.220981
v 0.362509 0.266826 0.220939
v 0.362954 0.267543 0.220935
v 0.391319 0.263970 0.196090
v 0.378470 0.263970 0.193781
v 0.401291 0.263970 0.204514
v 0.405715 0.263970 0.216795
v 0.403406 0.263970 0.229643
v 0.366189 0.263970 0.198205
v 0.357765 0.263970 0.208177
v 0.355456 0.263970 0.221026
v 0.359881 0.263970 0.233307
v 0.369853 0.263970 0.241731
v 0.382701 0.263970 0.244040
v 0.394982 0.263970 0.239615
v 0.404167 0.229779 0.218692
v 0.401117 0.229779 0.230512
v 0.400899 0.229779 0.206931
v 0.380804 0.229779 0.242491
v 0.368984 0.229779 0.239441
v 0.392565 0.229779 0.239223
v 0.360273 0.229779 0.230890
v 0.357005 0.229779 0.219128
v 0.368606 0.229779 0.198597
v 0.380368 0.229779 0.195329
v 0.392187 0.229779 0.198379
v 0.360055 0.229779 0.207309
v 0.397109 0.000000 0.201950
v 0.398584 0.001875 0.200581
v 0.398152 0.000549 0.200982
v 0.396879 0.001875 0.199706
v 0.396429 0.000000 0.201603
v 0.396747 0.000549 0.200262
v 0.397393 0.000000 0.202791
v 0.399291 0.001875 0.202692
v 0.398735 0.000549 0.202721
v 0.396441 -0.000000 0.236200
v 0.396879 0.001875 0.238114
v 0.396750 0.000549 0.237554
v 0.398584 0.001875 0.237240
v 0.397120 -0.000000 0.235847
v 0.398155 0.000549 0.236832
v 0.399291 0.001875 0.235129
v 0.397397 -0.000000 0.235005
v 0.398736 0.000549 0.235092
v 0.364042 -0.000000 0.201964
v 0.362587 0.001875 0.200581
v 0.363013 0.000549 0.200986
v 0.361881 0.001875 0.202692
v 0.363761 -0.000000 0.202815
v 0.362432 0.000549 0.202728
v 0.364727 -0.000000 0.201607
v 0.364293 0.001875 0.199706
v 0.364420 0.000549 0.200263
v 0.364047 -0.000000 0.235851
v 0.362587 0.001875 0.237240
v 0.363015 0.000549 0.236833
v 0.364293 0.001875 0.238114
v 0.364730 -0.000000 0.236202
v 0.364421 0.000549 0.237554
v 0.363763 -0.000000 0.235005
v 0.361881 0.001875 0.235129
v 0.362432 0.000549 0.235093
v -0.396131 0.000000 -0.202857
v -0.396149 -0.000000 -0.234923
v -0.365022 -0.000000 -0.202898
v -0.365022 -0.000000 -0.234923
v -0.389212 0.114619 -0.201260
v -0.396879 0.107930 -0.199706
v -0.393840 0.111723 -0.200322
v -0.398584 0.107930 -0.200581
v -0.394208 0.114620 -0.203347
v -0.396849 0.111724 -0.201677
v -0.399291 0.107930 -0.202692
v -0.396785 0.114961 -0.209391
v -0.398297 0.111859 -0.205348
v -0.363438 0.114864 -0.211912
v -0.361881 0.107930 -0.202692
v -0.362498 0.111821 -0.206348
v -0.362587 0.107930 -0.200581
v -0.365227 0.114643 -0.205223
v -0.363634 0.111733 -0.202421
v -0.364292 0.107930 -0.199706
v -0.370173 0.114765 -0.202188
v -0.366624 0.111781 -0.200690
v -0.395944 0.114643 -0.232597
v -0.398584 0.107930 -0.237240
v -0.397538 0.111733 -0.235399
v -0.396879 0.107930 -0.238114
v -0.390999 0.114765 -0.235632
v -0.394548 0.111781 -0.237130
v -0.397733 0.114864 -0.225908
v -0.399291 0.107930 -0.235128
v -0.398673 0.111821 -0.231473
v -0.362587 0.107930 -0.237240
v -0.366963 0.114620 -0.234474
v -0.364322 0.111724 -0.236143
v -0.371959 0.114619 -0.236560
v -0.364292 0.107930 -0.238114
v -0.367332 0.111723 -0.237498
v -0.361881 0.107930 -0.235128
v -0.364387 0.114961 -0.228429
v -0.362874 0.111859 -0.232473
v -0.370990 0.150331 -0.196623
v -0.371511 0.129942 -0.197835
v -0.369959 0.139939 -0.194230
v -0.361132 0.150331 -0.204407
v -0.362189 0.129942 -0.205196
v -0.359043 0.139939 -0.202850
v -0.356487 0.150331 -0.216077
v -0.357797 0.129942 -0.216231
v -0.353899 0.139939 -0.215773
v -0.402873 0.150331 -0.209314
v -0.401661 0.129942 -0.209836
v -0.405266 0.139939 -0.208284
v -0.394300 0.129942 -0.200514
v -0.395089 0.150331 -0.199456
v -0.396646 0.139939 -0.197367
v -0.383419 0.150331 -0.194811
v -0.383265 0.129942 -0.196121
v -0.383723 0.139939 -0.192223
v -0.389660 0.129942 -0.239986
v -0.390182 0.150331 -0.241197
v -0.391212 0.139939 -0.243590
v -0.400040 0.150331 -0.233413
v -0.398982 0.129942 -0.232625
v -0.402129 0.139939 -0.234971
v -0.359510 0.129942 -0.227985
v -0.358299 0.150331 -0.228506
v -0.355906 0.139939 -0.229537
v -0.366871 0.129942 -0.237307
v -0.366083 0.150331 -0.238364
v -0.364525 0.139939 -0.240453
v -0.377753 0.150331 -0.243009
v -0.377907 0.129942 -0.241699
v -0.377449 0.139939 -0.245597
v -0.403375 0.129942 -0.221589
v -0.404685 0.150331 -0.221743
v -0.407273 0.139939 -0.222047
v -0.374855 0.117530 -0.205600
v -0.374894 0.120210 -0.205692
v -0.375082 0.118852 -0.206128
v -0.369047 0.120210 -0.210308
v -0.368968 0.117530 -0.210249
v -0.369428 0.118852 -0.210592
v -0.366194 0.117530 -0.217218
v -0.366292 0.120210 -0.217230
v -0.366764 0.118852 -0.217285
v -0.393896 0.117530 -0.213179
v -0.393804 0.120210 -0.213219
v -0.393368 0.118852 -0.213406
v -0.389188 0.120210 -0.207372
v -0.389247 0.117530 -0.207292
v -0.388904 0.118852 -0.207752
v -0.382278 0.117530 -0.204518
v -0.382266 0.120210 -0.204617
v -0.382211 0.118852 -0.205088
v -0.386277 0.120210 -0.232129
v -0.386317 0.117530 -0.232220
v -0.386090 0.118852 -0.231693
v -0.392204 0.117530 -0.227571
v -0.392124 0.120210 -0.227512
v -0.391744 0.118852 -0.227228
v -0.367276 0.117530 -0.224641
v -0.367367 0.120210 -0.224602
v -0.367803 0.118852 -0.224414
v -0.371984 0.120210 -0.230449
v -0.371924 0.117530 -0.230528
v -0.372268 0.118852 -0.230068
v -0.378905 0.120210 -0.233204
v -0.378894 0.117530 -0.233302
v -0.378961 0.118852 -0.232732
v -0.394879 0.120210 -0.220590
v -0.394978 0.117530 -0.220602
v -0.394408 0.118852 -0.220535
v -0.359830 0.172249 -0.227847
v -0.359830 0.211048 -0.227847
v -0.357248 0.191649 -0.228959
v -0.358142 0.211048 -0.216272
v -0.358142 0.172249 -0.216272
v -0.355350 0.191649 -0.215944
v -0.371649 0.172249 -0.198155
v -0.371649 0.211048 -0.198155
v -0.370537 0.191649 -0.195572
v -0.383224 0.211048 -0.196467
v -0.383224 0.172249 -0.196467
v -0.383552 0.191649 -0.193675
v -0.394092 0.172249 -0.200793
v -0.394092 0.211048 -0.200793
v -0.395773 0.191649 -0.198539
v -0.401341 0.211048 -0.209973
v -0.401341 0.172249 -0.209973
v -0.403924 0.191649 -0.208862
v -0.362468 0.211048 -0.205404
v -0.362468 0.172249 -0.205404
v -0.360214 0.191649 -0.203723
v -0.403029 0.172249 -0.221548
v -0.403029 0.211048 -0.221548
v -0.405821 0.191649 -0.221877
v -0.398703 0.211048 -0.232417
v -0.398703 0.172249 -0.232417
v -0.400957 0.191649 -0.234097
v -0.367079 0.172249 -0.237028
v -0.367079 0.211048 -0.237028
v -0.365399 0.191649 -0.239282
v -0.377947 0.172249 -0.241353
v -0.377947 0.211048 -0.241353
v -0.377619 0.191649 -0.244146
v -0.389523 0.172249 -0.239666
v -0.389523 0.211048 -0.239666
v -0.390634 0.191649 -0.242248
v -0.398584 0.466244 -0.237240
v -0.396879 0.466244 -0.238114
v -0.399291 0.466244 -0.235129
v -0.398584 0.466244 -0.200581
v -0.399291 0.466244 -0.202692
v -0.396879 0.466244 -0.199706
v -0.362587 0.466244 -0.237240
v -0.361881 0.466244 -0.235129
v -0.364293 0.466244 -0.238114
v -0.362587 0.466244 -0.200581
v -0.364293 0.466244 -0.199706
v -0.361881 0.466244 -0.202692
v -0.398673 0.381369 -0.206348
v -0.399291 0.385260 -0.202692
v -0.397733 0.378326 -0.211912
v -0.362874 0.381331 -0.205348
v -0.364387 0.378229 -0.209391
v -0.361881 0.385260 -0.202692
v -0.364322 0.381466 -0.201677
v -0.366963 0.378570 -0.203347
v -0.362587 0.385260 -0.200581
v -0.367332 0.381467 -0.200322
v -0.364292 0.385260 -0.199706
v -0.371959 0.378571 -0.201260
v -0.398584 0.385260 -0.200581
v -0.395944 0.378547 -0.205223
v -0.397538 0.381457 -0.202421
v -0.396879 0.385260 -0.199706
v -0.390999 0.378425 -0.202188
v -0.394548 0.381409 -0.200690
v -0.365227 0.378547 -0.232597
v -0.362587 0.385260 -0.237240
v -0.363770 0.381680 -0.235159
v -0.364292 0.385260 -0.238114
v -0.370173 0.378425 -0.235632
v -0.366624 0.381409 -0.237130
v -0.363438 0.378326 -0.225908
v -0.361881 0.385260 -0.235128
v -0.362579 0.381581 -0.230996
v -0.398584 0.385260 -0.237240
v -0.394208 0.378570 -0.234474
v -0.396849 0.381466 -0.236143
v -0.389212 0.378571 -0.236560
v -0.396879 0.385260 -0.238114
v -0.393840 0.381467 -0.237498
v -0.399291 0.385260 -0.235128
v -0.396785 0.378229 -0.228429
v -0.398297 0.381331 -0.232473
v -0.387468 0.332721 -0.202927
v -0.394537 0.332721 -0.208509
v -0.397869 0.332721 -0.216879
v -0.364602 0.332721 -0.212028
v -0.370185 0.332721 -0.204958
v -0.378554 0.332721 -0.201627
v -0.373704 0.332721 -0.234894
v -0.366634 0.332721 -0.229311
v -0.396569 0.332721 -0.225792
v -0.390987 0.332721 -0.232862
v -0.382617 0.332721 -0.236193
v -0.363303 0.332721 -0.220942
v -0.390182 0.342859 -0.196623
v -0.389660 0.363248 -0.197835
v -0.391212 0.353251 -0.194230
v -0.400040 0.342859 -0.204407
v -0.398982 0.363248 -0.205196
v -0.402129 0.353251 -0.202850
v -0.404685 0.342859 -0.216077
v -0.403375 0.363248 -0.216231
v -0.407273 0.353251 -0.215773
v -0.358299 0.342859 -0.209314
v -0.359510 0.363248 -0.209836
v -0.355906 0.353251 -0.208284
v -0.366871 0.363248 -0.200514
v -0.366083 0.342859 -0.199456
v -0.364525 0.353251 -0.197367
v -0.377753 0.342859 -0.194811
v -0.377907 0.363248 -0.196121
v -0.377449 0.353251 -0.192223
v -0.371511 0.363248 -0.239986
v -0.370990 0.342859 -0.241197
v -0.369959 0.353251 -0.243590
v -0.361132 0.342859 -0.233413
v -0.362189 0.363248 -0.232625
v -0.359043 0.353251 -0.234971
v -0.401661 0.363248 -0.227985
v -0.402873 0.342859 -0.228506
v -0.405266 0.353251 -0.229537
v -0.394300 0.363248 -0.237307
v -0.395089 0.342859 -0.238364
v -0.396646 0.353251 -0.240453
v -0.383419 0.342859 -0.243009
v -0.383265 0.363248 -0.241699
v -0.383723 0.353251 -0.245597
v -0.357797 0.363248 -0.221589
v -0.356487 0.342859 -0.221743
v -0.353899 0.353251 -0.222047
v -0.386317 0.375660 -0.205600
v -0.386277 0.372980 -0.205692
v -0.386090 0.374338 -0.206128
v -0.392124 0.372980 -0.210308
v -0.392204 0.375660 -0.210249
v -0.391744 0.374338 -0.210592
v -0.394978 0.375660 -0.217218
v -0.394879 0.372980 -0.217230
v -0.394408 0.374338 -0.217285
v -0.367276 0.375660 -0.213179
v -0.367367 0.372980 -0.213219
v -0.367803 0.374338 -0.213406
v -0.371984 0.372980 -0.207372
v -0.371924 0.375660 -0.207292
v -0.372268 0.374338 -0.207752
v -0.378894 0.375660 -0.204518
v -0.378905 0.372980 -0.204617
v -0.378961 0.374338 -0.205088
v -0.374894 0.372980 -0.232129
v -0.374855 0.375660 -0.232220
v -0.375082 0.374338 -0.231693
v -0.368968 0.375660 -0.227571
v -0.369047 0.372980 -0.227512
v -0.369428 0.374338 -0.227228
v -0.393896 0.375660 -0.224641
v -0.393804 0.372980 -0.224602
v -0.393368 0.374338 -0.224414
v -0.389188 0.372980 -0.230449
v -0.389247 0.375660 -0.230528
v -0.388904 0.374338 -0.230068
v -0.382266 0.372980 -0.233204
v -0.382278 0.375660 -0.233302
v -0.382211 0.374338 -0.232732
v -0.366292 0.372980 -0.220590
v -0.366194 0.375660 -0.220602
v -0.366764 0.374338 -0.220535
v -0.401341 0.320353 -0.227847
v -0.401341 0.282091 -0.227847
v -0.403924 0.301222 -0.228959
v -0.403029 0.282091 -0.216272
v -0.403029 0.320353 -0.216272
v -0.405821 0.301222 -0.215944
v -0.389523 0.320353 -0.198155
v -0.389523 0.282091 -0.198155
v -0.390634 0.301222 -0.195572
v -0.377947 0.282091 -0.196467
v -0.377947 0.320353 -0.196467
v -0.377619 0.301222 -0.193675
v -0.367079 0.320353 -0.200793
v -0.367079 0.282091 -0.200793
v -0.365399 0.301222 -0.198539
v -0.359830 0.282091 -0.209973
v -0.359830 0.320353 -0.209973
v -0.357248 0.301222 -0.208862
v -0.398703 0.282091 -0.205404
v -0.398703 0.320353 -0.205404
v -0.400957 0.301222 -0.203723
v -0.358142 0.320353 -0.221548
v -0.358142 0.282091 -0.221548
v -0.355350 0.301222 -0.221877
v -0.362468 0.282091 -0.232417
v -0.362468 0.320353 -0.232417
v -0.360214 0.301222 -0.234097
v -0.394092 0.320353 -0.237028
v -0.394092 0.282091 -0.237028
v -0.395773 0.301222 -0.239282
v -0.383224 0.320353 -0.241353
v -0.383224 0.282091 -0.241353
v -0.383552 0.301222 -0.244146
v -0.371649 0.320353 -0.239666
v -0.371649 0.282091 -0.239666
v -0.370537 0.301222 -0.242248
v -0.374665 0.162011 -0.205160
v -0.374571 0.159122 -0.204941
v -0.374826 0.160526 -0.205533
v -0.368583 0.162011 -0.209962
v -0.368392 0.159122 -0.209820
v -0.368909 0.160526 -0.210205
v -0.365717 0.162011 -0.217162
v -0.365480 0.159122 -0.217135
v -0.366121 0.160526 -0.217210
v -0.394336 0.162011 -0.212990
v -0.394555 0.159122 -0.212895
v -0.393963 0.160526 -0.213150
v -0.389676 0.159122 -0.206717
v -0.389534 0.162011 -0.206908
v -0.389291 0.160526 -0.207233
v -0.382334 0.162011 -0.204042
v -0.382361 0.159122 -0.203805
v -0.382286 0.160526 -0.204445
v -0.386601 0.159122 -0.232880
v -0.386506 0.162011 -0.232661
v -0.386346 0.160526 -0.232288
v -0.392588 0.162011 -0.227858
v -0.392779 0.159122 -0.228001
v -0.392263 0.160526 -0.227615
v -0.366616 0.159122 -0.224925
v -0.366835 0.162011 -0.224831
v -0.367208 0.160526 -0.224670
v -0.371495 0.159122 -0.231104
v -0.371638 0.162011 -0.230913
v -0.371881 0.160526 -0.230587
v -0.378838 0.162011 -0.233779
v -0.378810 0.159122 -0.234016
v -0.378885 0.160526 -0.233375
v -0.395691 0.159122 -0.220686
v -0.395454 0.162011 -0.220658
v -0.395051 0.160526 -0.220611
v -0.373758 0.227468 -0.205018
v -0.374739 0.222977 -0.205332
v -0.374765 0.225502 -0.205968
v -0.367727 0.227468 -0.210293
v -0.368734 0.222977 -0.210075
v -0.369074 0.225502 -0.210612
v -0.365141 0.227468 -0.217877
v -0.365904 0.222977 -0.217184
v -0.366467 0.225502 -0.217480
v -0.394478 0.227468 -0.212083
v -0.394164 0.222977 -0.213064
v -0.393528 0.225502 -0.213090
v -0.389421 0.222977 -0.207058
v -0.389203 0.227468 -0.206051
v -0.388884 0.225502 -0.207398
v -0.381619 0.227468 -0.203465
v -0.382312 0.222977 -0.204228
v -0.382016 0.225502 -0.204792
v -0.386432 0.222977 -0.232488
v -0.387413 0.227468 -0.232803
v -0.386406 0.225502 -0.231853
v -0.393445 0.227468 -0.227528
v -0.392438 0.222977 -0.227746
v -0.392097 0.225502 -0.227208
v -0.367008 0.222977 -0.224757
v -0.366693 0.227468 -0.225738
v -0.367643 0.225502 -0.224731
v -0.371750 0.222977 -0.230762
v -0.371968 0.227468 -0.231769
v -0.372288 0.225502 -0.230422
v -0.379552 0.227468 -0.234355
v -0.378860 0.222977 -0.233592
v -0.379155 0.225502 -0.233029
v -0.395268 0.222977 -0.220636
v -0.396031 0.227468 -0.219944
v -0.394704 0.225502 -0.220341
v -0.410716 0.236426 -0.217368
v -0.382128 0.236426 -0.249040
v -0.366857 0.236426 -0.245775
v -0.355264 0.236426 -0.235311
v -0.407451 0.236426 -0.232639
v -0.396987 0.236426 -0.244232
v -0.379043 0.236426 -0.188780
v -0.394315 0.236426 -0.192045
v -0.405908 0.236426 -0.202509
v -0.350456 0.236426 -0.220453
v -0.353721 0.236426 -0.205181
v -0.364185 0.236426 -0.193588
v -0.350462 0.257099 -0.220892
v -0.382568 0.257099 -0.249034
v -0.397364 0.257099 -0.244007
v -0.407664 0.257099 -0.232256
v -0.355489 0.257099 -0.235688
v -0.367240 0.257099 -0.245989
v -0.378604 0.257099 -0.188787
v -0.363808 0.257099 -0.193813
v -0.353507 0.257099 -0.205565
v -0.410709 0.257099 -0.216928
v -0.405683 0.257099 -0.202132
v -0.393931 0.257099 -0.191832
v -0.387867 0.266826 -0.202241
v -0.387601 0.268395 -0.202618
v -0.387648 0.267543 -0.202629
v -0.395226 0.266826 -0.208115
v -0.394807 0.268395 -0.208308
v -0.394842 0.267543 -0.208341
v -0.398662 0.266826 -0.216882
v -0.398203 0.268395 -0.216839
v -0.398217 0.267543 -0.216885
v -0.363917 0.266826 -0.211629
v -0.364294 0.268395 -0.211895
v -0.364304 0.267543 -0.211848
v -0.369984 0.268395 -0.204689
v -0.369791 0.266826 -0.204270
v -0.370016 0.267543 -0.204654
v -0.378557 0.266826 -0.200833
v -0.378515 0.268395 -0.201293
v -0.378561 0.267543 -0.201279
v -0.373571 0.268395 -0.235202
v -0.373304 0.266826 -0.235579
v -0.373524 0.267543 -0.235192
v -0.365945 0.266826 -0.229705
v -0.366364 0.268395 -0.229512
v -0.366329 0.267543 -0.229480
v -0.396878 0.268395 -0.225925
v -0.397255 0.266826 -0.226192
v -0.396867 0.267543 -0.225972
v -0.391188 0.268395 -0.233132
v -0.391381 0.266826 -0.233551
v -0.391155 0.267543 -0.233167
v -0.382614 0.266826 -0.236987
v -0.382657 0.268395 -0.236527
v -0.382611 0.267543 -0.236541
v -0.362969 0.268395 -0.220981
v -0.362509 0.266826 -0.220939
v -0.362954 0.267543 -0.220935
v -0.391319 0.263970 -0.196090
v -0.378470 0.263970 -0.193781
v -0.401291 0.263970 -0.204514
v -0.405715 0.263970 -0.216795
v -0.403406 0.263970 -0.229643
v -0.366189 0.263970 -0.198205
v -0.357765 0.263970 -0.208177
v -0.355456 0.263970 -0.221026
v -0.359881 0.263970 -0.233307
v -0.369853 0.263970 -0.241731
v -0.382701 0.263970 -0.244040
v -0.394982 0.263970 -0.239615
v -0.404167 0.229779 -0.218692
v -0.401117 0.229779 -0.230512
v -0.400899 0.229779 -0.206931
v -0.380804 0.229779 -0.242491
v -0.368984 0.229779 -0.239441
v -0.392565 0.229779 -0.239223
v -0.360273 0.229779 -0.230890
v -0.357005 0.229779 -0.219128
v -0.368606 0.229779 -0.198597
v -0.380368 0.229779 -0.195329
v -0.392187 0.229779 -0.198379
v -0.360055 0.229779 -0.207309
v -0.397109 0.000000 -0.201950
v -0.398584 0.001875 -0.200581
v -0.398152 0.000549 -0.200982
v -0.396879 0.001875 -0.199706
v -0.396429 0.000000 -0.201603
v -0.396747 0.000549 -0.200262
v -0.397393 0.000000 -0.202791
v -0.399291 0.001875 -0.202692
v -0.398735 0.000549 -0.202721
v -0.396441 -0.000000 -0.236200
v -0.396879 0.001875 -0.238114
v -0.396750 0.000549 -0.237554
v -0.398584 0.001875 -0.237240
v -0.397120 -0.000000 -0.235847
v -0.398155 0.000549 -0.236832
v -0.399291 0.001875 -0.235129
v -0.397397 -0.000000 -0.235005
v -0.398736 0.000549 -0.235092
v -0.364042 -0.000000 -0.201964
v -0.362587 0.001875 -0.200581
v -0.363013 0.000549 -0.200986
v -0.361881 0.001875 -0.202692
v -0.363761 -0.000000 -0.202815
v -0.362432 0.000549 -0.202728
v -0.364727 -0.000000 -0.201607
v -0.364293 0.001875 -0.199706
v -0.364420 0.000549 -0.200263
v -0.364047 -0.000000 -0.235851
v -0.362587 0.001875 -0.237240
v -0.363015 0.000549 -0.236833
v -0.364293 0.001875 -0.238114
v -0.364730 -0.000000 -0.236202
v -0.364421 0.000549 -0.237554
v -0.363763 -0.000000 -0.235005
v -0.361881 0.001875 -0.235129
v -0.362432 0.000549 -0.235093
v 0.396131 0.000000 -0.202857
v 0.396149 -0.000000 -0.234923
v 0.365022 -0.000000 -0.202898
v 0.365022 -0.000000 -0.234923
v 0.389212 0.114619 -0.201260
v 0.396879 0.107930 -0.199706
v 0.393840 0.111723 -0.200322
v 0.398584 0.107930 -0.200581
v 0.394208 0.114620 -0.203347
v 0.396849 0.111724 -0.201677
v 0.399291 0.107930 -0.202692
v 0.396785 0.114961 -0.209391
v 0.398297 0.111859 -0.205348
v 0.363438 0.114864 -0.211912
v 0.361881 0.107930 -0.202692
v 0.362498 0.111821 -0.206348
v 0.362587 0.107930 -0.200581
v 0.365227 0.114643 -0.205223
v 0.363634 0.111733 -0.202421
v 0.364292 0.107930 -0.199706
v 0.370173 0.114765 -0.202188
v 0.366624 0.111781 -0.200690
v 0.395944 0.114643 -0.232597
v 0.398584 0.107930 -0.237240
v 0.397538 0.111733 -0.235399
v 0.396879 0.107930 -0.238114
v 0.390999 0.114765 -0.235632
v 0.394548 0.111781 -0.237130
v 0.397733 0.114864 -0.225908
v 0.399291 0.107930 -0.235128
v 0.398673 0.111821 -0.231473
v 0.362587 0.107930 -0.237240
v 0.366963 0.114620 -0.234474
v 0.364322 0.111724 -0.236143
v 0.371959 0.114619 -0.236560
v 0.364292 0.107930 -0.238114
v 0.367332 0.111723 -0.237498
v 0.361881 0.107930 -0.235128
v 0.364387 0.114961 -0.228429
v 0.362874 0.111859 -0.232473
v 0.370990 0.150331 -0.196623
v 0.371511 0.129942 -0.197835
v 0.369959 0.139939 -0.194230
v 0.361132 0.150331 -0.204407
v 0.362189 0.129942 -0.205196
v 0.359043 0.139939 -0.202850
v 0.356487 0.150331 -0.216077
v 0.357797 0.129942 -0.216231
v 0.353899 0.139939 -0.215773
v 0.402873 0.150331 -0.209314
v 0.401661 0.129942 -0.209836
v 0.405266 0.139939 -0.208284
v 0.394300 0.129942 -0.200514
v 0.395089 0.150331 -0.199456
v 0.396646 0.139939 -0.197367
v 0.383419 0.150331 -0.194811
v 0.383265 0.129942 -0.196121
v 0.383723 0.139939 -0.192223
v 0.389660 0.129942 -0.239986
v 0.390182 0.150331 -0.241197
v 0.391212 0.139939 -0.243590
v 0.400040 0.150331 -0.233413
v 0.398982 0.129942 -0.232625
v 0.402129 0.139939 -0.234971
v 0.359510 0.129942 -0.227985
v 0.358299 0.150331 -0.228506
v 0.355906 0.139939 -0.229537
v 0.366871 0.129942 -0.237307
v 0.366083 0.150331 -0.238364
v 0.364525 0.139939 -0.240453
v 0.377753 0.150331 -0.243009
v 0.377907 0.129942 -0.241699
v 0.377449 0.139939 -0.245597
v 0.403375 0.129942 -0.221589
v 0.404685 0.150331 -0.221743
v 0.407273 0.139939 -0.222047
v 0.374855 0.117530 -0.205600
v 0.374894 0.120210 -0.205692
v 0.375082 0.118852 -0.206128
v 0.369047 0.120210 -0.210308
v 0.368968 0.117530 -0.210249
v 0.369428 0.118852 -0.210592
v 0.366194 0.117530 -0.217218
v 0.366292 0.120210 -0.217230
v 0.366764 0.118852 -0.217285
v 0.393896 0.117530 -0.213179
v 0.393804 0.120210 -0.213219
v 0.393368 0.118852 -0.213406
v 0.389188 0.120210 -0.207372
v 0.389247 0.117530 -0.207292
v 0.388904 0.118852 -0.207752
v 0.382278 0.117530 -0.204518
v 0.382266 0.120210 -0.204617
v 0.382211 0.118852 -0.205088
v 0.386277 0.120210 -0.232129
v 0.386317 0.117530 -0.232220
v 0.386090 0.118852 -0.231693
v 0.392204 0.117530 -0.227571
v 0.392124 0.120210 -0.227512
v 0.391744 0.118852 -0.227228
v 0.367276 0.117530 -0.224641
v 0.367367 0.120210 -0.224602
v 0.367803 0.118852 -0.224414
v 0.371984 0.120210 -0.230449
v 0.371924 0.117530 -0.230528
v 0.372267 0.118852 -0.230068
v 0.378905 0.120210 -0.233204
v 0.378894 0.117530 -0.233302
v 0.378961 0.118852 -0.232732
v 0.394879 0.120210 -0.220590
v 0.394978 0.117530 -0.220602
v 0.394408 0.118852 -0.220535
v 0.359830 0.172249 -0.227847
v 0.359830 0.211048 -0.227847
v 0.357248 0.191649 -0.228959
v 0.358142 0.211048 -0.216272
v 0.358142 0.172249 -0.216272
v 0.355350 0.191649 -0.215944
v 0.371649 0.172249 -0.198155
v 0.371649 0.211048 -0.198155
v 0.370537 0.191649 -0.195572
v 0.383224 0.211048 -0.196467
v 0.383224 0.172249 -0.196467
v 0.383552 0.191649 -0.193675
v 0.394092 0.172249 -0.200793
v 0.394092 0.211048 -0.200793
v 0.395773 0.191649 -0.198539
v 0.401341 0.211048 -0.209973
v 0.401341 0.172249 -0.209973
v 0.403924 0.191649 -0.208862
v 0.362468 0.211048 -0.205404
v 0.362468 0.172249 -0.205404
v 0.360214 0.191649 -0.203723
v 0.403029 0.172249 -0.221548
v 0.403029 0.211048 -0.221548
v 0.405821 0.191649 -0.221877
v 0.398703 0.211048 -0.232417
v 0.398703 0.172249 -0.232417
v 0.400957 0.191649 -0.234097
v 0.367079 0.172249 -0.237028
v 0.367079 0.211048 -0.237028
v 0.365399 0.191649 -0.239282
v 0.377947 0.172249 -0.241353
v 0.377947 0.211048 -0.241353
v 0.377619 0.191649 -0.244146
v 0.389522 0.172249 -0.239666
v 0.389522 0.211048 -0.239666
v 0.390634 0.191649 -0.242248
v 0.398584 0.466244 -0.237240
v 0.396879 0.466244 -0.238114
v 0.399291 0.466244 -0.235129
v 0.398584 0.466244 -0.200581
v 0.399291 0.466244 -0.202692
v 0.396879 0.466244 -0.199706
v 0.362587 0.466244 -0.237240
v 0.361881 0.466244 -0.235129
v 0.364293 0.466244 -0.238114
v 0.362587 0.466244 -0.200581
v 0.364293 0.466244 -0.199706
v 0.361881 0.466244 -0.202692
v 0.398673 0.381369 -0.206348
v 0.399291 0.385260 -0.202692
v 0.397733 0.378326 -0.211912
v 0.362874 0.381331 -0.205348
v 0.364387 0.378229 -0.209391
v 0.361881 0.385260 -0.202692
v 0.364322 0.381466 -0.201677
v 0.366963 0.378570 -0.203347
v 0.362587 0.385260 -0.200581
v 0.367332 0.381467 -0.200322
v 0.364292 0.385260 -0.199706
v 0.371959 0.378571 -0.201260
v 0.398584 0.385260 -0.200581
v 0.395944 0.378547 -0.205223
v 0.397538 0.381457 -0.202421
v 0.396879 0.385260 -0.199706
v 0.390999 0.378425 -0.202188
v 0.394548 0.381409 -0.200690
v 0.365227 0.378547 -0.232597
v 0.362587 0.385260 -0.237240
v 0.363770 0.381680 -0.235159
v 0.364292 0.385260 -0.238114
v 0.370173 0.378425 -0.235632
v 0.366624 0.381409 -0.237130
v 0.363438 0.378326 -0.225908
v 0.361881 0.385260 -0.235128
v 0.362579 0.381581 -0.230996
v 0.398584 0.385260 -0.237240
v 0.394208 0.378570 -0.234474
v 0.396849 0.381466 -0.236143
v 0.389212 0.378571 -0.236560
v 0.396879 0.385260 -0.238114
v 0.393840 0.381467 -0.237498
v 0.399291 0.385260 -0.235128
v 0.396785 0.378229 -0.228429
v 0.398297 0.381331 -0.232473
v 0.387468 0.332721 -0.202927
v 0.394537 0.332721 -0.208509
v 0.397869 0.332721 -0.216879
v 0.364602 0.332721 -0.212028
v 0.370185 0.332721 -0.204958
v 0.378554 0.332721 -0.201627
v 0.373704 0.332721 -0.234894
v 0.366634 0.332721 -0.229311
v 0.396569 0.332721 -0.225792
v 0.390987 0.332721 -0.232862
v 0.382617 0.332721 -0.236193
v 0.363303 0.332721 -0.220942
v 0.390182 0.342859 -0.196623
v 0.389660 0.363248 -0.197835
v 0.391212 0.353251 -0.194230
v 0.400040 0.342859 -0.204407
v 0.398982 0.363248 -0.205196
v 0.402129 0.353251 -0.202850
v 0.404685 0.342859 -0.216077
v 0.403375 0.363248 -0.216231
v 0.407273 0.353251 -0.215773
v 0.358299 0.342859 -0.209314
v 0.359510 0.363248 -0.209836
v 0.355906 0.353251 -0.208284
v 0.366871 0.363248 -0.200514
v 0.366083 0.342859 -0.199456
v 0.364525 0.353251 -0.197367
v 0.377753 0.342859 -0.194811
v 0.377907 0.363248 -0.196121
v 0.377449 0.353251 -0.192223
v 0.371511 0.363248 -0.239986
v 0.370990 0.342859 -0.241197
v 0.369959 0.353251 -0.243590
v 0.361132 0.342859 -0.233413
v 0.362189 0.363248 -0.232625
v 0.359043 0.353251 -0.234971
v 0.401661 0.363248 -0.227985
v 0.402873 0.342859 -0.228506
v 0.405266 0.353251 -0.229537
v 0.394300 0.363248 -0.237307
v 0.395089 0.342859 -0.238364
v 0.396646 0.353251 -0.240453
v 0.383419 0.342859 -0.243009
v 0.383265 0.363248 -0.241699
v 0.383723 0.353251 -0.245597
v 0.357797 0.363248 -0.221589
v 0.356487 0.342859 -0.221743
v 0.353899 0.353251 -0.222047
v 0.386317 0.375660 -0.205600
v 0.386277 0.372980 -0.205692
v 0.386090 0.374338 -0.206128
v 0.392124 0.372980 -0.210308
v 0.392204 0.375660 -0.210249
v 0.391744 0.374338 -0.210592
v 0.394978 0.375660 -0.217218
v 0.394879 0.372980 -0.217230
v 0.394408 0.374338 -0.217285
v 0.367276 0.375660 -0.213179
v 0.367367 0.372980 -0.213219
v 0.367803 0.374338 -0.213406
v 0.371984 0.372980 -0.207372
v 0.371924 0.375660 -0.207292
v 0.372267 0.374338 -0.207752
v 0.378894 0.375660 -0.204518
v 0.378905 0.372980 -0.204617
v 0.378961 0.374338 -0.205088
v 0.374894 0.372980 -0.232129
v 0.374855 0.375660 -0.232220
v 0.375082 0.374338 -0.231693
v 0.368968 0.375660 -0.227571
v 0.369047 0.372980 -0.227512
v 0.369428 0.374338 -0.227228
v 0.393896 0.375660 -0.224641
v 0.393804 0.372980 -0.224602
v 0.393368 0.374338 -0.224414
v 0.389188 0.372980 -0.230449
v 0.389247 0.375660 -0.230528
v 0.388904 0.374338 -0.230068
v 0.382266 0.372980 -0.233204
v 0.382278 0.375660 -0.233302
v 0.382211 0.374338 -0.232732
v 0.366292 0.372980 -0.220590
v 0.366194 0.375660 -0.220602
v 0.366764 0.374338 -0.220535
v 0.401341 0.320353 -0.227847
v 0.401341 0.282091 -0.227847
v 0.403924 0.301222 -0.228959
v 0.403029 0.282091 -0.216272
v 0.403029 0.320353 -0.216272
v 0.405821 0.301222 -0.215944
v 0.389522 0.320353 -0.198155
v 0.389523 0.282091 -0.198155
v 0.390634 0.301222 -0.195572
v 0.377947 0.282091 -0.196467
v 0.377947 0.320353 -0.196467
v 0.377619 0.301222 -0.193675
v 0.367079 0.320353 -0.200793
v 0.367079 0.282091 -0.200793
v 0.365399 0.301222 -0.198539
v 0.359830 0.282091 -0.209973
v 0.359830 0.320353 -0.209973
v 0.357248 0.301222 -0.208862
v 0.398703 0.282091 -0.205404
v 0.398703 0.320353 -0.205404
v 0.400957 0.301222 -0.203723
v 0.358142 0.320353 -0.221548
v 0.358142 0.282091 -0.221548
v 0.355350 0.301222 -0.221877
v 0.362468 0.282091 -0.232417
v 0.362468 0.320353 -0.232417
v 0.360214 0.301222 -0.234097
v 0.394092 0.320353 -0.237028
v 0.394092 0.282091 -0.237028
v 0.395773 0.301222 -0.239282
v 0.383224 0.320353 -0.241353
v 0.383224 0.282091 -0.241353
v 0.383552 0.301222 -0.244146
v 0.371649 0.320353 -0.239666
v 0.371649 0.282091 -0.239666
v 0.370537 0.301222 -0.242248
v 0.374665 0.162011 -0.205160
v 0.374571 0.159122 -0.204941
v 0.374826 0.160526 -0.205533
v 0.368583 0.162011 -0.209962
v 0.368392 0.159122 -0.209820
v 0.368909 0.160526 -0.210205
v 0.365717 0.162011 -0.217162
v 0.365480 0.159122 -0.217135
v 0.366121 0.160526 -0.217210
v 0.394336 0.162011 -0.212990
v 0.394555 0.159122 -0.212895
v 0.393963 0.160526 -0.213150
v 0.389676 0.159122 -0.206717
v 0.389534 0.162011 -0.206908
v 0.389291 0.160526 -0.207233
v 0.382334 0.162011 -0.204042
v 0.382361 0.159122 -0.203805
v 0.382286 0.160526 -0.204445
v 0.386601 0.159122 -0.232880
v 0.386506 0.162011 -0.232661
v 0.386346 0.160526 -0.232288
v 0.392588 0.162011 -0.227858
v 0.392779 0.159122 -0.228001
v 0.392263 0.160526 -0.227615
v 0.366616 0.159122 -0.224925
v 0.366835 0.162011 -0.224831
v 0.367208 0.160526 -0.224670
v 0.371495 0.159122 -0.231104
v 0.371638 0.162011 -0.230913
v 0.371881 0.160526 -0.230587
v 0.378838 0.162011 -0.233779
v 0.378810 0.159122 -0.234016
v 0.378885 0.160526 -0.233375
v 0.395691 0.159122 -0.220686
v 0.395454 0.162011 -0.220658
v 0.395051 0.160526 -0.220611
v 0.373758 0.227468 -0.205018
v 0.374739 0.222977 -0.205332
v 0.374765 0.225502 -0.205968
v 0.367727 0.227468 -0.210293
v 0.368734 0.222977 -0.210075
v 0.369074 0.225502 -0.210612
v 0.365141 0.227468 -0.217877
v 0.365904 0.222977 -0.217184
v 0.366467 0.225502 -0.217480
v 0.394478 0.227468 -0.212083
v 0.394164 0.222977 -0.213064
v 0.393528 0.225502 -0.213090
v 0.389421 0.222977 -0.207058
v 0.389203 0.227468 -0.206051
v 0.388884 0.225502 -0.207398
v 0.381619 0.227468 -0.203465
v 0.382312 0.222977 -0.204228
v 0.382016 0.225502 -0.204792
v 0.386432 0.222977 -0.232488
v 0.387413 0.227468 -0.232803
v 0.386406 0.225502 -0.231853
v 0.393445 0.227468 -0.227528
v 0.392438 0.222977 -0.227746
v 0.392097 0.225502 -0.227208
v 0.367008 0.222977 -0.224757
v 0.366693 0.227468 -0.225738
v 0.367643 0.225502 -0.224731
v 0.371750 0.222977 -0.230762
v 0.371968 0.227468 -0.231769
v 0.372288 0.225502 -0.230422
v 0.379552 0.227468 -0.234355
v 0.378860 0.222977 -0.233592
v 0.379155 0.225502 -0.233029
v 0.395268 0.222977 -0.220636
v 0.396031 0.227468 -0.219944
v 0.394704 0.225502 -0.220341
v 0.410716 0.236426 -0.217368
v 0.382128 0.236426 -0.249040
v 0.366857 0.236426 -0.245775
v 0.355264 0.236426 -0.235311
v 0.407451 0.236426 -0.232639
v 0.396987 0.236426 -0.244232
v 0.379043 0.236426 -0.188780
v 0.394315 0.236426 -0.192045
v 0.405908 0.236426 -0.202509
v 0.350456 0.236426 -0.220453
v 0.353721 0.236426 -0.205181
v 0.364185 0.236426 -0.193588
v 0.350462 0.257099 -0.220892
v 0.382568 0.257099 -0.249034
v 0.397364 0.257099 -0.244007
v 0.407664 0.257099 -0.232256
v 0.355489 0.257099 -0.235688
v 0.367240 0.257099 -0.245989
v 0.378604 0.257099 -0.188787
v 0.363808 0.257099 -0.193813
v 0.353507 0.257099 -0.205565
v 0.410709 0.257099 -0.216928
v 0.405683 0.257099 -0.202132
v 0.393931 0.257099 -0.191832
v 0.387867 0.266826 -0.202241
v 0.387601 0.268395 -0.202618
v 0.387648 0.267543 -0.202629
v 0.395226 0.266826 -0.208115
v 0.394807 0.268395 -0.208308
v 0.394842 0.267543 -0.208341
v 0.398663 0.266826 -0.216882
v 0.398203 0.268395 -0.216839
v 0.398217 0.267543 -0.216885
v 0.363917 0.266826 -0.211629
v 0.364294 0.268395 -0.211895
v 0.364304 0.267543 -0.211848
v 0.369984 0.268395 -0.204689
v 0.369791 0.266826 -0.204270
v 0.370016 0.267543 -0.204654
v 0.378557 0.266826 -0.200833
v 0.378515 0.268395 -0.201293
v 0.378561 0.267543 -0.201279
v 0.373571 0.268395 -0.235202
v 0.373304 0.266826 -0.235579
v 0.373524 0.267543 -0.235192
v 0.365945 0.266826 -0.229705
v 0.366364 0.268395 -0.229512
v 0.366329 0.267543 -0.229480
v 0.396878 0.268395 -0.225925
v 0.397255 0.266826 -0.226192
v 0.396867 0.267543 -0.225972
v 0.391188 0.268395 -0.233132
v 0.391381 0.266826 -0.233551
v 0.391155 0.267543 -0.233167
v 0.382614 0.266826 -0.236987
v 0.382657 0.268395 -0.236527
v 0.382611 0.267543 -0.236541
v 0.362969 0.268395 -0.220981
v 0.362509 0.266826 -0.220939
v 0.362954 0.267543 -0.220935
v 0.391319 0.263970 -0.196090
v 0.378470 0.263970 -0.193781
v 0.401291 0.263970 -0.204514
v 0.405715 0.263970 -0.216795
v 0.403406 0.263970 -0.229643
v 0.366189 0.263970 -0.198205
v 0.357765 0.263970 -0.208177
v 0.355456 0.263970 -0.221026
v 0.359881 0.263970 -0.233307
v 0.369853 0.263970 -0.241731
v 0.382701 0.263970 -0.244040
v 0.394982 0.263970 -0.239615
v 0.404167 0.229779 -0.218692
v 0.401117 0.229779 -0.230512
v 0.400899 0.229779 -0.206931
v 0.380804 0.229779 -0.242491
v 0.368984 0.229779 -0.239441
v 0.392565 0.229779 -0.239223
v 0.360273 0.229779 -0.230890
v 0.357005 0.229779 -0.219128
v 0.368606 0.229779 -0.198597
v 0.380368 0.229779 -0.195329
v 0.392187 0.229779 -0.198379
v 0.360055 0.229779 -0.207309
v 0.397109 0.000000 -0.201950
v 0.398584 0.001875 -0.200581
v 0.398152 0.000549 -0.200982
v 0.396879 0.001875 -0.199706
v 0.396429 0.000000 -0.201603
v 0.396747 0.000549 -0.200262
v 0.397393 0.000000 -0.202791
v 0.399291 0.001875 -0.202692
v 0.398735 0.000549 -0.202721
v 0.396441 -0.000000 -0.236200
v 0.396879 0.001875 -0.238114
v 0.396750 0.000549 -0.237554
v 0.398584 0.001875 -0.237240
v 0.397120 -0.000000 -0.235847
v 0.398155 0.000549 -0.236832
v 0.399291 0.001875 -0.235129
v 0.397397 -0.000000 -0.235005
v 0.398736 0.000549 -0.235092
v 0.364042 -0.000000 -0.201964
v 0.362587 0.001875 -0.200581
v 0.363013 0.000549 -0.200986
v 0.361881 0.001875 -0.202692
v 0.363761 -0.000000 -0.202815
v 0.362432 0.000549 -0.202728
v 0.364727 -0.000000 -0.201607
v 0.364293 0.001875 -0.199706
v 0.364420 0.000549 -0.200263
v 0.364047 -0.000000 -0.235851
v 0.362587 0.001875 -0.237240
v 0.363015 0.000549 -0.236833
v 0.364293 0.001875 -0.238114
v 0.364730 -0.000000 -0.236202
v 0.364421 0.000549 -0.237554
v 0.363763 -0.000000 -0.235005
v 0.361881 0.001875 -0.235129
v 0.362432 0.000549 -0.235093
v -0.349834 0.102946 0.223581
v -0.324834 0.102946 0.223581
v -0.349834 0.393695 0.221436
v -0.324834 0.393695 0.221436
v -0.349834 0.102914 0.219350
v -0.324834 0.102914 0.219350
v -0.349834 0.393663 0.217205
v -0.324834 0.393663 0.217205
v -0.319834 0.102963 0.223528
v -0.294834 0.102963 0.223528
v -0.319834 0.393698 0.219939
v -0.294834 0.393698 0.219939
v -0.319834 0.102911 0.219298
v -0.294834 0.102911 0.219298
v -0.319834 0.393646 0.215708
v -0.294834 0.393646 0.215708
v -0.289834 0.102944 0.222726
v -0.264834 0.102944 0.222726
v -0.289834 0.393694 0.220741
v -0.264834 0.393694 0.220741
v -0.289834 0.102915 0.218495
v -0.264834 0.102915 0.218495
v -0.289834 0.393665 0.216511
v -0.264834 0.393665 0.216511
v -0.259834 0.102926 0.222508
v -0.234834 0.102926 0.222508
v -0.259834 0.393683 0.222508
v -0.234834 0.393683 0.222508
v -0.259834 0.102926 0.218278
v -0.234834 0.102926 0.218278
v -0.259834 0.393683 0.218278
v -0.234834 0.393683 0.218278
v -0.232375 0.102926 0.222508
v -0.207375 0.102926 0.222508
v -0.232375 0.393683 0.222508
v -0.207375 0.393683 0.222508
v -0.232375 0.102926 0.218278
v -0.207375 0.102926 0.218278
v -0.232375 0.393683 0.218278
v -0.207375 0.393683 0.218278
v -0.204077 0.103082 0.222508
v -0.179079 0.102790 0.222508
v -0.200671 0.393819 0.222508
v -0.175673 0.393527 0.222508
v -0.204077 0.103082 0.218278
v -0.179079 0.102790 0.218278
v -0.200671 0.393819 0.218278
v -0.175673 0.393527 0.218278
v -0.168535 0.102926 0.222508
v -0.143535 0.102926 0.222508
v -0.168535 0.393683 0.222508
v -0.143535 0.393683 0.222508
v -0.168535 0.102926 0.218278
v -0.143535 0.102926 0.218278
v -0.168535 0.393683 0.218278
v -0.143535 0.393683 0.218278
v -0.139834 0.102926 0.222508
v -0.114834 0.102926 0.222508
v -0.139834 0.393683 0.222508
v -0.114834 0.393683 0.222508
v -0.139834 0.102926 0.218278
v -0.114834 0.102926 0.218278
v -0.139834 0.393683 0.218278
v -0.114834 0.393683 0.218278
v 0.349104 0.102926 0.222508
v 0.324104 0.102926 0.222508
v 0.349104 0.393683 0.222508
v 0.324104 0.393683 0.222508
v 0.349104 0.102926 0.218278
v 0.324104 0.102926 0.218278
v 0.349104 0.393683 0.218278
v 0.324104 0.393683 0.218278
v 0.319834 0.102926 0.222508
v 0.294834 0.102926 0.222508
v 0.319834 0.393683 0.222508
v 0.294834 0.393683 0.222508
v 0.319834 0.102926 0.218278
v 0.294834 0.102926 0.218278
v 0.319834 0.393683 0.218278
v 0.294834 0.393683 0.218278
v 0.289834 0.102911 0.222154
v 0.264834 0.102911 0.222154
v 0.289834 0.393622 0.227369
v 0.264834 0.393622 0.227369
v 0.289834 0.102987 0.217924
v 0.264834 0.102987 0.217924
v 0.289834 0.393698 0.223138
v 0.264834 0.393698 0.223138
v 0.261265 0.102926 0.222508
v 0.236265 0.102926 0.222508
v 0.261265 0.393683 0.222508
v 0.236265 0.393683 0.222508
v 0.261265 0.102926 0.218278
v 0.236265 0.102926 0.218278
v 0.261265 0.393683 0.218278
v 0.236265 0.393683 0.218278
v 0.229834 0.102938 0.223238
v 0.204834 0.102938 0.223238
v 0.229834 0.393692 0.221779
v 0.204834 0.393692 0.221779
v 0.229834 0.102917 0.219007
v 0.204834 0.102917 0.219007
v 0.229834 0.393671 0.217548
v 0.204834 0.393671 0.217548
v 0.201864 0.102938 0.223238
v 0.176864 0.102938 0.223238
v 0.201864 0.393692 0.221779
v 0.176864 0.393692 0.221779
v 0.201864 0.102917 0.219007
v 0.176864 0.102917 0.219007
v 0.201864 0.393671 0.217548
v 0.176864 0.393671 0.217548
v 0.168865 0.102831 0.219939
v 0.143866 0.102998 0.219939
v 0.170801 0.393536 0.225077
v 0.145802 0.393703 0.225077
v 0.168866 0.102906 0.215709
v 0.143867 0.103073 0.215709
v 0.170802 0.393611 0.220847
v 0.145802 0.393778 0.220847
v 0.139834 0.102926 0.222508
v 0.114834 0.102926 0.222508
v 0.139834 0.393683 0.222508
v 0.114834 0.393683 0.222508
v 0.139834 0.102926 0.218278
v 0.114834 0.102926 0.218278
v 0.139834 0.393683 0.218278
v 0.114834 0.393683 0.218278
v -0.349834 0.102926 -0.222508
v -0.324834 0.102926 -0.222508
v -0.349834 0.393683 -0.222508
v -0.324834 0.393683 -0.222508
v -0.349834 0.102926 -0.218278
v -0.324834 0.102926 -0.218278
v -0.349834 0.393683 -0.218278
v -0.324834 0.393683 -0.218278
v -0.319834 0.102926 -0.222508
v -0.294834 0.102926 -0.222508
v -0.319834 0.393683 -0.222508
v -0.294834 0.393683 -0.222508
v -0.319834 0.102926 -0.218278
v -0.294834 0.102926 -0.218278
v -0.319834 0.393683 -0.218278
v -0.294834 0.393683 -0.218278
v -0.292197 0.102926 -0.222508
v -0.267197 0.102926 -0.222508
v -0.292197 0.393683 -0.222508
v -0.267197 0.393683 -0.222508
v -0.292197 0.102926 -0.218278
v -0.267197 0.102926 -0.218278
v -0.292197 0.393683 -0.218278
v -0.267197 0.393683 -0.218278
v -0.257788 0.102926 -0.222508
v -0.232788 0.102926 -0.222508
v -0.257788 0.393683 -0.222508
v -0.232788 0.393683 -0.222508
v -0.257788 0.102926 -0.218278
v -0.232788 0.102926 -0.218278
v -0.257788 0.393683 -0.218278
v -0.232788 0.393683 -0.218278
v -0.229834 0.102926 -0.222508
v -0.204834 0.102926 -0.222508
v -0.229834 0.393683 -0.222508
v -0.204834 0.393683 -0.222508
v -0.229834 0.102926 -0.218278
v -0.204834 0.102926 -0.218278
v -0.229834 0.393683 -0.218278
v -0.204834 0.393683 -0.218278
v -0.199042 0.102913 -0.225592
v -0.174043 0.103049 -0.225589
v -0.200625 0.393628 -0.220908
v -0.175625 0.393764 -0.220906
v -0.199042 0.102845 -0.221361
v -0.174043 0.102981 -0.221359
v -0.200625 0.393560 -0.216678
v -0.175625 0.393696 -0.216676
v -0.169834 0.102926 -0.222508
v -0.144834 0.102926 -0.222508
v -0.169834 0.393683 -0.222508
v -0.144834 0.393683 -0.222508
v -0.169834 0.102926 -0.218278
v -0.144834 0.102926 -0.218278
v -0.169834 0.393683 -0.218278
v -0.144834 0.393683 -0.218278
v -0.139834 0.102926 -0.222508
v -0.114834 0.102926 -0.222508
v -0.139834 0.393683 -0.222508
v -0.114834 0.393683 -0.222508
v -0.139834 0.102926 -0.218278
v -0.114834 0.102926 -0.218278
v -0.139834 0.393683 -0.218278
v -0.114834 0.393683 -0.218278
v 0.349834 0.102926 -0.222508
v 0.324834 0.102926 -0.222508
v 0.349834 0.393683 -0.222508
v 0.324834 0.393683 -0.222508
v 0.349834 0.102926 -0.218278
v 0.324834 0.102926 -0.218278
v 0.349834 0.393683 -0.218278
v 0.324834 0.393683 -0.218278
v 0.318322 0.102926 -0.222508
v 0.293322 0.102926 -0.222508
v 0.318322 0.393683 -0.222508
v 0.293322 0.393683 -0.222508
v 0.318322 0.102926 -0.218278
v 0.293322 0.102926 -0.218278
v 0.318322 0.393683 -0.218278
v 0.293322 0.393683 -0.218278
v 0.288799 0.102758 -0.223775
v 0.263800 0.102936 -0.223773
v 0.290867 0.393497 -0.221245
v 0.265868 0.393674 -0.221244
v 0.288799 0.102721 -0.219544
v 0.263800 0.102899 -0.219543
v 0.290867 0.393460 -0.217015
v 0.265868 0.393638 -0.217013
v 0.258800 0.103000 -0.224846
v 0.233801 0.103178 -0.224843
v 0.260868 0.393712 -0.220172
v 0.235868 0.393890 -0.220169
v 0.258800 0.102932 -0.220615
v 0.233801 0.103110 -0.220613
v 0.260868 0.393644 -0.215941
v 0.235868 0.393822 -0.215938
v 0.229834 0.102926 -0.222508
v 0.204834 0.102926 -0.222508
v 0.229834 0.393683 -0.222508
v 0.204834 0.393683 -0.222508
v 0.229834 0.102926 -0.218278
v 0.204834 0.102926 -0.218278
v 0.229834 0.393683 -0.218278
v 0.204834 0.393683 -0.218278
v 0.196001 0.102833 -0.222508
v 0.171002 0.103027 -0.222508
v 0.198259 0.393582 -0.222508
v 0.173260 0.393776 -0.222508
v 0.196001 0.102833 -0.218278
v 0.171002 0.103027 -0.218278
v 0.198259 0.393582 -0.218278
v 0.173260 0.393776 -0.218278
v 0.168168 0.102926 -0.222508
v 0.143168 0.102926 -0.222508
v 0.168168 0.393683 -0.222508
v 0.143168 0.393683 -0.222508
v 0.168168 0.102926 -0.218278
v 0.143168 0.102926 -0.218278
v 0.168168 0.393683 -0.218278
v 0.143168 0.393683 -0.218278
v 0.139834 0.102926 -0.222508
v 0.114834 0.102926 -0.222508
v 0.139834 0.393683 -0.222508
v 0.114834 0.393683 -0.222508
v 0.139834 0.102926 -0.218278
v 0.114834 0.102926 -0.218278
v 0.139834 0.393683 -0.218278
v 0.114834 0.393683 -0.218278
v -0.382091 0.102926 -0.162737
v -0.382091 0.102926 -0.187737
v -0.382091 0.393683 -0.162737
v -0.382091 0.393683 -0.187737
v -0.386322 0.102926 -0.162737
v -0.386322 0.102926 -0.187737
v -0.386322 0.393683 -0.162737
v -0.386322 0.393683 -0.187737
v -0.382091 0.103021 -0.134279
v -0.382091 0.102839 -0.159278
v -0.382091 0.393770 -0.136396
v -0.382091 0.393588 -0.161395
v -0.386322 0.103021 -0.134279
v -0.386322 0.102839 -0.159278
v -0.386322 0.393770 -0.136396
v -0.386322 0.393588 -0.161395
v -0.382091 0.102756 -0.106398
v -0.382091 0.103128 -0.131395
v -0.382091 0.393481 -0.102079
v -0.382091 0.393853 -0.127076
v -0.386322 0.102756 -0.106398
v -0.386322 0.103128 -0.131395
v -0.386322 0.393481 -0.102079
v -0.386322 0.393853 -0.127076
v -0.382091 0.102926 -0.074987
v -0.382091 0.102926 -0.099987
v -0.382091 0.393683 -0.074987
v -0.382091 0.393683 -0.099987
v -0.386322 0.102926 -0.074987
v -0.386322 0.102926 -0.099987
v -0.386322 0.393683 -0.074987
v -0.386322 0.393683 -0.099987
v -0.384322 0.102912 -0.045737
v -0.384322 0.102912 -0.070737
v -0.379019 0.393620 -0.045737
v -0.379019 0.393620 -0.070737
v -0.388552 0.102989 -0.045737
v -0.388552 0.102989 -0.070737
v -0.383249 0.393697 -0.045737
v -0.383249 0.393697 -0.070737
v -0.383011 0.102911 -0.016487
v -0.383011 0.102911 -0.041487
v -0.379634 0.393649 -0.016487
v -0.379634 0.393649 -0.041487
v -0.387241 0.102960 -0.016487
v -0.387241 0.102960 -0.041487
v -0.383865 0.393698 -0.016487
v -0.383865 0.393698 -0.041487
v -0.383011 0.102911 0.012763
v -0.383011 0.102911 -0.012237
v -0.379634 0.393649 0.012763
v -0.379634 0.393649 -0.012237
v -0.387241 0.102960 0.012763
v -0.387241 0.102960 -0.012237
v -0.383865 0.393698 0.012763
v -0.383865 0.393698 -0.012237
v -0.382091 0.102926 0.042013
v -0.382091 0.102926 0.017013
v -0.382091 0.393683 0.042013
v -0.382091 0.393683 0.017013
v -0.386322 0.102926 0.042013
v -0.386322 0.102926 0.017013
v -0.386322 0.393683 0.042013
v -0.386322 0.393683 0.017013
v -0.382091 0.102926 0.069664
v -0.382091 0.102926 0.044664
v -0.382091 0.393683 0.069664
v -0.382091 0.393683 0.044664
v -0.386322 0.102926 0.069664
v -0.386322 0.102926 0.044664
v -0.386322 0.393683 0.069664
v -0.386322 0.393683 0.044664
v -0.382091 0.102926 0.101290
v -0.382091 0.102926 0.076290
v -0.382091 0.393683 0.101290
v -0.382091 0.393683 0.076290
v -0.386322 0.102926 0.101290
v -0.386322 0.102926 0.076290
v -0.386322 0.393683 0.101290
v -0.386322 0.393683 0.076290
v -0.382091 0.102926 0.129763
v -0.382091 0.102926 0.104763
v -0.382091 0.393683 0.129763
v -0.382091 0.393683 0.104763
v -0.386322 0.102926 0.129763
v -0.386322 0.102926 0.104763
v -0.386322 0.393683 0.129763
v -0.386322 0.393683 0.104763
v -0.382091 0.102926 0.159013
v -0.382091 0.102926 0.134013
v -0.382091 0.393683 0.159013
v -0.382091 0.393683 0.134013
v -0.386322 0.102926 0.159013
v -0.386322 0.102926 0.134013
v -0.386322 0.393683 0.159013
v -0.386322 0.393683 0.134013
v -0.382091 0.102926 0.188263
v -0.382091 0.102926 0.163263
v -0.382091 0.393683 0.188263
v -0.382091 0.393683 0.163263
v -0.386322 0.102926 0.188263
v -0.386322 0.102926 0.163263
v -0.386322 0.393683 0.188263
v -0.386322 0.393683 0.163263
v 0.382091 0.102926 -0.162737
v 0.382091 0.102926 -0.187737
v 0.382091 0.393683 -0.162737
v 0.382091 0.393683 -0.187737
v 0.386322 0.102926 -0.162737
v 0.386322 0.102926 -0.187737
v 0.386322 0.393683 -0.162737
v 0.386322 0.393683 -0.187737
v 0.382091 0.102795 -0.135123
v 0.382091 0.103076 -0.160122
v 0.382091 0.393533 -0.131852
v 0.382091 0.393815 -0.156850
v 0.386322 0.102795 -0.135123
v 0.386322 0.103076 -0.160122
v 0.386322 0.393533 -0.131852
v 0.386322 0.393815 -0.156850
v 0.382091 0.102926 -0.104237
v 0.382091 0.102926 -0.129237
v 0.382091 0.393683 -0.104237
v 0.382091 0.393683 -0.129237
v 0.386322 0.102926 -0.104237
v 0.386322 0.102926 -0.129237
v 0.386322 0.393683 -0.104237
v 0.386322 0.393683 -0.129237
v 0.383272 0.102914 -0.074987
v 0.383272 0.102914 -0.099987
v 0.380911 0.393661 -0.074987
v 0.380911 0.393661 -0.099987
v 0.387502 0.102948 -0.074987
v 0.387502 0.102948 -0.099987
v 0.385142 0.393695 -0.074987
v 0.385142 0.393695 -0.099987
v 0.381212 0.103177 -0.043249
v 0.381212 0.102749 -0.068246
v 0.382971 0.393886 -0.048229
v 0.382971 0.393458 -0.073225
v 0.385442 0.103151 -0.043249
v 0.385442 0.102723 -0.068245
v 0.387202 0.393860 -0.048228
v 0.387202 0.393432 -0.073225
v 0.383272 0.102914 -0.016487
v 0.383272 0.102914 -0.041487
v 0.380911 0.393661 -0.016487
v 0.380911 0.393661 -0.041487
v 0.387502 0.102948 -0.016487
v 0.387502 0.102948 -0.041487
v 0.385142 0.393695 -0.016487
v 0.385142 0.393695 -0.041487
v 0.382091 0.103021 0.013825
v 0.382091 0.102839 -0.011174
v 0.382091 0.393770 0.011701
v 0.382091 0.393588 -0.013299
v 0.386322 0.103021 0.013825
v 0.386322 0.102839 -0.011174
v 0.386322 0.393770 0.011701
v 0.386322 0.393588 -0.013299
v 0.382091 0.103044 0.043312
v 0.382091 0.102820 0.018313
v 0.382091 0.393789 0.040713
v 0.382091 0.393566 0.015714
v 0.386322 0.103044 0.043312
v 0.386322 0.102820 0.018313
v 0.386322 0.393789 0.040713
v 0.386322 0.393566 0.015714
v 0.382091 0.102926 0.073125
v 0.382091 0.102926 0.048125
v 0.382091 0.393683 0.073125
v 0.382091 0.393683 0.048125
v 0.386322 0.102926 0.073125
v 0.386322 0.102926 0.048125
v 0.386322 0.393683 0.073125
v 0.386322 0.393683 0.048125
v 0.382091 0.102926 0.101460
v 0.382091 0.102926 0.076460
v 0.382091 0.393683 0.101460
v 0.382091 0.393683 0.076460
v 0.386322 0.102926 0.101460
v 0.386322 0.102926 0.076460
v 0.386322 0.393683 0.101460
v 0.386322 0.393683 0.076460
v 0.382091 0.102926 0.129763
v 0.382091 0.102926 0.104763
v 0.382091 0.393683 0.129763
v 0.382091 0.393683 0.104763
v 0.386322 0.102926 0.129763
v 0.386322 0.102926 0.104763
v 0.386322 0.393683 0.129763
v 0.386322 0.393683 0.104763
v 0.382091 0.102926 0.157081
v 0.382091 0.102926 0.132081
v 0.382091 0.393683 0.157081
v 0.382091 0.393683 0.132081
v 0.386322 0.102926 0.157081
v 0.386322 0.102926 0.132081
v 0.386322 0.393683 0.157081
v 0.386322 0.393683 0.132081
v 0.382091 0.102926 0.188263
v 0.382091 0.102926 0.163263
v 0.382091 0.393683 0.188263
v 0.382091 0.393683 0.163263
v 0.386322 0.102926 0.188263
v 0.386322 0.102926 0.163263
v 0.386322 0.393683 0.188263
v 0.386322 0.393683 0.163263
v -0.373216 0.487786 0.213527
v 0.373216 0.487786 0.213527
v -0.373216 0.487786 -0.213527
v 0.373216 0.487786 -0.213527
v -0.402581 0.465614 0.242832
v 0.402581 0.465614 0.242832
v -0.402581 0.465614 -0.242832
v 0.402581 0.465614 -0.242832
v -0.384281 0.487786 -0.219785
v -0.377948 0.487786 -0.227379
v -0.382426 0.487786 -0.225155
v -0.403539 0.476176 -0.255004
v -0.409591 0.476176 -0.247718
v -0.407819 0.476176 -0.252870
v -0.392809 0.487786 -0.230200
v -0.386527 0.487786 -0.237699
v -0.390969 0.487786 -0.235503
v -0.400473 0.482858 -0.240637
v -0.394425 0.482858 -0.247885
v -0.398701 0.482858 -0.245762
v -0.409591 0.476176 0.247718
v -0.403539 0.476176 0.255004
v -0.407819 0.476176 0.252870
v -0.377948 0.487786 0.227379
v -0.384281 0.487786 0.219785
v -0.382426 0.487786 0.225155
v -0.394425 0.482858 0.247885
v -0.400473 0.482858 0.240637
v -0.398701 0.482858 0.245762
v -0.386527 0.487786 0.237699
v -0.392809 0.487786 0.230200
v -0.390969 0.487786 0.235503
v 0.403540 0.476176 0.255004
v 0.409591 0.476176 0.247718
v 0.407819 0.476176 0.252870
v 0.384281 0.487786 0.219785
v 0.377948 0.487786 0.227379
v 0.382426 0.487786 0.225155
v 0.400473 0.482858 0.240637
v 0.394425 0.482858 0.247885
v 0.398702 0.482858 0.245762
v 0.392809 0.487786 0.230200
v 0.386527 0.487786 0.237699
v 0.390969 0.487786 0.235503
v 0.409591 0.476176 -0.247718
v 0.403540 0.476176 -0.255004
v 0.407819 0.476176 -0.252870
v 0.377948 0.487786 -0.227379
v 0.384281 0.487786 -0.219785
v 0.382426 0.487786 -0.225155
v 0.394425 0.482858 -0.247885
v 0.400473 0.482858 -0.240637
v 0.398702 0.482858 -0.245762
v 0.386527 0.487786 -0.237699
v 0.392809 0.487786 -0.230200
v 0.390969 0.487786 -0.235503
v -0.415002 0.468068 -0.251896
v -0.409071 0.468068 -0.259146
v -0.413265 0.468068 -0.257023
v -0.408317 0.465614 -0.257408
v -0.414246 0.465614 -0.250010
v -0.412509 0.465614 -0.255241
v -0.415041 0.466587 -0.251427
v -0.409143 0.466587 -0.258716
v -0.413314 0.466587 -0.256581
v -0.414246 0.465614 0.250010
v -0.408317 0.465614 0.257408
v -0.412509 0.465614 0.255241
v -0.409071 0.468068 0.259146
v -0.415002 0.468068 0.251896
v -0.413265 0.468068 0.257023
v -0.409143 0.466587 0.258716
v -0.415041 0.466587 0.251427
v -0.413314 0.466587 0.256581
v 0.408317 0.465614 0.257408
v 0.414246 0.465614 0.250010
v 0.412509 0.465614 0.255241
v 0.415002 0.468068 0.251896
v 0.409071 0.468068 0.259146
v 0.413265 0.468068 0.257023
v 0.415041 0.466587 0.251427
v 0.409143 0.466587 0.258716
v 0.413314 0.466587 0.256581
v 0.414246 0.465614 -0.250010
v 0.408317 0.465614 -0.257408
v 0.412509 0.465614 -0.255241
v 0.409071 0.468068 -0.259146
v 0.415002 0.468068 -0.251896
v 0.413265 0.468068 -0.257023
v 0.409143 0.466587 -0.258716
v 0.415041 0.466587 -0.251427
v 0.413314 0.466587 -0.256581
vn -0.0000 -1.0000 -0.0000
vn -0.0000 1.0000 -0.0000
vn -0.0000 -0.0000 1.0000
vn -0.0000 -0.0000 -1.0000
vn -1.0000 -0.0000 -0.0000
vn 1.0000 -0.0000 -0.0000
vn -0.7767 0.6286 0.0403
vn -0.6716 0.7383 0.0625
vn -0.6205 0.7588 -0.1982
vn -0.7426 0.6576 -0.1268
vn -0.0428 0.6600 -0.7500
vn -0.0583 0.7629 -0.6438
vn 0.1824 0.7776 -0.6017
vn 0.1242 0.6810 -0.7216
vn 0.7767 0.6286 -0.0403
vn 0.6716 0.7383 -0.0625
vn 0.6205 0.7588 0.1982
vn 0.7426 0.6576 0.1268
vn 0.7073 -0.6379 0.3046
vn 0.7649 -0.6379 -0.0899
vn 0.8525 -0.5131 -0.1002
vn 0.7884 -0.5131 0.3395
vn 0.0428 0.6600 0.7500
vn 0.0583 0.7629 0.6438
vn -0.1824 0.7776 0.6017
vn -0.1242 0.6810 0.7216
vn 0.3519 0.8511 0.3898
vn 0.3458 0.8298 0.4380
vn -0.4350 0.8429 0.3168
vn -0.4534 0.8258 0.3355
vn -0.2098 -0.9777 0.0027
vn -0.2099 -0.9777 -0.0027
vn -0.0034 -0.9782 0.2076
vn -0.2207 -0.9591 0.1775
vn 0.2204 -0.9590 0.1781
vn 0.0033 -0.9782 0.2077
vn 0.6174 -0.6379 -0.4603
vn 0.6882 -0.5131 -0.5130
vn -0.2207 -0.9588 -0.1788
vn -0.0257 0.0076 -0.9996
vn -0.0255 -0.0052 -0.9997
vn -0.7779 -0.0050 -0.6284
vn -0.7767 0.0249 -0.6294
vn 0.0035 -0.9779 -0.2089
vn 0.2210 -0.9589 -0.1778
vn 0.9998 0.0076 -0.0205
vn 0.9998 -0.0051 -0.0205
vn 0.7779 -0.0050 -0.6284
vn 0.7786 0.0247 -0.6270
vn 0.2103 -0.9776 -0.0027
vn -0.7786 0.0247 0.6271
vn -0.7779 -0.0050 0.6284
vn -0.0255 -0.0052 0.9997
vn -0.0262 0.0078 0.9996
vn 0.7779 -0.0050 0.6284
vn 0.7767 0.0249 0.6294
vn 0.0257 0.0076 0.9996
vn 0.0255 -0.0052 0.9997
vn 0.2103 -0.9776 0.0027
vn 0.4350 0.8429 -0.3168
vn 0.4534 0.8258 -0.3355
vn -0.5700 0.6337 -0.5230
vn -0.0316 0.3172 -0.9478
vn -0.3519 0.8511 -0.3897
vn -0.9997 0.0078 -0.0211
vn -0.9431 0.3266 -0.0620
vn 0.6328 0.6194 -0.4647
vn 0.9509 0.3085 -0.0251
vn 0.0262 0.0078 -0.9996
vn 0.0682 0.3334 -0.9403
vn -0.0682 0.3334 0.9403
vn -0.6328 0.6194 0.4647
vn -0.9998 0.0075 0.0205
vn -0.9509 0.3085 0.0251
vn 0.0316 0.3171 0.9479
vn 0.5700 0.6337 0.5230
vn 0.9431 0.3266 0.0620
vn 0.9997 0.0078 0.0211
vn -0.3458 0.8298 -0.4380
vn 0.0899 -0.6379 0.7649
vn 0.4603 -0.6379 0.6174
vn 0.5130 -0.5131 0.6882
vn 0.1002 -0.5131 0.8525
vn 0.3046 -0.6379 -0.7073
vn -0.0899 -0.6379 -0.7649
vn -0.1002 -0.5131 -0.8525
vn 0.3395 -0.5131 -0.7884
vn -0.4603 -0.6379 -0.6174
vn -0.5130 -0.5131 -0.6882
vn -0.6174 -0.6379 0.4603
vn -0.3046 -0.6379 0.7073
vn -0.3395 -0.5131 0.7884
vn -0.6882 -0.5131 0.5130
vn -0.7073 -0.6379 -0.3046
vn -0.7649 -0.6379 0.0899
vn -0.8525 -0.5131 0.1002
vn -0.7884 -0.5131 -0.3395
vn 0.0958 -0.5716 0.8149
vn 0.4904 -0.5716 0.6578
vn 0.5692 -0.3051 0.7635
vn 0.1112 -0.3051 0.9458
vn -0.3245 -0.5716 0.7536
vn -0.3766 -0.3051 0.8747
vn -0.8018 0.4877 -0.3453
vn -0.8670 0.4877 0.1019
vn -0.7134 0.6958 0.0838
vn -0.6597 0.6958 -0.2841
vn 0.7536 -0.5716 0.3245
vn 0.8747 -0.3051 0.3766
vn -0.8149 -0.5716 0.0958
vn -0.6579 -0.5716 0.4904
vn -0.7635 -0.3051 0.5692
vn -0.9458 -0.3051 0.1112
vn 0.3453 0.4877 -0.8018
vn -0.1019 0.4877 -0.8670
vn -0.0839 0.6958 -0.7134
vn 0.2841 0.6958 -0.6597
vn -0.4904 -0.5716 -0.6578
vn -0.7536 -0.5716 -0.3245
vn -0.8747 -0.3051 -0.3766
vn -0.5692 -0.3051 -0.7635
vn 0.8149 -0.5716 -0.0958
vn 0.9458 -0.3051 -0.1112
vn -0.9750 -0.2161 -0.0514
vn -0.8187 -0.2161 -0.5321
vn -0.4744 -0.8319 -0.2880
vn -0.5548 -0.8319 -0.0122
vn 0.9750 -0.2161 0.0514
vn 0.8187 -0.2161 0.5321
vn 0.4744 -0.8319 0.2880
vn 0.5548 -0.8319 0.0122
vn 0.8670 0.4877 -0.1019
vn 0.6999 0.4877 -0.5218
vn 0.5758 0.6958 -0.4293
vn 0.7134 0.6958 -0.0838
vn 0.6579 -0.5716 -0.4904
vn 0.7635 -0.3051 -0.5692
vn -0.4430 -0.2161 -0.8701
vn 0.0515 -0.2161 -0.9750
vn 0.0122 -0.8319 -0.5548
vn -0.2668 -0.8319 -0.4866
vn 0.5218 0.4877 0.6999
vn 0.8018 0.4877 0.3453
vn 0.6597 0.6958 0.2840
vn 0.4293 0.6958 0.5758
vn -0.3453 0.4877 0.8018
vn 0.1019 0.4877 0.8670
vn 0.0839 0.6958 0.7134
vn -0.2841 0.6958 0.6597
vn -0.5218 0.4877 -0.6999
vn -0.4293 0.6958 -0.5759
vn -0.6999 0.4877 0.5218
vn -0.5759 0.6958 0.4293
vn -0.5966 -0.0603 -0.8003
vn -0.1165 -0.0603 -0.9914
vn 0.3947 -0.0605 -0.9168
vn 0.8003 -0.0604 -0.5966
vn 0.1165 -0.0604 0.9913
vn 0.5966 -0.0604 0.8003
vn -0.9168 -0.0605 -0.3947
vn -0.9914 -0.0603 0.1165
vn 0.9913 -0.0604 -0.1165
vn 0.9168 -0.0604 0.3948
vn -0.3948 -0.0603 0.9168
vn -0.8003 -0.0605 0.5966
vn 0.3245 -0.5716 -0.7536
vn 0.3766 -0.3051 -0.8747
vn 0.5642 -0.3300 0.7568
vn 0.8670 -0.3300 0.3733
vn 0.8425 0.3983 0.3627
vn 0.5482 0.3983 0.7354
vn 0.3627 0.3983 -0.8425
vn 0.7354 0.3983 -0.5482
vn 0.7568 -0.3300 -0.5642
vn 0.3733 -0.3300 -0.8670
vn 0.9375 -0.3300 -0.1102
vn 0.9110 0.3983 -0.1071
vn -0.8425 0.3983 -0.3627
vn -0.5482 0.3983 -0.7354
vn -0.5642 -0.3300 -0.7568
vn -0.8670 -0.3300 -0.3733
vn 0.1102 -0.3300 0.9375
vn 0.1071 0.3983 0.9110
vn -0.7354 0.3983 0.5482
vn -0.9110 0.3983 0.1071
vn -0.9375 -0.3300 0.1102
vn -0.7568 -0.3300 0.5642
vn -0.1102 -0.3300 -0.9375
vn -0.1071 0.3983 -0.9110
vn -0.3733 -0.3300 0.8670
vn -0.3627 0.3983 0.8425
vn -0.0958 -0.5716 -0.8149
vn -0.1112 -0.3051 -0.9458
vn 0.4429 -0.2161 0.8701
vn 0.2668 -0.8319 0.4865
vn -0.0612 0.1661 0.9842
vn 0.4391 0.1661 0.8829
vn 0.2820 0.7547 0.5924
vn -0.0520 0.7547 0.6540
vn 0.5831 -0.2196 -0.7822
vn 0.8961 -0.2196 -0.3858
vn 0.8707 -0.3183 -0.3750
vn 0.5665 -0.3183 -0.7601
vn -0.8773 0.2962 -0.3777
vn -0.9486 0.2962 0.1115
vn -0.8533 0.5118 0.0993
vn -0.7887 0.5118 -0.3406
vn 0.3777 0.2962 -0.8773
vn -0.1115 0.2962 -0.9486
vn -0.0993 0.5118 -0.8533
vn 0.3406 0.5118 -0.7887
vn -0.9185 -0.0000 -0.3955
vn -0.9932 -0.0000 0.1167
vn -0.3777 0.2962 0.8773
vn -0.7658 0.2962 0.5709
vn -0.8017 -0.0000 0.5977
vn -0.3955 -0.0000 0.9185
vn -0.5709 0.2962 -0.7658
vn -0.1167 -0.0000 -0.9932
vn -0.5977 -0.0000 -0.8017
vn 0.1115 0.2962 0.9486
vn 0.1167 -0.0000 0.9932
vn 0.5709 0.2962 0.7658
vn 0.5977 -0.0000 0.8017
vn 0.8773 0.2962 0.3777
vn 0.9185 -0.0000 0.3955
vn 0.7658 0.2962 -0.5709
vn 0.8017 -0.0000 -0.5977
vn 0.3955 -0.0000 -0.9185
vn 0.9486 0.2962 -0.1115
vn 0.9932 -0.0000 -0.1167
vn -0.5127 0.5118 -0.6893
vn 0.8533 0.5118 -0.0993
vn 0.7887 0.5118 0.3406
vn 0.5127 0.5118 0.6893
vn 0.0993 0.5118 0.8533
vn 0.5321 -0.2161 -0.8187
vn 0.8701 -0.2161 -0.4429
vn 0.4866 -0.8319 -0.2668
vn 0.2880 -0.8319 -0.4744
vn -0.3406 0.5118 0.7887
vn -0.6893 0.5118 0.5127
vn 0.6893 0.5118 -0.5127
vn -0.0515 -0.2161 0.9750
vn -0.0122 -0.8319 0.5548
vn 0.7800 -0.0359 0.6247
vn 0.7779 -0.0000 0.6284
vn 0.0255 -0.0000 0.9997
vn 0.0266 -0.0103 0.9996
vn -0.9998 -0.0000 -0.0205
vn -0.9997 -0.0098 -0.0206
vn -0.9997 -0.0101 0.0213
vn -0.9998 -0.0000 0.0205
vn 0.9998 -0.0000 0.0205
vn 0.9997 -0.0104 0.0207
vn 0.9997 -0.0104 -0.0212
vn 0.9998 -0.0000 -0.0205
vn 0.0255 -0.0001 -0.9997
vn 0.0256 -0.0099 -0.9996
vn -0.0264 -0.0102 -0.9996
vn -0.0255 -0.0000 -0.9997
vn -0.1242 -0.6810 -0.7216
vn -0.1824 -0.7776 -0.6017
vn -0.4534 -0.8258 -0.3355
vn -0.4350 -0.8429 -0.3168
vn 0.1290 -0.6793 0.7224
vn 0.1824 -0.7776 0.6017
vn 0.4534 -0.8258 0.3355
vn 0.4550 -0.8312 0.3196
vn -0.3519 -0.8511 0.3898
vn -0.3458 -0.8298 0.4380
vn -0.0583 -0.7629 0.6438
vn -0.0428 -0.6600 0.7500
vn -0.7073 0.6379 0.3046
vn -0.7649 0.6379 -0.0899
vn -0.8525 0.5131 -0.1002
vn -0.7884 0.5131 0.3395
vn -0.7426 -0.6576 0.1268
vn -0.6205 -0.7588 0.1982
vn -0.7767 -0.6286 -0.0403
vn -0.6715 -0.7383 -0.0625
vn 0.0428 -0.6600 -0.7500
vn 0.0583 -0.7629 -0.6438
vn -0.6174 0.6379 -0.4603
vn -0.6882 0.5131 -0.5130
vn 0.7779 -0.0000 -0.6284
vn 0.7762 -0.0322 -0.6297
vn -0.7779 -0.0000 -0.6284
vn -0.7787 -0.0319 -0.6266
vn -0.0255 -0.0000 0.9997
vn -0.0256 -0.0099 0.9996
vn -0.7762 -0.0322 0.6297
vn -0.7779 -0.0000 0.6284
vn 0.6715 -0.7383 0.0625
vn 0.7888 -0.6131 0.0435
vn 0.3519 -0.8511 -0.3898
vn 0.3458 -0.8298 -0.4380
vn 0.7493 -0.6503 -0.1254
vn 0.6205 -0.7588 -0.1982
vn 0.5700 -0.6337 -0.5230
vn 0.0316 -0.3171 -0.9479
vn 0.9419 -0.3304 -0.0606
vn -0.6328 -0.6194 -0.4647
vn -0.9509 -0.3085 -0.0251
vn -0.0682 -0.3334 -0.9403
vn 0.0745 -0.3344 0.9395
vn 0.6595 -0.6047 0.4466
vn 0.9502 -0.3102 0.0287
vn -0.0316 -0.3171 0.9479
vn -0.5700 -0.6337 0.5230
vn -0.9431 -0.3266 0.0620
vn -0.0899 0.6379 0.7649
vn -0.4603 0.6379 0.6174
vn -0.5130 0.5131 0.6882
vn -0.1002 0.5131 0.8525
vn -0.3046 0.6379 -0.7073
vn 0.0898 0.6379 -0.7649
vn 0.1002 0.5131 -0.8525
vn -0.3395 0.5131 -0.7884
vn 0.4603 0.6379 -0.6174
vn 0.5130 0.5131 -0.6882
vn 0.6174 0.6379 0.4603
vn 0.3046 0.6379 0.7073
vn 0.3395 0.5131 0.7884
vn 0.6882 0.5131 0.5130
vn 0.7073 0.6379 -0.3046
vn 0.7649 0.6379 0.0899
vn 0.8525 0.5131 0.1002
vn 0.7884 0.5131 -0.3395
vn -0.5472 -0.4024 0.7340
vn -0.8408 -0.4024 0.3620
vn -0.9152 -0.0849 0.3940
vn -0.5955 -0.0849 0.7988
vn 0.7340 -0.4024 0.5472
vn 0.3620 -0.4024 0.8408
vn 0.3940 -0.0849 0.9152
vn 0.7988 -0.0849 0.5955
vn -0.1069 -0.4024 0.9092
vn -0.1163 -0.0849 0.9896
vn 0.5472 -0.4024 -0.7340
vn 0.8408 -0.4024 -0.3620
vn 0.9152 -0.0849 -0.3940
vn 0.5955 -0.0849 -0.7988
vn 0.9092 -0.4024 0.1069
vn 0.9896 -0.0849 0.1163
vn -0.7340 -0.4024 -0.5472
vn -0.3621 -0.4023 -0.8409
vn -0.3940 -0.0849 -0.9152
vn -0.7988 -0.0849 -0.5955
vn -0.9092 -0.4023 -0.1069
vn -0.9896 -0.0849 -0.1163
vn 0.1069 -0.4024 -0.9092
vn 0.1163 -0.0849 -0.9896
vn -0.8701 -0.2161 0.4429
vn -0.8829 0.1661 0.4391
vn -0.9842 0.1661 -0.0612
vn 0.8218 0.1661 0.5451
vn 0.5451 0.1661 -0.8218
vn 0.8829 0.1661 -0.4391
vn -0.7791 0.2358 -0.5808
vn -0.9652 0.2358 -0.1135
vn -0.3843 0.2358 -0.8926
vn -0.8926 0.2358 0.3843
vn -0.5808 0.2358 0.7791
vn -0.1135 0.2358 0.9652
vn 0.3843 0.2358 0.8926
vn 0.5808 0.2358 -0.7791
vn 0.1135 0.2358 -0.9652
vn 0.7791 0.2358 0.5808
vn 0.9652 0.2358 0.1135
vn 0.8926 0.2358 -0.3843
vn 0.5966 0.0603 -0.8003
vn 0.1165 0.0603 -0.9914
vn -0.3948 0.0604 -0.9168
vn -0.8003 0.0604 -0.5966
vn -0.1165 0.0605 0.9913
vn -0.5966 0.0604 0.8003
vn 0.9168 0.0603 -0.3948
vn 0.9914 0.0603 0.1165
vn -0.9913 0.0604 -0.1165
vn -0.9168 0.0603 0.3948
vn 0.3948 0.0603 0.9168
vn 0.8003 0.0605 0.5966
vn -0.5642 0.3300 0.7568
vn -0.8670 0.3300 0.3733
vn -0.8425 -0.3983 0.3627
vn -0.5482 -0.3983 0.7354
vn -0.3627 -0.3983 -0.8425
vn -0.7354 -0.3983 -0.5482
vn -0.7568 0.3300 -0.5642
vn -0.3733 0.3300 -0.8670
vn -0.9375 0.3300 -0.1102
vn -0.9110 -0.3983 -0.1071
vn 0.8425 -0.3983 -0.3627
vn 0.5482 -0.3983 -0.7354
vn 0.5642 0.3300 -0.7568
vn 0.8670 0.3300 -0.3733
vn -0.1102 0.3300 0.9375
vn -0.1071 -0.3983 0.9110
vn 0.7354 -0.3983 0.5482
vn 0.9110 -0.3983 0.1071
vn 0.9375 0.3300 0.1102
vn 0.7568 0.3300 0.5642
vn 0.1102 0.3300 -0.9375
vn 0.1071 -0.3983 -0.9110
vn 0.3733 0.3300 0.8670
vn 0.3627 -0.3983 0.8425
vn 0.9842 0.1661 0.0612
vn 0.9689 -0.2196 0.1139
vn 0.9415 -0.3183 0.1106
vn -0.5321 -0.2161 0.8187
vn -0.5451 0.1661 0.8218
vn -0.8218 0.1661 -0.5451
vn -0.4391 0.1661 -0.8829
vn 0.0612 0.1661 -0.9842
vn -0.3858 -0.2196 -0.8961
vn 0.1139 -0.2195 -0.9689
vn 0.1106 -0.3184 -0.9415
vn -0.3750 -0.3184 -0.8707
vn 0.9185 -0.0000 -0.3955
vn 0.9932 -0.0000 0.1167
vn 0.3858 -0.2195 0.8961
vn 0.7822 -0.2196 0.5831
vn 0.8017 -0.0000 0.5977
vn 0.3955 -0.0000 0.9185
vn 0.1167 -0.0000 -0.9932
vn 0.5977 -0.0000 -0.8017
vn -0.1139 -0.2196 0.9689
vn -0.1167 -0.0000 0.9932
vn -0.5831 -0.2196 0.7822
vn -0.5977 -0.0000 0.8017
vn -0.8961 -0.2196 0.3858
vn -0.9185 -0.0000 0.3955
vn -0.7822 -0.2196 -0.5831
vn -0.8017 -0.0000 -0.5977
vn -0.3955 -0.0000 -0.9185
vn -0.9689 -0.2196 -0.1139
vn -0.9932 -0.0000 -0.1167
vn 0.7601 -0.3184 0.5665
vn 0.3750 -0.3184 0.8707
vn -0.8707 -0.3183 0.3750
vn -0.5665 -0.3183 0.7601
vn -0.7601 -0.3184 -0.5665
vn -0.9415 -0.3183 -0.1106
vn -0.1106 -0.3184 0.9415
vn -0.4866 -0.8319 0.2668
vn -0.2880 -0.8319 0.4744
vn -0.5432 0.4172 -0.7286
vn -0.1061 0.4172 -0.9026
vn -0.1126 -0.2637 -0.9580
vn -0.5765 -0.2637 -0.7733
vn 0.3815 -0.2637 -0.8860
vn 0.3594 0.4172 -0.8347
vn 0.7286 0.4172 -0.5432
vn 0.7733 -0.2638 -0.5765
vn 0.1126 -0.2637 0.9580
vn 0.5765 -0.2637 0.7733
vn 0.5432 0.4172 0.7286
vn 0.1061 0.4172 0.9026
vn -0.8860 -0.2637 -0.3815
vn -0.9580 -0.2637 0.1126
vn -0.9026 0.4172 0.1061
vn -0.8347 0.4172 -0.3594
vn 0.9026 0.4172 -0.1061
vn 0.9580 -0.2638 -0.1126
vn 0.8860 -0.2637 0.3815
vn 0.8347 0.4172 0.3594
vn -0.3594 0.4172 0.8347
vn -0.7286 0.4172 0.5432
vn -0.7733 -0.2637 0.5765
vn -0.3815 -0.2637 0.8860
vn -0.5758 0.2284 -0.7851
vn -0.1061 0.2284 -0.9678
vn -0.0695 -0.5484 -0.8334
vn -0.4769 -0.5484 -0.6870
vn -0.2080 -0.9225 -0.3253
vn -0.0175 -0.9225 -0.3857
vn 0.1777 -0.9225 -0.3428
vn 0.3565 -0.5484 -0.7564
vn 0.3920 0.2284 -0.8912
vn 0.7851 0.2284 -0.5757
vn 0.6870 -0.5484 -0.4768
vn 0.3253 -0.9225 -0.2080
vn 0.2080 -0.9225 0.3253
vn 0.0175 -0.9225 0.3857
vn 0.0695 -0.5484 0.8334
vn 0.4769 -0.5484 0.6870
vn 0.5758 0.2284 0.7851
vn 0.1061 0.2284 0.9678
vn -0.3857 -0.9225 0.0175
vn -0.3428 -0.9225 -0.1777
vn -0.7564 -0.5484 -0.3565
vn -0.8333 -0.5484 0.0695
vn -0.9678 0.2284 0.1061
vn -0.8912 0.2284 -0.3920
vn 0.9678 0.2284 -0.1061
vn 0.8334 -0.5484 -0.0695
vn 0.3857 -0.9225 -0.0175
vn 0.3428 -0.9225 0.1777
vn 0.7564 -0.5484 0.3565
vn 0.8912 0.2284 0.3920
vn -0.3921 0.2284 0.8911
vn -0.7851 0.2284 0.5758
vn -0.6870 -0.5484 0.4769
vn -0.3565 -0.5484 0.7564
vn -0.1777 -0.9225 0.3428
vn -0.3253 -0.9225 0.2080
vn 0.5404 0.7547 0.3720
vn 0.5924 0.7547 -0.2820
vn 0.6540 0.7547 0.0520
vn -0.2820 0.7547 -0.5924
vn 0.0520 0.7547 -0.6540
vn -0.3720 0.7547 0.5404
vn -0.5924 0.7547 0.2820
vn 0.3720 0.7547 -0.5404
vn -0.5404 0.7547 -0.3720
vn -0.6540 0.7547 -0.0520
vn 0.5721 0.2785 -0.7715
vn 0.1097 0.2785 -0.9541
vn 0.2464 0.9062 -0.3436
vn 0.0417 0.9062 -0.4207
vn -0.1743 0.9062 -0.3852
vn -0.3821 0.2786 -0.8812
vn -0.7715 0.2786 -0.5721
vn -0.3435 0.9062 -0.2464
vn -0.2464 0.9062 0.3436
vn -0.0416 0.9062 0.4207
vn -0.1097 0.2785 0.9541
vn -0.5721 0.2785 0.7715
vn 0.4207 0.9062 0.0416
vn 0.3852 0.9062 -0.1743
vn 0.8812 0.2785 -0.3821
vn 0.9541 0.2785 0.1097
vn -0.9541 0.2785 -0.1097
vn -0.4207 0.9062 -0.0416
vn -0.3852 0.9062 0.1743
vn -0.8812 0.2785 0.3821
vn 0.3821 0.2786 0.8812
vn 0.7715 0.2785 0.5721
vn 0.1743 0.9062 0.3852
vn 0.3435 0.9062 0.2464
vn -0.9998 -0.0052 -0.0204
vn -0.0034 -0.9779 -0.2089
vn -0.9998 -0.0052 0.0205
vn 0.0255 -0.0052 -0.9997
vn 0.9998 -0.0052 0.0204
vn -0.0150 -0.7088 -0.7052
vn -0.5754 -0.6726 -0.4653
vn -0.7061 -0.7080 -0.0121
vn -0.5750 -0.6739 0.4639
vn -0.0151 -0.7115 0.7025
vn -0.7061 -0.7080 0.0120
vn 0.7088 -0.7053 -0.0121
vn 0.5765 -0.6718 -0.4651
vn 0.0152 -0.7089 -0.7051
vn 0.0151 -0.7115 0.7026
vn 0.5754 -0.6729 0.4649
vn 0.7087 -0.7054 0.0121
vn 0.7767 0.6286 0.0403
vn 0.7426 0.6576 -0.1268
vn 0.6205 0.7588 -0.1982
vn 0.6716 0.7383 0.0625
vn 0.0428 0.6600 -0.7500
vn -0.1242 0.6810 -0.7216
vn -0.1824 0.7776 -0.6017
vn 0.0583 0.7629 -0.6438
vn -0.7767 0.6286 -0.0403
vn -0.7426 0.6576 0.1268
vn -0.6205 0.7588 0.1982
vn -0.6716 0.7383 -0.0625
vn -0.7073 -0.6379 0.3046
vn -0.7884 -0.5131 0.3395
vn -0.8525 -0.5131 -0.1002
vn -0.7649 -0.6379 -0.0899
vn -0.0428 0.6600 0.7500
vn 0.1242 0.6810 0.7216
vn 0.1824 0.7776 0.6017
vn -0.0583 0.7629 0.6438
vn -0.3519 0.8511 0.3897
vn -0.3458 0.8298 0.4380
vn 0.4350 0.8429 0.3168
vn 0.4534 0.8257 0.3355
vn 0.2102 -0.9777 -0.0027
vn 0.2099 -0.9777 0.0027
vn 0.2207 -0.9591 0.1775
vn 0.0034 -0.9782 0.2076
vn -0.0033 -0.9782 0.2077
vn -0.2204 -0.9590 0.1781
vn -0.6882 -0.5131 -0.5130
vn -0.6174 -0.6379 -0.4603
vn 0.2207 -0.9588 -0.1788
vn 0.0257 0.0076 -0.9996
vn 0.7767 0.0249 -0.6294
vn -0.2210 -0.9589 -0.1778
vn -0.0035 -0.9779 -0.2089
vn -0.9998 0.0075 -0.0205
vn -0.7786 0.0247 -0.6271
vn -0.9998 -0.0051 -0.0205
vn -0.2103 -0.9776 -0.0027
vn 0.7786 0.0247 0.6271
vn 0.0262 0.0078 0.9996
vn -0.0257 0.0076 0.9996
vn -0.7767 0.0249 0.6294
vn -0.2103 -0.9776 0.0028
vn -0.4350 0.8429 -0.3168
vn -0.4534 0.8257 -0.3355
vn 0.0316 0.3171 -0.9479
vn 0.5700 0.6337 -0.5230
vn 0.3519 0.8511 -0.3897
vn 0.9431 0.3266 -0.0620
vn 0.9997 0.0078 -0.0211
vn -0.9509 0.3085 -0.0252
vn -0.6328 0.6194 -0.4647
vn -0.0682 0.3334 -0.9403
vn -0.0262 0.0078 -0.9996
vn 0.6328 0.6194 0.4647
vn 0.0682 0.3334 0.9403
vn 0.9998 0.0075 0.0205
vn 0.9509 0.3085 0.0252
vn -0.5700 0.6337 0.5230
vn -0.0316 0.3171 0.9479
vn -0.9431 0.3266 0.0620
vn -0.9997 0.0078 0.0211
vn 0.3458 0.8298 -0.4380
vn -0.0899 -0.6379 0.7649
vn -0.1002 -0.5131 0.8525
vn -0.5130 -0.5131 0.6882
vn -0.4603 -0.6379 0.6174
vn -0.3046 -0.6379 -0.7073
vn -0.3394 -0.5131 -0.7883
vn 0.1002 -0.5131 -0.8525
vn 0.0899 -0.6379 -0.7649
vn 0.5130 -0.5130 -0.6882
vn 0.4603 -0.6379 -0.6174
vn 0.6174 -0.6379 0.4603
vn 0.6882 -0.5131 0.5130
vn 0.3395 -0.5131 0.7884
vn 0.3046 -0.6379 0.7073
vn 0.7073 -0.6379 -0.3046
vn 0.7884 -0.5131 -0.3395
vn 0.8525 -0.5131 0.1002
vn 0.7649 -0.6379 0.0899
vn -0.0959 -0.5716 0.8149
vn -0.1112 -0.3051 0.9458
vn -0.5692 -0.3051 0.7635
vn -0.4904 -0.5716 0.6578
vn 0.3245 -0.5716 0.7536
vn 0.3766 -0.3051 0.8747
vn 0.8018 0.4877 -0.3453
vn 0.6597 0.6958 -0.2840
vn 0.7134 0.6958 0.0839
vn 0.8670 0.4877 0.1019
vn -0.8747 -0.3051 0.3766
vn -0.7536 -0.5716 0.3245
vn 0.8149 -0.5716 0.0958
vn 0.9458 -0.3051 0.1112
vn 0.7635 -0.3051 0.5692
vn 0.6578 -0.5716 0.4904
vn -0.3453 0.4877 -0.8018
vn -0.2841 0.6958 -0.6597
vn 0.0839 0.6958 -0.7134
vn 0.1019 0.4877 -0.8671
vn 0.4904 -0.5716 -0.6578
vn 0.5692 -0.3051 -0.7635
vn 0.8747 -0.3051 -0.3766
vn 0.7536 -0.5716 -0.3245
vn -0.9458 -0.3051 -0.1112
vn -0.8149 -0.5716 -0.0958
vn 0.9750 -0.2161 -0.0515
vn 0.5548 -0.8319 -0.0122
vn 0.4744 -0.8319 -0.2880
vn 0.8187 -0.2161 -0.5321
vn -0.9750 -0.2161 0.0515
vn -0.5548 -0.8319 0.0122
vn -0.4744 -0.8319 0.2880
vn -0.8187 -0.2161 0.5321
vn -0.8670 0.4877 -0.1019
vn -0.7134 0.6958 -0.0838
vn -0.5758 0.6958 -0.4293
vn -0.6999 0.4877 -0.5218
vn -0.7635 -0.3051 -0.5692
vn -0.6578 -0.5716 -0.4904
vn 0.4429 -0.2161 -0.8701
vn 0.2668 -0.8319 -0.4866
vn -0.0122 -0.8319 -0.5548
vn -0.0514 -0.2161 -0.9750
vn -0.5218 0.4877 0.6999
vn -0.4293 0.6958 0.5758
vn -0.6597 0.6958 0.2840
vn -0.8018 0.4877 0.3453
vn 0.3453 0.4877 0.8018
vn 0.2841 0.6958 0.6597
vn -0.0839 0.6958 0.7134
vn -0.1019 0.4877 0.8670
vn 0.4293 0.6958 -0.5758
vn 0.5218 0.4877 -0.6999
vn 0.6999 0.4877 0.5218
vn 0.5759 0.6958 0.4293
vn 0.1165 -0.0605 -0.9913
vn 0.5966 -0.0605 -0.8003
vn -0.3947 -0.0605 -0.9168
vn -0.8003 -0.0604 -0.5966
vn -0.5966 -0.0605 0.8003
vn -0.1165 -0.0604 0.9913
vn 0.9913 -0.0604 0.1165
vn 0.9168 -0.0603 -0.3948
vn -0.9914 -0.0604 -0.1165
vn -0.9168 -0.0603 0.3948
vn 0.8003 -0.0604 0.5966
vn 0.3947 -0.0605 0.9168
vn -0.3766 -0.3051 -0.8747
vn -0.3245 -0.5716 -0.7536
vn -0.8670 -0.3300 0.3733
vn -0.5642 -0.3300 0.7568
vn -0.8425 0.3983 0.3627
vn -0.5482 0.3983 0.7354
vn -0.7354 0.3983 -0.5482
vn -0.3627 0.3983 -0.8425
vn -0.7568 -0.3299 -0.5642
vn -0.3733 -0.3300 -0.8670
vn -0.9375 -0.3300 -0.1102
vn -0.9110 0.3983 -0.1071
vn 0.5482 0.3983 -0.7354
vn 0.8425 0.3983 -0.3627
vn 0.5642 -0.3300 -0.7568
vn 0.8670 -0.3300 -0.3733
vn -0.1102 -0.3300 0.9375
vn -0.1071 0.3983 0.9110
vn 0.9110 0.3983 0.1071
vn 0.7354 0.3983 0.5482
vn 0.9375 -0.3300 0.1102
vn 0.7568 -0.3300 0.5642
vn 0.1102 -0.3300 -0.9375
vn 0.1071 0.3983 -0.9110
vn 0.3733 -0.3300 0.8670
vn 0.3627 0.3983 0.8425
vn 0.0958 -0.5716 -0.8149
vn 0.1112 -0.3051 -0.9458
vn -0.2668 -0.8319 0.4866
vn -0.4430 -0.2161 0.8701
vn 0.0612 0.1661 0.9842
vn 0.0520 0.7547 0.6540
vn -0.2820 0.7547 0.5924
vn -0.4391 0.1661 0.8829
vn -0.5831 -0.2196 -0.7822
vn -0.5665 -0.3183 -0.7601
vn -0.8707 -0.3183 -0.3750
vn -0.8961 -0.2196 -0.3858
vn 0.8773 0.2962 -0.3777
vn 0.7887 0.5118 -0.3406
vn 0.8533 0.5118 0.0993
vn 0.9486 0.2962 0.1115
vn -0.3777 0.2962 -0.8773
vn -0.3406 0.5118 -0.7887
vn 0.0993 0.5118 -0.8533
vn 0.1115 0.2962 -0.9486
vn 0.3777 0.2962 0.8773
vn 0.7657 0.2962 0.5709
vn 0.5709 0.2962 -0.7658
vn -0.1115 0.2962 0.9486
vn -0.5709 0.2962 0.7658
vn -0.8773 0.2962 0.3777
vn -0.7657 0.2962 -0.5709
vn -0.9486 0.2962 -0.1115
vn 0.5127 0.5118 -0.6893
vn -0.7887 0.5118 0.3406
vn -0.8533 0.5118 -0.0993
vn -0.0994 0.5118 0.8533
vn -0.5127 0.5118 0.6893
vn -0.5321 -0.2161 -0.8187
vn -0.2880 -0.8319 -0.4744
vn -0.4866 -0.8319 -0.2668
vn -0.8701 -0.2161 -0.4430
vn 0.6893 0.5118 0.5127
vn 0.3406 0.5118 0.7887
vn -0.6893 0.5118 -0.5127
vn 0.0122 -0.8319 0.5548
vn 0.0514 -0.2161 0.9750
vn -0.7800 -0.0359 0.6247
vn -0.0266 -0.0103 0.9996
vn -0.0256 -0.0000 0.9997
vn 0.9997 -0.0101 0.0213
vn 0.9997 -0.0098 -0.0206
vn -0.9997 -0.0104 -0.0212
vn -0.9997 -0.0105 0.0206
vn -0.0256 -0.0000 -0.9997
vn 0.0264 -0.0102 -0.9996
vn -0.0257 -0.0099 -0.9996
vn 0.1242 -0.6810 -0.7216
vn 0.4350 -0.8429 -0.3168
vn 0.4534 -0.8257 -0.3355
vn 0.1824 -0.7776 -0.6017
vn -0.1290 -0.6793 0.7224
vn -0.4550 -0.8312 0.3196
vn -0.4534 -0.8257 0.3355
vn -0.1824 -0.7776 0.6017
vn 0.3519 -0.8511 0.3897
vn 0.0428 -0.6600 0.7500
vn 0.0583 -0.7629 0.6438
vn 0.3458 -0.8298 0.4380
vn 0.7073 0.6379 0.3046
vn 0.7884 0.5131 0.3395
vn 0.8525 0.5131 -0.1002
vn 0.7649 0.6379 -0.0899
vn 0.7426 -0.6576 0.1268
vn 0.6205 -0.7588 0.1982
vn 0.7767 -0.6286 -0.0403
vn 0.6716 -0.7383 -0.0625
vn -0.0428 -0.6600 -0.7500
vn -0.0583 -0.7629 -0.6438
vn 0.6882 0.5131 -0.5130
vn 0.6174 0.6379 -0.4603
vn -0.7762 -0.0322 -0.6297
vn 0.7787 -0.0319 -0.6266
vn 0.0257 -0.0099 0.9996
vn 0.7762 -0.0322 0.6297
vn -0.7888 -0.6131 0.0435
vn -0.6716 -0.7383 0.0625
vn -0.3519 -0.8511 -0.3897
vn -0.3458 -0.8298 -0.4380
vn -0.7493 -0.6503 -0.1254
vn -0.6205 -0.7588 -0.1982
vn -0.0316 -0.3171 -0.9479
vn -0.5700 -0.6337 -0.5230
vn -0.9419 -0.3304 -0.0606
vn 0.9509 -0.3085 -0.0252
vn 0.6328 -0.6194 -0.4647
vn 0.0682 -0.3334 -0.9403
vn -0.6595 -0.6047 0.4466
vn -0.0745 -0.3344 0.9395
vn -0.9502 -0.3102 0.0288
vn 0.5700 -0.6337 0.5230
vn 0.0316 -0.3171 0.9479
vn 0.9431 -0.3266 0.0620
vn 0.0899 0.6379 0.7649
vn 0.1002 0.5131 0.8525
vn 0.5130 0.5131 0.6882
vn 0.4603 0.6379 0.6174
vn 0.3046 0.6379 -0.7073
vn 0.3395 0.5131 -0.7884
vn -0.1002 0.5131 -0.8525
vn -0.0899 0.6379 -0.7649
vn -0.5130 0.5131 -0.6882
vn -0.4603 0.6379 -0.6174
vn -0.6174 0.6379 0.4603
vn -0.6882 0.5131 0.5130
vn -0.3395 0.5131 0.7884
vn -0.3046 0.6379 0.7073
vn -0.7074 0.6379 -0.3045
vn -0.7884 0.5131 -0.3395
vn -0.8525 0.5131 0.1002
vn -0.7649 0.6379 0.0899
vn 0.5472 -0.4024 0.7340
vn 0.5955 -0.0849 0.7988
vn 0.9152 -0.0849 0.3940
vn 0.8408 -0.4024 0.3620
vn -0.7340 -0.4024 0.5472
vn -0.7988 -0.0849 0.5955
vn -0.3940 -0.0849 0.9152
vn -0.3620 -0.4024 0.8408
vn 0.1069 -0.4024 0.9092
vn 0.1163 -0.0849 0.9896
vn -0.5472 -0.4024 -0.7340
vn -0.5955 -0.0849 -0.7988
vn -0.9152 -0.0849 -0.3940
vn -0.8408 -0.4024 -0.3620
vn -0.9092 -0.4024 0.1069
vn -0.9896 -0.0849 0.1163
vn 0.7340 -0.4024 -0.5472
vn 0.7988 -0.0849 -0.5955
vn 0.3940 -0.0849 -0.9152
vn 0.3620 -0.4024 -0.8408
vn 0.9896 -0.0849 -0.1163
vn 0.9092 -0.4024 -0.1069
vn -0.1069 -0.4024 -0.9092
vn -0.1163 -0.0849 -0.9896
vn 0.9842 0.1661 -0.0612
vn 0.8829 0.1661 0.4391
vn 0.8701 -0.2161 0.4430
vn -0.8218 0.1661 0.5451
vn -0.8829 0.1661 -0.4391
vn -0.5451 0.1661 -0.8218
vn 0.9652 0.2358 -0.1135
vn 0.7791 0.2358 -0.5808
vn 0.3843 0.2358 -0.8926
vn 0.5808 0.2358 0.7791
vn 0.8926 0.2358 0.3843
vn -0.3843 0.2358 0.8926
vn 0.1135 0.2358 0.9652
vn -0.1135 0.2358 -0.9652
vn -0.5808 0.2358 -0.7791
vn -0.7791 0.2358 0.5808
vn -0.8926 0.2358 -0.3843
vn -0.9652 0.2358 0.1135
vn -0.1165 0.0605 -0.9913
vn -0.5966 0.0605 -0.8003
vn 0.3947 0.0605 -0.9168
vn 0.8003 0.0604 -0.5966
vn 0.5966 0.0604 0.8003
vn 0.1165 0.0605 0.9913
vn -0.9914 0.0604 0.1165
vn -0.9168 0.0605 -0.3947
vn 0.9913 0.0604 -0.1165
vn 0.9168 0.0605 0.3947
vn -0.8003 0.0604 0.5966
vn -0.3948 0.0603 0.9168
vn 0.8670 0.3300 0.3733
vn 0.5642 0.3300 0.7568
vn 0.8425 -0.3983 0.3627
vn 0.5482 -0.3983 0.7354
vn 0.7354 -0.3983 -0.5482
vn 0.3627 -0.3983 -0.8425
vn 0.7568 0.3300 -0.5642
vn 0.3733 0.3300 -0.8670
vn 0.9375 0.3300 -0.1102
vn 0.9110 -0.3983 -0.1071
vn -0.5482 -0.3983 -0.7354
vn -0.8425 -0.3983 -0.3627
vn -0.5642 0.3300 -0.7568
vn -0.8670 0.3300 -0.3733
vn 0.1102 0.3300 0.9375
vn 0.1071 -0.3983 0.9110
vn -0.9110 -0.3983 0.1071
vn -0.7354 -0.3983 0.5482
vn -0.9375 0.3300 0.1102
vn -0.7568 0.3300 0.5642
vn -0.1102 0.3300 -0.9375
vn -0.1071 -0.3983 -0.9110
vn -0.3733 0.3300 0.8670
vn -0.3627 -0.3983 0.8425
vn -0.9842 0.1661 0.0612
vn -0.9415 -0.3183 0.1106
vn -0.9689 -0.2195 0.1139
vn 0.5451 0.1661 0.8218
vn 0.5321 -0.2161 0.8187
vn 0.4391 0.1661 -0.8829
vn 0.8218 0.1661 -0.5451
vn -0.0612 0.1661 -0.9842
vn 0.3858 -0.2196 -0.8961
vn 0.3750 -0.3184 -0.8707
vn -0.1106 -0.3183 -0.9415
vn -0.1139 -0.2196 -0.9689
vn -0.3858 -0.2196 0.8961
vn -0.7822 -0.2196 0.5831
vn 0.1139 -0.2195 0.9689
vn 0.5831 -0.2195 0.7822
vn 0.8961 -0.2196 0.3858
vn 0.7822 -0.2196 -0.5831
vn 0.9932 -0.0000 -0.1168
vn 0.9689 -0.2196 -0.1139
vn -0.7601 -0.3183 0.5665
vn -0.3750 -0.3184 0.8707
vn 0.5665 -0.3183 0.7601
vn 0.8707 -0.3183 0.3750
vn 0.9415 -0.3183 -0.1106
vn 0.7601 -0.3184 -0.5665
vn 0.1106 -0.3184 0.9415
vn 0.4866 -0.8319 0.2668
vn 0.2880 -0.8319 0.4744
vn 0.1061 0.4172 -0.9026
vn 0.5432 0.4172 -0.7286
vn 0.1126 -0.2637 -0.9580
vn 0.5765 -0.2637 -0.7733
vn -0.3815 -0.2637 -0.8860
vn -0.3594 0.4172 -0.8347
vn -0.7286 0.4172 -0.5432
vn -0.7733 -0.2638 -0.5765
vn -0.5765 -0.2638 0.7733
vn -0.1126 -0.2638 0.9580
vn -0.5432 0.4172 0.7286
vn -0.1061 0.4172 0.9026
vn 0.9580 -0.2637 0.1126
vn 0.8860 -0.2637 -0.3815
vn 0.9026 0.4172 0.1061
vn 0.8347 0.4172 -0.3594
vn -0.9026 0.4172 -0.1061
vn -0.9580 -0.2638 -0.1126
vn -0.8860 -0.2638 0.3815
vn -0.8347 0.4172 0.3594
vn 0.7286 0.4172 0.5432
vn 0.3594 0.4172 0.8347
vn 0.7733 -0.2637 0.5765
vn 0.3815 -0.2637 0.8860
vn 0.1060 0.2284 -0.9678
vn 0.5758 0.2284 -0.7851
vn 0.0695 -0.5484 -0.8333
vn 0.0175 -0.9225 -0.3857
vn 0.2080 -0.9225 -0.3253
vn 0.4769 -0.5484 -0.6870
vn -0.3565 -0.5484 -0.7564
vn -0.1777 -0.9225 -0.3428
vn -0.3920 0.2284 -0.8912
vn -0.7851 0.2284 -0.5758
vn -0.6870 -0.5484 -0.4769
vn -0.3253 -0.9225 -0.2080
vn -0.2080 -0.9225 0.3253
vn -0.4769 -0.5484 0.6870
vn -0.0695 -0.5484 0.8333
vn -0.0175 -0.9225 0.3857
vn -0.5757 0.2284 0.7851
vn -0.1061 0.2284 0.9678
vn 0.3857 -0.9225 0.0175
vn 0.8333 -0.5484 0.0695
vn 0.7564 -0.5484 -0.3565
vn 0.3428 -0.9225 -0.1777
vn 0.9678 0.2284 0.1061
vn 0.8912 0.2284 -0.3920
vn -0.9678 0.2284 -0.1061
vn -0.8333 -0.5484 -0.0695
vn -0.3857 -0.9225 -0.0175
vn -0.3428 -0.9225 0.1777
vn -0.7564 -0.5484 0.3565
vn -0.8912 0.2284 0.3920
vn 0.7851 0.2284 0.5758
vn 0.3921 0.2284 0.8911
vn 0.6870 -0.5484 0.4769
vn 0.3253 -0.9225 0.2080
vn 0.1777 -0.9225 0.3428
vn 0.3565 -0.5484 0.7564
vn -0.5404 0.7547 0.3720
vn -0.6540 0.7547 0.0520
vn -0.5924 0.7547 -0.2820
vn 0.2820 0.7547 -0.5924
vn -0.0520 0.7547 -0.6540
vn 0.5924 0.7547 0.2820
vn 0.3720 0.7547 0.5404
vn -0.3720 0.7547 -0.5404
vn 0.5404 0.7547 -0.3720
vn 0.6540 0.7547 -0.0520
vn -0.1097 0.2785 -0.9541
vn -0.5721 0.2785 -0.7715
vn -0.0416 0.9062 -0.4207
vn -0.2464 0.9062 -0.3435
vn 0.3821 0.2786 -0.8812
vn 0.1743 0.9062 -0.3852
vn 0.7715 0.2786 -0.5721
vn 0.3436 0.9062 -0.2464
vn 0.2464 0.9062 0.3435
vn 0.5721 0.2786 0.7715
vn 0.1097 0.2786 0.9541
vn 0.0416 0.9062 0.4207
vn -0.4207 0.9062 0.0416
vn -0.9541 0.2785 0.1097
vn -0.8812 0.2785 -0.3821
vn -0.3852 0.9062 -0.1743
vn 0.9541 0.2785 -0.1097
vn 0.4207 0.9062 -0.0416
vn 0.3852 0.9062 0.1743
vn 0.8812 0.2785 0.3821
vn -0.7715 0.2785 0.5721
vn -0.3821 0.2785 0.8812
vn -0.3436 0.9062 0.2464
vn -0.1743 0.9062 0.3852
vn 0.9998 -0.0052 -0.0205
vn 0.0034 -0.9779 -0.2089
vn 0.9998 -0.0052 0.0205
vn 0.5754 -0.6726 -0.4653
vn 0.0151 -0.7089 -0.7052
vn 0.7061 -0.7080 -0.0121
vn 0.0151 -0.7115 0.7025
vn 0.5750 -0.6739 0.4639
vn 0.7061 -0.7080 0.0120
vn -0.5764 -0.6719 -0.4651
vn -0.7088 -0.7053 -0.0121
vn -0.0152 -0.7089 -0.7052
vn -0.5754 -0.6729 0.4649
vn -0.0150 -0.7115 0.7025
vn -0.7088 -0.7054 0.0121
vn -0.4534 0.8258 -0.3355
vn -0.2102 -0.9777 0.0027
vn -0.2207 -0.9591 -0.1775
vn -0.0034 -0.9782 -0.2076
vn 0.0033 -0.9782 -0.2077
vn 0.2204 -0.9590 -0.1781
vn -0.2207 -0.9588 0.1788
vn 0.2210 -0.9589 0.1778
vn 0.0035 -0.9779 0.2089
vn 0.9998 -0.0051 0.0204
vn 0.4534 0.8258 0.3355
vn -0.3519 0.8511 0.3898
vn 0.5130 -0.5131 -0.6881
vn 0.3045 -0.6379 0.7074
vn -0.6174 -0.6379 -0.4604
vn -0.3395 -0.5131 -0.7884
vn -0.7074 -0.6379 0.3045
vn -0.3244 -0.5716 -0.7537
vn 0.2840 0.6958 0.6597
vn -0.4904 -0.5716 0.6579
vn 0.7133 0.6958 0.0839
vn 0.5758 0.6958 0.4293
vn -0.4429 -0.2161 0.8701
vn -0.2840 0.6958 -0.6597
vn 0.1019 0.4877 -0.8670
vn -0.4293 0.6958 0.5759
vn -0.5759 0.6958 -0.4293
vn -0.1165 -0.0603 0.9914
vn -0.5966 -0.0603 0.8003
vn 0.3948 -0.0603 0.9168
vn 0.8003 -0.0603 0.5966
vn 0.1165 -0.0603 -0.9914
vn -0.9913 -0.0604 -0.1165
vn 0.9914 -0.0603 0.1165
vn 0.9168 -0.0604 -0.3948
vn -0.3948 -0.0603 -0.9168
vn -0.7568 -0.3300 -0.5642
vn -0.0958 -0.5716 0.8149
vn 0.2668 -0.8319 -0.4865
vn 0.4430 -0.2161 -0.8701
vn 0.5665 -0.3184 0.7601
vn 0.8961 -0.2195 0.3858
vn -0.0993 0.5118 0.8533
vn 0.0994 0.5118 -0.8533
vn 0.7800 -0.0359 -0.6247
vn 0.0266 -0.0103 -0.9996
vn 0.0255 -0.0000 -0.9997
vn -0.9997 -0.0101 -0.0213
vn -0.9997 -0.0098 0.0206
vn 0.9997 -0.0104 0.0212
vn 0.9997 -0.0105 -0.0206
vn -0.0255 -0.0001 0.9997
vn -0.0264 -0.0102 0.9996
vn 0.0257 -0.0098 0.9996
vn -0.1242 -0.6810 0.7216
vn -0.4350 -0.8429 0.3168
vn -0.4534 -0.8258 0.3355
vn 0.1290 -0.6793 -0.7224
vn 0.4550 -0.8312 -0.3196
vn 0.4534 -0.8258 -0.3355
vn -0.7073 0.6379 -0.3046
vn -0.7426 -0.6576 -0.1268
vn -0.7767 -0.6286 0.0403
vn -0.6715 -0.7383 0.0625
vn -0.7787 -0.0319 0.6266
vn 0.7888 -0.6131 -0.0435
vn 0.6715 -0.7383 -0.0625
vn 0.7493 -0.6503 0.1254
vn 0.9419 -0.3304 0.0606
vn -0.9509 -0.3085 0.0252
vn -0.6328 -0.6194 0.4647
vn -0.0682 -0.3334 0.9403
vn 0.6595 -0.6047 -0.4466
vn 0.0745 -0.3344 -0.9395
vn 0.9502 -0.3102 -0.0288
vn -0.9431 -0.3266 -0.0620
vn -0.5130 0.5131 -0.6881
vn 0.5472 -0.4023 0.7340
vn -0.7340 -0.4023 0.5472
vn 0.1165 0.0604 0.9913
vn 0.5966 0.0603 0.8003
vn -0.3948 0.0604 0.9168
vn -0.8003 0.0603 0.5966
vn -0.5966 0.0604 -0.8003
vn -0.1165 0.0604 -0.9913
vn 0.9913 0.0605 -0.1165
vn -0.9913 0.0605 0.1165
vn 0.8003 0.0607 -0.5966
vn 0.3948 0.0602 -0.9168
vn -0.3750 -0.3183 0.8707
vn 0.1106 -0.3183 0.9415
vn 0.1139 -0.2196 0.9689
vn -0.7822 -0.2195 0.5831
vn -0.9689 -0.2196 0.1139
vn 0.7601 -0.3183 -0.5665
vn 0.3750 -0.3183 -0.8707
vn -0.1126 -0.2637 0.9580
vn -0.9580 -0.2637 -0.1126
vn 0.9580 -0.2638 0.1126
vn 0.8860 -0.2638 -0.3815
vn -0.7733 -0.2637 -0.5765
vn -0.1060 0.2284 0.9678
vn -0.5758 0.2284 0.7851
vn -0.4768 -0.5484 0.6870
vn 0.3920 0.2284 0.8912
vn 0.7851 0.2284 0.5757
vn 0.6870 -0.5484 0.4768
vn 0.4768 -0.5484 -0.6870
vn 0.1061 0.2284 -0.9678
vn 0.9678 0.2284 0.1060
vn 0.8334 -0.5484 0.0695
vn -0.7851 0.2284 -0.5757
vn 0.1097 0.2785 0.9541
vn 0.5721 0.2785 0.7715
vn 0.7715 0.2785 -0.5721
vn 0.3821 0.2785 -0.8812
vn -0.0034 -0.9779 0.2089
vn -0.9998 -0.0052 -0.0205
vn -0.5754 -0.6726 0.4653
vn -0.0150 -0.7089 0.7052
vn -0.7061 -0.7080 0.0121
vn -0.0151 -0.7115 -0.7025
vn -0.5750 -0.6739 -0.4639
vn -0.7061 -0.7080 -0.0120
vn 0.5764 -0.6719 0.4651
vn 0.7088 -0.7053 0.0121
vn 0.0152 -0.7089 0.7052
vn 0.5754 -0.6729 -0.4649
vn 0.0151 -0.7115 -0.7026
vn 0.7087 -0.7054 -0.0121
vn -0.3519 0.8511 -0.3898
vn 0.2098 -0.9777 -0.0027
vn 0.0034 -0.9782 -0.2077
vn 0.2207 -0.9591 -0.1775
vn -0.2204 -0.9590 -0.1781
vn -0.0033 -0.9782 -0.2077
vn 0.2207 -0.9588 0.1788
vn -0.0035 -0.9779 0.2089
vn -0.2210 -0.9589 0.1778
vn -0.9998 0.0076 0.0205
vn -0.9998 -0.0051 0.0205
vn -0.7786 0.0247 0.6270
vn -0.2103 -0.9776 0.0027
vn 0.7786 0.0247 -0.6271
vn 0.0316 0.3171 0.9478
vn 0.3519 0.8511 0.3897
vn 0.9998 0.0075 -0.0205
vn -0.0316 0.3171 -0.9479
vn 0.3046 -0.6379 -0.7074
vn -0.4904 -0.5716 -0.6579
vn 0.7134 0.6958 -0.0839
vn 0.6597 0.6958 0.2841
vn 0.6578 -0.5716 -0.4904
vn -0.5758 0.6958 0.4293
vn -0.6578 -0.5716 0.4904
vn 0.4430 -0.2161 0.8701
vn 0.2668 -0.8319 0.4866
vn -0.6597 0.6958 -0.2840
vn -0.4294 0.6958 -0.5758
vn 0.5759 0.6958 -0.4293
vn 0.5966 -0.0605 0.8003
vn 0.1165 -0.0603 0.9914
vn -0.8003 -0.0607 0.5966
vn -0.1165 -0.0604 -0.9913
vn -0.5966 -0.0605 -0.8003
vn 0.9914 -0.0603 -0.1165
vn -0.9914 -0.0604 0.1165
vn -0.9168 -0.0604 -0.3948
vn 0.3948 -0.0603 -0.9168
vn -0.4429 -0.2161 -0.8701
vn -0.8961 -0.2195 0.3858
vn -0.8707 -0.3184 0.3750
vn -0.7800 -0.0359 -0.6247
vn -0.0266 -0.0103 -0.9996
vn 0.9997 -0.0098 0.0206
vn 0.9997 -0.0101 -0.0213
vn -0.9997 -0.0104 -0.0207
vn -0.9997 -0.0104 0.0212
vn -0.0257 -0.0099 0.9996
vn 0.0264 -0.0102 0.9996
vn 0.1242 -0.6810 0.7216
vn 0.4350 -0.8429 0.3168
vn -0.1290 -0.6793 -0.7224
vn -0.4550 -0.8312 -0.3196
vn 0.7426 -0.6576 -0.1268
vn 0.7767 -0.6286 0.0403
vn 0.6716 -0.7383 0.0625
vn -0.7762 -0.0322 0.6296
vn 0.7787 -0.0319 0.6266
vn 0.0257 -0.0099 -0.9996
vn -0.6716 -0.7383 -0.0625
vn -0.7888 -0.6131 -0.0435
vn -0.7493 -0.6503 0.1254
vn -0.9419 -0.3304 0.0606
vn 0.6328 -0.6194 0.4647
vn 0.9509 -0.3085 0.0251
vn 0.0682 -0.3334 0.9403
vn -0.0745 -0.3344 -0.9395
vn -0.6595 -0.6047 -0.4466
vn -0.9502 -0.3102 -0.0287
vn 0.9431 -0.3266 -0.0620
vn 0.0899 0.6379 -0.7649
vn -0.3046 0.6379 -0.7074
vn -0.3620 -0.4024 -0.8408
vn -0.9092 -0.4024 -0.1069
vn 0.7340 -0.4023 0.5472
vn -0.5966 0.0605 0.8003
vn -0.1165 0.0603 0.9914
vn 0.3947 0.0605 0.9168
vn 0.1165 0.0605 -0.9913
vn -0.9168 0.0605 0.3947
vn -0.9914 0.0603 -0.1165
vn 0.9913 0.0604 0.1165
vn 0.9168 0.0604 -0.3948
vn -0.3948 0.0603 -0.9168
vn -0.8003 0.0605 -0.5966
vn 0.3858 -0.2196 0.8961
vn -0.1106 -0.3183 0.9415
vn 0.3750 -0.3183 0.8707
vn -0.3858 -0.2195 -0.8961
vn 0.1139 -0.2196 -0.9689
vn 0.5831 -0.2195 -0.7822
vn 0.7822 -0.2195 0.5831
vn 0.9932 -0.0000 0.1168
vn -0.7601 -0.3183 -0.5665
vn -0.3750 -0.3183 -0.8707
vn 0.7600 -0.3184 0.5665
vn 0.5765 -0.2638 0.7733
vn 0.8860 -0.2638 0.3815
vn 0.9580 -0.2637 -0.1126
vn -0.9580 -0.2638 0.1126
vn -0.8860 -0.2638 -0.3815
vn 0.7733 -0.2637 -0.5765
vn 0.5757 0.2284 0.7851
vn 0.0695 -0.5484 0.8333
vn 0.4768 -0.5484 0.6870
vn -0.3920 0.2284 0.8912
vn -0.0695 -0.5484 -0.8333
vn -0.4768 -0.5484 -0.6870
vn 0.8333 -0.5484 -0.0695
vn 0.9678 0.2284 -0.1060
vn 0.8911 0.2284 0.3921
vn -0.8334 -0.5484 0.0694
vn 0.7851 0.2284 -0.5758
vn 0.6870 -0.5484 -0.4769
vn 0.3821 0.2785 0.8812
vn 0.7715 0.2786 0.5721
vn 0.0416 0.9062 -0.4207
vn 0.1097 0.2786 -0.9541
vn -0.3821 0.2785 -0.8812
vn -0.7715 0.2785 -0.5721
vn 0.0034 -0.9779 0.2089
vn 0.0151 -0.7088 0.7052
vn 0.5754 -0.6726 0.4653
vn 0.7061 -0.7080 0.0121
vn 0.5750 -0.6739 -0.4639
vn 0.0151 -0.7115 -0.7025
vn 0.7061 -0.7080 -0.0120
vn -0.7088 -0.7053 0.0121
vn -0.5764 -0.6719 0.4651
vn -0.0152 -0.7089 0.7052
vn -0.0151 -0.7115 -0.7026
vn -0.5754 -0.6729 -0.4649
vn -0.7087 -0.7054 -0.0121
vn -0.0000 0.0074 1.0000
vn -0.0000 -0.0074 -1.0000
vn -0.0000 0.0123 0.9999
vn -0.0000 -0.0123 -0.9999
vn -0.0000 0.0068 1.0000
vn -0.0000 -0.0068 -1.0000
vn -0.9999 0.0117 -0.0000
vn 0.9999 -0.0117 -0.0000
vn -0.0000 -0.0179 0.9998
vn -0.0000 0.0179 -0.9998
vn -0.0000 0.0050 1.0000
vn -0.0000 -0.0050 -1.0000
vn -0.0001 -0.0177 0.9998
vn 1.0000 -0.0067 -0.0000
vn -1.0000 0.0067 -0.0000
vn 0.0001 0.0177 -0.9998
vn -0.0000 0.0161 -0.9999
vn -1.0000 -0.0054 -0.0001
vn 1.0000 0.0054 0.0001
vn -0.0000 -0.0161 0.9999
vn -0.0000 0.0087 -1.0000
vn 1.0000 -0.0071 -0.0001
vn -1.0000 0.0071 0.0001
vn -0.0000 -0.0087 1.0000
vn 1.0000 -0.0078 -0.0000
vn -1.0000 0.0078 -0.0000
vn -0.0000 0.0073 1.0000
vn -0.0000 -0.0073 -1.0000
vn -0.0000 -0.0149 0.9999
vn -0.0000 0.0149 -0.9999
vn 0.9998 -0.0182 -0.0000
vn -0.9998 0.0182 -0.0000
vn 0.9999 -0.0116 -0.0000
vn -0.9999 0.0116 -0.0000
vn -0.0000 -0.0113 0.9999
vn -0.0000 0.0113 -0.9999
vn -1.0000 -0.0081 -0.0000
vn 1.0000 0.0081 -0.0000
vn -1.0000 0.0060 -0.0001
vn -0.0000 0.0171 0.9999
vn -0.0000 -0.0171 -0.9999
vn 1.0000 -0.0060 0.0001
vn -0.0000 0.0089 1.0000
vn -0.0000 -0.0089 -1.0000
vn 0.0002 -0.9981 0.0618
vn -0.0002 -0.9981 0.0618
vn 0.0007 0.9719 -0.2355
vn -0.0007 0.9719 -0.2355
vn -0.0794 -0.9968 0.0003
vn -0.0794 -0.9968 -0.0003
vn 0.0015 0.8302 -0.5575
vn -0.0015 0.8302 -0.5575
vn -0.0002 -0.9981 -0.0618
vn 0.0002 -0.9981 -0.0618
vn -0.7138 0.7004 -0.0025
vn -0.8691 0.4947 -0.0031
vn -0.8691 0.4946 0.0030
vn -0.7138 0.7004 0.0025
vn -0.0007 0.9719 0.2355
vn 0.0007 0.9719 0.2355
vn 0.2960 0.9552 0.0011
vn 0.2960 0.9552 -0.0011
vn 0.0794 -0.9968 -0.0003
vn 0.0794 -0.9968 0.0003
vn 0.0021 0.6059 -0.7956
vn 0.0025 0.3617 -0.9323
vn -0.0025 0.3617 -0.9323
vn -0.0021 0.6059 -0.7956
vn -0.0021 0.6059 0.7956
vn 0.0021 0.6059 0.7956
vn 0.0015 0.8302 0.5575
vn -0.0015 0.8302 0.5575
vn -0.0025 0.3617 0.9323
vn 0.0025 0.3617 0.9323
vn 0.7138 0.7004 0.0025
vn 0.7138 0.7004 -0.0025
vn 0.5679 0.8231 -0.0021
vn 0.5679 0.8231 0.0021
vn 0.8691 0.4946 0.0031
vn 0.8691 0.4947 -0.0030
vn 0.0021 -0.5773 -0.8165
vn -0.0021 -0.5783 -0.8158
vn -0.5679 0.8231 0.0021
vn -0.5679 0.8231 -0.0021
vn -0.2960 0.9552 0.0011
vn -0.2960 0.9552 -0.0011
vn 0.0021 -0.5773 0.8165
vn -0.0021 -0.5784 0.8158
vn 0.9552 -0.2959 -0.0033
vn 0.9552 -0.2959 0.0033
vn -0.9552 -0.2960 0.0033
vn -0.9552 -0.2960 -0.0033
vn -0.4824 0.7796 -0.3994
vn -0.3332 0.9009 -0.2780
vn -0.3332 0.9009 0.2780
vn -0.4824 0.7796 0.3994
vn -0.1428 0.9825 -0.1194
vn -0.1428 0.9825 0.1194
vn 0.3332 0.9009 0.2780
vn 0.4824 0.7796 0.3994
vn 0.1428 0.9825 0.1194
vn 0.3332 0.9009 -0.2780
vn 0.4824 0.7796 -0.3994
vn 0.1428 0.9825 -0.1194
vn -0.0814 -0.9945 -0.0655
vn -0.6371 -0.5723 -0.5163
vn -0.6371 -0.5723 0.5163
vn -0.0814 -0.9945 0.0656
vn -0.6358 0.5675 -0.5231
vn -0.6358 0.5675 0.5231
vn 0.6372 -0.5722 0.5163
vn 0.0814 -0.9945 0.0655
vn 0.6358 0.5675 0.5231
vn 0.6371 -0.5723 -0.5163
vn 0.0814 -0.9945 -0.0656
vn 0.6358 0.5675 -0.5231
vt 0.332767 0.224598
vt 0.332767 0.006411
vt 0.450910 0.006411
vt 0.450910 0.224598
vt 0.319946 0.006411
vt 0.319946 0.224598
vt 0.201803 0.224598
vt 0.201803 0.006411
vt 0.520686 0.446051
vt 0.520685 0.237419
vt 0.521100 0.237419
vt 0.521100 0.446051
vt 0.482068 0.215242
vt 0.482068 0.006410
vt 0.483407 0.006410
vt 0.483407 0.215242
vt 0.506207 0.446051
vt 0.506207 0.237419
vt 0.507864 0.237419
vt 0.507864 0.446051
vt 0.065659 0.454120
vt 0.063545 0.454120
vt 0.063545 0.245488
vt 0.065658 0.245488
vt 0.478492 0.237419
vt 0.478492 0.446051
vt 0.473709 0.446051
vt 0.473709 0.237419
vt 0.479225 0.237419
vt 0.479225 0.446051
vt 0.368736 0.446250
vt 0.368736 0.237419
vt 0.369949 0.237419
vt 0.369949 0.446250
vt 0.185616 0.245488
vt 0.185616 0.454319
vt 0.184277 0.454319
vt 0.184277 0.245488
vt 0.052068 0.454120
vt 0.052068 0.245488
vt 0.460888 0.237419
vt 0.460888 0.446250
vt 0.460265 0.446250
vt 0.460265 0.237419
vt 0.186683 0.245488
vt 0.186683 0.454319
vt 0.392892 0.237419
vt 0.392892 0.446250
vt 0.382770 0.446250
vt 0.382770 0.237419
vt 0.201803 0.446250
vt 0.201803 0.237419
vt 0.221987 0.237419
vt 0.221987 0.446250
vt 0.359741 0.446250
vt 0.359741 0.237419
vt 0.106869 0.245488
vt 0.106869 0.454319
vt 0.099085 0.454319
vt 0.099085 0.245488
vt 0.023397 0.254910
vt 0.023397 0.463742
vt 0.022023 0.463742
vt 0.022022 0.254910
vt 0.024019 0.254910
vt 0.024019 0.463742
vt 0.455067 0.446250
vt 0.455067 0.237419
vt 0.119690 0.454120
vt 0.119690 0.245488
vt 0.129842 0.245488
vt 0.129842 0.454120
vt 0.302263 0.237419
vt 0.323891 0.237419
vt 0.323891 0.446051
vt 0.302263 0.446051
vt 0.511855 0.215043
vt 0.511440 0.215043
vt 0.511440 0.006411
vt 0.511855 0.006411
vt 0.442246 0.237419
vt 0.442246 0.446051
vt 0.430769 0.446051
vt 0.430769 0.237419
vt 0.497886 0.215043
vt 0.496229 0.215043
vt 0.496229 0.006411
vt 0.497886 0.006411
vt 0.428656 0.446051
vt 0.428656 0.237419
vt 0.469247 0.006410
vt 0.469247 0.215043
vt 0.464464 0.215043
vt 0.464464 0.006410
vt 0.463731 0.215043
vt 0.463731 0.006410
vt 0.346920 0.237419
vt 0.346920 0.446250
vt 0.345707 0.446250
vt 0.345707 0.237419
vt 0.039247 0.254910
vt 0.039247 0.463742
vt 0.037907 0.463742
vt 0.037907 0.254910
vt 0.171456 0.454319
vt 0.166258 0.454319
vt 0.166258 0.245488
vt 0.171456 0.245488
vt 0.165635 0.454319
vt 0.165635 0.245488
vt 0.036840 0.463742
vt 0.036840 0.254910
vt 0.405713 0.446250
vt 0.405713 0.237419
vt 0.415835 0.237419
vt 0.415835 0.446250
vt 0.234808 0.446250
vt 0.234808 0.237419
vt 0.254993 0.237419
vt 0.254993 0.446250
vt 0.336712 0.446250
vt 0.336712 0.237419
vt 0.086264 0.245488
vt 0.086264 0.454319
vt 0.078480 0.454319
vt 0.078480 0.245488
vt 0.009201 0.254910
vt 0.009201 0.463742
vt 0.007827 0.463742
vt 0.007827 0.254910
vt 0.007204 0.463742
vt 0.007204 0.254910
vt 0.152814 0.454120
vt 0.142663 0.454120
vt 0.142663 0.245488
vt 0.152814 0.245488
vt 0.289442 0.237419
vt 0.289442 0.446051
vt 0.267814 0.446051
vt 0.267814 0.237419
vt 0.521833 0.237419
vt 0.521833 0.446051
vt 0.493386 0.446250
vt 0.492046 0.446250
vt 0.492046 0.237419
vt 0.493386 0.237419
vt 0.510707 0.215043
vt 0.510707 0.006411
vt 0.009201 0.476563
vt 0.009201 0.592037
vt 0.008787 0.592037
vt 0.008787 0.476563
vt 0.086264 0.467140
vt 0.086264 0.582724
vt 0.084924 0.582724
vt 0.084924 0.467140
vt 0.023680 0.476563
vt 0.023680 0.592037
vt 0.022023 0.592037
vt 0.022022 0.476563
vt 0.557197 0.365714
vt 0.559310 0.365714
vt 0.559310 0.481187
vt 0.557197 0.481187
vt 0.584341 0.481187
vt 0.584341 0.365714
vt 0.586587 0.365714
vt 0.586587 0.481187
vt 0.583608 0.481187
vt 0.583608 0.365714
vt 0.437651 0.574456
vt 0.437651 0.458872
vt 0.438864 0.458872
vt 0.438864 0.574456
vt 0.135370 0.582525
vt 0.135370 0.466941
vt 0.136710 0.466941
vt 0.136710 0.582525
vt 0.570787 0.365714
vt 0.570787 0.481187
vt 0.493386 0.459071
vt 0.493386 0.574655
vt 0.490726 0.574655
vt 0.490726 0.459071
vt 0.134303 0.582525
vt 0.134303 0.466941
vt 0.244871 0.574655
vt 0.244871 0.459071
vt 0.254993 0.459071
vt 0.254993 0.574655
vt 0.289442 0.458872
vt 0.289442 0.574456
vt 0.269257 0.574456
vt 0.269257 0.458872
vt 0.428656 0.574456
vt 0.428656 0.458872
vt 0.490103 0.574655
vt 0.490103 0.459071
vt 0.382627 0.574655
vt 0.382627 0.459071
vt 0.387874 0.459071
vt 0.387874 0.574655
vt 0.099708 0.582724
vt 0.099708 0.467140
vt 0.101082 0.467140
vt 0.101082 0.582724
vt 0.099085 0.582724
vt 0.099085 0.467140
vt 0.415835 0.459071
vt 0.415835 0.574545
vt 0.405684 0.574545
vt 0.405684 0.459071
vt 0.476695 0.574545
vt 0.455067 0.574545
vt 0.455067 0.459071
vt 0.476695 0.459071
vt 0.008054 0.592037
vt 0.008054 0.476563
vt 0.036501 0.476563
vt 0.036916 0.476563
vt 0.036916 0.592037
vt 0.036501 0.592037
vt 0.165635 0.467140
vt 0.166974 0.467140
vt 0.166974 0.582724
vt 0.165635 0.582724
vt 0.070446 0.467140
vt 0.072103 0.467140
vt 0.072103 0.582614
vt 0.070446 0.582614
vt 0.570787 0.237419
vt 0.570787 0.352893
vt 0.568674 0.352893
vt 0.568674 0.237419
vt 0.585854 0.352893
vt 0.583608 0.352893
vt 0.583608 0.237419
vt 0.585854 0.237419
vt 0.586587 0.352893
vt 0.586587 0.237419
vt 0.507419 0.574456
vt 0.506207 0.574456
vt 0.506207 0.458872
vt 0.507419 0.458872
vt 0.185616 0.582724
vt 0.184277 0.582724
vt 0.184277 0.467140
vt 0.185616 0.467140
vt 0.557197 0.352893
vt 0.557197 0.237419
vt 0.149531 0.466941
vt 0.152191 0.466941
vt 0.152191 0.582525
vt 0.149531 0.582525
vt 0.186683 0.582724
vt 0.186683 0.467140
vt 0.346834 0.574655
vt 0.336712 0.574655
vt 0.336712 0.459071
vt 0.346834 0.459071
vt 0.322447 0.574456
vt 0.302263 0.574456
vt 0.302263 0.458872
vt 0.322447 0.458872
vt 0.516415 0.574456
vt 0.516415 0.458872
vt 0.152814 0.582525
vt 0.152814 0.466941
vt 0.057315 0.582525
vt 0.052068 0.582525
vt 0.052068 0.466941
vt 0.057315 0.466941
vt 0.115277 0.582724
vt 0.113903 0.582724
vt 0.113903 0.467140
vt 0.115277 0.467140
vt 0.115900 0.467140
vt 0.115900 0.582724
vt 0.359655 0.459071
vt 0.369806 0.459071
vt 0.369806 0.574545
vt 0.359655 0.574545
vt 0.223431 0.459071
vt 0.223431 0.574545
vt 0.201803 0.574545
vt 0.201803 0.459071
vt 0.037649 0.476563
vt 0.037649 0.592037
vt 0.875764 0.177101
vt 0.876780 0.178494
vt 0.876924 0.180542
vt 0.875861 0.181470
vt 0.900651 0.929086
vt 0.901816 0.930897
vt 0.901963 0.932951
vt 0.900754 0.934091
vt 0.640170 0.897697
vt 0.641187 0.899090
vt 0.641331 0.901139
vt 0.640267 0.902066
vt 0.205180 0.887289
vt 0.205084 0.884883
vt 0.208708 0.884446
vt 0.208809 0.887090
vt 0.918515 0.929071
vt 0.919678 0.930853
vt 0.919837 0.932910
vt 0.918625 0.934068
vt 0.918841 0.927734
vt 0.920184 0.928926
vt 0.875970 0.175326
vt 0.877293 0.176550
vt 0.601772 0.220524
vt 0.601778 0.212114
vt 0.602105 0.212091
vt 0.602103 0.220542
vt 0.601854 0.211780
vt 0.602031 0.211872
vt 0.593636 0.212114
vt 0.593381 0.211870
vt 0.593560 0.211779
vt 0.204564 0.882498
vt 0.208410 0.881529
vt 0.602027 0.220762
vt 0.927776 0.621165
vt 0.927767 0.648716
vt 0.927262 0.648747
vt 0.927262 0.621140
vt 0.593635 0.220512
vt 0.593559 0.220850
vt 0.593379 0.220757
vt 0.927855 0.537137
vt 0.927843 0.564778
vt 0.927262 0.564801
vt 0.927262 0.537119
vt 0.593305 0.220535
vt 0.936944 0.705073
vt 0.936810 0.732639
vt 0.936296 0.732607
vt 0.936447 0.705098
vt 0.927262 0.732668
vt 0.927262 0.705072
vt 0.927775 0.705098
vt 0.927762 0.732637
vt 0.642170 0.902929
vt 0.640577 0.903726
vt 0.593306 0.212091
vt 0.920720 0.934725
vt 0.919106 0.935482
vt 0.640376 0.895922
vt 0.641699 0.897147
vt 0.902818 0.934742
vt 0.901227 0.935490
vt 0.927645 0.620028
vt 0.928556 0.620108
vt 0.899876 0.927885
vt 0.900094 0.927038
vt 0.900980 0.927737
vt 0.937068 0.495149
vt 0.936478 0.495165
vt 0.935809 0.494076
vt 0.936874 0.494008
vt 0.875135 0.183504
vt 0.874946 0.182501
vt 0.876170 0.183130
vt 0.927700 0.536032
vt 0.928810 0.536071
vt 0.639353 0.896254
vt 0.639499 0.895188
vt 0.936945 0.621153
vt 0.936448 0.621178
vt 0.935887 0.620113
vt 0.936816 0.620001
vt 0.900158 0.935848
vt 0.899876 0.934996
vt 0.935885 0.704034
vt 0.936814 0.703921
vt 0.918027 0.935842
vt 0.917743 0.934982
vt 0.927855 0.495131
vt 0.927262 0.495112
vt 0.927701 0.494026
vt 0.928811 0.494065
vt 0.874946 0.175658
vt 0.875093 0.174591
vt 0.917743 0.927879
vt 0.917961 0.927038
vt 0.927644 0.703961
vt 0.928554 0.704039
vt 0.639541 0.904100
vt 0.639353 0.903098
vt 0.935807 0.536075
vt 0.936871 0.536006
vt 0.937066 0.537146
vt 0.936477 0.537163
vt 0.877764 0.182333
vt 0.205205 0.892142
vt 0.205135 0.889701
vt 0.208857 0.889673
vt 0.208815 0.892198
vt 0.202614 0.909561
vt 0.203646 0.907216
vt 0.207438 0.908576
vt 0.206255 0.912030
vt 0.204220 0.904733
vt 0.208008 0.905539
vt 0.204720 0.897114
vt 0.204987 0.894616
vt 0.208746 0.894722
vt 0.208634 0.897344
vt 0.204517 0.902207
vt 0.204648 0.899650
vt 0.208512 0.900006
vt 0.208307 0.902721
vt 0.849799 0.455294
vt 0.849889 0.457731
vt 0.846310 0.457803
vt 0.846372 0.455234
vt 0.849972 0.452833
vt 0.846454 0.452695
vt 0.212960 0.902856
vt 0.212997 0.900120
vt 0.216574 0.900124
vt 0.216723 0.902789
vt 0.849936 0.460181
vt 0.846411 0.460429
vt 0.850363 0.447915
vt 0.850212 0.450383
vt 0.846597 0.450112
vt 0.846866 0.447510
vt 0.213730 0.913108
vt 0.213125 0.908973
vt 0.217205 0.908248
vt 0.218016 0.910997
vt 0.851444 0.442968
vt 0.850807 0.445455
vt 0.847194 0.444842
vt 0.847706 0.442020
vt 0.850286 0.462649
vt 0.846562 0.463178
vt 0.251642 0.937073
vt 0.248244 0.939324
vt 0.247572 0.936969
vt 0.250113 0.935163
vt 0.244139 0.919477
vt 0.248131 0.920177
vt 0.247005 0.922336
vt 0.243936 0.921902
vt 0.213345 0.884431
vt 0.213720 0.881541
vt 0.217194 0.882476
vt 0.216795 0.884946
vt 0.850759 0.465172
vt 0.846999 0.466196
vt 0.244235 0.940084
vt 0.240242 0.939227
vt 0.241454 0.937104
vt 0.244529 0.937652
vt 0.213093 0.889715
vt 0.213167 0.887128
vt 0.216639 0.887390
vt 0.216398 0.889834
vt 0.213045 0.894799
vt 0.213057 0.892246
vt 0.216470 0.892340
vt 0.216605 0.894889
vt 0.213002 0.905764
vt 0.216744 0.905501
vt 0.213018 0.897434
vt 0.216718 0.897483
vt 0.210512 0.905769
vt 0.210244 0.909045
vt 0.209757 0.913299
vt 0.207580 0.877999
vt 0.211122 0.877368
vt 0.211124 0.881250
vt 0.214572 0.877952
vt 0.210982 0.892237
vt 0.210952 0.889682
vt 0.210688 0.902859
vt 0.210758 0.900111
vt 0.211042 0.884352
vt 0.211041 0.887101
vt 0.210933 0.894811
vt 0.210886 0.897431
vt 0.851704 0.467609
vt 0.847846 0.469663
vt 0.204668 0.889702
vt 0.204716 0.887292
vt 0.641703 0.901044
vt 0.642482 0.902743
vt 0.902335 0.932855
vt 0.903129 0.934553
vt 0.204108 0.882630
vt 0.203292 0.880347
vt 0.203722 0.880150
vt 0.204626 0.884942
vt 0.641577 0.899127
vt 0.877296 0.180448
vt 0.878076 0.182147
vt 0.203744 0.904651
vt 0.204025 0.902167
vt 0.204727 0.892128
vt 0.920528 0.929055
vt 0.920059 0.930885
vt 0.877641 0.176680
vt 0.877170 0.178530
vt 0.204154 0.899628
vt 0.204234 0.897080
vt 0.202181 0.909324
vt 0.203177 0.907058
vt 0.902206 0.930935
vt 0.204507 0.894570
vt 0.920220 0.932807
vt 0.921035 0.934531
vt 0.642047 0.897277
vt 0.902341 0.928938
vt 0.902701 0.929075
vt 0.852333 0.440491
vt 0.848504 0.438975
vt 0.251544 0.922369
vt 0.249669 0.923926
vt 0.704442 0.214989
vt 0.702328 0.218525
vt 0.700753 0.216958
vt 0.702415 0.214087
vt 0.614615 0.471163
vt 0.614259 0.467582
vt 0.618835 0.467082
vt 0.619222 0.470089
vt 0.218089 0.880080
vt 0.838262 0.444487
vt 0.838340 0.447231
vt 0.834268 0.447406
vt 0.833982 0.444830
vt 0.836751 0.434430
vt 0.837613 0.438257
vt 0.833008 0.439509
vt 0.832002 0.436870
vt 0.842786 0.444406
vt 0.842638 0.447224
vt 0.838343 0.452479
vt 0.838394 0.449888
vt 0.842515 0.449921
vt 0.842405 0.452553
vt 0.838068 0.441536
vt 0.843230 0.437899
vt 0.842973 0.441351
vt 0.838238 0.455015
vt 0.842297 0.455149
vt 0.838109 0.457574
vt 0.842183 0.457764
vt 0.837832 0.460184
vt 0.842110 0.460502
vt 0.835666 0.469081
vt 0.836784 0.465782
vt 0.841813 0.466685
vt 0.841644 0.470397
vt 0.837458 0.462897
vt 0.841975 0.463411
vt 0.843600 0.433759
vt 0.849867 0.435617
vt 0.833551 0.442212
vt 0.833424 0.461980
vt 0.833935 0.459611
vt 0.834152 0.457210
vt 0.834386 0.454819
vt 0.236871 0.922727
vt 0.240187 0.920373
vt 0.240940 0.922694
vt 0.238469 0.924612
vt 0.834368 0.452374
vt 0.834279 0.449915
vt 0.832789 0.464350
vt 0.831800 0.466616
vt 0.253846 0.925714
vt 0.251513 0.926425
vt 0.940053 0.273618
vt 0.940053 0.294743
vt 0.939540 0.294743
vt 0.939558 0.273643
vt 0.937773 0.191425
vt 0.937575 0.212559
vt 0.929132 0.212529
vt 0.929140 0.191383
vt 0.825335 0.221983
vt 0.825558 0.200876
vt 0.833995 0.200882
vt 0.833986 0.222031
vt 0.939014 0.371519
vt 0.938688 0.392596
vt 0.930243 0.392547
vt 0.930261 0.371450
vt 0.865019 0.934091
vt 0.866228 0.932951
vt 0.867083 0.934742
vt 0.865492 0.935490
vt 0.288130 0.933196
vt 0.289340 0.932054
vt 0.290197 0.933847
vt 0.288604 0.934596
vt 0.288356 0.926842
vt 0.289716 0.928044
vt 0.289190 0.929997
vt 0.288026 0.928190
vt 0.796955 0.894298
vt 0.797052 0.896610
vt 0.793652 0.897022
vt 0.793436 0.894512
vt 0.474358 0.905980
vt 0.475421 0.905054
vt 0.476259 0.906843
vt 0.474667 0.907639
vt 0.474261 0.901613
vt 0.475279 0.903009
vt 0.864916 0.929086
vt 0.866081 0.930897
vt 0.797546 0.898895
vt 0.794018 0.899579
vt 0.939513 0.371527
vt 0.939187 0.392626
vt 0.834573 0.200862
vt 0.834578 0.222031
vt 0.938354 0.191431
vt 0.938156 0.212581
vt 0.929748 0.392573
vt 0.929748 0.371450
vt 0.824755 0.221977
vt 0.824978 0.200851
vt 0.930792 0.294675
vt 0.931114 0.273605
vt 0.928554 0.212548
vt 0.928549 0.191383
vt 0.491061 0.926668
vt 0.492390 0.927893
vt 0.491871 0.929842
vt 0.490862 0.928445
vt 0.930281 0.294667
vt 0.930616 0.273575
vt 0.474467 0.899836
vt 0.475791 0.901060
vt 0.865245 0.927737
vt 0.866606 0.928938
vt 0.490930 0.932807
vt 0.491999 0.931888
vt 0.492826 0.933683
vt 0.491228 0.934469
vt 0.938807 0.393704
vt 0.937923 0.393621
vt 0.864140 0.927885
vt 0.864359 0.927038
vt 0.833335 0.199818
vt 0.834377 0.199745
vt 0.490190 0.934836
vt 0.490008 0.933832
vt 0.937722 0.213644
vt 0.936636 0.213603
vt 0.473444 0.900169
vt 0.473590 0.899102
vt 0.930795 0.393595
vt 0.929880 0.393710
vt 0.864423 0.935848
vt 0.864140 0.934996
vt 0.939002 0.272597
vt 0.939924 0.272494
vt 0.287546 0.934957
vt 0.287251 0.934102
vt 0.825467 0.199828
vt 0.826616 0.199881
vt 0.490008 0.927117
vt 0.490155 0.925983
vt 0.287251 0.926989
vt 0.287470 0.926142
vt 0.930994 0.272499
vt 0.931877 0.272581
vt 0.473632 0.908012
vt 0.473444 0.907011
vt 0.929790 0.213595
vt 0.928748 0.213664
vt 0.797018 0.889707
vt 0.797009 0.892008
vt 0.793370 0.891978
vt 0.793446 0.889427
vt 0.798257 0.901189
vt 0.799271 0.903474
vt 0.795520 0.905196
vt 0.794624 0.902292
vt 0.800648 0.905631
vt 0.797075 0.908618
vt 0.797512 0.885087
vt 0.797165 0.887383
vt 0.793668 0.886855
vt 0.794059 0.884250
vt 0.799206 0.880675
vt 0.798114 0.882830
vt 0.794723 0.881586
vt 0.795768 0.878755
vt 0.788996 0.891980
vt 0.789071 0.894706
vt 0.785583 0.894813
vt 0.785777 0.891949
vt 0.789401 0.883618
vt 0.789153 0.886490
vt 0.785690 0.886248
vt 0.785807 0.883260
vt 0.789041 0.889257
vt 0.785686 0.889143
vt 0.790685 0.873140
vt 0.790267 0.877253
vt 0.786183 0.876977
vt 0.786254 0.873692
vt 0.789778 0.880590
vt 0.786002 0.880180
vt 0.789434 0.900261
vt 0.789758 0.903212
vt 0.786084 0.903511
vt 0.785980 0.900538
vt 0.789183 0.897461
vt 0.785927 0.897677
vt 0.790079 0.906427
vt 0.790195 0.910137
vt 0.786201 0.909403
vt 0.786429 0.906476
vt 0.800679 0.878715
vt 0.797536 0.875644
vt 0.037260 0.886204
vt 0.037257 0.890296
vt 0.031839 0.890182
vt 0.031842 0.886087
vt 0.037260 0.902574
vt 0.037265 0.906667
vt 0.031847 0.906564
vt 0.031842 0.902468
vt 0.037280 0.914852
vt 0.037291 0.918945
vt 0.031873 0.918849
vt 0.031862 0.914754
vt 0.601298 0.447046
vt 0.601104 0.444279
vt 0.604898 0.444011
vt 0.605036 0.446901
vt 0.600806 0.441492
vt 0.604690 0.441043
vt 0.037257 0.898482
vt 0.031839 0.898373
vt 0.601474 0.452507
vt 0.601418 0.449787
vt 0.605114 0.449732
vt 0.605138 0.452534
vt 0.601384 0.457890
vt 0.601466 0.455207
vt 0.605107 0.455325
vt 0.605008 0.458121
vt 0.600481 0.438722
vt 0.599805 0.436095
vt 0.603597 0.434703
vt 0.604291 0.437971
vt 0.601202 0.460553
vt 0.604814 0.460942
vt 0.600335 0.465784
vt 0.600881 0.463187
vt 0.604475 0.463809
vt 0.603923 0.466815
vt 0.793671 0.910014
vt 0.792839 0.906026
vt 0.792172 0.902824
vt 0.791746 0.899969
vt 0.791229 0.889315
vt 0.791249 0.891975
vt 0.793144 0.877790
vt 0.792309 0.880987
vt 0.791465 0.897270
vt 0.791250 0.894628
vt 0.791397 0.886630
vt 0.791760 0.883882
vt 0.794464 0.873802
vt 0.797449 0.892015
vt 0.797397 0.894292
vt 0.475792 0.904960
vt 0.476570 0.906657
vt 0.866600 0.932855
vt 0.867393 0.934553
vt 0.797980 0.898780
vt 0.798699 0.901020
vt 0.797502 0.896552
vt 0.475668 0.903046
vt 0.492372 0.931796
vt 0.493139 0.933499
vt 0.801031 0.879031
vt 0.799604 0.880925
vt 0.797465 0.889724
vt 0.290065 0.928176
vt 0.289582 0.930034
vt 0.492749 0.928029
vt 0.492259 0.929881
vt 0.798538 0.882995
vt 0.797943 0.885177
vt 0.799697 0.903246
vt 0.866471 0.930935
vt 0.797613 0.887430
vt 0.289713 0.931957
vt 0.290508 0.933658
vt 0.476150 0.901194
vt 0.866966 0.929075
vt 0.801031 0.905336
vt 0.599408 0.468279
vt 0.603020 0.469953
vt 0.037272 0.910760
vt 0.031854 0.910659
vt 0.614114 0.464320
vt 0.618523 0.464063
vt 0.037256 0.894389
vt 0.031838 0.894278
vt 0.037272 0.878018
vt 0.037265 0.882111
vt 0.031847 0.881992
vt 0.031854 0.877897
vt 0.037291 0.869833
vt 0.037280 0.873926
vt 0.031863 0.873801
vt 0.031874 0.869706
vt 0.614206 0.440960
vt 0.614518 0.437835
vt 0.618685 0.438563
vt 0.618346 0.441363
vt 0.608940 0.467632
vt 0.609164 0.464339
vt 0.613999 0.458257
vt 0.614041 0.461232
vt 0.609335 0.461233
vt 0.609439 0.458266
vt 0.615067 0.434538
vt 0.609366 0.437509
vt 0.609314 0.433714
vt 0.613971 0.455352
vt 0.609498 0.455371
vt 0.613953 0.452490
vt 0.609528 0.452508
vt 0.613951 0.449650
vt 0.609545 0.449644
vt 0.614079 0.443915
vt 0.609484 0.443846
vt 0.609452 0.440776
vt 0.613988 0.446802
vt 0.609513 0.446762
vt 0.608567 0.471376
vt 0.618312 0.461102
vt 0.618169 0.458196
vt 0.617973 0.449714
vt 0.618005 0.452512
vt 0.618065 0.444149
vt 0.617983 0.446933
vt 0.619260 0.435843
vt 0.618070 0.455336
vt 0.253903 0.933686
vt 0.251756 0.932518
vt 0.254676 0.929692
vt 0.252247 0.929446
vt 0.217284 0.905454
vt 0.217741 0.908124
vt 0.852812 0.440691
vt 0.851938 0.443121
vt 0.853483 0.438114
vt 0.853930 0.438369
vt 0.218538 0.910776
vt 0.218538 0.880306
vt 0.217676 0.882605
vt 0.851257 0.465029
vt 0.852162 0.467395
vt 0.850287 0.455305
vt 0.850369 0.457719
vt 0.216889 0.889848
vt 0.216968 0.892318
vt 0.851293 0.445564
vt 0.850848 0.447974
vt 0.217106 0.900122
vt 0.217248 0.902774
vt 0.217278 0.885003
vt 0.850775 0.462565
vt 0.850420 0.460141
vt 0.217117 0.887429
vt 0.217115 0.894865
vt 0.217236 0.897485
vt 0.850698 0.450420
vt 0.850461 0.452874
vt 0.832643 0.442308
vt 0.832070 0.439703
vt 0.242895 0.934553
vt 0.244863 0.934742
vt 0.244785 0.935393
vt 0.242579 0.935120
vt 0.240691 0.934069
vt 0.241158 0.933654
vt 0.831101 0.437187
vt 0.831101 0.466183
vt 0.832026 0.464010
vt 0.241845 0.925442
vt 0.240372 0.926713
vt 0.239993 0.926201
vt 0.241648 0.924817
vt 0.247940 0.925382
vt 0.249353 0.927099
vt 0.248727 0.927289
vt 0.247436 0.925798
vt 0.833352 0.457067
vt 0.833560 0.454716
vt 0.248683 0.933401
vt 0.246934 0.934789
vt 0.246755 0.934158
vt 0.248274 0.932889
vt 0.833393 0.447389
vt 0.833093 0.444880
vt 0.832646 0.461721
vt 0.243707 0.924799
vt 0.243763 0.924150
vt 0.245974 0.924345
vt 0.245671 0.924924
vt 0.833130 0.459418
vt 0.833532 0.452323
vt 0.833436 0.449865
vt 0.249183 0.931133
vt 0.249341 0.929164
vt 0.249993 0.929231
vt 0.249758 0.931447
vt 0.236871 0.936897
vt 0.238796 0.935343
vt 0.699091 0.221079
vt 0.698175 0.219053
vt 0.695153 0.222317
vt 0.691031 0.222078
vt 0.691679 0.219956
vt 0.695016 0.220096
vt 0.694681 0.201921
vt 0.691395 0.202221
vt 0.690970 0.200045
vt 0.695054 0.199745
vt 0.704386 0.206903
vt 0.705158 0.210938
vt 0.702945 0.210817
vt 0.702278 0.207576
vt 0.687228 0.201761
vt 0.688387 0.203706
vt 0.687228 0.220429
vt 0.688527 0.218587
vt 0.698977 0.200917
vt 0.697854 0.202818
vt 0.702231 0.203410
vt 0.700502 0.204788
vt 0.619502 0.435907
vt 0.618936 0.438619
vt 0.691867 0.204370
vt 0.689669 0.205480
vt 0.689551 0.205287
vt 0.691814 0.204146
vt 0.694381 0.203884
vt 0.694350 0.204110
vt 0.618600 0.441404
vt 0.618319 0.444179
vt 0.696763 0.204749
vt 0.696872 0.204549
vt 0.700949 0.210743
vt 0.700573 0.213307
vt 0.700360 0.213221
vt 0.700720 0.210739
vt 0.618263 0.452521
vt 0.618331 0.455342
vt 0.694859 0.218091
vt 0.692261 0.218007
vt 0.692321 0.217786
vt 0.694837 0.217861
vt 0.618798 0.464054
vt 0.619116 0.467064
vt 0.618238 0.446950
vt 0.698793 0.206207
vt 0.698967 0.206058
vt 0.700388 0.208217
vt 0.700173 0.208294
vt 0.618228 0.449727
vt 0.618433 0.458198
vt 0.618581 0.461099
vt 0.697215 0.217034
vt 0.699139 0.215416
vt 0.699308 0.215572
vt 0.697317 0.217240
vt 0.619502 0.470069
vt 0.690019 0.216849
vt 0.689898 0.217035
vt 0.936877 0.522789
vt 0.936297 0.522764
vt 0.601849 0.220852
vt 0.927848 0.522776
vt 0.927262 0.522801
vt 0.936808 0.648709
vt 0.936300 0.648678
vt 0.936294 0.564768
vt 0.936879 0.564794
vt 0.927780 0.649100
vt 0.927348 0.649140
vt 0.602321 0.221036
vt 0.601945 0.221232
vt 0.936791 0.523169
vt 0.936304 0.523138
vt 0.602486 0.220572
vt 0.936723 0.733037
vt 0.936285 0.732995
vt 0.601948 0.211396
vt 0.602324 0.211593
vt 0.927842 0.523156
vt 0.927349 0.523185
vt 0.602487 0.212057
vt 0.927838 0.565152
vt 0.927349 0.565181
vt 0.593089 0.221034
vt 0.592925 0.220569
vt 0.936722 0.649100
vt 0.936290 0.649057
vt 0.593465 0.221232
vt 0.927773 0.733014
vt 0.927347 0.733055
vt 0.593090 0.211593
vt 0.593466 0.211396
vt 0.936791 0.565178
vt 0.936299 0.565147
vt 0.592925 0.212057
vt 0.640170 0.879857
vt 0.640267 0.875488
vt 0.641331 0.876416
vt 0.641187 0.878464
vt 0.557968 0.937030
vt 0.558079 0.932038
vt 0.559292 0.933199
vt 0.559131 0.935247
vt 0.474261 0.927231
vt 0.474358 0.922867
vt 0.475422 0.923797
vt 0.475278 0.925837
vt 0.287902 0.887835
vt 0.284261 0.887507
vt 0.284494 0.884797
vt 0.288319 0.885378
vt 0.936383 0.862293
vt 0.936492 0.857296
vt 0.937703 0.858452
vt 0.937546 0.860506
vt 0.936708 0.863630
vt 0.938053 0.862439
vt 0.640376 0.881632
vt 0.641699 0.880408
vt 0.616022 0.220524
vt 0.615692 0.220542
vt 0.615690 0.212091
vt 0.616017 0.212114
vt 0.615763 0.211872
vt 0.615941 0.211780
vt 0.624159 0.212114
vt 0.624235 0.211779
vt 0.624414 0.211871
vt 0.284929 0.881740
vt 0.289008 0.882889
vt 0.615767 0.220762
vt 0.929063 0.177410
vt 0.928549 0.177436
vt 0.928549 0.149829
vt 0.929053 0.149860
vt 0.624159 0.220513
vt 0.624415 0.220757
vt 0.624235 0.220850
vt 0.451450 0.905414
vt 0.450858 0.905432
vt 0.450858 0.877749
vt 0.451439 0.877773
vt 0.624490 0.220536
vt 0.938231 0.034392
vt 0.937734 0.034368
vt 0.937583 0.006858
vt 0.938096 0.006826
vt 0.928549 0.006797
vt 0.929048 0.006828
vt 0.929062 0.034368
vt 0.928549 0.034393
vt 0.474667 0.921206
vt 0.476262 0.922001
vt 0.624489 0.212092
vt 0.936972 0.855884
vt 0.938585 0.856640
vt 0.474466 0.929005
vt 0.475788 0.927783
vt 0.558558 0.930624
vt 0.560174 0.931377
vt 0.929847 0.178469
vt 0.928933 0.178549
vt 0.557197 0.938221
vt 0.558293 0.938367
vt 0.557414 0.939062
vt 0.254676 0.905515
vt 0.254482 0.906655
vt 0.253418 0.906588
vt 0.254087 0.905499
vt 0.639541 0.873454
vt 0.640577 0.873828
vt 0.639353 0.874457
vt 0.452402 0.906480
vt 0.451295 0.906518
vt 0.473444 0.928673
vt 0.473590 0.929739
vt 0.938289 0.177390
vt 0.938157 0.178562
vt 0.937213 0.178446
vt 0.937780 0.177366
vt 0.557479 0.930265
vt 0.557197 0.931125
vt 0.938101 0.035544
vt 0.937172 0.035432
vt 0.935894 0.855524
vt 0.935611 0.856383
vt 0.245463 0.905533
vt 0.246420 0.906599
vt 0.245310 0.906638
vt 0.244871 0.905551
vt 0.639353 0.881300
vt 0.639499 0.882367
vt 0.935828 0.864326
vt 0.935611 0.863485
vt 0.928930 0.035505
vt 0.929841 0.035426
vt 0.473444 0.921836
vt 0.473631 0.920833
vt 0.459378 0.906487
vt 0.460043 0.905408
vt 0.460623 0.905426
vt 0.460431 0.906553
vt 0.642170 0.874625
vt 0.287668 0.892703
vt 0.284056 0.892630
vt 0.284109 0.890080
vt 0.287832 0.890270
vt 0.289640 0.909922
vt 0.285816 0.912270
vt 0.284840 0.908793
vt 0.288634 0.907628
vt 0.284417 0.905800
vt 0.288155 0.905157
vt 0.287693 0.897663
vt 0.284000 0.897743
vt 0.283988 0.895182
vt 0.287761 0.895176
vt 0.287962 0.902660
vt 0.284170 0.903026
vt 0.284051 0.900355
vt 0.287897 0.900160
vt 0.707113 0.889060
vt 0.703351 0.889018
vt 0.703401 0.886351
vt 0.707089 0.886517
vt 0.707005 0.891585
vt 0.703377 0.891649
vt 0.279649 0.903099
vt 0.275966 0.902972
vt 0.276120 0.900371
vt 0.279638 0.900405
vt 0.703506 0.883636
vt 0.707160 0.883980
vt 0.707170 0.896591
vt 0.703508 0.896828
vt 0.703442 0.894229
vt 0.706948 0.894107
vt 0.278619 0.912747
vt 0.274702 0.910714
vt 0.275603 0.908210
vt 0.279308 0.909040
vt 0.707617 0.901554
vt 0.704016 0.902259
vt 0.703691 0.899513
vt 0.707317 0.899068
vt 0.703750 0.880780
vt 0.707426 0.881434
vt 0.536666 0.922602
vt 0.535137 0.924512
vt 0.532596 0.922706
vt 0.533268 0.920351
vt 0.529163 0.940199
vt 0.528960 0.937773
vt 0.532029 0.937339
vt 0.533155 0.939498
vt 0.279701 0.884646
vt 0.276280 0.885109
vt 0.275667 0.882602
vt 0.279374 0.881659
vt 0.704246 0.877721
vt 0.708138 0.878884
vt 0.529259 0.919591
vt 0.529553 0.922023
vt 0.526478 0.922572
vt 0.525266 0.920448
vt 0.279814 0.890001
vt 0.276384 0.890099
vt 0.276420 0.887610
vt 0.279827 0.887375
vt 0.279712 0.895148
vt 0.276135 0.895183
vt 0.276275 0.892618
vt 0.279758 0.892570
vt 0.275910 0.905580
vt 0.279548 0.905950
vt 0.279696 0.897776
vt 0.276017 0.897768
vt 0.282063 0.909107
vt 0.281957 0.905942
vt 0.282276 0.913322
vt 0.282076 0.881383
vt 0.282142 0.877279
vt 0.285882 0.878008
vt 0.278481 0.877843
vt 0.281940 0.890016
vt 0.281847 0.892580
vt 0.281778 0.900406
vt 0.281900 0.903131
vt 0.282068 0.884607
vt 0.282065 0.887392
vt 0.281837 0.897756
vt 0.281828 0.895143
vt 0.705249 0.874129
vt 0.709209 0.876402
vt 0.288370 0.887883
vt 0.288298 0.890290
vt 0.475791 0.923892
vt 0.476584 0.922194
vt 0.560500 0.931578
vt 0.559671 0.933302
vt 0.289480 0.883056
vt 0.290067 0.880459
vt 0.290508 0.880699
vt 0.288795 0.885487
vt 0.475665 0.925800
vt 0.642482 0.874812
vt 0.641703 0.876510
vt 0.288631 0.905095
vt 0.288444 0.902636
vt 0.288146 0.892708
vt 0.938408 0.862306
vt 0.937926 0.860473
vt 0.641577 0.878428
vt 0.642047 0.880278
vt 0.288378 0.900137
vt 0.288183 0.897649
vt 0.289094 0.907487
vt 0.290053 0.909698
vt 0.559510 0.935214
vt 0.288237 0.895171
vt 0.938085 0.858555
vt 0.938899 0.856833
vt 0.476146 0.927650
vt 0.559991 0.937044
vt 0.559637 0.937177
vt 0.708192 0.904038
vt 0.704564 0.905219
vt 0.534694 0.935749
vt 0.536568 0.937306
vt 0.765944 0.207073
vt 0.763917 0.207975
vt 0.762255 0.205104
vt 0.763830 0.203538
vt 0.648202 0.434294
vt 0.652730 0.435466
vt 0.652212 0.438378
vt 0.647756 0.437756
vt 0.274701 0.880118
vt 0.695057 0.899488
vt 0.690958 0.899041
vt 0.691262 0.896626
vt 0.695201 0.896840
vt 0.693236 0.908802
vt 0.688999 0.906410
vt 0.689945 0.903990
vt 0.694235 0.905304
vt 0.699357 0.896964
vt 0.699361 0.899727
vt 0.695235 0.891761
vt 0.699269 0.891689
vt 0.699344 0.894290
vt 0.695255 0.894289
vt 0.694731 0.902290
vt 0.699409 0.902699
vt 0.699432 0.905964
vt 0.695125 0.889220
vt 0.699226 0.889031
vt 0.694936 0.886613
vt 0.699158 0.886320
vt 0.694644 0.883891
vt 0.699085 0.883530
vt 0.692386 0.874335
vt 0.698819 0.873142
vt 0.698887 0.877061
vt 0.693533 0.877943
vt 0.698962 0.880537
vt 0.694209 0.881036
vt 0.699484 0.909728
vt 0.705576 0.908598
vt 0.690632 0.901513
vt 0.690488 0.884504
vt 0.689914 0.881996
vt 0.691182 0.889419
vt 0.690895 0.886981
vt 0.521896 0.936948
vt 0.523494 0.935063
vt 0.525964 0.936981
vt 0.525211 0.939302
vt 0.691457 0.894217
vt 0.691373 0.891820
vt 0.689096 0.879477
vt 0.687951 0.877031
vt 0.536537 0.933250
vt 0.538870 0.933961
vt 0.460629 0.940498
vt 0.460134 0.940474
vt 0.460116 0.919374
vt 0.460629 0.919374
vt 0.337263 0.912307
vt 0.345897 0.912268
vt 0.345901 0.933416
vt 0.337455 0.933446
vt 0.811353 0.221989
vt 0.802700 0.222034
vt 0.802696 0.200882
vt 0.811136 0.200877
vt 0.939544 0.259607
vt 0.930794 0.259673
vt 0.930782 0.238581
vt 0.939224 0.238533
vt 0.272052 0.927901
vt 0.272526 0.926501
vt 0.274119 0.927250
vt 0.273262 0.929043
vt 0.620277 0.931477
vt 0.620757 0.930065
vt 0.622369 0.930821
vt 0.621488 0.932633
vt 0.620493 0.937811
vt 0.620167 0.936473
vt 0.621331 0.934687
vt 0.621838 0.936620
vt 0.726355 0.893934
vt 0.729988 0.894127
vt 0.729767 0.896742
vt 0.726045 0.896297
vt 0.757915 0.924958
vt 0.758223 0.923297
vt 0.759819 0.924092
vt 0.758978 0.925887
vt 0.757817 0.929322
vt 0.758834 0.927927
vt 0.271949 0.932907
vt 0.273112 0.931100
vt 0.729336 0.899397
vt 0.725752 0.898681
vt 0.939723 0.238502
vt 0.940056 0.259599
vt 0.802118 0.200863
vt 0.802118 0.222034
vt 0.336874 0.933467
vt 0.336682 0.912312
vt 0.930287 0.238555
vt 0.930281 0.259673
vt 0.811716 0.200852
vt 0.811934 0.221983
vt 0.451369 0.919442
vt 0.451690 0.940512
vt 0.346479 0.912268
vt 0.346479 0.933434
vt 0.203232 0.934286
vt 0.203033 0.932513
vt 0.204040 0.931121
vt 0.204559 0.933061
vt 0.450858 0.919450
vt 0.451192 0.940542
vt 0.758022 0.931096
vt 0.759345 0.929874
vt 0.272278 0.934255
vt 0.273638 0.933053
vt 0.203104 0.928153
vt 0.203402 0.926487
vt 0.205005 0.927273
vt 0.204174 0.929077
vt 0.938460 0.237508
vt 0.939344 0.237426
vt 0.271173 0.934107
vt 0.271392 0.934955
vt 0.802314 0.199745
vt 0.803357 0.199818
vt 0.202362 0.926120
vt 0.202180 0.927126
vt 0.338394 0.934490
vt 0.337307 0.934530
vt 0.757000 0.930764
vt 0.757146 0.931829
vt 0.930420 0.237419
vt 0.931335 0.237534
vt 0.271456 0.926142
vt 0.271173 0.926995
vt 0.460500 0.941623
vt 0.459578 0.941520
vt 0.619691 0.929703
vt 0.619395 0.930564
vt 0.810079 0.199882
vt 0.811228 0.199829
vt 0.202180 0.933838
vt 0.202328 0.934971
vt 0.619613 0.938507
vt 0.619395 0.937665
vt 0.451570 0.941618
vt 0.452453 0.941536
vt 0.757000 0.923927
vt 0.757188 0.922924
vt 0.345242 0.934482
vt 0.346285 0.934552
vt 0.726583 0.889233
vt 0.730102 0.888989
vt 0.730126 0.891549
vt 0.726540 0.891568
vt 0.725083 0.900991
vt 0.728756 0.902112
vt 0.727817 0.905019
vt 0.724242 0.903297
vt 0.726275 0.908335
vt 0.722881 0.905407
vt 0.726134 0.884641
vt 0.729514 0.883881
vt 0.729926 0.886434
vt 0.726463 0.886929
vt 0.724320 0.880236
vt 0.727864 0.878366
vt 0.728879 0.881238
vt 0.725381 0.882420
vt 0.734578 0.891619
vt 0.738022 0.891597
vt 0.737869 0.894508
vt 0.734487 0.894406
vt 0.734125 0.883103
vt 0.737815 0.882655
vt 0.737980 0.885699
vt 0.734410 0.886007
vt 0.734571 0.888823
vt 0.738056 0.888663
vt 0.732972 0.873142
vt 0.737137 0.873729
vt 0.737018 0.876763
vt 0.733257 0.876941
vt 0.733721 0.880130
vt 0.737201 0.879697
vt 0.733999 0.900029
vt 0.737642 0.900331
vt 0.737218 0.903323
vt 0.733646 0.903019
vt 0.737604 0.897364
vt 0.734282 0.897192
vt 0.733296 0.906221
vt 0.736935 0.906268
vt 0.737112 0.909231
vt 0.733162 0.910054
vt 0.722867 0.878201
vt 0.726201 0.875158
vt 0.388048 0.902996
vt 0.382631 0.903113
vt 0.382628 0.899017
vt 0.388046 0.898904
vt 0.388048 0.886625
vt 0.382631 0.886732
vt 0.382635 0.882636
vt 0.388053 0.882533
vt 0.388069 0.874347
vt 0.382651 0.874446
vt 0.382662 0.870351
vt 0.388080 0.870255
vt 0.634989 0.458697
vt 0.638653 0.458677
vt 0.638630 0.461501
vt 0.635018 0.461374
vt 0.638492 0.464358
vt 0.634908 0.464002
vt 0.388046 0.890718
vt 0.382628 0.890827
vt 0.634670 0.453164
vt 0.638533 0.453024
vt 0.638608 0.455864
vt 0.634864 0.455970
vt 0.634563 0.447595
vt 0.638242 0.447317
vt 0.638409 0.450176
vt 0.634652 0.450346
vt 0.634479 0.466618
vt 0.638206 0.467322
vt 0.637576 0.470599
vt 0.633813 0.469224
vt 0.634203 0.444830
vt 0.638045 0.444402
vt 0.633258 0.439276
vt 0.637193 0.438260
vt 0.637689 0.441410
vt 0.633898 0.442038
vt 0.730498 0.905884
vt 0.729589 0.909767
vt 0.731143 0.902683
vt 0.731680 0.899775
vt 0.732311 0.891600
vt 0.732337 0.888915
vt 0.731260 0.880597
vt 0.730555 0.877476
vt 0.732013 0.896993
vt 0.732220 0.894277
vt 0.731756 0.883450
vt 0.732145 0.886196
vt 0.729405 0.873445
vt 0.725896 0.893885
vt 0.726087 0.891544
vt 0.759347 0.925983
vt 0.760140 0.924284
vt 0.274430 0.927439
vt 0.273635 0.929140
vt 0.725296 0.898589
vt 0.724647 0.900847
vt 0.725590 0.896240
vt 0.759222 0.927890
vt 0.205329 0.927464
vt 0.204545 0.929170
vt 0.722508 0.878508
vt 0.723911 0.880480
vt 0.726137 0.889239
vt 0.622193 0.936486
vt 0.621711 0.934653
vt 0.204429 0.931083
vt 0.204906 0.932930
vt 0.724965 0.882593
vt 0.725699 0.884744
vt 0.723809 0.903081
vt 0.273504 0.931063
vt 0.726023 0.886971
vt 0.621870 0.932736
vt 0.622684 0.931014
vt 0.759703 0.929740
vt 0.273987 0.932921
vt 0.722508 0.905119
vt 0.632323 0.436511
vt 0.636347 0.434800
vt 0.382642 0.878541
vt 0.388060 0.878440
vt 0.651840 0.441331
vt 0.647528 0.441005
vt 0.382627 0.894922
vt 0.388045 0.894811
vt 0.388060 0.911182
vt 0.382643 0.911303
vt 0.382636 0.907208
vt 0.388053 0.907089
vt 0.388080 0.919367
vt 0.382662 0.919494
vt 0.382651 0.915398
vt 0.388069 0.915274
vt 0.647811 0.464284
vt 0.651842 0.463863
vt 0.652254 0.466586
vt 0.648120 0.467312
vt 0.642576 0.440911
vt 0.642432 0.437549
vt 0.647363 0.447063
vt 0.642781 0.447076
vt 0.642694 0.444091
vt 0.647439 0.444071
vt 0.648692 0.470493
vt 0.643198 0.471323
vt 0.643147 0.467732
vt 0.647368 0.449981
vt 0.642852 0.450006
vt 0.647401 0.452843
vt 0.642957 0.452895
vt 0.647414 0.455690
vt 0.642999 0.455767
vt 0.643120 0.464508
vt 0.643134 0.461538
vt 0.647637 0.461371
vt 0.643091 0.458647
vt 0.647500 0.458527
vt 0.642292 0.433714
vt 0.651603 0.444247
vt 0.651564 0.447135
vt 0.651394 0.452811
vt 0.651480 0.455602
vt 0.651492 0.458372
vt 0.651563 0.461125
vt 0.652763 0.469258
vt 0.651462 0.449988
vt 0.538927 0.925989
vt 0.536780 0.927157
vt 0.539701 0.929983
vt 0.537271 0.930230
vt 0.275099 0.908092
vt 0.275397 0.905546
vt 0.708676 0.903875
vt 0.708106 0.901466
vt 0.709687 0.906151
vt 0.709237 0.906389
vt 0.274234 0.910485
vt 0.275178 0.882759
vt 0.274234 0.880363
vt 0.708637 0.879063
vt 0.709687 0.876649
vt 0.707593 0.886520
vt 0.707616 0.889067
vt 0.275893 0.890084
vt 0.275774 0.892589
vt 0.707657 0.896556
vt 0.707808 0.899022
vt 0.275605 0.900366
vt 0.275456 0.902951
vt 0.275787 0.885186
vt 0.707930 0.881533
vt 0.707656 0.884013
vt 0.275932 0.887622
vt 0.275506 0.897766
vt 0.275624 0.895154
vt 0.707452 0.894092
vt 0.707506 0.891599
vt 0.689092 0.903781
vt 0.689775 0.901406
vt 0.527919 0.925122
vt 0.527603 0.924555
vt 0.529809 0.924282
vt 0.529887 0.924933
vt 0.526182 0.926021
vt 0.525715 0.925607
vt 0.688166 0.906106
vt 0.688287 0.879877
vt 0.687199 0.877528
vt 0.526869 0.934233
vt 0.526672 0.934858
vt 0.525017 0.933474
vt 0.525396 0.932962
vt 0.532964 0.934294
vt 0.532461 0.933877
vt 0.533751 0.932386
vt 0.534377 0.932576
vt 0.690071 0.887172
vt 0.690368 0.889571
vt 0.533707 0.926274
vt 0.533298 0.926786
vt 0.531779 0.925517
vt 0.531959 0.924886
vt 0.690437 0.896609
vt 0.690125 0.899000
vt 0.689086 0.882304
vt 0.528731 0.934876
vt 0.528787 0.935526
vt 0.530998 0.935330
vt 0.530696 0.934752
vt 0.689659 0.884744
vt 0.690636 0.894264
vt 0.690566 0.891934
vt 0.534207 0.928542
vt 0.534782 0.928228
vt 0.535017 0.930444
vt 0.534366 0.930511
vt 0.523820 0.924332
vt 0.521896 0.922779
vt 0.759677 0.203010
vt 0.760593 0.200983
vt 0.756655 0.199745
vt 0.756517 0.201967
vt 0.753181 0.202107
vt 0.752533 0.199985
vt 0.756182 0.220141
vt 0.756556 0.222317
vt 0.752472 0.222018
vt 0.752897 0.219841
vt 0.765888 0.215160
vt 0.763779 0.214487
vt 0.764447 0.211246
vt 0.766660 0.211124
vt 0.748730 0.220302
vt 0.749889 0.218356
vt 0.750029 0.203475
vt 0.748730 0.201634
vt 0.759356 0.219245
vt 0.760479 0.221146
vt 0.762004 0.217274
vt 0.763733 0.218652
vt 0.652499 0.466531
vt 0.653002 0.469200
vt 0.753368 0.217692
vt 0.753316 0.217916
vt 0.751053 0.216776
vt 0.751171 0.216583
vt 0.755852 0.217952
vt 0.755883 0.218178
vt 0.652090 0.463818
vt 0.651813 0.461096
vt 0.758265 0.217313
vt 0.758374 0.217514
vt 0.762451 0.211319
vt 0.762222 0.211324
vt 0.761862 0.208841
vt 0.762075 0.208756
vt 0.651651 0.452797
vt 0.651722 0.449982
vt 0.756360 0.203972
vt 0.756339 0.204201
vt 0.753823 0.204276
vt 0.753763 0.204056
vt 0.652109 0.441345
vt 0.652486 0.438405
vt 0.651744 0.458355
vt 0.760295 0.215855
vt 0.760468 0.216004
vt 0.761890 0.213846
vt 0.761674 0.213768
vt 0.651734 0.455584
vt 0.651870 0.444246
vt 0.651827 0.447127
vt 0.758716 0.205029
vt 0.758819 0.204822
vt 0.760810 0.206491
vt 0.760641 0.206647
vt 0.653002 0.435499
vt 0.751521 0.205213
vt 0.751400 0.205028
vt 0.253905 0.877900
vt 0.254486 0.877874
vt 0.615945 0.220852
vt 0.244871 0.877863
vt 0.245456 0.877888
vt 0.937541 0.149886
vt 0.938038 0.149854
vt 0.459919 0.877790
vt 0.460512 0.877765
vt 0.928635 0.149438
vt 0.929066 0.149478
vt 0.615473 0.221036
vt 0.615849 0.221232
vt 0.253912 0.877526
vt 0.254400 0.877495
vt 0.615308 0.220572
vt 0.937572 0.006470
vt 0.938010 0.006428
vt 0.615847 0.211396
vt 0.615471 0.211593
vt 0.244958 0.877479
vt 0.245451 0.877508
vt 0.615308 0.212057
vt 0.450944 0.877368
vt 0.451434 0.877398
vt 0.624705 0.221034
vt 0.624869 0.220570
vt 0.937530 0.149511
vt 0.937954 0.149470
vt 0.624329 0.221232
vt 0.928634 0.006410
vt 0.929060 0.006452
vt 0.624705 0.211593
vt 0.624329 0.211396
vt 0.459925 0.877407
vt 0.460423 0.877377
vt 0.624870 0.212057
vt 0.640170 0.923321
vt 0.640267 0.918954
vt 0.641329 0.919879
vt 0.641188 0.921925
vt 0.934628 0.933809
vt 0.934739 0.928811
vt 0.935951 0.929970
vt 0.935791 0.932027
vt 0.798682 0.929372
vt 0.798786 0.925009
vt 0.799852 0.925950
vt 0.799698 0.927998
vt 0.317519 0.888707
vt 0.313567 0.888273
vt 0.313960 0.885370
vt 0.318048 0.886105
vt 0.936382 0.912185
vt 0.936493 0.907193
vt 0.937705 0.908354
vt 0.937545 0.910402
vt 0.936707 0.913521
vt 0.938050 0.912332
vt 0.640376 0.925097
vt 0.641700 0.923874
vt 0.930829 0.309641
vt 0.931159 0.309623
vt 0.931161 0.318073
vt 0.930834 0.318051
vt 0.931087 0.318293
vt 0.930910 0.318385
vt 0.922692 0.318050
vt 0.922616 0.318385
vt 0.922437 0.318294
vt 0.314563 0.882114
vt 0.318835 0.883474
vt 0.931084 0.309403
vt 0.927764 0.605994
vt 0.927262 0.606017
vt 0.927291 0.578401
vt 0.927805 0.578434
vt 0.922692 0.309652
vt 0.922436 0.309407
vt 0.922616 0.309314
vt 0.428863 0.905414
vt 0.428271 0.905432
vt 0.428271 0.877749
vt 0.428853 0.877773
vt 0.922361 0.309629
vt 0.938231 0.076347
vt 0.937734 0.076323
vt 0.937583 0.048813
vt 0.938097 0.048781
vt 0.928549 0.048752
vt 0.929049 0.048783
vt 0.929062 0.076323
vt 0.928549 0.076348
vt 0.799102 0.923334
vt 0.800716 0.924139
vt 0.922362 0.318073
vt 0.936972 0.905779
vt 0.938588 0.906532
vt 0.798883 0.931132
vt 0.800192 0.929919
vt 0.935219 0.927398
vt 0.936834 0.928155
vt 0.928529 0.607042
vt 0.927630 0.607112
vt 0.933856 0.935001
vt 0.934954 0.935146
vt 0.934074 0.935842
vt 0.369422 0.905427
vt 0.369231 0.906554
vt 0.368178 0.906489
vt 0.368842 0.905410
vt 0.639541 0.916921
vt 0.640575 0.917295
vt 0.639353 0.917923
vt 0.429816 0.906480
vt 0.428708 0.906518
vt 0.797869 0.930803
vt 0.798014 0.931861
vt 0.936890 0.606031
vt 0.936756 0.607180
vt 0.935829 0.607064
vt 0.936393 0.606004
vt 0.934140 0.927038
vt 0.933856 0.927898
vt 0.938101 0.077499
vt 0.937172 0.077387
vt 0.935893 0.905420
vt 0.935611 0.906280
vt 0.360247 0.905425
vt 0.361200 0.906491
vt 0.360093 0.906529
vt 0.359655 0.905444
vt 0.639353 0.924765
vt 0.639499 0.925832
vt 0.935828 0.914217
vt 0.935611 0.913376
vt 0.928930 0.077460
vt 0.929841 0.077381
vt 0.797869 0.923969
vt 0.798058 0.922958
vt 0.436791 0.906487
vt 0.437456 0.905408
vt 0.438037 0.905426
vt 0.437845 0.906553
vt 0.642167 0.918091
vt 0.316847 0.893746
vt 0.313113 0.893601
vt 0.313308 0.890987
vt 0.317142 0.891246
vt 0.317959 0.910244
vt 0.314259 0.912408
vt 0.313377 0.909030
vt 0.317090 0.907977
vt 0.313020 0.906170
vt 0.316506 0.905657
vt 0.316450 0.898620
vt 0.312871 0.898638
vt 0.312971 0.896139
vt 0.316630 0.896204
vt 0.316344 0.903327
vt 0.312869 0.903616
vt 0.312814 0.901123
vt 0.316352 0.900995
vt 0.815132 0.449558
vt 0.811559 0.449535
vt 0.811604 0.446898
vt 0.815304 0.447078
vt 0.815031 0.452043
vt 0.811581 0.452099
vt 0.308582 0.903597
vt 0.305264 0.903385
vt 0.305223 0.900925
vt 0.308640 0.901066
vt 0.811787 0.444210
vt 0.815400 0.444551
vt 0.815274 0.456929
vt 0.811755 0.457252
vt 0.811611 0.454660
vt 0.815202 0.454494
vt 0.307327 0.912618
vt 0.303769 0.910555
vt 0.304627 0.908219
vt 0.308164 0.909110
vt 0.816007 0.461830
vt 0.812392 0.462608
vt 0.812006 0.459876
vt 0.815465 0.459381
vt 0.812032 0.441384
vt 0.815846 0.441995
vt 0.701970 0.925560
vt 0.700440 0.927470
vt 0.697900 0.925664
vt 0.698572 0.923309
vt 0.694466 0.943157
vt 0.694264 0.940731
vt 0.697333 0.940297
vt 0.698459 0.942456
vt 0.308884 0.884992
vt 0.305123 0.885353
vt 0.304787 0.882614
vt 0.308662 0.881791
vt 0.812508 0.438267
vt 0.816536 0.439403
vt 0.694563 0.922549
vt 0.694856 0.924981
vt 0.691781 0.925530
vt 0.690570 0.923406
vt 0.308852 0.890715
vt 0.305067 0.890702
vt 0.305151 0.888050
vt 0.308900 0.887920
vt 0.308710 0.895983
vt 0.305305 0.895911
vt 0.305203 0.893321
vt 0.308777 0.893403
vt 0.305166 0.905828
vt 0.308460 0.906241
vt 0.308677 0.898536
vt 0.305149 0.898441
vt 0.310716 0.909257
vt 0.310761 0.906302
vt 0.310802 0.913321
vt 0.311535 0.881673
vt 0.311907 0.877280
vt 0.315664 0.878354
vt 0.307981 0.877712
vt 0.311059 0.890843
vt 0.310927 0.893503
vt 0.310720 0.901117
vt 0.310685 0.903660
vt 0.311384 0.885066
vt 0.311238 0.888049
vt 0.310701 0.898580
vt 0.310836 0.896062
vt 0.813466 0.434580
vt 0.817592 0.436842
vt 0.318013 0.888798
vt 0.317625 0.891312
vt 0.800233 0.926050
vt 0.801031 0.924330
vt 0.937149 0.928349
vt 0.936333 0.930073
vt 0.319330 0.883662
vt 0.319993 0.880952
vt 0.320460 0.881219
vt 0.318554 0.886234
vt 0.800079 0.927966
vt 0.642478 0.918277
vt 0.641701 0.919974
vt 0.316955 0.905583
vt 0.316791 0.903311
vt 0.317328 0.893797
vt 0.938405 0.912199
vt 0.937924 0.910368
vt 0.641576 0.921887
vt 0.642059 0.923740
vt 0.316802 0.901006
vt 0.316915 0.898649
vt 0.317532 0.907835
vt 0.318383 0.910037
vt 0.936173 0.931994
vt 0.317098 0.896243
vt 0.938085 0.908457
vt 0.938914 0.906733
vt 0.800536 0.929792
vt 0.936642 0.933825
vt 0.936298 0.933954
vt 0.816794 0.464261
vt 0.813040 0.465617
vt 0.699997 0.938707
vt 0.701872 0.940264
vt 0.673691 0.207073
vt 0.671664 0.207975
vt 0.670002 0.205104
vt 0.671577 0.203538
vt 0.714967 0.434078
vt 0.719586 0.435227
vt 0.719092 0.438190
vt 0.714565 0.437628
vt 0.303815 0.879958
vt 0.803247 0.459997
vt 0.799135 0.459583
vt 0.799447 0.457099
vt 0.803393 0.457335
vt 0.801511 0.469704
vt 0.796992 0.467239
vt 0.797958 0.464684
vt 0.802493 0.465989
vt 0.807602 0.457381
vt 0.807643 0.460174
vt 0.803452 0.452168
vt 0.807512 0.452129
vt 0.807578 0.454721
vt 0.803488 0.454733
vt 0.802977 0.462848
vt 0.807754 0.463177
vt 0.807875 0.466489
vt 0.803407 0.449614
vt 0.807444 0.449536
vt 0.803241 0.447034
vt 0.807410 0.446865
vt 0.803020 0.444393
vt 0.807362 0.444037
vt 0.800807 0.435320
vt 0.806927 0.433759
vt 0.807160 0.437757
vt 0.801978 0.438608
vt 0.807281 0.441055
vt 0.802605 0.441611
vt 0.808119 0.470520
vt 0.814258 0.468915
vt 0.798658 0.462108
vt 0.798969 0.444956
vt 0.798582 0.442510
vt 0.799412 0.449807
vt 0.799320 0.447375
vt 0.687199 0.939906
vt 0.688797 0.938021
vt 0.691267 0.939939
vt 0.690514 0.942260
vt 0.799478 0.454657
vt 0.799561 0.452225
vt 0.797832 0.440114
vt 0.796822 0.437818
vt 0.701841 0.936208
vt 0.704174 0.936919
vt 0.415455 0.940500
vt 0.414960 0.940475
vt 0.414942 0.919375
vt 0.415455 0.919375
vt 0.879260 0.221990
vt 0.870625 0.222030
vt 0.870622 0.200882
vt 0.879068 0.200852
vt 0.788716 0.221989
vt 0.780063 0.222034
vt 0.780059 0.200882
vt 0.788500 0.200877
vt 0.939014 0.358559
vt 0.930261 0.358628
vt 0.930243 0.337531
vt 0.938688 0.337482
vt 0.936492 0.829036
vt 0.936972 0.827623
vt 0.938585 0.828379
vt 0.937703 0.830192
vt 0.884666 0.928799
vt 0.885138 0.927397
vt 0.886733 0.928144
vt 0.885876 0.929942
vt 0.884890 0.935146
vt 0.884562 0.933799
vt 0.885725 0.931991
vt 0.886249 0.933948
vt 0.779211 0.450208
vt 0.775688 0.450077
vt 0.775913 0.447499
vt 0.779522 0.447892
vt 0.638605 0.213430
vt 0.638914 0.211770
vt 0.640508 0.212567
vt 0.639668 0.214357
vt 0.638508 0.217798
vt 0.639524 0.216406
vt 0.936383 0.834032
vt 0.937546 0.832246
vt 0.776351 0.444832
vt 0.780017 0.445550
vt 0.939187 0.337451
vt 0.939513 0.358551
vt 0.779481 0.200863
vt 0.779481 0.222034
vt 0.879649 0.200830
vt 0.879841 0.221985
vt 0.929748 0.337505
vt 0.929748 0.358628
vt 0.789079 0.200852
vt 0.789297 0.221983
vt 0.406195 0.919443
vt 0.406516 0.940513
vt 0.870043 0.222030
vt 0.870043 0.200863
vt 0.318341 0.934307
vt 0.318146 0.932545
vt 0.319154 0.931167
vt 0.319656 0.933092
vt 0.405684 0.919451
vt 0.406018 0.940543
vt 0.638714 0.219574
vt 0.640037 0.218349
vt 0.936708 0.835370
vt 0.938053 0.834179
vt 0.318221 0.928188
vt 0.318526 0.926511
vt 0.320144 0.927306
vt 0.319293 0.929121
vt 0.937923 0.336457
vt 0.938807 0.336374
vt 0.935611 0.835224
vt 0.935828 0.836066
vt 0.779677 0.199745
vt 0.780720 0.199818
vt 0.317479 0.926142
vt 0.317296 0.927155
vt 0.878129 0.199808
vt 0.879215 0.199767
vt 0.637691 0.219241
vt 0.637837 0.220308
vt 0.929880 0.336368
vt 0.930795 0.336483
vt 0.935894 0.827264
vt 0.935611 0.828123
vt 0.415326 0.941624
vt 0.414404 0.941521
vt 0.884080 0.927038
vt 0.883787 0.927893
vt 0.787442 0.199882
vt 0.788591 0.199829
vt 0.317296 0.933862
vt 0.317442 0.934987
vt 0.884005 0.935845
vt 0.883787 0.934999
vt 0.406396 0.941619
vt 0.407279 0.941538
vt 0.637691 0.212398
vt 0.637879 0.211395
vt 0.871281 0.199815
vt 0.870237 0.199745
vt 0.779083 0.454759
vt 0.775759 0.455058
vt 0.775648 0.452589
vt 0.779064 0.452489
vt 0.780711 0.443221
vt 0.776993 0.442055
vt 0.777982 0.439107
vt 0.781572 0.440893
vt 0.779592 0.435902
vt 0.782922 0.438815
vt 0.780037 0.459231
vt 0.776467 0.460080
vt 0.776011 0.457521
vt 0.779478 0.457004
vt 0.781560 0.463724
vt 0.778178 0.465572
vt 0.777162 0.462751
vt 0.780650 0.461490
vt 0.771282 0.452659
vt 0.767964 0.452781
vt 0.767750 0.449896
vt 0.771257 0.449909
vt 0.771933 0.460825
vt 0.768428 0.461186
vt 0.768318 0.458304
vt 0.771650 0.458031
vt 0.771412 0.455345
vt 0.768278 0.455539
vt 0.773107 0.470873
vt 0.769040 0.470269
vt 0.769046 0.467244
vt 0.772778 0.467015
vt 0.772335 0.463790
vt 0.768592 0.464214
vt 0.771588 0.444144
vt 0.768069 0.443821
vt 0.768168 0.440713
vt 0.771989 0.441071
vt 0.767635 0.446857
vt 0.771372 0.447071
vt 0.772415 0.437766
vt 0.768572 0.437607
vt 0.768404 0.434441
vt 0.772733 0.433759
vt 0.782927 0.465775
vt 0.779871 0.468747
vt 0.013596 0.886204
vt 0.019013 0.886087
vt 0.019016 0.890182
vt 0.013598 0.890296
vt 0.013596 0.902574
vt 0.019013 0.902468
vt 0.019009 0.906564
vt 0.013591 0.906667
vt 0.013575 0.914853
vt 0.018993 0.914754
vt 0.018982 0.918849
vt 0.013564 0.918945
vt 0.701630 0.458348
vt 0.705457 0.458416
vt 0.705376 0.461301
vt 0.701645 0.461137
vt 0.705214 0.464225
vt 0.701532 0.463848
vt 0.013598 0.898482
vt 0.019016 0.898373
vt 0.701811 0.452869
vt 0.705402 0.452782
vt 0.705455 0.455579
vt 0.701755 0.455569
vt 0.701345 0.447376
vt 0.705200 0.447112
vt 0.705324 0.449972
vt 0.701613 0.450165
vt 0.701092 0.466523
vt 0.704913 0.467262
vt 0.704303 0.470605
vt 0.700367 0.469215
vt 0.701209 0.444569
vt 0.704982 0.444213
vt 0.700456 0.439151
vt 0.704167 0.438222
vt 0.704673 0.441264
vt 0.700940 0.441830
vt 0.775260 0.438227
vt 0.776430 0.434235
vt 0.774549 0.441506
vt 0.773971 0.444425
vt 0.773467 0.452625
vt 0.773629 0.455194
vt 0.774792 0.463406
vt 0.775563 0.466553
vt 0.773631 0.447230
vt 0.773512 0.449977
vt 0.774234 0.460539
vt 0.773852 0.457814
vt 0.776677 0.470371
vt 0.779653 0.450252
vt 0.779500 0.452500
vt 0.640040 0.214452
vt 0.640820 0.212753
vt 0.938899 0.828573
vt 0.938085 0.830294
vt 0.780467 0.445665
vt 0.781156 0.443369
vt 0.779970 0.447970
vt 0.639914 0.216369
vt 0.320460 0.927494
vt 0.319674 0.929219
vt 0.783290 0.465486
vt 0.781978 0.463502
vt 0.779525 0.454719
vt 0.886609 0.933811
vt 0.886115 0.931953
vt 0.319533 0.931132
vt 0.320010 0.932959
vt 0.781078 0.461344
vt 0.780467 0.459119
vt 0.781999 0.441106
vt 0.937926 0.832212
vt 0.779908 0.456913
vt 0.886245 0.930040
vt 0.887055 0.928340
vt 0.640385 0.218219
vt 0.938408 0.834045
vt 0.783290 0.439101
vt 0.699611 0.436566
vt 0.703314 0.434927
vt 0.019002 0.910659
vt 0.013584 0.910760
vt 0.718737 0.441176
vt 0.714381 0.440864
vt 0.019017 0.894278
vt 0.013599 0.894389
vt 0.013584 0.878018
vt 0.019001 0.877897
vt 0.019008 0.881992
vt 0.013591 0.882111
vt 0.013564 0.869833
vt 0.018982 0.869706
vt 0.018993 0.873801
vt 0.013575 0.873926
vt 0.714652 0.464203
vt 0.718750 0.463788
vt 0.719072 0.466538
vt 0.714986 0.467253
vt 0.709426 0.440845
vt 0.709265 0.437446
vt 0.714248 0.446916
vt 0.709689 0.446929
vt 0.709577 0.443947
vt 0.714285 0.443952
vt 0.715541 0.470457
vt 0.710016 0.471302
vt 0.709957 0.467671
vt 0.714258 0.449797
vt 0.709782 0.449831
vt 0.714263 0.452647
vt 0.709811 0.452697
vt 0.714288 0.455506
vt 0.709880 0.455572
vt 0.709948 0.464398
vt 0.709947 0.461366
vt 0.714501 0.461262
vt 0.709891 0.458455
vt 0.714385 0.458381
vt 0.709012 0.433759
vt 0.718499 0.444106
vt 0.718338 0.446977
vt 0.718314 0.452612
vt 0.718419 0.455422
vt 0.718429 0.458231
vt 0.718490 0.461024
vt 0.719626 0.469195
vt 0.718239 0.449803
vt 0.704230 0.928947
vt 0.702083 0.930115
vt 0.705004 0.932941
vt 0.702575 0.933188
vt 0.304166 0.908083
vt 0.304690 0.905766
vt 0.817264 0.464082
vt 0.816491 0.461697
vt 0.818280 0.466368
vt 0.817839 0.466602
vt 0.303329 0.910335
vt 0.304256 0.882740
vt 0.303329 0.880199
vt 0.817049 0.439580
vt 0.818085 0.437087
vt 0.815795 0.447106
vt 0.815624 0.449583
vt 0.304545 0.890708
vt 0.304688 0.893346
vt 0.815757 0.456901
vt 0.815951 0.459306
vt 0.304733 0.900938
vt 0.304784 0.903382
vt 0.304589 0.885389
vt 0.816347 0.442106
vt 0.815910 0.444607
vt 0.304624 0.888047
vt 0.304654 0.898432
vt 0.304799 0.895907
vt 0.815682 0.454471
vt 0.815528 0.452037
vt 0.797062 0.464469
vt 0.797780 0.461975
vt 0.693223 0.928081
vt 0.692906 0.927513
vt 0.695113 0.927240
vt 0.695191 0.927891
vt 0.691486 0.928979
vt 0.691018 0.928565
vt 0.796111 0.466928
vt 0.797069 0.440473
vt 0.796111 0.438262
vt 0.692172 0.937191
vt 0.691975 0.937816
vt 0.690320 0.936432
vt 0.690699 0.935920
vt 0.698267 0.937252
vt 0.697764 0.936835
vt 0.699055 0.935345
vt 0.699680 0.935534
vt 0.798494 0.447520
vt 0.798598 0.449917
vt 0.699010 0.929232
vt 0.698601 0.929744
vt 0.697083 0.928475
vt 0.697262 0.927844
vt 0.798600 0.457107
vt 0.798279 0.459517
vt 0.797774 0.442772
vt 0.694035 0.937834
vt 0.694091 0.938484
vt 0.696302 0.938288
vt 0.695999 0.937710
vt 0.798163 0.445150
vt 0.798655 0.454706
vt 0.798728 0.452305
vt 0.699510 0.931500
vt 0.700085 0.931186
vt 0.700320 0.933402
vt 0.699669 0.933469
vt 0.689123 0.927290
vt 0.687199 0.925737
vt 0.667424 0.203010
vt 0.668340 0.200983
vt 0.664402 0.199745
vt 0.664265 0.201967
vt 0.660928 0.202107
vt 0.660280 0.199985
vt 0.663930 0.220141
vt 0.664303 0.222317
vt 0.660219 0.222018
vt 0.660644 0.219841
vt 0.673635 0.215160
vt 0.671527 0.214487
vt 0.672194 0.211246
vt 0.674407 0.211124
vt 0.656477 0.220302
vt 0.657636 0.218356
vt 0.657776 0.203475
vt 0.656477 0.201634
vt 0.667103 0.219245
vt 0.668226 0.221146
vt 0.669751 0.217274
vt 0.671480 0.218652
vt 0.719318 0.466485
vt 0.719862 0.469133
vt 0.661116 0.217692
vt 0.661063 0.217916
vt 0.658800 0.216776
vt 0.658918 0.216583
vt 0.663599 0.217952
vt 0.663630 0.218178
vt 0.719000 0.463749
vt 0.718744 0.460996
vt 0.666012 0.217313
vt 0.666121 0.217514
vt 0.670198 0.211319
vt 0.669969 0.211324
vt 0.669609 0.208841
vt 0.669822 0.208755
vt 0.718571 0.452590
vt 0.718497 0.449791
vt 0.664108 0.203972
vt 0.664086 0.204201
vt 0.661570 0.204276
vt 0.661510 0.204056
vt 0.719009 0.441189
vt 0.719370 0.438215
vt 0.718685 0.458214
vt 0.668042 0.215855
vt 0.668216 0.216004
vt 0.669637 0.213846
vt 0.669422 0.213768
vt 0.718675 0.455403
vt 0.718766 0.444110
vt 0.718599 0.446975
vt 0.666464 0.205029
vt 0.666566 0.204822
vt 0.668557 0.206491
vt 0.668388 0.206647
vt 0.719862 0.435257
vt 0.659268 0.205213
vt 0.659147 0.205028
vt 0.368719 0.877798
vt 0.369307 0.877773
vt 0.930906 0.309313
vt 0.359655 0.877754
vt 0.360241 0.877778
vt 0.936381 0.578494
vt 0.936890 0.578465
vt 0.437333 0.877790
vt 0.437925 0.877765
vt 0.927380 0.578003
vt 0.927819 0.578045
vt 0.931378 0.309129
vt 0.931002 0.308932
vt 0.368726 0.877421
vt 0.369220 0.877389
vt 0.931543 0.309593
vt 0.937572 0.048425
vt 0.938010 0.048383
vt 0.931004 0.318769
vt 0.931380 0.318571
vt 0.359742 0.877369
vt 0.360236 0.877398
vt 0.931543 0.318108
vt 0.428358 0.877368
vt 0.428848 0.877398
vt 0.922146 0.309130
vt 0.921982 0.309595
vt 0.936372 0.578113
vt 0.936806 0.578072
vt 0.922522 0.308932
vt 0.928634 0.048365
vt 0.929060 0.048407
vt 0.922146 0.318571
vt 0.922522 0.318768
vt 0.437338 0.877407
vt 0.437837 0.877377
vt 0.921981 0.318107
vt 0.474261 0.879878
vt 0.475278 0.881271
vt 0.475422 0.883319
vt 0.474358 0.884247
vt 0.936382 0.885834
vt 0.937545 0.887617
vt 0.937705 0.889666
vt 0.936493 0.890826
vt 0.782699 0.925446
vt 0.783715 0.926820
vt 0.783868 0.928869
vt 0.782803 0.929810
vt 0.492945 0.888797
vt 0.492535 0.886275
vt 0.496399 0.885395
vt 0.496809 0.888246
vt 0.936385 0.786057
vt 0.937549 0.787865
vt 0.937700 0.789914
vt 0.936490 0.791057
vt 0.936714 0.784710
vt 0.938073 0.785909
vt 0.474467 0.878103
vt 0.475790 0.879327
vt 0.908445 0.318060
vt 0.908451 0.309651
vt 0.908779 0.309628
vt 0.908776 0.318079
vt 0.908527 0.309317
vt 0.908705 0.309409
vt 0.900309 0.309651
vt 0.900055 0.309407
vt 0.900233 0.309315
vt 0.491660 0.883748
vt 0.495751 0.882250
vt 0.908700 0.318298
vt 0.927776 0.663125
vt 0.927767 0.690676
vt 0.927262 0.690707
vt 0.927262 0.663100
vt 0.900309 0.318049
vt 0.900232 0.318386
vt 0.900053 0.318293
vt 0.414858 0.905425
vt 0.414864 0.877778
vt 0.415450 0.877753
vt 0.415450 0.905443
vt 0.899978 0.318072
vt 0.938231 0.091473
vt 0.938096 0.119039
vt 0.937583 0.119007
vt 0.937734 0.091497
vt 0.928549 0.119068
vt 0.928549 0.091472
vt 0.929062 0.091497
vt 0.929049 0.119037
vt 0.784732 0.930680
vt 0.783119 0.931485
vt 0.899979 0.309628
vt 0.938557 0.791712
vt 0.936962 0.792459
vt 0.782900 0.923687
vt 0.784208 0.924900
vt 0.938588 0.891487
vt 0.936972 0.892240
vt 0.927645 0.661988
vt 0.928556 0.662068
vt 0.935611 0.884643
vt 0.935828 0.883802
vt 0.936707 0.884498
vt 0.336712 0.898320
vt 0.337292 0.898303
vt 0.337956 0.899382
vt 0.336902 0.899447
vt 0.473632 0.886281
vt 0.473444 0.885278
vt 0.474668 0.885907
vt 0.415012 0.906529
vt 0.413905 0.906490
vt 0.781885 0.924015
vt 0.782031 0.922958
vt 0.936945 0.663113
vt 0.936448 0.663137
vt 0.935887 0.662073
vt 0.936816 0.661961
vt 0.935893 0.892599
vt 0.935611 0.891739
vt 0.937172 0.090433
vt 0.938101 0.090320
vt 0.935892 0.792816
vt 0.935611 0.791964
vt 0.345887 0.898318
vt 0.346479 0.898336
vt 0.346041 0.899422
vt 0.344934 0.899383
vt 0.473444 0.878435
vt 0.473590 0.877368
vt 0.935611 0.784857
vt 0.935829 0.784011
vt 0.928930 0.090360
vt 0.929841 0.090439
vt 0.782074 0.931861
vt 0.781885 0.930850
vt 0.406928 0.906489
vt 0.405874 0.906554
vt 0.405684 0.905427
vt 0.406264 0.905410
vt 0.476262 0.885110
vt 0.493734 0.893617
vt 0.493398 0.891223
vt 0.497055 0.890876
vt 0.497197 0.893382
vt 0.492394 0.910241
vt 0.493168 0.907954
vt 0.496877 0.908941
vt 0.496046 0.912273
vt 0.493515 0.905550
vt 0.497177 0.906031
vt 0.493715 0.898360
vt 0.493759 0.895993
vt 0.497323 0.895831
vt 0.497386 0.898304
vt 0.493633 0.903141
vt 0.493808 0.900738
vt 0.497365 0.900795
vt 0.497330 0.903339
vt 0.735606 0.449905
vt 0.735586 0.447412
vt 0.739191 0.447168
vt 0.739271 0.449825
vt 0.735717 0.452393
vt 0.739233 0.452418
vt 0.501676 0.903286
vt 0.501570 0.900727
vt 0.504968 0.900498
vt 0.505031 0.902956
vt 0.735459 0.444896
vt 0.738999 0.444501
vt 0.735546 0.457343
vt 0.735599 0.454868
vt 0.739199 0.455005
vt 0.739040 0.457603
vt 0.503059 0.912674
vt 0.502225 0.908902
vt 0.505903 0.907925
vt 0.506971 0.910371
vt 0.734715 0.462284
vt 0.735215 0.459816
vt 0.738834 0.460256
vt 0.738482 0.463044
vt 0.734980 0.442365
vt 0.738716 0.441683
vt 0.735022 0.940471
vt 0.731624 0.942722
vt 0.730952 0.940367
vt 0.733493 0.938562
vt 0.727519 0.922875
vt 0.731511 0.923575
vt 0.730385 0.925734
vt 0.727316 0.925300
vt 0.501463 0.885087
vt 0.501669 0.881761
vt 0.505900 0.882560
vt 0.505369 0.885362
vt 0.734235 0.439827
vt 0.738154 0.438581
vt 0.727615 0.943482
vt 0.723622 0.942626
vt 0.724834 0.940502
vt 0.727908 0.941050
vt 0.501385 0.890701
vt 0.501383 0.887984
vt 0.505056 0.888050
vt 0.504882 0.890642
vt 0.501456 0.895718
vt 0.501409 0.893248
vt 0.504774 0.893141
vt 0.504718 0.895598
vt 0.501874 0.905971
vt 0.505229 0.905439
vt 0.501480 0.898198
vt 0.504940 0.898047
vt 0.499562 0.906078
vt 0.499577 0.909167
vt 0.499428 0.913162
vt 0.494419 0.878434
vt 0.498280 0.877279
vt 0.498708 0.881655
vt 0.502310 0.877514
vt 0.499347 0.893296
vt 0.499261 0.890744
vt 0.499532 0.903393
vt 0.499493 0.900811
vt 0.498964 0.885063
vt 0.499064 0.888039
vt 0.499433 0.895763
vt 0.499437 0.898279
vt 0.733154 0.437377
vt 0.737079 0.435091
vt 0.492932 0.891301
vt 0.492473 0.888882
vt 0.784249 0.928768
vt 0.785048 0.930489
vt 0.938085 0.889562
vt 0.938914 0.891286
vt 0.491183 0.883946
vt 0.490008 0.881559
vt 0.490452 0.881290
vt 0.492041 0.886403
vt 0.784095 0.926853
vt 0.475794 0.883225
vt 0.476573 0.884924
vt 0.493052 0.905507
vt 0.493170 0.903113
vt 0.493277 0.893652
vt 0.938433 0.786045
vt 0.937939 0.787903
vt 0.476139 0.879457
vt 0.475668 0.881307
vt 0.493342 0.900729
vt 0.493258 0.898363
vt 0.491977 0.910059
vt 0.492716 0.907848
vt 0.937924 0.887651
vt 0.493302 0.895990
vt 0.938069 0.789816
vt 0.938878 0.791516
vt 0.784552 0.925027
vt 0.938050 0.885687
vt 0.938405 0.885821
vt 0.734126 0.464779
vt 0.737842 0.466004
vt 0.734924 0.925767
vt 0.733049 0.927324
vt 0.735193 0.214989
vt 0.733079 0.218525
vt 0.731504 0.216958
vt 0.733166 0.214087
vt 0.670676 0.434276
vt 0.671090 0.437798
vt 0.666490 0.438341
vt 0.666103 0.435343
vt 0.506893 0.879729
vt 0.747538 0.460430
vt 0.747441 0.457762
vt 0.751509 0.457556
vt 0.751593 0.460046
vt 0.749111 0.469685
vt 0.748198 0.466244
vt 0.752340 0.465026
vt 0.753209 0.467428
vt 0.743183 0.460534
vt 0.743231 0.457745
vt 0.747443 0.452486
vt 0.747423 0.455124
vt 0.743268 0.455069
vt 0.743337 0.452436
vt 0.747751 0.463224
vt 0.742973 0.466824
vt 0.743084 0.463499
vt 0.747549 0.449870
vt 0.743398 0.449783
vt 0.747645 0.447233
vt 0.743454 0.447080
vt 0.747856 0.444497
vt 0.743415 0.444274
vt 0.749872 0.435201
vt 0.748782 0.438628
vt 0.743486 0.437968
vt 0.743511 0.433759
vt 0.748221 0.441695
vt 0.743472 0.441259
vt 0.742888 0.470588
vt 0.736759 0.469404
vt 0.751839 0.462534
vt 0.752300 0.442518
vt 0.751965 0.445031
vt 0.751801 0.447531
vt 0.751591 0.450031
vt 0.720251 0.926125
vt 0.723567 0.923771
vt 0.724320 0.926092
vt 0.721849 0.928010
vt 0.751610 0.452551
vt 0.751530 0.455052
vt 0.753029 0.440061
vt 0.754094 0.437719
vt 0.737226 0.929112
vt 0.734893 0.929823
vt 0.939510 0.409006
vt 0.939510 0.430137
vt 0.938997 0.430137
vt 0.939015 0.409031
vt 0.936478 0.745915
vt 0.936287 0.767054
vt 0.927841 0.767024
vt 0.927844 0.745876
vt 0.847980 0.221983
vt 0.848202 0.200876
vt 0.856640 0.200882
vt 0.856631 0.222031
vt 0.939011 0.444389
vt 0.938685 0.465462
vt 0.930242 0.465412
vt 0.930261 0.444320
vt 0.936490 0.812684
vt 0.937700 0.811540
vt 0.938557 0.813338
vt 0.936962 0.814085
vt 0.847152 0.934091
vt 0.848360 0.932951
vt 0.849216 0.934742
vt 0.847624 0.935490
vt 0.847378 0.927737
vt 0.848739 0.928938
vt 0.848213 0.930897
vt 0.847048 0.929086
vt 0.768419 0.894204
vt 0.768803 0.896417
vt 0.765353 0.896915
vt 0.765051 0.894462
vt 0.875861 0.088223
vt 0.876924 0.087295
vt 0.877764 0.089085
vt 0.876170 0.089883
vt 0.875764 0.083854
vt 0.876780 0.085247
vt 0.936385 0.807683
vt 0.937549 0.809492
vt 0.769349 0.898654
vt 0.765823 0.899447
vt 0.939522 0.444397
vt 0.939183 0.465493
vt 0.857218 0.200862
vt 0.857222 0.222031
vt 0.937060 0.745920
vt 0.936868 0.767075
vt 0.929748 0.465437
vt 0.929748 0.444320
vt 0.847399 0.221977
vt 0.847623 0.200851
vt 0.930247 0.430068
vt 0.930568 0.408995
vt 0.927262 0.767042
vt 0.927262 0.745876
vt 0.219194 0.926800
vt 0.220508 0.928016
vt 0.220007 0.929935
vt 0.219000 0.928561
vt 0.929748 0.430061
vt 0.930069 0.408965
vt 0.875970 0.082079
vt 0.877293 0.083303
vt 0.936714 0.806336
vt 0.938073 0.807535
vt 0.219076 0.932919
vt 0.220147 0.931985
vt 0.221000 0.933802
vt 0.219380 0.934597
vt 0.938803 0.466569
vt 0.937920 0.466487
vt 0.935611 0.806484
vt 0.935829 0.805637
vt 0.855979 0.199818
vt 0.857022 0.199746
vt 0.218332 0.934967
vt 0.218150 0.933954
vt 0.936434 0.768138
vt 0.935348 0.768098
vt 0.874946 0.082411
vt 0.875093 0.081344
vt 0.930794 0.466459
vt 0.929879 0.466574
vt 0.935892 0.814443
vt 0.935611 0.813590
vt 0.938459 0.407985
vt 0.939381 0.407881
vt 0.846567 0.935851
vt 0.846273 0.934996
vt 0.848111 0.199828
vt 0.849260 0.199881
vt 0.218150 0.927245
vt 0.218296 0.926120
vt 0.846273 0.927885
vt 0.846491 0.927038
vt 0.930447 0.407888
vt 0.931331 0.407970
vt 0.875135 0.090257
vt 0.874946 0.089254
vt 0.928499 0.768090
vt 0.927456 0.768160
vt 0.768383 0.889728
vt 0.768220 0.891974
vt 0.764929 0.892033
vt 0.764958 0.889557
vt 0.770104 0.900895
vt 0.771015 0.903147
vt 0.767544 0.904968
vt 0.766510 0.902102
vt 0.772398 0.905170
vt 0.769157 0.908138
vt 0.769277 0.885156
vt 0.768733 0.887455
vt 0.765189 0.887004
vt 0.765615 0.884358
vt 0.770970 0.880505
vt 0.770035 0.882847
vt 0.766289 0.881597
vt 0.767347 0.878620
vt 0.760592 0.892178
vt 0.760792 0.894861
vt 0.757548 0.895094
vt 0.757245 0.892301
vt 0.760896 0.883656
vt 0.760612 0.886600
vt 0.757000 0.886398
vt 0.757073 0.883273
vt 0.760535 0.889446
vt 0.757057 0.889406
vt 0.761972 0.873140
vt 0.761692 0.877213
vt 0.757718 0.877091
vt 0.757531 0.873849
vt 0.761260 0.880565
vt 0.757615 0.880196
vt 0.761353 0.900219
vt 0.761730 0.903122
vt 0.758091 0.903480
vt 0.757983 0.900541
vt 0.761037 0.897515
vt 0.757915 0.897784
vt 0.762119 0.906340
vt 0.762377 0.910103
vt 0.758287 0.909444
vt 0.758462 0.906456
vt 0.772365 0.878319
vt 0.769074 0.875257
vt 0.050143 0.902448
vt 0.050146 0.898355
vt 0.055564 0.898469
vt 0.055561 0.902564
vt 0.050143 0.886077
vt 0.050138 0.881984
vt 0.055556 0.882088
vt 0.055561 0.886183
vt 0.050123 0.873799
vt 0.050112 0.869706
vt 0.055530 0.869802
vt 0.055541 0.873897
vt 0.683432 0.459021
vt 0.683366 0.461594
vt 0.679922 0.461704
vt 0.679911 0.458964
vt 0.683574 0.464135
vt 0.680038 0.464490
vt 0.050146 0.890170
vt 0.055564 0.890278
vt 0.683824 0.453688
vt 0.683594 0.456384
vt 0.679991 0.456219
vt 0.680133 0.453443
vt 0.684462 0.448083
vt 0.684115 0.450922
vt 0.680327 0.450605
vt 0.680542 0.447708
vt 0.683963 0.466683
vt 0.684577 0.469173
vt 0.680979 0.470455
vt 0.680346 0.467383
vt 0.684670 0.445220
vt 0.680866 0.444737
vt 0.685858 0.439571
vt 0.685170 0.442412
vt 0.681244 0.441688
vt 0.681813 0.438490
vt 0.765967 0.909835
vt 0.764877 0.905826
vt 0.764147 0.902751
vt 0.763579 0.899918
vt 0.762725 0.889471
vt 0.762810 0.892076
vt 0.764605 0.877642
vt 0.763853 0.880951
vt 0.763211 0.897240
vt 0.762966 0.894645
vt 0.762950 0.886785
vt 0.763259 0.883952
vt 0.765712 0.873620
vt 0.768653 0.891970
vt 0.768848 0.894147
vt 0.877296 0.087200
vt 0.878076 0.088899
vt 0.938069 0.811443
vt 0.938878 0.813142
vt 0.769783 0.898525
vt 0.770534 0.900736
vt 0.769227 0.896328
vt 0.877170 0.085283
vt 0.220529 0.931887
vt 0.221317 0.933614
vt 0.772762 0.878623
vt 0.771411 0.880734
vt 0.768815 0.889777
vt 0.849099 0.929075
vt 0.848604 0.930935
vt 0.220852 0.928144
vt 0.220387 0.929969
vt 0.770479 0.883012
vt 0.769717 0.885281
vt 0.771427 0.902926
vt 0.937939 0.809530
vt 0.769172 0.887541
vt 0.848733 0.932855
vt 0.849526 0.934553
vt 0.877641 0.083433
vt 0.938433 0.807672
vt 0.772762 0.904871
vt 0.686790 0.436761
vt 0.682764 0.434961
vt 0.050132 0.877892
vt 0.055550 0.877993
vt 0.671257 0.441116
vt 0.666796 0.441376
vt 0.050147 0.894262
vt 0.055565 0.894374
vt 0.050132 0.910633
vt 0.050138 0.906540
vt 0.055556 0.906659
vt 0.055549 0.910755
vt 0.050112 0.918818
vt 0.050123 0.914726
vt 0.055540 0.914850
vt 0.055530 0.918945
vt 0.670910 0.464455
vt 0.670642 0.467433
vt 0.666579 0.466749
vt 0.666986 0.464059
vt 0.676497 0.437666
vt 0.676292 0.441162
vt 0.671340 0.447302
vt 0.671314 0.444262
vt 0.676122 0.444363
vt 0.675978 0.447385
vt 0.670105 0.470661
vt 0.675555 0.467802
vt 0.675630 0.471323
vt 0.671319 0.450244
vt 0.675856 0.450353
vt 0.671296 0.453132
vt 0.675755 0.453225
vt 0.671256 0.455970
vt 0.675622 0.456069
vt 0.671084 0.461603
vt 0.675520 0.461724
vt 0.675501 0.464671
vt 0.671183 0.458785
vt 0.675609 0.458890
vt 0.676699 0.433759
vt 0.666990 0.444371
vt 0.667110 0.447319
vt 0.667251 0.455865
vt 0.667232 0.453065
vt 0.667160 0.461350
vt 0.667233 0.458625
vt 0.666060 0.469403
vt 0.667186 0.450216
vt 0.737282 0.937084
vt 0.735136 0.935916
vt 0.738056 0.933090
vt 0.735627 0.932844
vt 0.505722 0.905351
vt 0.506384 0.907756
vt 0.733636 0.464620
vt 0.734231 0.462177
vt 0.733148 0.467188
vt 0.732684 0.466962
vt 0.507427 0.910106
vt 0.507427 0.879988
vt 0.506455 0.882714
vt 0.733743 0.440007
vt 0.732684 0.437626
vt 0.735114 0.449919
vt 0.735091 0.447429
vt 0.505383 0.890675
vt 0.505259 0.893158
vt 0.734724 0.459733
vt 0.735059 0.457305
vt 0.505454 0.900491
vt 0.505513 0.902929
vt 0.505903 0.885447
vt 0.734477 0.442488
vt 0.734959 0.444959
vt 0.505576 0.888101
vt 0.505205 0.895580
vt 0.505422 0.898023
vt 0.735109 0.454851
vt 0.735227 0.452392
vt 0.752689 0.462476
vt 0.753193 0.464861
vt 0.726275 0.937951
vt 0.728243 0.938140
vt 0.728165 0.938791
vt 0.725959 0.938518
vt 0.724071 0.937467
vt 0.724538 0.937053
vt 0.754032 0.467155
vt 0.754814 0.438182
vt 0.753810 0.440427
vt 0.725225 0.928840
vt 0.723752 0.930111
vt 0.723373 0.929599
vt 0.725027 0.928215
vt 0.731319 0.928780
vt 0.732733 0.930497
vt 0.732107 0.930687
vt 0.730816 0.929196
vt 0.752641 0.447663
vt 0.752453 0.450135
vt 0.732063 0.936800
vt 0.730314 0.938187
vt 0.730135 0.937556
vt 0.731653 0.936287
vt 0.752359 0.457617
vt 0.752440 0.460061
vt 0.753126 0.442767
vt 0.727087 0.928198
vt 0.727143 0.927548
vt 0.729354 0.927744
vt 0.729051 0.928322
vt 0.752807 0.445188
vt 0.752462 0.452635
vt 0.752385 0.455141
vt 0.732562 0.934531
vt 0.732721 0.932562
vt 0.733372 0.932629
vt 0.733137 0.934845
vt 0.720251 0.940295
vt 0.722176 0.938741
vt 0.729842 0.221079
vt 0.728926 0.219053
vt 0.725904 0.222317
vt 0.721782 0.222078
vt 0.722430 0.219956
vt 0.725767 0.220096
vt 0.725432 0.201921
vt 0.722146 0.202221
vt 0.721721 0.200045
vt 0.725805 0.199745
vt 0.735137 0.206903
vt 0.735909 0.210938
vt 0.733696 0.210817
vt 0.733029 0.207576
vt 0.717979 0.201761
vt 0.719138 0.203706
vt 0.717979 0.220429
vt 0.719278 0.218587
vt 0.729728 0.200917
vt 0.728605 0.202818
vt 0.732982 0.203410
vt 0.731253 0.204788
vt 0.665823 0.469344
vt 0.666337 0.466694
vt 0.722618 0.204370
vt 0.720420 0.205480
vt 0.720302 0.205287
vt 0.722565 0.204146
vt 0.725132 0.203884
vt 0.725101 0.204110
vt 0.666741 0.464019
vt 0.666912 0.461326
vt 0.727514 0.204749
vt 0.727623 0.204549
vt 0.731700 0.210743
vt 0.731324 0.213307
vt 0.731111 0.213221
vt 0.731471 0.210739
vt 0.666973 0.453054
vt 0.666922 0.450208
vt 0.725610 0.218091
vt 0.723012 0.218007
vt 0.723072 0.217786
vt 0.725588 0.217861
vt 0.666519 0.441384
vt 0.666209 0.438359
vt 0.666983 0.458607
vt 0.729544 0.206207
vt 0.729718 0.206058
vt 0.731139 0.208217
vt 0.730924 0.208294
vt 0.666997 0.455852
vt 0.666842 0.447314
vt 0.666717 0.444371
vt 0.727966 0.217034
vt 0.729890 0.215416
vt 0.730059 0.215572
vt 0.728068 0.217240
vt 0.665823 0.435363
vt 0.720770 0.216849
vt 0.720649 0.217035
vt 0.336827 0.870666
vt 0.337415 0.870690
vt 0.908523 0.318389
vt 0.345893 0.870671
vt 0.346479 0.870646
vt 0.936808 0.690669
vt 0.936300 0.690638
vt 0.406385 0.877797
vt 0.405797 0.877773
vt 0.927780 0.691059
vt 0.927348 0.691100
vt 0.908995 0.318573
vt 0.908619 0.318769
vt 0.336914 0.870282
vt 0.337408 0.870313
vt 0.909159 0.318109
vt 0.938010 0.119437
vt 0.937572 0.119395
vt 0.908621 0.308932
vt 0.908997 0.309130
vt 0.345898 0.870290
vt 0.346392 0.870261
vt 0.909160 0.309594
vt 0.414869 0.877398
vt 0.415364 0.877369
vt 0.899762 0.318570
vt 0.899599 0.318106
vt 0.936722 0.691060
vt 0.936290 0.691017
vt 0.900139 0.318768
vt 0.929060 0.119413
vt 0.928634 0.119454
vt 0.899763 0.309129
vt 0.900139 0.308933
vt 0.405886 0.877389
vt 0.406380 0.877420
vt 0.899599 0.309594
vt 0.309318 0.587277
vt 0.316527 0.587277
vt 0.316527 0.671124
vt 0.309318 0.671124
vt 0.762551 0.494008
vt 0.762551 0.577855
vt 0.761331 0.577855
vt 0.761331 0.494008
vt 0.761331 0.674522
vt 0.761331 0.590676
vt 0.762551 0.590676
vt 0.762551 0.674522
vt 0.896574 0.767241
vt 0.891527 0.767241
vt 0.891527 0.708549
vt 0.896574 0.708549
vt 0.676507 0.006411
vt 0.683717 0.006411
vt 0.683717 0.090257
vt 0.676507 0.090257
vt 0.765036 0.336368
vt 0.765036 0.420214
vt 0.763816 0.420214
vt 0.763816 0.336368
vt 0.764350 0.321265
vt 0.764350 0.237419
vt 0.765570 0.237419
vt 0.765570 0.321265
vt 0.914441 0.695728
vt 0.909395 0.695728
vt 0.909395 0.637036
vt 0.914441 0.637036
vt 0.428656 0.587277
vt 0.435865 0.587277
vt 0.435865 0.671124
vt 0.428656 0.671124
vt 0.290508 0.683945
vt 0.290508 0.767791
vt 0.289288 0.767791
vt 0.289288 0.683945
vt 0.862125 0.006411
vt 0.862125 0.090257
vt 0.860905 0.090257
vt 0.860905 0.006411
vt 0.897861 0.065103
vt 0.892814 0.065103
vt 0.892814 0.006411
vt 0.897861 0.006411
vt 0.506207 0.587277
vt 0.513416 0.587277
vt 0.513416 0.671124
vt 0.506207 0.671124
vt 0.860905 0.186924
vt 0.860905 0.103078
vt 0.862125 0.103078
vt 0.862125 0.186924
vt 0.863324 0.336368
vt 0.863324 0.420214
vt 0.862104 0.420214
vt 0.862104 0.336368
vt 0.897861 0.136617
vt 0.892814 0.136617
vt 0.892814 0.077924
vt 0.897861 0.077924
vt 0.216222 0.587366
vt 0.223431 0.587366
vt 0.223431 0.671213
vt 0.216222 0.671213
vt 0.775372 0.674522
vt 0.775372 0.590676
vt 0.776592 0.590676
vt 0.776592 0.674522
vt 0.776592 0.687343
vt 0.776592 0.771190
vt 0.775372 0.771190
vt 0.775372 0.687343
vt 0.897861 0.208130
vt 0.892814 0.208130
vt 0.892814 0.149438
vt 0.897861 0.149438
vt 0.359655 0.587366
vt 0.366864 0.587366
vt 0.366864 0.671213
vt 0.359655 0.671213
vt 0.862638 0.321265
vt 0.862638 0.237419
vt 0.863858 0.237419
vt 0.863858 0.321265
vt 0.276467 0.780612
vt 0.276467 0.864459
vt 0.275247 0.864459
vt 0.275247 0.780612
vt 0.899059 0.395061
vt 0.894013 0.395061
vt 0.894013 0.336368
vt 0.899059 0.336368
vt 0.064894 0.595435
vt 0.072103 0.595435
vt 0.072103 0.679281
vt 0.064894 0.679281
vt 0.289288 0.864459
vt 0.289288 0.780612
vt 0.290508 0.780612
vt 0.290508 0.864459
vt 0.777879 0.006411
vt 0.777879 0.090257
vt 0.776659 0.090257
vt 0.776659 0.006411
vt 0.915728 0.065103
vt 0.910682 0.065103
vt 0.910682 0.006410
vt 0.915728 0.006410
vt 0.681210 0.590676
vt 0.688419 0.590676
vt 0.688419 0.674522
vt 0.681210 0.674522
vt 0.776659 0.186924
vt 0.776659 0.103078
vt 0.777879 0.103078
vt 0.777879 0.186924
vt 0.779078 0.336368
vt 0.779078 0.420214
vt 0.777858 0.420214
vt 0.777857 0.336368
vt 0.683717 0.186924
vt 0.676507 0.186924
vt 0.676507 0.103078
vt 0.683717 0.103078
vt 0.643634 0.420214
vt 0.643634 0.336368
vt 0.650844 0.336368
vt 0.650844 0.420214
vt 0.779611 0.321265
vt 0.778391 0.321265
vt 0.778391 0.237419
vt 0.779611 0.237419
vt 0.506207 0.780612
vt 0.507427 0.780612
vt 0.507427 0.864458
vt 0.506207 0.864458
vt 0.580111 0.858752
vt 0.580111 0.917444
vt 0.575065 0.917444
vt 0.575065 0.858752
vt 0.723756 0.420214
vt 0.723756 0.336368
vt 0.730965 0.336368
vt 0.730965 0.420214
vt 0.435865 0.864459
vt 0.434645 0.864459
vt 0.434645 0.780612
vt 0.435865 0.780612
vt 0.520248 0.780612
vt 0.521468 0.780612
vt 0.521468 0.864458
vt 0.520248 0.864458
vt 0.876145 0.395060
vt 0.876145 0.336368
vt 0.881191 0.336368
vt 0.881191 0.395060
vt 0.763838 0.103078
vt 0.763838 0.186924
vt 0.756629 0.186924
vt 0.756629 0.103078
vt 0.043273 0.785372
vt 0.042053 0.785372
vt 0.042053 0.701525
vt 0.043273 0.701525
vt 0.028012 0.701525
vt 0.029232 0.701525
vt 0.029232 0.785372
vt 0.028012 0.785372
vt 0.166653 0.860394
vt 0.166653 0.919086
vt 0.161606 0.919086
vt 0.161606 0.860394
vt 0.029232 0.604858
vt 0.029232 0.688704
vt 0.022022 0.688704
vt 0.022022 0.604858
vt 0.015191 0.785372
vt 0.013971 0.785372
vt 0.013971 0.701525
vt 0.015191 0.701525
vt 0.056094 0.701525
vt 0.057314 0.701525
vt 0.057314 0.785372
vt 0.056094 0.785372
vt 0.184521 0.788880
vt 0.184521 0.847573
vt 0.179474 0.847573
vt 0.179474 0.788880
vt 0.724289 0.321265
vt 0.724289 0.237419
vt 0.731499 0.237419
vt 0.731499 0.321265
vt 0.790633 0.577855
vt 0.789413 0.577855
vt 0.789413 0.494008
vt 0.790633 0.494008
vt 0.789413 0.590676
vt 0.790633 0.590676
vt 0.790633 0.674522
vt 0.789413 0.674522
vt 0.184520 0.860394
vt 0.184520 0.919086
vt 0.179474 0.919086
vt 0.179474 0.860394
vt 0.688419 0.494009
vt 0.688419 0.577855
vt 0.681210 0.577855
vt 0.681210 0.494009
vt 0.231483 0.864547
vt 0.230263 0.864547
vt 0.230263 0.780701
vt 0.231483 0.780701
vt 0.789413 0.687343
vt 0.790633 0.687343
vt 0.790633 0.771190
vt 0.789413 0.771190
vt 0.619395 0.845368
vt 0.619395 0.786675
vt 0.624442 0.786675
vt 0.624442 0.845368
vt 0.455067 0.671213
vt 0.455067 0.587366
vt 0.462276 0.587366
vt 0.462276 0.671213
vt 0.791920 0.090257
vt 0.790700 0.090257
vt 0.790700 0.006411
vt 0.791920 0.006411
vt 0.275247 0.683945
vt 0.276467 0.683945
vt 0.276467 0.767791
vt 0.275247 0.767791
vt 0.104131 0.860840
vt 0.104131 0.919532
vt 0.099085 0.919532
vt 0.099085 0.860840
vt 0.541863 0.654742
vt 0.541863 0.738589
vt 0.534654 0.738589
vt 0.534654 0.654742
vt 0.791920 0.186924
vt 0.790700 0.186924
vt 0.790700 0.103078
vt 0.791920 0.103078
vt 0.309318 0.683945
vt 0.310538 0.683945
vt 0.310538 0.767791
vt 0.309318 0.767791
vt 0.081217 0.847573
vt 0.081217 0.788880
vt 0.086264 0.788880
vt 0.086264 0.847573
vt 0.656477 0.090257
vt 0.656477 0.006411
vt 0.663686 0.006411
vt 0.663686 0.090257
vt 0.435865 0.767791
vt 0.434645 0.767791
vt 0.434645 0.683945
vt 0.435865 0.683945
vt 0.506207 0.683945
vt 0.507427 0.683945
vt 0.507427 0.767791
vt 0.506207 0.767791
vt 0.909395 0.767241
vt 0.909395 0.708549
vt 0.914441 0.708549
vt 0.914441 0.767241
vt 0.648358 0.494008
vt 0.648358 0.577855
vt 0.641149 0.577855
vt 0.641149 0.494008
vt 0.521468 0.767791
vt 0.520248 0.767791
vt 0.520248 0.683945
vt 0.521468 0.683945
vt 0.615129 0.690008
vt 0.616349 0.690008
vt 0.616349 0.773854
vt 0.615129 0.773854
vt 0.887055 0.855524
vt 0.887055 0.914217
vt 0.882008 0.914217
vt 0.882008 0.855524
vt 0.663686 0.103078
vt 0.663686 0.186924
vt 0.656477 0.186924
vt 0.656477 0.103078
vt 0.130720 0.775860
vt 0.129500 0.775860
vt 0.129500 0.692013
vt 0.130720 0.692013
vt 0.216222 0.684034
vt 0.217442 0.684034
vt 0.217442 0.767880
vt 0.216222 0.767880
vt 0.878706 0.494009
vt 0.878706 0.552701
vt 0.873660 0.552701
vt 0.873660 0.494009
vt 0.042053 0.688704
vt 0.042053 0.604858
vt 0.049262 0.604858
vt 0.049262 0.688704
vt 0.203401 0.767880
vt 0.202180 0.767880
vt 0.202180 0.684034
vt 0.203400 0.684034
vt 0.230263 0.684034
vt 0.231483 0.684034
vt 0.231483 0.767880
vt 0.230263 0.767880
vt 0.869187 0.784011
vt 0.869187 0.842703
vt 0.864141 0.842703
vt 0.864141 0.784011
vt 0.621119 0.677187
vt 0.621119 0.593341
vt 0.628328 0.593341
vt 0.628328 0.677187
vt 0.360875 0.767880
vt 0.359655 0.767880
vt 0.359655 0.684034
vt 0.360875 0.684034
vt 0.455067 0.684034
vt 0.456287 0.684034
vt 0.456287 0.767880
vt 0.455067 0.767880
vt 0.597979 0.858752
vt 0.597979 0.917444
vt 0.592932 0.917444
vt 0.592932 0.858752
vt 0.704259 0.321265
vt 0.704259 0.237419
vt 0.711469 0.237419
vt 0.711469 0.321265
vt 0.470328 0.767880
vt 0.469108 0.767880
vt 0.469108 0.684034
vt 0.470328 0.684034
vt 0.405684 0.684034
vt 0.406904 0.684034
vt 0.406904 0.767880
vt 0.405684 0.767880
vt 0.917460 0.237419
vt 0.917460 0.296111
vt 0.912414 0.296111
vt 0.912414 0.237419
vt 0.716568 0.090257
vt 0.716568 0.006411
vt 0.723777 0.006411
vt 0.723777 0.090257
vt 0.420945 0.767880
vt 0.419725 0.767880
vt 0.419725 0.684034
vt 0.420945 0.684034
vt 0.244871 0.684144
vt 0.246091 0.684144
vt 0.246091 0.767990
vt 0.244871 0.767990
vt 0.899059 0.407881
vt 0.899059 0.466574
vt 0.894013 0.466574
vt 0.894013 0.407881
vt 0.716568 0.186924
vt 0.716568 0.103078
vt 0.723777 0.103078
vt 0.723777 0.186924
vt 0.260132 0.767990
vt 0.258912 0.767990
vt 0.258912 0.684144
vt 0.260132 0.684144
vt 0.486176 0.684144
vt 0.487397 0.684144
vt 0.487397 0.767990
vt 0.486176 0.767990
vt 0.910682 0.136616
vt 0.910682 0.077924
vt 0.915728 0.077924
vt 0.915728 0.136616
vt 0.668389 0.577855
vt 0.661179 0.577855
vt 0.661179 0.494008
vt 0.668389 0.494008
vt 0.336712 0.767990
vt 0.336712 0.684144
vt 0.337932 0.684144
vt 0.337932 0.767990
vt 0.793119 0.336368
vt 0.793119 0.420214
vt 0.791899 0.420214
vt 0.791899 0.336368
vt 0.143530 0.860840
vt 0.148577 0.860840
vt 0.148577 0.919532
vt 0.143530 0.919532
vt 0.289288 0.587277
vt 0.296497 0.587277
vt 0.296497 0.671124
vt 0.289288 0.671124
vt 0.382627 0.767990
vt 0.382627 0.684144
vt 0.383847 0.684144
vt 0.383847 0.767990
vt 0.793652 0.237419
vt 0.793652 0.321265
vt 0.792432 0.321265
vt 0.792432 0.237419
vt 0.881191 0.466574
vt 0.876145 0.466574
vt 0.876145 0.407881
vt 0.881191 0.407881
vt 0.106294 0.679392
vt 0.099085 0.679392
vt 0.099085 0.595545
vt 0.106294 0.595545
vt 0.741301 0.771190
vt 0.741301 0.687343
vt 0.742521 0.687343
vt 0.742521 0.771190
vt 0.804674 0.494008
vt 0.804674 0.577855
vt 0.803454 0.577855
vt 0.803454 0.494008
vt 0.910682 0.149438
vt 0.915728 0.149438
vt 0.915728 0.208130
vt 0.910682 0.208130
vt 0.405684 0.587366
vt 0.412893 0.587366
vt 0.412893 0.671213
vt 0.405684 0.671213
vt 0.721271 0.771190
vt 0.721270 0.687343
vt 0.722490 0.687343
vt 0.722490 0.771190
vt 0.804674 0.590676
vt 0.804674 0.674522
vt 0.803454 0.674522
vt 0.803454 0.590676
vt 0.878706 0.624214
vt 0.873660 0.624214
vt 0.873660 0.565522
vt 0.878706 0.565522
vt 0.670874 0.420214
vt 0.663665 0.420214
vt 0.663665 0.336368
vt 0.670874 0.336368
vt 0.707229 0.771190
vt 0.707229 0.687343
vt 0.708449 0.687343
vt 0.708449 0.771190
vt 0.804674 0.687343
vt 0.804674 0.771190
vt 0.803454 0.771190
vt 0.803454 0.687343
vt 0.864141 0.855524
vt 0.869187 0.855524
vt 0.869187 0.914217
vt 0.864141 0.914217
vt 0.244871 0.587476
vt 0.252080 0.587476
vt 0.252080 0.671323
vt 0.244871 0.671323
vt 0.687199 0.771190
vt 0.687199 0.687343
vt 0.688419 0.687343
vt 0.688419 0.771190
vt 0.805961 0.006410
vt 0.805961 0.090257
vt 0.804741 0.090257
vt 0.804741 0.006410
vt 0.878706 0.695728
vt 0.873660 0.695728
vt 0.873660 0.637036
vt 0.878706 0.637036
vt 0.186683 0.679392
vt 0.179474 0.679392
vt 0.179474 0.595545
vt 0.186683 0.595545
vt 0.086264 0.595545
vt 0.086264 0.679392
vt 0.085044 0.679392
vt 0.085044 0.595545
vt 0.007981 0.688704
vt 0.007981 0.604858
vt 0.009201 0.604858
vt 0.009201 0.688704
vt 0.899876 0.855524
vt 0.904922 0.855524
vt 0.904922 0.914217
vt 0.899876 0.914217
vt 0.269257 0.587277
vt 0.276467 0.587277
vt 0.276467 0.671124
vt 0.269257 0.671124
vt 0.642369 0.687343
vt 0.642369 0.771190
vt 0.641149 0.771190
vt 0.641149 0.687343
vt 0.202181 0.671213
vt 0.202180 0.587366
vt 0.203401 0.587366
vt 0.203401 0.671213
vt 0.881725 0.296111
vt 0.876679 0.296111
vt 0.876679 0.237419
vt 0.881725 0.237419
vt 0.891527 0.637036
vt 0.896574 0.637036
vt 0.896574 0.695728
vt 0.891527 0.695728
vt 0.309318 0.864459
vt 0.309318 0.780612
vt 0.310538 0.780612
vt 0.310538 0.864459
vt 0.805961 0.103078
vt 0.805961 0.186924
vt 0.804741 0.186924
vt 0.804741 0.103078
vt 0.608298 0.677187
vt 0.601088 0.677187
vt 0.601088 0.593341
vt 0.608298 0.593341
vt 0.166653 0.847573
vt 0.161606 0.847573
vt 0.161606 0.788880
vt 0.166653 0.788880
vt 0.805940 0.420214
vt 0.805940 0.336368
vt 0.807160 0.336368
vt 0.807160 0.420214
vt 0.807693 0.237419
vt 0.807693 0.321265
vt 0.806473 0.321265
vt 0.806473 0.237419
vt 0.577227 0.593341
vt 0.584437 0.593341
vt 0.584437 0.677187
vt 0.577227 0.677187
vt 0.873660 0.708549
vt 0.878706 0.708549
vt 0.878706 0.767242
vt 0.873660 0.767242
vt 0.817495 0.577855
vt 0.817495 0.494008
vt 0.818715 0.494008
vt 0.818715 0.577855
vt 0.818715 0.590676
vt 0.818715 0.674522
vt 0.817495 0.674522
vt 0.817495 0.590676
vt 0.343921 0.671323
vt 0.336712 0.671323
vt 0.336712 0.587477
vt 0.343921 0.587477
vt 0.882008 0.784011
vt 0.887055 0.784011
vt 0.887055 0.842703
vt 0.882008 0.842703
vt 0.817495 0.771190
vt 0.817495 0.687343
vt 0.818715 0.687343
vt 0.818715 0.771190
vt 0.820002 0.006411
vt 0.820002 0.090257
vt 0.818782 0.090257
vt 0.818782 0.006411
vt 0.389836 0.671323
vt 0.382627 0.671323
vt 0.382627 0.587477
vt 0.389836 0.587477
vt 0.891527 0.494008
vt 0.896574 0.494008
vt 0.896574 0.552701
vt 0.891527 0.552701
vt 0.143541 0.775860
vt 0.143541 0.692014
vt 0.144761 0.692014
vt 0.144761 0.775860
vt 0.820002 0.103078
vt 0.820002 0.186924
vt 0.818782 0.186924
vt 0.818782 0.103078
vt 0.136710 0.679192
vt 0.129500 0.679192
vt 0.129500 0.595346
vt 0.136710 0.595346
vt 0.846273 0.855524
vt 0.851319 0.855524
vt 0.851319 0.914217
vt 0.846273 0.914217
vt 0.070883 0.775949
vt 0.070883 0.692103
vt 0.072103 0.692103
vt 0.072103 0.775949
vt 0.662399 0.687343
vt 0.662399 0.771190
vt 0.661179 0.771190
vt 0.661179 0.687343
vt 0.493386 0.671323
vt 0.486176 0.671323
vt 0.486176 0.587476
vt 0.493386 0.587476
vt 0.894546 0.237419
vt 0.899593 0.237419
vt 0.899593 0.296111
vt 0.894546 0.296111
vt 0.099085 0.776059
vt 0.099085 0.692213
vt 0.100305 0.692213
vt 0.100305 0.776059
vt 0.762551 0.687343
vt 0.762551 0.771190
vt 0.761331 0.771190
vt 0.761331 0.687343
vt 0.668389 0.674522
vt 0.661179 0.674522
vt 0.661179 0.590676
vt 0.668389 0.590676
vt 0.899876 0.784011
vt 0.904922 0.784011
vt 0.904922 0.842703
vt 0.899876 0.842703
vt 0.085044 0.776059
vt 0.085044 0.692213
vt 0.086264 0.692213
vt 0.086264 0.776059
vt 0.558417 0.690008
vt 0.558417 0.773854
vt 0.557197 0.773854
vt 0.557197 0.690008
vt 0.166653 0.679392
vt 0.159444 0.679392
vt 0.159444 0.595545
vt 0.166653 0.595545
vt 0.534654 0.848077
vt 0.539701 0.848077
vt 0.539701 0.906770
vt 0.534654 0.906770
vt 0.113126 0.776059
vt 0.113126 0.692213
vt 0.114346 0.692213
vt 0.114346 0.776059
vt 0.572458 0.690008
vt 0.572458 0.773854
vt 0.571238 0.773854
vt 0.571238 0.690008
vt 0.648358 0.674522
vt 0.641149 0.674522
vt 0.641149 0.590676
vt 0.648358 0.590676
vt 0.874946 0.006411
vt 0.879993 0.006411
vt 0.879993 0.065103
vt 0.874946 0.065103
vt 0.179474 0.776059
vt 0.179474 0.692213
vt 0.180694 0.692213
vt 0.180694 0.776059
vt 0.602308 0.690008
vt 0.602308 0.773854
vt 0.601088 0.773854
vt 0.601088 0.690008
vt 0.683695 0.336368
vt 0.690904 0.336368
vt 0.690904 0.420214
vt 0.683695 0.420214
vt 0.019017 0.856885
vt 0.013971 0.856885
vt 0.013971 0.798193
vt 0.019017 0.798193
vt 0.165433 0.776059
vt 0.165433 0.692213
vt 0.166653 0.692213
vt 0.166653 0.776059
vt 0.821201 0.336368
vt 0.821201 0.420214
vt 0.819981 0.420214
vt 0.819981 0.336368
vt 0.684229 0.237419
vt 0.691438 0.237419
vt 0.691438 0.321265
vt 0.684229 0.321265
vt 0.851320 0.842703
vt 0.846273 0.842703
vt 0.846273 0.784011
vt 0.851320 0.784011
vt 0.820514 0.321265
vt 0.820514 0.237419
vt 0.821734 0.237419
vt 0.821734 0.321265
vt 0.246091 0.780811
vt 0.246091 0.864658
vt 0.244871 0.864658
vt 0.244871 0.780811
vt 0.736598 0.006411
vt 0.743808 0.006411
vt 0.743808 0.090257
vt 0.736598 0.090257
vt 0.036885 0.856885
vt 0.031838 0.856885
vt 0.031838 0.798193
vt 0.036885 0.798193
vt 0.775372 0.577855
vt 0.775372 0.494008
vt 0.776592 0.494008
vt 0.776592 0.577855
vt 0.832756 0.494008
vt 0.832756 0.577855
vt 0.831536 0.577855
vt 0.831536 0.494008
vt 0.736598 0.103078
vt 0.743808 0.103078
vt 0.743808 0.186924
vt 0.736598 0.186924
vt 0.619395 0.916882
vt 0.619395 0.858189
vt 0.624442 0.858189
vt 0.624442 0.916882
vt 0.217442 0.864547
vt 0.216222 0.864547
vt 0.216222 0.780701
vt 0.217442 0.780701
vt 0.831536 0.590676
vt 0.832756 0.590676
vt 0.832756 0.674522
vt 0.831536 0.674522
vt 0.564406 0.593341
vt 0.564406 0.677187
vt 0.557197 0.677187
vt 0.557197 0.593341
vt 0.909395 0.552701
vt 0.909395 0.494008
vt 0.914441 0.494008
vt 0.914441 0.552701
vt 0.203401 0.864547
vt 0.202181 0.864547
vt 0.202181 0.780701
vt 0.203401 0.780701
vt 0.831536 0.687343
vt 0.832756 0.687343
vt 0.832756 0.771190
vt 0.831536 0.771190
vt 0.748510 0.494009
vt 0.748510 0.577855
vt 0.741301 0.577855
vt 0.741301 0.494009
vt 0.054752 0.798193
vt 0.054752 0.856885
vt 0.049706 0.856885
vt 0.049706 0.798193
vt 0.834043 0.090257
vt 0.832823 0.090257
vt 0.832823 0.006411
vt 0.834043 0.006411
vt 0.832823 0.103078
vt 0.834043 0.103078
vt 0.834043 0.186924
vt 0.832823 0.186924
vt 0.748510 0.590676
vt 0.748510 0.674522
vt 0.741301 0.674522
vt 0.741301 0.590676
vt 0.916927 0.336368
vt 0.916927 0.395060
vt 0.911880 0.395060
vt 0.911880 0.336368
vt 0.420945 0.864547
vt 0.419725 0.864547
vt 0.419725 0.780701
vt 0.420945 0.780701
vt 0.834022 0.336368
vt 0.835242 0.336368
vt 0.835242 0.420214
vt 0.834022 0.420214
vt 0.703747 0.006411
vt 0.703747 0.090257
vt 0.696538 0.090257
vt 0.696538 0.006411
vt 0.130709 0.860840
vt 0.130709 0.919532
vt 0.125663 0.919532
vt 0.125663 0.860840
vt 0.406904 0.864547
vt 0.405684 0.864547
vt 0.405684 0.780701
vt 0.406904 0.780701
vt 0.359655 0.780701
vt 0.360875 0.780701
vt 0.360875 0.864547
vt 0.359655 0.864547
vt 0.728480 0.494009
vt 0.728480 0.577855
vt 0.721270 0.577855
vt 0.721270 0.494009
vt 0.874946 0.161770
vt 0.874946 0.103078
vt 0.879993 0.103078
vt 0.879993 0.161770
vt 0.470328 0.864547
vt 0.469108 0.864547
vt 0.469108 0.780701
vt 0.470328 0.780701
vt 0.455067 0.780701
vt 0.456287 0.780701
vt 0.456287 0.864547
vt 0.455067 0.864547
vt 0.728480 0.590676
vt 0.728480 0.674522
vt 0.721270 0.674522
vt 0.721270 0.590676
vt 0.909395 0.624215
vt 0.909395 0.565522
vt 0.914441 0.565522
vt 0.914441 0.624215
vt 0.535874 0.835256
vt 0.534654 0.835256
vt 0.534654 0.751410
vt 0.535874 0.751410
vt 0.834555 0.237419
vt 0.835775 0.237419
vt 0.835775 0.321265
vt 0.834555 0.321265
vt 0.703747 0.103078
vt 0.703747 0.186924
vt 0.696538 0.186924
vt 0.696538 0.103078
vt 0.081217 0.919086
vt 0.081217 0.860394
vt 0.086264 0.860394
vt 0.086264 0.919086
vt 0.846797 0.577855
vt 0.845577 0.577855
vt 0.845577 0.494008
vt 0.846797 0.494008
vt 0.845577 0.590676
vt 0.846797 0.590676
vt 0.846797 0.674522
vt 0.845577 0.674522
vt 0.708449 0.494009
vt 0.708449 0.577855
vt 0.701240 0.577855
vt 0.701240 0.494009
vt 0.911880 0.466574
vt 0.911880 0.407881
vt 0.916927 0.407881
vt 0.916927 0.466574
vt 0.846798 0.771190
vt 0.845577 0.771190
vt 0.845577 0.687343
vt 0.846798 0.687343
vt 0.258912 0.780811
vt 0.260132 0.780811
vt 0.260132 0.864658
vt 0.258912 0.864658
vt 0.708449 0.590676
vt 0.708449 0.674522
vt 0.701240 0.674522
vt 0.701240 0.590676
vt 0.917743 0.842703
vt 0.917743 0.784011
vt 0.922790 0.784011
vt 0.922790 0.842703
vt 0.848084 0.090257
vt 0.846864 0.090257
vt 0.846864 0.006411
vt 0.848084 0.006411
vt 0.846864 0.103078
vt 0.848084 0.103078
vt 0.848084 0.186924
vt 0.846864 0.186924
vt 0.710935 0.336368
vt 0.710935 0.420214
vt 0.703726 0.420214
vt 0.703726 0.336368
vt 0.891527 0.624214
vt 0.891527 0.565522
vt 0.896574 0.565522
vt 0.896574 0.624215
vt 0.849283 0.420214
vt 0.848063 0.420214
vt 0.848063 0.336368
vt 0.849283 0.336368
vt 0.848597 0.237419
vt 0.849817 0.237419
vt 0.849817 0.321265
vt 0.848597 0.321265
vt 0.750995 0.336368
vt 0.750995 0.420214
vt 0.743786 0.420214
vt 0.743786 0.336368
vt 0.917743 0.914217
vt 0.917743 0.855524
vt 0.922790 0.855524
vt 0.922790 0.914217
vt 0.860839 0.577855
vt 0.859619 0.577855
vt 0.859619 0.494008
vt 0.860839 0.494008
vt 0.859619 0.590676
vt 0.860839 0.590676
vt 0.860839 0.674522
vt 0.859619 0.674522
vt 0.751529 0.237419
vt 0.751529 0.321265
vt 0.744320 0.321265
vt 0.744320 0.237419
vt 0.557197 0.917444
vt 0.557197 0.858752
vt 0.562243 0.858752
vt 0.562243 0.917444
vt 0.860839 0.771190
vt 0.859618 0.771190
vt 0.859618 0.687343
vt 0.860839 0.687343
vt 0.587047 0.690008
vt 0.588267 0.690008
vt 0.588267 0.773854
vt 0.587047 0.773854
vt 0.763838 0.006411
vt 0.763838 0.090257
vt 0.756629 0.090257
vt 0.756629 0.006411
vt 0.182020 0.012053
vt 0.186010 0.010690
vt 0.186010 0.228387
vt 0.182020 0.227024
vt 0.639892 0.195522
vt 0.639902 0.009443
vt 0.643275 0.008076
vt 0.643272 0.196872
vt 0.052068 0.230857
vt 0.052068 0.008220
vt 0.055040 0.010690
vt 0.055040 0.228387
vt 0.059030 0.227024
vt 0.059030 0.012053
vt 0.528430 0.195482
vt 0.641536 0.198228
vt 0.526797 0.198199
vt 0.035186 0.236739
vt 0.035340 0.011921
vt 0.038665 0.014119
vt 0.038543 0.234552
vt 0.528440 0.009403
vt 0.525056 0.196849
vt 0.525060 0.008053
vt 0.183823 0.230211
vt 0.057227 0.230211
vt 0.537902 0.382015
vt 0.535083 0.383140
vt 0.535147 0.238972
vt 0.537938 0.240096
vt 0.188982 0.008220
vt 0.188982 0.230857
vt 0.186822 0.232667
vt 0.054228 0.232667
vt 0.526796 0.006697
vt 0.641534 0.006726
vt 0.032274 0.239234
vt 0.029678 0.240640
vt 0.029703 0.007934
vt 0.032408 0.009391
vt 0.009445 0.239234
vt 0.009579 0.009391
vt 0.012511 0.011921
vt 0.012357 0.236739
vt 0.006849 0.240640
vt 0.006874 0.007934
vt 0.541128 0.400177
vt 0.541092 0.542096
vt 0.537776 0.540143
vt 0.537797 0.402130
vt 0.015836 0.014119
vt 0.015714 0.234552
vt 0.543947 0.399052
vt 0.543883 0.543221
vt 0.029239 0.240709
vt 0.029239 0.007860
vt 0.535136 0.537158
vt 0.535137 0.405130
vt 0.541254 0.242049
vt 0.541233 0.380062
vt 0.543894 0.245034
vt 0.543893 0.377062
vt 0.054228 0.006411
vt 0.186822 0.006411
vt 0.183823 0.008867
vt 0.057227 0.008867
vt 0.643656 0.007857
vt 0.643656 0.197092
vt 0.524676 0.197068
vt 0.524676 0.007833
vt 0.006411 0.240709
vt 0.006411 0.007860
vt 0.526453 0.006411
vt 0.641879 0.006437
vt 0.544376 0.399162
vt 0.544321 0.543110
vt 0.641879 0.198515
vt 0.526453 0.198488
vt 0.534654 0.383030
vt 0.534709 0.239082
vt 0.032764 0.007978
vt 0.035898 0.010541
vt 0.541704 0.381665
vt 0.538212 0.383594
vt 0.012902 0.238118
vt 0.009789 0.240608
vt 0.538255 0.238529
vt 0.541725 0.240456
vt 0.039247 0.012792
vt 0.544376 0.378625
vt 0.016286 0.235891
vt 0.544376 0.243481
vt 0.052701 0.006940
vt 0.055681 0.009401
vt 0.185369 0.009401
vt 0.188349 0.006940
vt 0.537326 0.400528
vt 0.540818 0.398599
vt 0.009936 0.007978
vt 0.013069 0.010541
vt 0.534654 0.403567
vt 0.016418 0.012792
vt 0.185369 0.229676
vt 0.188349 0.232137
vt 0.035731 0.238118
vt 0.032618 0.240608
vt 0.540775 0.543664
vt 0.537305 0.541736
vt 0.039115 0.235891
vt 0.534654 0.538711
vt 0.055681 0.229676
vt 0.052701 0.232137
vt 0.525577 0.197812
vt 0.525220 0.198065
vt 0.643110 0.198092
vt 0.642752 0.197839
vt 0.029362 0.006410
vt 0.029828 0.006526
vt 0.535250 0.384686
vt 0.534796 0.384601
vt 0.006965 0.241981
vt 0.006521 0.242089
vt 0.534864 0.237501
vt 0.535320 0.237419
vt 0.643111 0.006860
vt 0.642755 0.007113
vt 0.543780 0.397507
vt 0.544234 0.397592
vt 0.006533 0.006411
vt 0.006999 0.006526
vt 0.525222 0.006834
vt 0.525579 0.007087
vt 0.029794 0.241981
vt 0.029350 0.242089
vt 0.544166 0.544691
vt 0.543710 0.544773
s 1
usemtl gallinera_table
f 3/1/1 7/2/1 5/3/1 1/4/1
f 8/5/2 4/6/2 2/7/2 6/8/2
f 31/9/1 9/10/1 15/11/1 37/12/1
f 45/13/2 23/14/2 21/15/2 43/16/2
f 38/17/1 16/18/1 10/19/1 32/20/1
f 34/21/1 52/22/1 30/23/1 12/24/1
f 13/25/1 35/26/1 36/27/1 14/28/1
f 16/29/3 38/30/3 35/26/3 13/25/3
f 17/31/2 39/32/2 50/33/2 28/34/2
f 24/35/1 46/36/1 44/37/1 22/38/1
f 30/23/3 52/22/3 51/39/3 29/40/3
f 28/41/4 50/42/4 48/43/4 26/44/4
f 18/45/3 40/46/3 46/36/3 24/35/3
f 22/47/3 44/48/3 43/49/3 21/50/3
f 19/51/4 41/52/4 42/53/4 20/54/4
f 23/55/3 45/56/3 39/32/3 17/31/3
f 20/57/1 42/58/1 40/59/1 18/60/1
f 27/61/2 49/62/2 41/63/2 19/64/2
f 49/62/3 27/61/3 25/65/3 47/66/3
f 47/67/2 25/68/2 26/44/2 48/43/2
f 34/69/3 12/70/3 9/71/3 31/72/3
f 33/73/4 32/74/4 10/75/4 11/76/4
f 75/77/1 81/78/1 59/79/1 53/80/1
f 73/81/4 95/82/4 96/83/4 74/84/4
f 82/85/1 76/86/1 54/87/1 60/88/1
f 78/89/1 56/90/1 74/84/1 96/83/1
f 58/91/1 80/92/1 79/93/1 57/94/1
f 57/94/4 79/93/4 82/95/4 60/96/4
f 72/97/2 94/98/2 83/99/2 61/100/2
f 66/101/1 88/102/1 90/103/1 68/104/1
f 91/105/2 92/106/2 70/107/2 69/108/2
f 70/107/3 92/106/3 94/109/3 72/110/3
f 68/104/4 90/103/4 84/111/4 62/112/4
f 65/113/4 87/114/4 88/115/4 66/116/4
f 64/117/3 86/118/3 85/119/3 63/120/3
f 61/100/4 83/99/4 89/121/4 67/122/4
f 62/123/1 84/124/1 86/125/1 64/126/1
f 63/127/2 85/128/2 93/129/2 71/130/2
f 93/129/4 91/131/4 69/132/4 71/130/4
f 78/133/4 75/134/4 53/135/4 56/136/4
f 77/137/3 55/138/3 54/139/3 76/140/3
f 37/12/4 15/11/4 14/141/4 36/142/4
f 89/143/2 87/144/2 65/145/2 67/146/2
f 81/78/3 80/147/3 58/148/3 59/79/3
f 119/149/1 97/150/1 103/151/1 125/152/1
f 133/153/2 111/154/2 109/155/2 131/156/2
f 126/157/1 104/158/1 98/159/1 120/160/1
f 122/161/1 140/162/1 118/163/1 100/164/1
f 101/165/1 123/166/1 124/167/1 102/168/1
f 104/169/5 126/170/5 123/166/5 101/165/5
f 105/171/2 127/172/2 138/173/2 116/174/2
f 112/175/1 134/176/1 132/177/1 110/178/1
f 118/163/5 140/162/5 139/179/5 117/180/5
f 135/181/2 113/182/2 114/183/2 136/184/2
f 106/185/5 128/186/5 134/176/5 112/175/5
f 110/187/5 132/188/5 131/189/5 109/190/5
f 107/191/6 129/192/6 130/193/6 108/194/6
f 111/195/5 133/196/5 127/172/5 105/171/5
f 116/197/6 138/198/6 136/184/6 114/183/6
f 108/199/1 130/200/1 128/201/1 106/202/1
f 115/203/2 137/204/2 129/205/2 107/206/2
f 137/204/5 115/203/5 113/207/5 135/208/5
f 122/209/5 100/210/5 97/211/5 119/212/5
f 121/213/6 120/214/6 98/215/6 99/216/6
f 125/152/6 103/151/6 102/217/6 124/218/6
f 163/219/1 169/220/1 147/221/1 141/222/1
f 177/223/2 175/224/2 153/225/2 155/226/2
f 170/227/1 164/228/1 142/229/1 148/230/1
f 166/231/1 144/232/1 162/233/1 184/234/1
f 145/235/1 146/236/1 168/237/1 167/238/1
f 148/239/6 145/235/6 167/238/6 170/240/6
f 149/241/2 160/242/2 182/243/2 171/244/2
f 156/245/1 154/246/1 176/247/1 178/248/1
f 162/233/6 161/249/6 183/250/6 184/234/6
f 179/251/2 180/252/2 158/253/2 157/254/2
f 150/255/6 156/245/6 178/248/6 172/256/6
f 154/257/6 153/258/6 175/259/6 176/260/6
f 151/261/5 152/262/5 174/263/5 173/264/5
f 155/265/6 149/241/6 171/244/6 177/266/6
f 160/267/5 158/253/5 180/252/5 182/268/5
f 152/269/1 150/270/1 172/271/1 174/272/1
f 159/273/2 151/274/2 173/275/2 181/276/2
f 181/276/6 179/277/6 157/278/6 159/273/6
f 166/279/6 163/280/6 141/281/6 144/282/6
f 165/283/5 143/284/5 142/285/5 164/286/5
f 169/220/5 168/287/5 146/288/5 147/221/5
f 213/289/7 295/290/8 270/291/9 196/292/10
f 189/293/11 276/294/12 261/295/13 205/296/14
f 198/297/15 267/298/16 285/299/17 223/300/18
f 286/301/19 268/302/20 232/303/21 249/304/22
f 219/305/23 292/306/24 280/307/25 211/308/26
f 217/309/27 289/310/28 292/306/24 219/305/23
f 207/311/29 282/312/30 295/290/8 213/289/7
f 185/313/1 186/314/1 673/315/31 663/316/32
f 186/314/1 666/317/33 670/318/34
f 188/319/1 684/320/35 688/321/36
f 186/314/1 188/319/1 688/321/36 666/317/33
f 268/302/20 264/322/37 229/323/38 232/303/21
f 185/313/1 663/316/32 657/324/39
f 190/325/40 660/326/41 658/327/42 192/328/43
f 187/329/1 681/330/44 675/331/45
f 199/332/46 678/333/47 676/334/48 201/335/49
f 187/329/1 675/331/45 679/336/50
f 208/337/51 669/338/52 667/339/53 210/340/54
f 685/341/55 216/342/56 220/343/57 687/344/58
f 223/300/18 285/299/17 289/345/28 217/346/27
f 188/319/1 690/347/59 684/320/35
f 211/308/26 280/307/25 282/348/30 207/349/29
f 202/350/60 265/351/61 267/298/16 198/297/15
f 205/296/14 261/295/13 265/352/61 202/353/60
f 190/325/40 192/328/43 194/354/62 191/355/63
f 191/356/63 194/357/62 193/358/64 189/293/11
f 192/359/43 195/360/65 197/361/66 194/362/62
f 194/363/62 197/364/66 196/292/10 193/365/64
f 199/332/46 201/335/49 203/366/67 200/367/68
f 200/368/68 203/369/67 202/350/60 198/297/15
f 201/370/49 204/371/69 206/372/70 203/373/67
f 203/374/67 206/375/70 205/296/14 202/353/60
f 208/337/51 210/340/54 212/376/71 209/377/72
f 209/378/72 212/379/71 211/308/26 207/349/29
f 214/380/73 208/381/51 209/382/72 215/383/74
f 215/384/74 209/385/72 207/311/29 213/289/7
f 217/309/27 219/305/23 221/386/75 218/387/76
f 218/388/76 221/389/75 220/343/57 216/342/56
f 223/300/18 217/346/27 218/390/76 224/391/77
f 224/392/77 218/393/76 216/394/56 222/395/78
f 219/305/23 211/308/26 212/379/71 221/386/75
f 221/389/75 212/376/71 210/340/54 220/343/57
f 198/297/15 223/300/18 224/391/77 200/368/68
f 200/367/68 224/392/77 222/395/78 199/332/46
f 189/293/11 205/296/14 206/375/70 191/356/63
f 191/355/63 206/372/70 204/371/69 190/325/40
f 213/289/7 196/292/10 197/364/66 215/384/74
f 215/383/74 197/361/66 195/360/65 214/380/73
f 196/292/10 270/291/9 274/396/79 193/365/64
f 291/397/80 288/398/81 252/399/82 256/400/83
f 262/401/84 277/402/85 241/403/86 226/404/87
f 277/402/85 273/405/88 237/406/89 241/403/86
f 283/407/90 279/408/91 243/409/92 247/410/93
f 271/411/94 294/412/95 258/413/96 235/414/97
f 279/408/91 291/397/80 256/400/83 243/409/92
f 294/412/95 283/407/90 247/410/93 258/413/96
f 531/415/98 529/416/99 324/417/100 327/418/101
f 520/419/102 531/415/98 327/418/101 330/420/103
f 234/421/104 259/422/105 534/423/106 511/424/107
f 529/416/99 526/425/108 297/426/109 324/417/100
f 535/427/110 522/428/111 322/429/112 318/430/113
f 225/431/114 240/432/115 517/433/116 502/434/117
f 514/435/118 510/436/119 313/437/120 309/438/121
f 510/436/119 535/427/110 318/430/113 313/437/120
f 288/398/81 286/301/19 249/304/22 252/399/82
f 522/428/111 520/419/102 330/420/103 322/429/112
f 526/425/108 507/439/122 301/440/123 297/426/109
f 273/405/88 271/411/94 235/414/97 237/406/89
f 573/441/124 581/442/125 647/443/126 645/444/127
f 582/445/128 576/446/129 651/447/130 652/448/131
f 231/449/132 228/450/133 505/451/134 508/452/135
f 507/439/122 504/453/136 316/454/137 301/440/123
f 580/455/138 579/456/139 654/457/140 655/458/141
f 253/459/142 250/460/143 525/461/144 528/462/145
f 244/463/146 255/464/147 532/465/148 519/466/149
f 240/432/115 238/467/150 513/468/151 517/433/116
f 246/469/152 244/463/146 519/466/149 523/470/153
f 238/467/150 234/421/104 511/424/107 513/468/151
f 241/403/86 237/406/89 239/471/154 242/472/155
f 242/472/155 239/471/154 238/467/150 240/432/115
f 240/432/115 225/431/114 227/473/156 242/472/155
f 242/472/155 227/473/156 226/404/87 241/403/86
f 229/323/38 226/474/87 227/475/156 230/476/157
f 230/476/157 227/475/156 225/477/114 228/450/133
f 253/459/142 255/464/147 257/478/158 254/479/159
f 254/479/159 257/478/158 256/400/83 252/399/82
f 259/422/105 234/421/104 236/480/160 260/481/161
f 260/481/161 236/480/160 235/414/97 258/413/96
f 232/303/21 229/323/38 230/476/157 233/482/162
f 233/482/162 230/476/157 228/450/133 231/449/132
f 250/460/143 253/459/142 254/479/159 251/483/163
f 251/483/163 254/479/159 252/399/82 249/304/22
f 247/410/93 243/409/92 245/484/164 248/485/165
f 248/485/165 245/484/164 244/463/146 246/469/152
f 237/406/89 235/414/97 236/480/160 239/471/154
f 239/471/154 236/480/160 234/421/104 238/467/150
f 258/413/96 247/410/93 248/485/165 260/481/161
f 260/481/161 248/485/165 246/469/152 259/422/105
f 255/464/147 244/463/146 245/484/164 257/478/158
f 257/478/158 245/484/164 243/409/92 256/400/83
f 231/449/132 250/460/143 251/483/163 233/482/162
f 233/482/162 251/483/163 249/304/22 232/303/21
f 504/453/136 501/486/166 303/487/167 316/454/137
f 286/301/19 288/398/81 290/488/168 287/489/169
f 287/490/170 290/491/171 289/345/28 285/299/17
f 265/352/61 261/295/13 263/492/172 266/493/173
f 266/494/174 263/495/175 262/496/84 264/322/37
f 268/302/20 286/301/19 287/489/169 269/497/176
f 269/498/177 287/490/170 285/299/17 267/298/16
f 274/396/79 270/291/9 272/499/178 275/500/179
f 275/501/180 272/502/181 271/411/94 273/405/88
f 288/398/81 291/397/80 293/503/182 290/488/168
f 290/504/171 293/505/183 292/306/24 289/310/28
f 295/290/8 282/312/30 284/506/184 296/507/185
f 296/508/186 284/509/187 283/407/90 294/412/95
f 294/412/95 271/411/94 272/502/181 296/508/186
f 296/507/185 272/499/178 270/291/9 295/290/8
f 277/402/85 262/401/84 263/510/175 278/511/188
f 278/512/189 263/492/172 261/295/13 276/294/12
f 291/397/80 279/408/91 281/513/190 293/503/182
f 293/505/183 281/514/191 280/307/25 292/306/24
f 282/348/30 280/307/25 281/514/191 284/515/184
f 284/509/187 281/513/190 279/408/91 283/407/90
f 267/298/16 265/351/61 266/516/173 269/498/177
f 269/497/176 266/494/174 264/322/37 268/302/20
f 276/294/12 274/517/79 275/518/179 278/512/189
f 278/511/188 275/501/180 273/405/88 277/402/85
f 264/322/37 262/496/84 226/474/87 229/323/38
f 259/422/105 246/469/152 523/470/153 534/423/106
f 255/464/147 253/459/142 528/462/145 532/465/148
f 516/519/192 514/435/118 309/438/121 307/520/193
f 576/446/129 575/521/194 649/522/195 651/447/130
f 586/523/196 590/524/197 642/525/198 643/526/199
f 478/527/200 480/528/201 607/529/202 609/530/203
f 228/450/133 225/477/114 502/531/117 505/451/134
f 312/532/204 319/533/205 570/534/206 547/535/207
f 304/536/208 306/537/209 553/538/210 538/539/211
f 319/533/205 312/532/204 314/540/212 320/541/213
f 320/541/213 314/540/212 313/437/120 318/430/113
f 331/542/214 321/543/215 323/544/216 332/545/217
f 332/545/217 323/544/216 322/429/112 330/420/103
f 310/546/218 306/537/209 308/547/219 311/548/220
f 311/548/220 308/547/219 307/520/193 309/438/121
f 328/549/221 331/542/214 332/545/217 329/550/222
f 329/550/222 332/545/217 330/420/103 327/418/101
f 325/551/223 328/549/221 329/550/222 326/552/224
f 326/552/224 329/550/222 327/418/101 324/417/100
f 298/553/225 325/551/223 326/552/224 299/554/226
f 299/554/226 326/552/224 324/417/100 297/426/109
f 321/543/215 319/533/205 320/541/213 323/544/216
f 323/544/216 320/541/213 318/430/113 322/429/112
f 304/555/208 315/556/227 317/557/228 305/558/229
f 305/558/229 317/557/228 316/454/137 303/487/167
f 315/556/227 300/559/230 302/560/231 317/557/228
f 317/557/228 302/560/231 301/440/123 316/454/137
f 312/532/204 310/546/218 311/548/220 314/540/212
f 314/540/212 311/548/220 309/438/121 313/437/120
f 306/537/209 304/536/208 305/561/229 308/547/219
f 308/547/219 305/561/229 303/562/167 307/520/193
f 300/559/230 298/553/225 299/554/226 302/560/231
f 302/560/231 299/554/226 297/426/109 301/440/123
f 250/460/143 231/449/132 508/452/135 525/461/144
f 310/546/218 312/532/204 547/535/207 549/563/232
f 298/553/225 300/559/230 544/564/233 561/565/234
f 328/549/221 325/551/223 564/566/235 568/567/236
f 584/568/237 583/569/238 656/570/239 653/571/240
f 321/543/215 331/542/214 555/572/241 559/573/242
f 306/537/209 310/546/218 549/563/232 553/538/210
f 325/551/223 298/553/225 561/565/234 564/566/235
f 583/569/238 582/445/128 652/448/131 656/570/239
f 300/559/230 315/556/227 541/574/243 544/564/233
f 315/556/227 304/555/208 538/575/211 541/574/243
f 331/542/214 328/549/221 568/567/236 555/572/241
f 575/521/194 574/576/244 648/577/245 649/522/195
f 319/533/205 321/543/215 559/573/242 570/534/206
f 364/578/246 339/579/247 341/580/248 366/581/249
f 337/582/250 346/583/251 378/584/252 335/585/253
f 340/586/254 370/587/255 350/588/256 344/589/257
f 343/590/258 355/591/259 360/592/260 338/593/261
f 361/594/262 429/595/263 433/596/264 358/597/265
f 367/598/266 448/599/267 450/600/268 363/601/269
f 373/602/270 457/603/271 460/604/272 375/605/273
f 454/606/274 436/607/275 400/608/276 417/609/277
f 379/610/278 453/611/279 457/612/271 373/613/270
f 375/605/273 460/604/272 448/599/267 367/598/266
f 347/614/280 435/615/281 453/611/279 379/610/278
f 356/616/282 444/617/283 429/595/263 361/594/262
f 436/607/275 432/618/284 397/619/285 400/608/276
f 355/591/259 343/590/258 342/620/286 353/621/287
f 353/622/287 342/623/286 344/589/257 350/588/256
f 346/583/251 337/582/250 336/624/288 357/625/289
f 357/626/289 336/627/288 338/593/261 360/592/260
f 370/587/255 340/586/254 339/628/247 364/629/246
f 334/630/290 376/631/291 366/581/249 341/580/248
f 335/585/253 378/584/252 372/632/292 333/633/293
f 363/634/269 450/635/268 463/636/294 369/637/295
f 333/638/293 372/639/292 376/631/291 334/630/290
f 358/640/265 433/641/264 435/615/281 347/614/280
f 352/642/296 442/643/297 444/617/283 356/616/282
f 349/644/298 438/645/299 442/646/297 352/647/296
f 355/591/259 353/621/287 351/648/300 354/649/301
f 354/650/301 351/651/300 352/642/296 356/616/282
f 353/622/287 350/588/256 348/652/302 351/653/300
f 351/654/300 348/655/302 349/644/298 352/647/296
f 346/583/251 357/625/289 359/656/303 345/657/304
f 345/658/304 359/659/303 358/640/265 347/614/280
f 357/626/289 360/592/260 362/660/305 359/661/303
f 359/662/303 362/663/305 361/594/262 358/597/265
f 364/578/246 366/581/249 368/664/306 365/665/307
f 365/666/307 368/667/306 367/598/266 363/601/269
f 370/587/255 364/629/246 365/668/307 371/669/308
f 371/670/308 365/671/307 363/634/269 369/637/295
f 373/602/270 375/605/273 377/672/309 374/673/310
f 374/674/310 377/675/309 376/631/291 372/639/292
f 379/610/278 373/613/270 374/676/310 380/677/311
f 380/678/311 374/679/310 372/632/292 378/584/252
f 375/605/273 367/598/266 368/667/306 377/672/309
f 377/675/309 368/664/306 366/581/249 376/631/291
f 347/614/280 379/610/278 380/677/311 345/658/304
f 345/657/304 380/678/311 378/584/252 346/583/251
f 356/616/282 361/594/262 362/663/305 354/650/301
f 354/649/301 362/660/305 360/592/260 355/591/259
f 369/637/295 349/644/298 348/655/302 371/670/308
f 371/669/308 348/652/302 350/588/256 370/587/255
f 459/680/312 456/681/313 420/682/314 424/683/315
f 430/684/316 445/685/317 409/686/318 394/687/319
f 445/685/317 441/688/320 405/689/321 409/686/318
f 451/690/322 447/691/323 411/692/324 415/693/325
f 439/694/326 462/695/327 426/696/328 403/697/329
f 447/691/323 459/680/312 424/683/315 411/692/324
f 462/695/327 451/690/322 415/693/325 426/696/328
f 421/698/330 418/699/331 389/700/332 390/701/333
f 414/702/334 412/703/335 387/704/336 388/705/337
f 423/706/338 421/698/330 390/701/333 391/707/339
f 406/708/340 402/709/341 384/710/342 385/711/343
f 427/712/344 414/702/334 388/705/337 392/713/345
f 412/703/335 423/706/338 391/707/339 387/704/336
f 396/714/346 393/715/347 381/716/348 382/717/349
f 402/709/341 427/712/344 392/713/345 384/710/342
f 418/699/331 399/718/350 383/719/351 389/700/332
f 456/681/313 454/606/274 417/609/277 420/682/314
f 408/720/352 406/721/340 385/722/343 386/723/353
f 399/718/350 396/714/346 382/717/349 383/719/351
f 441/724/320 439/694/326 403/697/329 405/725/321
f 573/726/124 577/727/354 588/728/355 594/729/356
f 575/730/194 576/731/129 589/732/357 590/733/197
f 583/734/238 584/735/237 592/736/358 593/737/359
f 383/738/351 382/739/349 484/740/360 469/741/361
f 382/739/349 381/742/348 471/743/362 484/740/360
f 574/744/244 575/730/194 590/733/197 586/745/196
f 390/746/333 389/747/332 465/748/363 492/749/364
f 387/750/336 391/751/339 495/752/365 498/753/366
f 386/754/353 385/755/343 477/756/367 475/757/368
f 388/758/337 387/750/336 498/753/366 490/759/369
f 384/760/342 392/761/345 486/762/370 481/763/371
f 409/686/318 405/689/321 407/764/372 410/765/373
f 410/765/373 407/764/372 406/721/340 408/720/352
f 408/720/352 393/715/347 395/766/374 410/765/373
f 410/765/373 395/766/374 394/687/319 409/686/318
f 397/619/285 394/687/319 395/766/374 398/767/375
f 398/767/375 395/766/374 393/715/347 396/714/346
f 421/698/330 423/706/338 425/768/376 422/769/377
f 422/769/377 425/768/376 424/683/315 420/682/314
f 427/712/344 402/709/341 404/770/378 428/771/379
f 428/771/379 404/770/378 403/697/329 426/696/328
f 400/608/276 397/619/285 398/767/375 401/772/380
f 401/772/380 398/767/375 396/714/346 399/718/350
f 418/699/331 421/698/330 422/769/377 419/773/381
f 419/773/381 422/769/377 420/682/314 417/609/277
f 415/693/325 411/692/324 413/774/382 416/775/383
f 416/775/383 413/774/382 412/703/335 414/702/334
f 405/725/321 403/697/329 404/770/378 407/776/372
f 407/776/372 404/770/378 402/709/341 406/708/340
f 426/696/328 415/693/325 416/775/383 428/771/379
f 428/771/379 416/775/383 414/702/334 427/712/344
f 423/706/338 412/703/335 413/774/382 425/768/376
f 425/768/376 413/774/382 411/692/324 424/683/315
f 399/718/350 418/699/331 419/773/381 401/772/380
f 401/772/380 419/773/381 417/609/277 400/608/276
f 393/715/347 408/720/352 386/723/353 381/716/348
f 454/606/274 456/681/313 458/777/384 455/778/385
f 455/779/386 458/780/387 457/612/271 453/611/279
f 433/596/264 429/595/263 431/781/388 434/782/389
f 434/783/390 431/784/391 430/684/316 432/618/284
f 436/607/275 454/606/274 455/778/385 437/785/392
f 437/786/393 455/779/386 453/611/279 435/615/281
f 442/646/297 438/645/299 440/787/394 443/788/395
f 443/789/396 440/790/397 439/694/326 441/724/320
f 456/681/313 459/680/312 461/791/398 458/777/384
f 458/792/387 461/793/399 460/604/272 457/603/271
f 463/636/294 450/635/268 452/794/400 464/795/401
f 464/796/402 452/797/403 451/690/322 462/695/327
f 462/695/327 439/694/326 440/790/397 464/796/402
f 464/795/401 440/787/394 438/645/299 463/636/294
f 445/685/317 430/684/316 431/784/391 446/798/404
f 446/799/405 431/781/388 429/595/263 444/617/283
f 459/680/312 447/691/323 449/800/406 461/791/398
f 461/793/399 449/801/407 448/599/267 460/604/272
f 450/600/268 448/599/267 449/801/407 452/802/400
f 452/797/403 449/800/406 447/691/323 451/690/322
f 435/615/281 433/641/264 434/803/389 437/786/393
f 437/785/392 434/783/390 432/618/284 436/607/275
f 444/617/283 442/643/297 443/804/395 446/799/405
f 446/798/404 443/805/396 441/688/320 445/685/317
f 432/618/284 430/684/316 394/687/319 397/619/285
f 392/761/345 388/758/337 490/759/369 486/762/370
f 391/751/339 390/746/333 492/749/364 495/752/365
f 385/806/343 384/760/342 481/763/371 477/807/367
f 576/731/129 582/808/128 585/809/408 589/732/357
f 480/528/201 487/810/409 630/811/410 607/529/202
f 577/727/354 578/812/411 587/813/412 588/728/355
f 580/814/138 581/815/125 595/816/413 596/817/414
f 381/742/348 386/754/353 475/757/368 471/743/362
f 584/818/237 579/819/139 591/820/415 592/821/358
f 472/822/416 474/823/417 613/824/418 598/825/419
f 578/812/411 574/744/244 586/745/196 587/813/412
f 487/810/409 480/528/201 482/826/420 488/827/421
f 488/827/421 482/826/420 481/763/371 486/762/370
f 499/828/422 489/829/423 491/830/424 500/831/425
f 500/831/425 491/830/424 490/759/369 498/753/366
f 478/832/200 474/823/417 476/833/426 479/834/427
f 479/834/427 476/833/426 475/757/368 477/756/367
f 496/835/428 499/828/422 500/831/425 497/836/429
f 497/836/429 500/831/425 498/753/366 495/752/365
f 493/837/430 496/835/428 497/836/429 494/838/431
f 494/838/431 497/836/429 495/752/365 492/749/364
f 466/839/432 493/837/430 494/838/431 467/840/433
f 467/840/433 494/838/431 492/749/364 465/748/363
f 489/829/423 487/810/409 488/827/421 491/830/424
f 491/830/424 488/827/421 486/762/370 490/759/369
f 472/822/416 483/841/434 485/842/435 473/843/436
f 473/843/436 485/842/435 484/740/360 471/743/362
f 483/841/434 468/844/437 470/845/438 485/842/435
f 485/842/435 470/845/438 469/741/361 484/740/360
f 480/528/201 478/527/200 479/846/427 482/826/420
f 482/826/420 479/846/427 477/807/367 481/763/371
f 474/823/417 472/822/416 473/843/436 476/833/426
f 476/833/426 473/843/436 471/743/362 475/757/368
f 468/844/437 466/839/432 467/840/433 470/845/438
f 470/845/438 467/840/433 465/748/363 469/741/361
f 389/747/332 383/738/351 469/741/361 465/748/363
f 487/810/409 489/829/423 619/847/439 630/811/410
f 489/829/423 499/828/422 615/848/440 619/847/439
f 493/837/430 466/839/432 621/849/441 624/850/442
f 468/844/437 483/841/434 601/851/443 604/852/444
f 483/841/434 472/822/416 598/825/419 601/851/443
f 582/808/128 583/734/238 593/737/359 585/809/408
f 466/839/432 468/844/437 604/852/444 621/849/441
f 595/816/413 581/815/125 573/726/124 594/729/356
f 474/823/417 478/832/200 609/853/203 613/824/418
f 496/835/428 493/837/430 624/850/442 628/854/445
f 577/855/354 573/441/124 645/444/127 646/856/446
f 578/857/411 577/855/354 646/856/446 650/858/447
f 499/828/422 496/835/428 628/854/445 615/848/440
f 517/433/116 513/468/151 515/859/448 518/860/449
f 518/861/450 515/862/451 514/435/118 516/519/192
f 516/519/192 501/863/166 503/864/452 518/861/450
f 518/860/449 503/865/453 502/434/117 517/433/116
f 505/451/134 502/531/117 503/866/453 506/867/454
f 506/868/455 503/869/452 501/486/166 504/453/136
f 529/416/99 531/415/98 533/870/456 530/871/457
f 530/872/458 533/873/459 532/465/148 528/462/145
f 535/427/110 510/436/119 512/874/460 536/875/461
f 536/876/462 512/877/463 511/424/107 534/423/106
f 508/452/135 505/451/134 506/867/454 509/878/464
f 509/879/465 506/868/455 504/453/136 507/439/122
f 526/425/108 529/416/99 530/871/457 527/880/466
f 527/881/467 530/872/458 528/462/145 525/461/144
f 523/470/153 519/466/149 521/882/468 524/883/469
f 524/884/470 521/885/471 520/419/102 522/428/111
f 513/468/151 511/424/107 512/877/463 515/859/448
f 515/862/451 512/874/460 510/436/119 514/435/118
f 534/423/106 523/470/153 524/883/469 536/876/462
f 536/875/461 524/884/470 522/428/111 535/427/110
f 531/415/98 520/419/102 521/885/471 533/870/456
f 533/873/459 521/882/468 519/466/149 532/465/148
f 507/439/122 526/425/108 527/880/466 509/879/465
f 509/878/464 527/881/467 525/461/144 508/452/135
f 501/863/166 516/519/192 307/520/193 303/562/167
f 553/538/210 549/563/232 551/886/472 554/887/473
f 554/888/474 551/889/475 550/890/476 552/891/477
f 552/891/477 537/892/478 539/893/479 554/888/474
f 554/887/473 539/894/480 538/539/211 553/538/210
f 541/574/243 538/575/211 539/895/480 542/896/481
f 542/897/482 539/898/479 537/899/478 540/900/483
f 565/901/484 567/902/485 569/903/486 566/904/487
f 566/905/488 569/906/489 568/567/236 564/566/235
f 571/907/490 546/908/491 548/909/492 572/910/493
f 572/911/494 548/912/495 547/535/207 570/534/206
f 544/564/233 541/574/243 542/896/481 545/913/496
f 545/914/497 542/897/482 540/900/483 543/915/498
f 562/916/499 565/901/484 566/904/487 563/917/500
f 563/918/501 566/905/488 564/566/235 561/565/234
f 559/573/242 555/572/241 557/919/502 560/920/503
f 560/921/504 557/922/505 556/923/506 558/924/507
f 549/563/232 547/535/207 548/912/495 551/886/472
f 551/889/475 548/909/492 546/908/491 550/890/476
f 570/534/206 559/573/242 560/920/503 572/911/494
f 572/910/493 560/921/504 558/924/507 571/907/490
f 567/902/485 556/923/506 557/922/505 569/903/486
f 569/906/489 557/919/502 555/572/241 568/567/236
f 543/915/498 562/916/499 563/917/500 545/914/497
f 545/913/496 563/918/501 561/565/234 544/564/233
f 581/442/125 580/455/138 655/458/141 647/443/126
f 579/456/139 584/925/237 653/926/240 654/457/140
f 590/524/197 589/927/357 641/928/508 642/525/198
f 585/929/408 593/930/359 639/931/509 640/932/510
f 633/933/511 634/934/512 591/935/415 596/936/414
f 579/819/139 580/814/138 596/817/414 591/820/415
f 589/927/357 585/929/408 640/932/510 641/928/508
f 588/937/355 587/938/412 644/939/513 637/940/514
f 587/938/412 586/523/196 643/526/199 644/939/513
f 592/941/358 591/935/415 634/934/512 638/942/515
f 593/930/359 592/943/358 638/944/515 639/931/509
f 596/936/414 595/945/413 635/946/516 633/933/511
f 595/945/413 594/947/356 636/948/517 635/946/516
f 594/947/356 588/937/355 637/940/514 636/948/517
f 613/824/418 609/853/203 611/949/518 614/950/519
f 614/951/519 611/952/518 610/953/520 612/954/521
f 612/954/521 597/955/522 599/956/523 614/951/519
f 614/950/519 599/957/523 598/825/419 613/824/418
f 601/851/443 598/825/419 599/957/523 602/958/524
f 602/959/524 599/956/523 597/955/522 600/960/525
f 625/961/526 627/962/527 629/963/528 626/964/529
f 626/965/529 629/966/528 628/854/445 624/850/442
f 631/967/530 606/968/531 608/969/532 632/970/533
f 632/971/533 608/972/532 607/529/202 630/811/410
f 604/852/444 601/851/443 602/958/524 605/973/534
f 605/974/534 602/959/524 600/960/525 603/975/535
f 622/976/536 625/961/526 626/964/529 623/977/537
f 623/978/537 626/965/529 624/850/442 621/849/441
f 619/847/439 615/848/440 617/979/538 620/980/539
f 620/981/539 617/982/538 616/983/540 618/984/541
f 609/530/203 607/529/202 608/972/532 611/985/518
f 611/986/518 608/969/532 606/968/531 610/987/520
f 630/811/410 619/847/439 620/980/539 632/971/533
f 632/970/533 620/981/539 618/984/541 631/967/530
f 627/962/527 616/983/540 617/982/538 629/963/528
f 629/966/528 617/979/538 615/848/440 628/854/445
f 603/975/535 622/976/536 623/977/537 605/974/534
f 605/973/534 623/978/537 621/849/441 604/852/444
f 597/955/522 612/954/521 634/934/512 633/933/511
f 603/975/535 600/960/525 635/946/516 636/948/517
f 606/968/531 631/967/530 640/932/510 639/931/509
f 627/962/527 625/961/526 644/939/513 643/526/199
f 612/954/521 610/953/520 638/942/515 634/934/512
f 600/960/525 597/955/522 633/933/511 635/946/516
f 625/961/526 622/976/536 637/940/514 644/939/513
f 631/967/530 618/984/541 641/928/508 640/932/510
f 616/983/540 627/962/527 643/526/199 642/525/198
f 610/987/520 606/968/531 639/931/509 638/944/515
f 618/984/541 616/983/540 642/525/198 641/928/508
f 622/976/536 603/975/535 636/948/517 637/940/514
f 571/907/490 558/924/507 646/856/446 645/444/127
f 550/890/476 546/908/491 647/443/126 655/458/141
f 540/900/483 537/899/478 653/571/240 656/570/239
f 552/891/477 550/890/476 655/458/141 654/457/140
f 567/902/485 565/901/484 649/522/195 648/577/245
f 558/924/507 556/923/506 650/858/447 646/856/446
f 562/916/499 543/915/498 652/448/131 651/447/130
f 543/915/498 540/900/483 656/570/239 652/448/131
f 565/901/484 562/916/499 651/447/130 649/522/195
f 556/923/506 567/902/485 648/577/245 650/858/447
f 546/908/491 571/907/490 645/444/127 647/443/126
f 537/892/478 552/891/477 654/457/140 653/926/240
f 185/313/1 187/329/1 188/319/1 186/314/1
f 192/359/43 658/988/42 664/989/542 195/360/65
f 187/329/1 185/313/1 661/990/543 681/330/44
f 687/344/58 220/343/57 210/340/54 667/339/53
f 214/380/73 672/991/544 669/992/52 208/381/51
f 201/370/49 676/993/48 682/994/545 204/371/69
f 188/319/1 187/329/1 679/336/50 690/347/59
f 691/995/546 222/395/78 216/394/56 685/996/55
f 660/326/41 190/325/40 204/371/69 682/994/545
f 672/991/544 214/380/73 195/360/65 664/989/542
f 186/314/1 670/318/34 673/315/31
f 678/333/47 199/332/46 222/395/78 691/995/546
f 658/327/42 660/326/41 662/997/547 659/998/548
f 659/999/548 662/1000/547 661/990/543 657/324/39
f 664/989/542 658/988/42 659/1001/548 665/1002/549
f 665/1003/549 659/999/548 657/324/39 663/316/32
f 667/339/53 669/338/52 671/1004/550 668/1005/551
f 668/1006/551 671/1007/550 670/318/34 666/317/33
f 669/992/52 672/991/544 674/1008/552 671/1009/550
f 671/1007/550 674/1010/552 673/315/31 670/318/34
f 676/334/48 678/333/47 680/1011/553 677/1012/554
f 677/1013/554 680/1014/553 679/336/50 675/331/45
f 682/994/545 676/993/48 677/1015/554 683/1016/555
f 683/1017/555 677/1013/554 675/331/45 681/330/44
f 685/341/55 687/344/58 689/1018/556 686/1019/557
f 686/1020/557 689/1021/556 688/321/36 684/320/35
f 691/995/546 685/996/55 686/1022/557 692/1023/558
f 692/1024/558 686/1020/557 684/320/35 690/347/59
f 660/326/41 682/994/545 683/1016/555 662/997/547
f 662/1000/547 683/1017/555 681/330/44 661/990/543
f 672/991/544 664/989/542 665/1002/549 674/1008/552
f 674/1010/552 665/1003/549 663/316/32 673/315/31
f 687/344/58 667/339/53 668/1005/551 689/1018/556
f 689/1021/556 668/1006/551 666/317/33 688/321/36
f 678/333/47 691/995/546 692/1023/558 680/1011/553
f 680/1014/553 692/1024/558 690/347/59 679/336/50
f 185/313/1 657/324/39 661/990/543
f 193/358/64 274/517/79 276/294/12 189/293/11
f 369/637/295 463/636/294 438/645/299 349/644/298
f 574/576/244 578/857/411 650/858/447 648/577/245
f 721/1025/559 704/1026/560 778/1027/561 803/1028/562
f 697/1029/563 713/1030/564 769/1031/565 784/1032/566
f 706/1033/567 731/1034/568 793/1035/569 775/1036/570
f 794/1037/571 757/1038/572 740/1039/573 776/1040/574
f 727/1041/575 719/1042/576 788/1043/577 800/1044/578
f 725/1045/579 727/1041/575 800/1044/578 797/1046/580
f 715/1047/581 721/1025/559 803/1028/562 790/1048/582
f 693/1049/1 1171/1050/583 1181/1051/584 694/1052/1
f 694/1052/1 1178/1053/585 1174/1054/586
f 696/1055/1 1196/1056/587 1192/1057/588
f 694/1052/1 1174/1054/586 1196/1056/587 696/1055/1
f 776/1040/574 740/1039/573 737/1058/589 772/1059/590
f 693/1049/1 1165/1060/591 1171/1050/583
f 698/1061/592 700/1062/593 1166/1063/48 1168/1064/545
f 695/1065/1 1183/1066/594 1189/1067/595
f 707/1068/596 709/1069/597 1184/1070/42 1186/1071/598
f 695/1065/1 1187/1072/599 1183/1066/594
f 716/1073/600 718/1074/601 1175/1075/58 1177/1076/55
f 1193/1077/52 1195/1078/53 728/1079/602 724/1080/603
f 731/1034/568 725/1081/579 797/1082/580 793/1035/569
f 696/1055/1 1192/1057/588 1198/1083/604
f 719/1042/576 715/1084/581 790/1085/582 788/1043/577
f 710/1086/605 706/1033/567 775/1036/570 773/1087/606
f 713/1030/564 710/1088/605 773/1089/606 769/1031/565
f 698/1061/592 699/1090/607 702/1091/608 700/1062/593
f 699/1092/607 697/1029/563 701/1093/609 702/1094/608
f 700/1095/593 702/1096/608 705/1097/610 703/1098/611
f 702/1099/608 701/1100/609 704/1026/560 705/1101/610
f 707/1068/596 708/1102/612 711/1103/613 709/1069/597
f 708/1104/612 706/1033/567 710/1086/605 711/1105/613
f 709/1106/597 711/1107/613 714/1108/614 712/1109/615
f 711/1110/613 710/1088/605 713/1030/564 714/1111/614
f 716/1073/600 717/1112/616 720/1113/617 718/1074/601
f 717/1114/616 715/1084/581 719/1042/576 720/1115/617
f 722/1116/618 723/1117/619 717/1118/616 716/1119/600
f 723/1120/619 721/1025/559 715/1047/581 717/1121/616
f 725/1045/579 726/1122/620 729/1123/621 727/1041/575
f 726/1124/620 724/1080/603 728/1079/602 729/1125/621
f 731/1034/568 732/1126/622 726/1127/620 725/1081/579
f 732/1128/622 730/1129/623 724/1130/603 726/1131/620
f 727/1041/575 729/1123/621 720/1115/617 719/1042/576
f 729/1125/621 728/1079/602 718/1074/601 720/1113/617
f 706/1033/567 708/1104/612 732/1126/622 731/1034/568
f 708/1102/612 707/1068/596 730/1129/623 732/1128/622
f 697/1029/563 699/1092/607 714/1111/614 713/1030/564
f 699/1090/607 698/1061/592 712/1109/615 714/1108/614
f 721/1025/559 723/1120/619 705/1101/610 704/1026/560
f 723/1117/619 722/1116/618 703/1098/611 705/1097/610
f 704/1026/560 701/1100/609 782/1132/624 778/1027/561
f 799/1133/625 764/1134/626 760/1135/627 796/1136/628
f 770/1137/629 734/1138/630 749/1139/631 785/1140/632
f 785/1140/632 749/1139/631 745/1141/633 781/1142/634
f 791/1143/635 755/1144/636 751/1145/637 787/1146/638
f 779/1147/639 743/1148/640 766/1149/641 802/1150/642
f 787/1146/638 751/1145/637 764/1134/626 799/1133/625
f 802/1150/642 766/1149/641 755/1144/636 791/1143/635
f 1039/1151/643 835/1152/644 832/1153/645 1037/1154/646
f 1028/1155/647 838/1156/648 835/1152/644 1039/1151/643
f 742/1157/649 1019/1158/650 1042/1159/651 767/1160/652
f 1037/1154/646 832/1153/645 805/1161/653 1034/1162/654
f 1043/1163/655 826/1164/656 830/1165/657 1030/1166/658
f 733/1167/659 1010/1168/660 1025/1169/661 748/1170/662
f 1022/1171/663 817/1172/664 821/1173/665 1018/1174/666
f 1018/1174/666 821/1173/665 826/1164/656 1043/1163/655
f 796/1136/628 760/1135/627 757/1038/572 794/1037/571
f 1030/1166/658 830/1165/657 838/1156/648 1028/1155/647
f 1034/1162/654 805/1161/653 809/1175/667 1015/1176/668
f 781/1142/634 745/1141/633 743/1148/640 779/1147/639
f 1081/1177/669 1153/1178/670 1155/1179/671 1089/1180/672
f 1090/1181/673 1160/1182/674 1159/1183/675 1084/1184/676
f 739/1185/677 1016/1186/678 1013/1187/679 736/1188/680
f 1015/1176/668 809/1175/667 824/1189/681 1012/1190/682
f 1088/1191/683 1163/1192/684 1162/1193/685 1087/1194/686
f 761/1195/687 1036/1196/688 1033/1197/689 758/1198/690
f 752/1199/691 1027/1200/692 1040/1201/693 763/1202/694
f 748/1170/662 1025/1169/661 1021/1203/695 746/1204/696
f 754/1205/697 1031/1206/698 1027/1200/692 752/1199/691
f 746/1204/696 1021/1203/695 1019/1158/650 742/1157/649
f 749/1139/631 750/1207/699 747/1208/700 745/1141/633
f 750/1207/699 748/1170/662 746/1204/696 747/1208/700
f 748/1170/662 750/1207/699 735/1209/701 733/1167/659
f 750/1207/699 749/1139/631 734/1138/630 735/1209/701
f 737/1058/589 738/1210/702 735/1211/701 734/1212/630
f 738/1210/702 736/1188/680 733/1213/659 735/1211/701
f 761/1195/687 762/1214/703 765/1215/704 763/1202/694
f 762/1214/703 760/1135/627 764/1134/626 765/1215/704
f 767/1160/652 768/1216/705 744/1217/706 742/1157/649
f 768/1216/705 766/1149/641 743/1148/640 744/1217/706
f 740/1039/573 741/1218/707 738/1210/702 737/1058/589
f 741/1218/707 739/1185/677 736/1188/680 738/1210/702
f 758/1198/690 759/1219/708 762/1214/703 761/1195/687
f 759/1219/708 757/1038/572 760/1135/627 762/1214/703
f 755/1144/636 756/1220/709 753/1221/710 751/1145/637
f 756/1220/709 754/1205/697 752/1199/691 753/1221/710
f 745/1141/633 747/1208/700 744/1217/706 743/1148/640
f 747/1208/700 746/1204/696 742/1157/649 744/1217/706
f 766/1149/641 768/1216/705 756/1220/709 755/1144/636
f 768/1216/705 767/1160/652 754/1205/697 756/1220/709
f 763/1202/694 765/1215/704 753/1221/710 752/1199/691
f 765/1215/704 764/1134/626 751/1145/637 753/1221/710
f 739/1185/677 741/1218/707 759/1219/708 758/1198/690
f 741/1218/707 740/1039/573 757/1038/572 759/1219/708
f 1012/1190/682 824/1189/681 811/1222/711 1009/1223/712
f 794/1037/571 795/1224/713 798/1225/714 796/1136/628
f 795/1226/715 793/1035/569 797/1082/580 798/1227/716
f 773/1089/606 774/1228/717 771/1229/718 769/1031/565
f 774/1230/719 772/1059/590 770/1231/629 771/1232/720
f 776/1040/574 777/1233/721 795/1224/713 794/1037/571
f 777/1234/722 775/1036/570 793/1035/569 795/1226/715
f 782/1132/624 783/1235/723 780/1236/724 778/1027/561
f 783/1237/725 781/1142/634 779/1147/639 780/1238/726
f 796/1136/628 798/1225/714 801/1239/727 799/1133/625
f 798/1240/716 797/1046/580 800/1044/578 801/1241/728
f 803/1028/562 804/1242/729 792/1243/730 790/1048/582
f 804/1244/731 802/1150/642 791/1143/635 792/1245/732
f 802/1150/642 804/1244/731 780/1238/726 779/1147/639
f 804/1242/729 803/1028/562 778/1027/561 780/1236/724
f 785/1140/632 786/1246/733 771/1247/720 770/1137/629
f 786/1248/734 784/1032/566 769/1031/565 771/1229/718
f 799/1133/625 801/1239/727 789/1249/735 787/1146/638
f 801/1241/728 800/1044/578 788/1043/577 789/1250/736
f 790/1085/582 792/1251/730 789/1250/736 788/1043/577
f 792/1245/732 791/1143/635 787/1146/638 789/1249/735
f 775/1036/570 777/1234/722 774/1252/717 773/1087/606
f 777/1233/721 776/1040/574 772/1059/590 774/1230/719
f 784/1032/566 786/1248/734 783/1253/723 782/1254/624
f 786/1246/733 785/1140/632 781/1142/634 783/1237/725
f 772/1059/590 737/1058/589 734/1212/630 770/1231/629
f 767/1160/652 1042/1159/651 1031/1206/698 754/1205/697
f 763/1202/694 1040/1201/693 1036/1196/688 761/1195/687
f 1024/1255/737 815/1256/738 817/1172/664 1022/1171/663
f 1084/1184/676 1159/1183/675 1157/1257/739 1083/1258/740
f 1094/1259/741 1151/1260/742 1150/1261/743 1098/1262/744
f 986/1263/745 1117/1264/746 1115/1265/747 988/1266/748
f 736/1188/680 1013/1187/679 1010/1267/660 733/1213/659
f 820/1268/749 1055/1269/750 1078/1270/751 827/1271/752
f 812/1272/753 1046/1273/754 1061/1274/755 814/1275/756
f 827/1271/752 828/1276/421 822/1277/420 820/1268/749
f 828/1276/421 826/1164/656 821/1173/665 822/1277/420
f 839/1278/757 840/1279/425 831/1280/424 829/1281/758
f 840/1279/425 838/1156/648 830/1165/657 831/1280/424
f 818/1282/759 819/1283/427 816/1284/426 814/1275/756
f 819/1283/427 817/1172/664 815/1256/738 816/1284/426
f 836/1285/760 837/1286/429 840/1279/425 839/1278/757
f 837/1286/429 835/1152/644 838/1156/648 840/1279/425
f 833/1287/761 834/1288/431 837/1286/429 836/1285/760
f 834/1288/431 832/1153/645 835/1152/644 837/1286/429
f 806/1289/762 807/1290/433 834/1288/431 833/1287/761
f 807/1290/433 805/1161/653 832/1153/645 834/1288/431
f 829/1281/758 831/1280/424 828/1276/421 827/1271/752
f 831/1280/424 830/1165/657 826/1164/656 828/1276/421
f 812/1291/753 813/1292/436 825/1293/435 823/1294/763
f 813/1292/436 811/1222/711 824/1189/681 825/1293/435
f 823/1294/763 825/1293/435 810/1295/438 808/1296/764
f 825/1293/435 824/1189/681 809/1175/667 810/1295/438
f 820/1268/749 822/1277/420 819/1283/427 818/1282/759
f 822/1277/420 821/1173/665 817/1172/664 819/1283/427
f 814/1275/756 816/1284/426 813/1297/436 812/1272/753
f 816/1284/426 815/1256/738 811/1298/711 813/1297/436
f 808/1296/764 810/1295/438 807/1290/433 806/1289/762
f 810/1295/438 809/1175/667 805/1161/653 807/1290/433
f 758/1198/690 1033/1197/689 1016/1186/678 739/1185/677
f 818/1282/759 1057/1299/765 1055/1269/750 820/1268/749
f 806/1289/762 1069/1300/766 1052/1301/767 808/1296/764
f 836/1285/760 1076/1302/768 1072/1303/769 833/1287/761
f 1092/1304/770 1161/1305/771 1164/1306/772 1091/1307/773
f 829/1281/758 1067/1308/774 1063/1309/775 839/1278/757
f 814/1275/756 1061/1274/755 1057/1299/765 818/1282/759
f 833/1287/761 1072/1303/769 1069/1300/766 806/1289/762
f 1091/1307/773 1164/1306/772 1160/1182/674 1090/1181/673
f 808/1296/764 1052/1301/767 1049/1310/776 823/1294/763
f 823/1294/763 1049/1310/776 1046/1311/754 812/1291/753
f 839/1278/757 1063/1309/775 1076/1302/768 836/1285/760
f 1083/1258/740 1157/1257/739 1156/1312/777 1082/1313/778
f 827/1271/752 1078/1270/751 1067/1308/774 829/1281/758
f 872/1314/779 874/1315/780 849/1316/781 847/1317/293
f 845/1318/257 843/1319/254 886/1320/782 854/1321/783
f 848/1322/253 852/1323/250 858/1324/784 878/1325/785
f 851/1326/786 846/1327/258 868/1328/787 863/1329/788
f 869/1330/789 866/1331/790 941/1332/791 937/1333/792
f 875/1334/793 871/1335/794 958/1336/795 956/1337/796
f 881/1338/797 883/1339/798 968/1340/799 965/1341/800
f 962/1342/801 925/1343/802 908/1344/803 944/1345/804
f 887/1346/805 881/1347/797 965/1348/800 961/1349/806
f 883/1339/798 875/1334/793 956/1337/796 968/1340/799
f 855/1350/807 887/1346/805 961/1349/806 943/1351/808
f 864/1352/809 869/1330/789 937/1333/792 952/1353/810
f 944/1345/804 908/1344/803 905/1354/811 940/1355/812
f 863/1329/788 861/1356/813 850/1357/288 851/1326/786
f 861/1358/813 858/1324/784 852/1323/250 850/1359/288
f 854/1321/783 865/1360/814 844/1361/286 845/1318/257
f 865/1362/814 868/1328/787 846/1327/258 844/1363/286
f 878/1325/785 872/1364/779 847/1365/293 848/1322/253
f 842/1366/248 849/1316/781 874/1315/780 884/1367/815
f 843/1319/254 841/1368/247 880/1369/816 886/1320/782
f 871/1370/794 877/1371/817 971/1372/818 958/1373/795
f 841/1374/247 842/1366/248 884/1367/815 880/1375/816
f 866/1376/790 855/1350/807 943/1351/808 941/1377/791
f 860/1378/819 864/1352/809 952/1353/810 950/1379/820
f 857/1380/821 860/1381/819 950/1382/820 946/1383/822
f 863/1329/788 862/1384/823 859/1385/824 861/1356/813
f 862/1386/823 864/1352/809 860/1378/819 859/1387/824
f 861/1358/813 859/1388/824 856/1389/825 858/1324/784
f 859/1390/824 860/1381/819 857/1380/821 856/1391/825
f 854/1321/783 853/1392/826 867/1393/827 865/1360/814
f 853/1394/826 855/1350/807 866/1376/790 867/1395/827
f 865/1362/814 867/1396/827 870/1397/828 868/1328/787
f 867/1398/827 866/1331/790 869/1330/789 870/1399/828
f 872/1314/779 873/1400/829 876/1401/830 874/1315/780
f 873/1402/829 871/1335/794 875/1334/793 876/1403/830
f 878/1325/785 879/1404/831 873/1405/829 872/1364/779
f 879/1406/831 877/1371/817 871/1370/794 873/1407/829
f 881/1338/797 882/1408/832 885/1409/833 883/1339/798
f 882/1410/832 880/1375/816 884/1367/815 885/1411/833
f 887/1346/805 888/1412/834 882/1413/832 881/1347/797
f 888/1414/834 886/1320/782 880/1369/816 882/1415/832
f 883/1339/798 885/1409/833 876/1403/830 875/1334/793
f 885/1411/833 884/1367/815 874/1315/780 876/1401/830
f 855/1350/807 853/1394/826 888/1412/834 887/1346/805
f 853/1392/826 854/1321/783 886/1320/782 888/1414/834
f 864/1352/809 862/1386/823 870/1399/828 869/1330/789
f 862/1384/823 863/1329/788 868/1328/787 870/1397/828
f 877/1371/817 879/1406/831 856/1391/825 857/1380/821
f 879/1404/831 878/1325/785 858/1324/784 856/1389/825
f 967/1416/835 932/1417/836 928/1418/837 964/1419/838
f 938/1420/839 902/1421/840 917/1422/841 953/1423/842
f 953/1423/842 917/1422/841 913/1424/843 949/1425/844
f 959/1426/845 923/1427/846 919/1428/847 955/1429/848
f 947/1430/849 911/1431/850 934/1432/851 970/1433/852
f 955/1429/848 919/1428/847 932/1417/836 967/1416/835
f 970/1433/852 934/1432/851 923/1427/846 959/1426/845
f 929/1434/853 898/1435/854 897/1436/855 926/1437/856
f 922/1438/857 896/1439/858 895/1440/859 920/1441/860
f 931/1442/861 899/1443/862 898/1435/854 929/1434/853
f 914/1444/863 893/1445/864 892/1446/865 910/1447/866
f 935/1448/867 900/1449/868 896/1439/858 922/1438/857
f 920/1441/860 895/1440/859 899/1443/862 931/1442/861
f 904/1450/869 890/1451/870 889/1452/871 901/1453/872
f 910/1447/866 892/1446/865 900/1449/868 935/1448/867
f 926/1437/856 897/1436/855 891/1454/873 907/1455/874
f 964/1419/838 928/1418/837 925/1343/802 962/1342/801
f 916/1456/875 894/1457/876 893/1458/864 914/1459/863
f 907/1455/874 891/1454/873 890/1451/870 904/1450/869
f 949/1460/844 913/1461/843 911/1431/850 947/1430/849
f 1081/1462/669 1102/1463/877 1096/1464/878 1085/1465/879
f 1083/1466/740 1098/1467/744 1097/1468/880 1084/1469/676
f 1091/1470/773 1101/1471/881 1100/1472/882 1092/1473/770
f 891/1474/873 977/1475/883 992/1476/884 890/1477/870
f 890/1477/870 992/1476/884 979/1478/885 889/1479/871
f 1082/1480/778 1094/1481/741 1098/1467/744 1083/1466/740
f 898/1482/854 1000/1483/886 973/1484/887 897/1485/855
f 895/1486/859 1006/1487/888 1003/1488/889 899/1489/862
f 894/1490/876 983/1491/890 985/1492/891 893/1493/864
f 896/1494/858 998/1495/892 1006/1487/888 895/1486/859
f 892/1496/865 989/1497/893 994/1498/894 900/1499/868
f 917/1422/841 918/1500/895 915/1501/896 913/1424/843
f 918/1500/895 916/1456/875 914/1459/863 915/1501/896
f 916/1456/875 918/1500/895 903/1502/897 901/1453/872
f 918/1500/895 917/1422/841 902/1421/840 903/1502/897
f 905/1354/811 906/1503/898 903/1502/897 902/1421/840
f 906/1503/898 904/1450/869 901/1453/872 903/1502/897
f 929/1434/853 930/1504/899 933/1505/900 931/1442/861
f 930/1504/899 928/1418/837 932/1417/836 933/1505/900
f 935/1448/867 936/1506/901 912/1507/902 910/1447/866
f 936/1506/901 934/1432/851 911/1431/850 912/1507/902
f 908/1344/803 909/1508/903 906/1503/898 905/1354/811
f 909/1508/903 907/1455/874 904/1450/869 906/1503/898
f 926/1437/856 927/1509/904 930/1504/899 929/1434/853
f 927/1509/904 925/1343/802 928/1418/837 930/1504/899
f 923/1427/846 924/1510/905 921/1511/906 919/1428/847
f 924/1510/905 922/1438/857 920/1441/860 921/1511/906
f 913/1461/843 915/1512/896 912/1507/902 911/1431/850
f 915/1512/896 914/1444/863 910/1447/866 912/1507/902
f 934/1432/851 936/1506/901 924/1510/905 923/1427/846
f 936/1506/901 935/1448/867 922/1438/857 924/1510/905
f 931/1442/861 933/1505/900 921/1511/906 920/1441/860
f 933/1505/900 932/1417/836 919/1428/847 921/1511/906
f 907/1455/874 909/1508/903 927/1509/904 926/1437/856
f 909/1508/903 908/1344/803 925/1343/802 927/1509/904
f 901/1453/872 889/1452/871 894/1457/876 916/1456/875
f 962/1342/801 963/1513/907 966/1514/908 964/1419/838
f 963/1515/909 961/1349/806 965/1348/800 966/1516/910
f 941/1332/791 942/1517/911 939/1518/912 937/1333/792
f 942/1519/913 940/1355/812 938/1420/839 939/1520/914
f 944/1345/804 945/1521/915 963/1513/907 962/1342/801
f 945/1522/916 943/1351/808 961/1349/806 963/1515/909
f 950/1382/820 951/1523/917 948/1524/918 946/1383/822
f 951/1525/919 949/1460/844 947/1430/849 948/1526/920
f 964/1419/838 966/1514/908 969/1527/921 967/1416/835
f 966/1528/910 965/1341/800 968/1340/799 969/1529/922
f 971/1372/818 972/1530/923 960/1531/924 958/1373/795
f 972/1532/925 970/1433/852 959/1426/845 960/1533/926
f 970/1433/852 972/1532/925 948/1526/920 947/1430/849
f 972/1530/923 971/1372/818 946/1383/822 948/1524/918
f 953/1423/842 954/1534/927 939/1520/914 938/1420/839
f 954/1535/928 952/1353/810 937/1333/792 939/1518/912
f 967/1416/835 969/1527/921 957/1536/929 955/1429/848
f 969/1529/922 968/1340/799 956/1337/796 957/1537/930
f 958/1336/795 960/1538/924 957/1537/930 956/1337/796
f 960/1533/926 959/1426/845 955/1429/848 957/1536/929
f 943/1351/808 945/1522/916 942/1539/911 941/1377/791
f 945/1521/915 944/1345/804 940/1355/812 942/1519/913
f 952/1353/810 954/1535/928 951/1540/917 950/1379/820
f 954/1534/927 953/1423/842 949/1425/844 951/1541/919
f 940/1355/812 905/1354/811 902/1421/840 938/1420/839
f 900/1499/868 994/1498/894 998/1495/892 896/1494/858
f 899/1489/862 1003/1488/889 1000/1483/886 898/1482/854
f 893/1542/864 985/1543/891 989/1497/893 892/1496/865
f 1084/1469/676 1097/1468/880 1093/1544/931 1090/1545/673
f 988/1266/748 1115/1265/747 1138/1546/932 995/1547/933
f 1085/1465/879 1096/1464/878 1095/1548/934 1086/1549/935
f 1088/1550/683 1104/1551/936 1103/1552/937 1089/1553/672
f 889/1479/871 979/1478/885 983/1491/890 894/1490/876
f 1092/1554/770 1100/1555/882 1099/1556/938 1087/1557/686
f 980/1558/939 1106/1559/940 1121/1560/941 982/1561/942
f 1086/1549/935 1095/1548/934 1094/1481/741 1082/1480/778
f 995/1547/933 996/1562/213 990/1563/212 988/1266/748
f 996/1562/213 994/1498/894 989/1497/893 990/1563/212
f 1007/1564/943 1008/1565/217 999/1566/216 997/1567/944
f 1008/1565/217 1006/1487/888 998/1495/892 999/1566/216
f 986/1568/745 987/1569/220 984/1570/219 982/1561/942
f 987/1569/220 985/1492/891 983/1491/890 984/1570/219
f 1004/1571/945 1005/1572/222 1008/1565/217 1007/1564/943
f 1005/1572/222 1003/1488/889 1006/1487/888 1008/1565/217
f 1001/1573/946 1002/1574/224 1005/1572/222 1004/1571/945
f 1002/1574/224 1000/1483/886 1003/1488/889 1005/1572/222
f 974/1575/947 975/1576/226 1002/1574/224 1001/1573/946
f 975/1576/226 973/1484/887 1000/1483/886 1002/1574/224
f 997/1567/944 999/1566/216 996/1562/213 995/1547/933
f 999/1566/216 998/1495/892 994/1498/894 996/1562/213
f 980/1558/939 981/1577/229 993/1578/228 991/1579/948
f 981/1577/229 979/1478/885 992/1476/884 993/1578/228
f 991/1579/948 993/1578/228 978/1580/949 976/1581/950
f 993/1578/228 992/1476/884 977/1475/883 978/1580/949
f 988/1266/748 990/1563/212 987/1582/220 986/1263/745
f 990/1563/212 989/1497/893 985/1543/891 987/1582/220
f 982/1561/942 984/1570/219 981/1577/229 980/1558/939
f 984/1570/219 983/1491/890 979/1478/885 981/1577/229
f 976/1581/950 978/1580/949 975/1576/226 974/1575/947
f 978/1580/949 977/1475/883 973/1484/887 975/1576/226
f 897/1485/855 973/1484/887 977/1475/883 891/1474/873
f 995/1547/933 1138/1546/932 1127/1583/951 997/1567/944
f 997/1567/944 1127/1583/951 1123/1584/952 1007/1564/943
f 1001/1573/946 1132/1585/953 1129/1586/954 974/1575/947
f 976/1581/950 1112/1587/955 1109/1588/956 991/1579/948
f 991/1579/948 1109/1588/956 1106/1559/940 980/1558/939
f 1090/1545/673 1093/1544/931 1101/1471/881 1091/1470/773
f 974/1575/947 1129/1586/954 1112/1587/955 976/1581/950
f 1103/1552/937 1102/1463/877 1081/1462/669 1089/1553/672
f 982/1561/942 1121/1560/941 1117/1589/746 986/1568/745
f 1004/1571/945 1136/1590/957 1132/1585/953 1001/1573/946
f 1085/1591/879 1154/1592/958 1153/1178/670 1081/1177/669
f 1086/1593/935 1158/1594/959 1154/1592/958 1085/1591/879
f 1007/1564/943 1123/1584/952 1136/1590/957 1004/1571/945
f 1025/1169/661 1026/1595/960 1023/1596/961 1021/1203/695
f 1026/1597/962 1024/1255/737 1022/1171/663 1023/1598/963
f 1024/1255/737 1026/1597/962 1011/1599/964 1009/1600/712
f 1026/1595/960 1025/1169/661 1010/1168/660 1011/1601/965
f 1013/1187/679 1014/1602/966 1011/1603/965 1010/1267/660
f 1014/1604/967 1012/1190/682 1009/1223/712 1011/1605/964
f 1037/1154/646 1038/1606/968 1041/1607/969 1039/1151/643
f 1038/1608/970 1036/1196/688 1040/1201/693 1041/1609/971
f 1043/1163/655 1044/1610/972 1020/1611/973 1018/1174/666
f 1044/1612/974 1042/1159/651 1019/1158/650 1020/1613/975
f 1016/1186/678 1017/1614/976 1014/1602/966 1013/1187/679
f 1017/1615/977 1015/1176/668 1012/1190/682 1014/1604/967
f 1034/1162/654 1035/1616/978 1038/1606/968 1037/1154/646
f 1035/1617/979 1033/1197/689 1036/1196/688 1038/1608/970
f 1031/1206/698 1032/1618/980 1029/1619/981 1027/1200/692
f 1032/1620/982 1030/1166/658 1028/1155/647 1029/1621/983
f 1021/1203/695 1023/1596/961 1020/1613/975 1019/1158/650
f 1023/1598/963 1022/1171/663 1018/1174/666 1020/1611/973
f 1042/1159/651 1044/1612/974 1032/1618/980 1031/1206/698
f 1044/1610/972 1043/1163/655 1030/1166/658 1032/1620/982
f 1039/1151/643 1041/1607/969 1029/1621/983 1028/1155/647
f 1041/1609/971 1040/1201/693 1027/1200/692 1029/1619/981
f 1015/1176/668 1017/1615/977 1035/1616/978 1034/1162/654
f 1017/1614/976 1016/1186/678 1033/1197/689 1035/1617/979
f 1009/1600/712 811/1298/711 815/1256/738 1024/1255/737
f 1061/1274/755 1062/1622/984 1059/1623/985 1057/1299/765
f 1062/1624/986 1060/1625/987 1058/1626/988 1059/1627/989
f 1060/1625/987 1062/1624/986 1047/1628/990 1045/1629/991
f 1062/1622/984 1061/1274/755 1046/1273/754 1047/1630/992
f 1049/1310/776 1050/1631/993 1047/1632/992 1046/1311/754
f 1050/1633/994 1048/1634/995 1045/1635/991 1047/1636/990
f 1073/1637/996 1074/1638/997 1077/1639/998 1075/1640/999
f 1074/1641/1000 1072/1303/769 1076/1302/768 1077/1642/1001
f 1079/1643/1002 1080/1644/1003 1056/1645/1004 1054/1646/1005
f 1080/1647/1006 1078/1270/751 1055/1269/750 1056/1648/1007
f 1052/1301/767 1053/1649/1008 1050/1631/993 1049/1310/776
f 1053/1650/1009 1051/1651/1010 1048/1634/995 1050/1633/994
f 1070/1652/1011 1071/1653/1012 1074/1638/997 1073/1637/996
f 1071/1654/1013 1069/1300/766 1072/1303/769 1074/1641/1000
f 1067/1308/774 1068/1655/1014 1065/1656/1015 1063/1309/775
f 1068/1657/1016 1066/1658/1017 1064/1659/1018 1065/1660/1019
f 1057/1299/765 1059/1623/985 1056/1648/1007 1055/1269/750
f 1059/1627/989 1058/1626/988 1054/1646/1005 1056/1645/1004
f 1078/1270/751 1080/1647/1006 1068/1655/1014 1067/1308/774
f 1080/1644/1003 1079/1643/1002 1066/1658/1017 1068/1657/1016
f 1075/1640/999 1077/1639/998 1065/1660/1019 1064/1659/1018
f 1077/1642/1001 1076/1302/768 1063/1309/775 1065/1656/1015
f 1051/1651/1010 1053/1650/1009 1071/1653/1012 1070/1652/1011
f 1053/1649/1008 1052/1301/767 1069/1300/766 1071/1654/1013
f 1089/1180/672 1155/1179/671 1163/1192/684 1088/1191/683
f 1087/1194/686 1162/1193/685 1161/1661/771 1092/1662/770
f 1098/1262/744 1150/1261/743 1149/1663/1020 1097/1664/880
f 1093/1665/931 1148/1666/1021 1147/1667/1022 1101/1668/881
f 1141/1669/1023 1104/1670/936 1099/1671/938 1142/1672/1024
f 1087/1557/686 1099/1556/938 1104/1551/936 1088/1550/683
f 1097/1664/880 1149/1663/1020 1148/1666/1021 1093/1665/931
f 1096/1673/878 1145/1674/1025 1152/1675/1026 1095/1676/934
f 1095/1676/934 1152/1675/1026 1151/1260/742 1094/1259/741
f 1100/1677/882 1146/1678/1027 1142/1672/1024 1099/1671/938
f 1101/1668/881 1147/1667/1022 1146/1679/1027 1100/1680/882
f 1104/1670/936 1141/1669/1023 1143/1681/1028 1103/1682/937
f 1103/1682/937 1143/1681/1028 1144/1683/1029 1102/1684/877
f 1102/1684/877 1144/1683/1029 1145/1674/1025 1096/1673/878
f 1121/1560/941 1122/1685/1030 1119/1686/1031 1117/1589/746
f 1122/1687/1030 1120/1688/1032 1118/1689/1033 1119/1690/1031
f 1120/1688/1032 1122/1687/1030 1107/1691/1034 1105/1692/1035
f 1122/1685/1030 1121/1560/941 1106/1559/940 1107/1693/1034
f 1109/1588/956 1110/1694/1036 1107/1693/1034 1106/1559/940
f 1110/1695/1036 1108/1696/1037 1105/1692/1035 1107/1691/1034
f 1133/1697/1038 1134/1698/1039 1137/1699/1040 1135/1700/1041
f 1134/1701/1039 1132/1585/953 1136/1590/957 1137/1702/1040
f 1139/1703/1042 1140/1704/1043 1116/1705/1044 1114/1706/1045
f 1140/1707/1043 1138/1546/932 1115/1265/747 1116/1708/1044
f 1112/1587/955 1113/1709/1046 1110/1694/1036 1109/1588/956
f 1113/1710/1046 1111/1711/1047 1108/1696/1037 1110/1695/1036
f 1130/1712/1048 1131/1713/1049 1134/1698/1039 1133/1697/1038
f 1131/1714/1049 1129/1586/954 1132/1585/953 1134/1701/1039
f 1127/1583/951 1128/1715/1050 1125/1716/1051 1123/1584/952
f 1128/1717/1050 1126/1718/1052 1124/1719/1053 1125/1720/1051
f 1117/1264/746 1119/1721/1031 1116/1708/1044 1115/1265/747
f 1119/1722/1031 1118/1723/1033 1114/1706/1045 1116/1705/1044
f 1138/1546/932 1140/1707/1043 1128/1715/1050 1127/1583/951
f 1140/1704/1043 1139/1703/1042 1126/1718/1052 1128/1717/1050
f 1135/1700/1041 1137/1699/1040 1125/1720/1051 1124/1719/1053
f 1137/1702/1040 1136/1590/957 1123/1584/952 1125/1716/1051
f 1111/1711/1047 1113/1710/1046 1131/1713/1049 1130/1712/1048
f 1113/1709/1046 1112/1587/955 1129/1586/954 1131/1714/1049
f 1105/1692/1035 1141/1669/1023 1142/1672/1024 1120/1688/1032
f 1111/1711/1047 1144/1683/1029 1143/1681/1028 1108/1696/1037
f 1114/1706/1045 1147/1667/1022 1148/1666/1021 1139/1703/1042
f 1135/1700/1041 1151/1260/742 1152/1675/1026 1133/1697/1038
f 1120/1688/1032 1142/1672/1024 1146/1678/1027 1118/1689/1033
f 1108/1696/1037 1143/1681/1028 1141/1669/1023 1105/1692/1035
f 1133/1697/1038 1152/1675/1026 1145/1674/1025 1130/1712/1048
f 1139/1703/1042 1148/1666/1021 1149/1663/1020 1126/1718/1052
f 1124/1719/1053 1150/1261/743 1151/1260/742 1135/1700/1041
f 1118/1723/1033 1146/1679/1027 1147/1667/1022 1114/1706/1045
f 1126/1718/1052 1149/1663/1020 1150/1261/743 1124/1719/1053
f 1130/1712/1048 1145/1674/1025 1144/1683/1029 1111/1711/1047
f 1079/1643/1002 1153/1178/670 1154/1592/958 1066/1658/1017
f 1058/1626/988 1163/1192/684 1155/1179/671 1054/1646/1005
f 1048/1634/995 1164/1306/772 1161/1305/771 1045/1635/991
f 1060/1625/987 1162/1193/685 1163/1192/684 1058/1626/988
f 1075/1640/999 1156/1312/777 1157/1257/739 1073/1637/996
f 1066/1658/1017 1154/1592/958 1158/1594/959 1064/1659/1018
f 1070/1652/1011 1159/1183/675 1160/1182/674 1051/1651/1010
f 1051/1651/1010 1160/1182/674 1164/1306/772 1048/1634/995
f 1073/1637/996 1157/1257/739 1159/1183/675 1070/1652/1011
f 1064/1659/1018 1158/1594/959 1156/1312/777 1075/1640/999
f 1054/1646/1005 1155/1179/671 1153/1178/670 1079/1643/1002
f 1045/1629/991 1161/1661/771 1162/1193/685 1060/1625/987
f 693/1049/1 694/1052/1 696/1055/1 695/1065/1
f 700/1095/593 703/1098/611 1172/1724/1054 1166/1725/48
f 695/1065/1 1189/1067/595 1169/1726/1055 693/1049/1
f 1195/1078/53 1175/1075/58 718/1074/601 728/1079/602
f 722/1116/618 716/1119/600 1177/1727/55 1180/1728/1056
f 709/1106/597 712/1109/615 1190/1729/41 1184/1730/42
f 696/1055/1 1198/1083/604 1187/1072/599 695/1065/1
f 1199/1731/544 1193/1732/52 724/1130/603 730/1129/623
f 1168/1064/545 1190/1729/41 712/1109/615 698/1061/592
f 1180/1728/1056 1172/1724/1054 703/1098/611 722/1116/618
f 694/1052/1 1181/1051/584 1178/1053/585
f 1186/1071/598 1199/1731/544 730/1129/623 707/1068/596
f 1166/1063/48 1167/1733/1057 1170/1734/1058 1168/1064/545
f 1167/1735/1057 1165/1060/591 1169/1726/1055 1170/1736/1058
f 1172/1724/1054 1173/1737/1059 1167/1738/1057 1166/1725/48
f 1173/1739/1059 1171/1050/583 1165/1060/591 1167/1735/1057
f 1175/1075/58 1176/1740/1060 1179/1741/1061 1177/1076/55
f 1176/1742/1060 1174/1054/586 1178/1053/585 1179/1743/1061
f 1177/1727/55 1179/1744/1061 1182/1745/1062 1180/1728/1056
f 1179/1743/1061 1178/1053/585 1181/1051/584 1182/1746/1062
f 1184/1070/42 1185/1747/1063 1188/1748/1064 1186/1071/598
f 1185/1749/1063 1183/1066/594 1187/1072/599 1188/1750/1064
f 1190/1729/41 1191/1751/1065 1185/1752/1063 1184/1730/42
f 1191/1753/1065 1189/1067/595 1183/1066/594 1185/1749/1063
f 1193/1077/52 1194/1754/1066 1197/1755/1067 1195/1078/53
f 1194/1756/1066 1192/1057/588 1196/1056/587 1197/1757/1067
f 1199/1731/544 1200/1758/1068 1194/1759/1066 1193/1732/52
f 1200/1760/1068 1198/1083/604 1192/1057/588 1194/1756/1066
f 1168/1064/545 1170/1734/1058 1191/1751/1065 1190/1729/41
f 1170/1736/1058 1169/1726/1055 1189/1067/595 1191/1753/1065
f 1180/1728/1056 1182/1745/1062 1173/1737/1059 1172/1724/1054
f 1182/1746/1062 1181/1051/584 1171/1050/583 1173/1739/1059
f 1195/1078/53 1197/1755/1067 1176/1740/1060 1175/1075/58
f 1197/1757/1067 1196/1056/587 1174/1054/586 1176/1742/1060
f 1186/1071/598 1188/1748/1064 1200/1758/1068 1199/1731/544
f 1188/1750/1064 1187/1072/599 1198/1083/604 1200/1760/1068
f 693/1049/1 1169/1726/1055 1165/1060/591
f 701/1093/609 697/1029/563 784/1032/566 782/1254/624
f 877/1371/817 857/1380/821 946/1383/822 971/1372/818
f 1082/1313/778 1156/1312/777 1158/1594/959 1086/1593/935
f 1229/1761/567 1212/1762/568 1286/1763/569 1311/1764/570
f 1205/1765/575 1221/1766/576 1277/1767/577 1292/1768/578
f 1214/1769/559 1239/1770/560 1301/1771/561 1283/1772/562
f 1302/1773/639 1265/1774/640 1248/1775/641 1284/1776/642
f 1235/1777/563 1227/1778/564 1296/1779/565 1308/1780/566
f 1233/1781/609 1235/1777/563 1308/1780/566 1305/1782/624
f 1223/1783/605 1229/1761/567 1311/1764/570 1298/1784/1069
f 1201/1785/1 1679/1786/1070 1689/1787/32 1202/1788/1
f 1202/1788/1 1686/1789/1071 1682/1790/1072
f 1204/1791/1 1704/1792/1073 1700/1793/1074
f 1202/1788/1 1682/1790/1072 1704/1792/1073 1204/1791/1
f 1284/1776/642 1248/1775/641 1245/1794/636 1280/1795/635
f 1201/1785/1 1673/1796/1075 1679/1786/1070
f 1206/1797/602 1208/1798/603 1674/1799/52 1676/1800/53
f 1203/1801/1 1691/1802/1076 1697/1803/1077
f 1215/1804/618 1217/1805/600 1692/1806/55 1694/1807/1078
f 1203/1801/1 1695/1808/59 1691/1802/1076
f 1224/1809/597 1226/1810/615 1683/1811/41 1685/1812/42
f 1701/1813/48 1703/1814/545 1236/1815/592 1232/1816/593
f 1239/1770/560 1233/1817/609 1305/1818/624 1301/1771/561
f 1204/1791/1 1700/1793/1074 1706/1819/50
f 1227/1778/564 1223/1820/605 1298/1821/1069 1296/1779/565
f 1218/1822/581 1214/1769/559 1283/1772/562 1281/1823/1079
f 1221/1766/576 1218/1824/581 1281/1825/1079 1277/1767/577
f 1206/1797/602 1207/1826/621 1210/1827/620 1208/1798/603
f 1207/1828/621 1205/1765/575 1209/1829/1080 1210/1830/620
f 1208/1831/603 1210/1832/620 1213/1833/622 1211/1834/623
f 1210/1835/620 1209/1836/1080 1212/1762/568 1213/1837/622
f 1215/1804/618 1216/1838/619 1219/1839/616 1217/1805/600
f 1216/1840/619 1214/1769/559 1218/1822/581 1219/1841/616
f 1217/1842/600 1219/1843/616 1222/1844/617 1220/1845/601
f 1219/1846/616 1218/1824/581 1221/1766/576 1222/1847/617
f 1224/1809/597 1225/1848/613 1228/1849/614 1226/1810/615
f 1225/1850/613 1223/1820/605 1227/1778/564 1228/1851/614
f 1230/1852/596 1231/1853/612 1225/1854/613 1224/1855/597
f 1231/1856/612 1229/1761/567 1223/1783/605 1225/1857/613
f 1233/1781/609 1234/1858/608 1237/1859/607 1235/1777/563
f 1234/1860/608 1232/1816/593 1236/1815/592 1237/1861/607
f 1239/1770/560 1240/1862/610 1234/1863/608 1233/1817/609
f 1240/1864/610 1238/1865/611 1232/1866/593 1234/1867/608
f 1235/1777/563 1237/1859/607 1228/1851/614 1227/1778/564
f 1237/1861/607 1236/1815/592 1226/1810/615 1228/1849/614
f 1214/1769/559 1216/1840/619 1240/1862/610 1239/1770/560
f 1216/1838/619 1215/1804/618 1238/1865/611 1240/1864/610
f 1205/1765/575 1207/1828/621 1222/1847/617 1221/1766/576
f 1207/1826/621 1206/1797/602 1220/1845/601 1222/1844/617
f 1229/1761/567 1231/1856/612 1213/1837/622 1212/1762/568
f 1231/1853/612 1230/1852/596 1211/1834/623 1213/1833/622
f 1212/1762/568 1209/1836/1080 1290/1868/580 1286/1763/569
f 1307/1869/632 1272/1870/631 1268/1871/1081 1304/1872/634
f 1278/1873/1082 1242/1874/637 1257/1875/626 1293/1876/625
f 1293/1876/625 1257/1875/626 1253/1877/627 1289/1878/628
f 1299/1879/1083 1263/1880/589 1259/1881/1084 1295/1882/629
f 1287/1883/1085 1251/1884/572 1274/1885/573 1310/1886/574
f 1295/1882/629 1259/1881/1084 1272/1870/631 1307/1869/632
f 1310/1886/574 1274/1885/573 1263/1880/589 1299/1879/1083
f 1547/1887/737 1343/1888/738 1340/1889/664 1545/1890/663
f 1536/1891/1086 1346/1892/711 1343/1888/738 1547/1887/737
f 1250/1893/690 1527/1894/689 1550/1895/678 1275/1896/677
f 1545/1890/663 1340/1889/664 1313/1897/665 1542/1898/666
f 1551/1899/668 1334/1900/667 1338/1901/681 1538/1902/682
f 1241/1903/691 1518/1904/1087 1533/1905/693 1256/1906/694
f 1530/1907/1088 1325/1908/645 1329/1909/653 1526/1910/654
f 1526/1910/654 1329/1909/653 1334/1900/667 1551/1899/668
f 1304/1872/634 1268/1871/1081 1265/1774/640 1302/1773/639
f 1538/1902/682 1338/1901/681 1346/1892/711 1536/1891/1086
f 1542/1898/666 1313/1897/665 1317/1911/656 1523/1912/655
f 1289/1878/628 1253/1877/627 1251/1884/572 1287/1883/1085
f 1589/1913/673 1661/1914/674 1663/1915/675 1597/1916/676
f 1598/1917/669 1668/1918/670 1667/1919/671 1592/1920/672
f 1247/1921/652 1524/1922/1089 1521/1923/1090 1244/1924/697
f 1523/1912/655 1317/1911/656 1332/1925/657 1520/1926/658
f 1596/1927/1091 1671/1928/739 1670/1929/777 1595/1930/778
f 1269/1931/696 1544/1932/695 1541/1933/650 1266/1934/649
f 1260/1935/659 1535/1936/1092 1548/1937/661 1271/1938/1093
f 1256/1906/694 1533/1905/693 1529/1939/1094 1254/1940/687
f 1262/1941/680 1539/1942/1095 1535/1936/1092 1260/1935/659
f 1254/1940/687 1529/1939/1094 1527/1894/689 1250/1893/690
f 1257/1875/626 1258/1943/1096 1255/1944/1097 1253/1877/627
f 1258/1943/1096 1256/1906/694 1254/1940/687 1255/1944/1097
f 1256/1906/694 1258/1943/1096 1243/1945/1098 1241/1903/691
f 1258/1943/1096 1257/1875/626 1242/1874/637 1243/1945/1098
f 1245/1794/636 1246/1946/1099 1243/1947/1098 1242/1948/637
f 1246/1946/1099 1244/1924/697 1241/1949/691 1243/1947/1098
f 1269/1931/696 1270/1950/700 1273/1951/1100 1271/1938/1093
f 1270/1950/700 1268/1871/1081 1272/1870/631 1273/1951/1100
f 1275/1896/677 1276/1952/1101 1252/1953/708 1250/1893/690
f 1276/1952/1101 1274/1885/573 1251/1884/572 1252/1953/708
f 1248/1775/641 1249/1954/1102 1246/1946/1099 1245/1794/636
f 1249/1954/1102 1247/1921/652 1244/1924/697 1246/1946/1099
f 1266/1934/649 1267/1955/1103 1270/1950/700 1269/1931/696
f 1267/1955/1103 1265/1774/640 1268/1871/1081 1270/1950/700
f 1263/1880/589 1264/1956/702 1261/1957/1104 1259/1881/1084
f 1264/1956/702 1262/1941/680 1260/1935/659 1261/1957/1104
f 1253/1877/627 1255/1944/1097 1252/1953/708 1251/1884/572
f 1255/1944/1097 1254/1940/687 1250/1893/690 1252/1953/708
f 1274/1885/573 1276/1952/1101 1264/1956/702 1263/1880/589
f 1276/1952/1101 1275/1896/677 1262/1941/680 1264/1956/702
f 1271/1938/1093 1273/1951/1100 1261/1957/1104 1260/1935/659
f 1273/1951/1100 1272/1870/631 1259/1881/1084 1261/1957/1104
f 1247/1921/652 1249/1954/1102 1267/1955/1103 1266/1934/649
f 1249/1954/1102 1248/1775/641 1265/1774/640 1267/1955/1103
f 1520/1926/658 1332/1925/657 1319/1958/648 1517/1959/647
f 1302/1773/639 1303/1960/726 1306/1961/725 1304/1872/634
f 1303/1962/724 1301/1771/561 1305/1818/624 1306/1963/723
f 1281/1825/1079 1282/1964/730 1279/1965/736 1277/1767/577
f 1282/1966/732 1280/1795/635 1278/1967/1082 1279/1968/735
f 1284/1776/642 1285/1969/731 1303/1960/726 1302/1773/639
f 1285/1970/729 1283/1772/562 1301/1771/561 1303/1962/724
f 1290/1868/580 1291/1971/716 1288/1972/715 1286/1763/569
f 1291/1973/714 1289/1878/628 1287/1883/1085 1288/1974/713
f 1304/1872/634 1306/1961/725 1309/1975/733 1307/1869/632
f 1306/1976/723 1305/1782/624 1308/1780/566 1309/1977/734
f 1311/1764/570 1312/1978/722 1300/1979/717 1298/1784/1069
f 1312/1980/721 1310/1886/574 1299/1879/1083 1300/1981/1105
f 1310/1886/574 1312/1980/721 1288/1974/713 1287/1883/1085
f 1312/1978/722 1311/1764/570 1286/1763/569 1288/1972/715
f 1293/1876/625 1294/1982/727 1279/1983/735 1278/1873/1082
f 1294/1984/728 1292/1768/578 1277/1767/577 1279/1965/736
f 1307/1869/632 1309/1975/733 1297/1985/720 1295/1882/629
f 1309/1977/734 1308/1780/566 1296/1779/565 1297/1986/718
f 1298/1821/1069 1300/1987/717 1297/1986/718 1296/1779/565
f 1300/1981/1105 1299/1879/1083 1295/1882/629 1297/1985/720
f 1283/1772/562 1285/1970/729 1282/1988/730 1281/1823/1079
f 1285/1969/731 1284/1776/642 1280/1795/635 1282/1966/732
f 1292/1768/578 1294/1984/728 1291/1989/716 1290/1990/580
f 1294/1982/727 1293/1876/625 1289/1878/628 1291/1973/714
f 1280/1795/635 1245/1794/636 1242/1948/637 1278/1967/1082
f 1275/1896/677 1550/1895/678 1539/1942/1095 1262/1941/680
f 1271/1938/1093 1548/1937/661 1544/1932/695 1269/1931/696
f 1532/1991/1106 1323/1992/644 1325/1908/645 1530/1907/1088
f 1592/1920/672 1667/1919/671 1665/1993/1107 1591/1994/1108
f 1602/1995/938 1659/1996/1024 1658/1997/1023 1606/1998/936
f 1494/1999/946 1625/2000/1109 1623/2001/954 1496/2002/1110
f 1244/1924/697 1521/1923/1090 1518/2003/1087 1241/1949/691
f 1328/2004/762 1563/2005/766 1586/2006/767 1335/2007/764
f 1320/2008/757 1554/2009/775 1569/2010/1111 1322/2011/760
f 1335/2007/764 1336/2012/438 1330/2013/433 1328/2004/762
f 1336/2012/438 1334/1900/667 1329/1909/653 1330/2013/433
f 1347/2014/753 1348/2015/436 1339/2016/435 1337/2017/763
f 1348/2015/436 1346/1892/711 1338/1901/681 1339/2016/435
f 1326/2018/761 1327/2019/431 1324/2020/429 1322/2011/760
f 1327/2019/431 1325/1908/645 1323/1992/644 1324/2020/429
f 1344/2021/756 1345/2022/426 1348/2015/436 1347/2014/753
f 1345/2022/426 1343/1888/738 1346/1892/711 1348/2015/436
f 1341/2023/759 1342/2024/427 1345/2022/426 1344/2021/756
f 1342/2024/427 1340/1889/664 1343/1888/738 1345/2022/426
f 1314/2025/749 1315/2026/420 1342/2024/427 1341/2023/759
f 1315/2026/420 1313/1897/665 1340/1889/664 1342/2024/427
f 1337/2017/763 1339/2016/435 1336/2012/438 1335/2007/764
f 1339/2016/435 1338/1901/681 1334/1900/667 1336/2012/438
f 1320/2027/757 1321/2028/425 1333/2029/424 1331/2030/758
f 1321/2028/425 1319/1958/648 1332/1925/657 1333/2029/424
f 1331/2030/758 1333/2029/424 1318/2031/421 1316/2032/752
f 1333/2029/424 1332/1925/657 1317/1911/656 1318/2031/421
f 1328/2004/762 1330/2013/433 1327/2019/431 1326/2018/761
f 1330/2013/433 1329/1909/653 1325/1908/645 1327/2019/431
f 1322/2011/760 1324/2020/429 1321/2033/425 1320/2008/757
f 1324/2020/429 1323/1992/644 1319/2034/648 1321/2033/425
f 1316/2032/752 1318/2031/421 1315/2026/420 1314/2025/749
f 1318/2031/421 1317/1911/656 1313/1897/665 1315/2026/420
f 1266/1934/649 1541/1933/650 1524/1922/1089 1247/1921/652
f 1326/2018/761 1565/2035/769 1563/2005/766 1328/2004/762
f 1314/2025/749 1577/2036/750 1560/2037/751 1316/2032/752
f 1344/2021/756 1584/2038/1112 1580/2039/765 1341/2023/759
f 1600/2040/935 1669/2041/959 1672/2042/958 1599/2043/879
f 1337/2017/763 1575/2044/776 1571/2045/754 1347/2014/753
f 1322/2011/760 1569/2010/1111 1565/2035/769 1326/2018/761
f 1341/2023/759 1580/2039/765 1577/2036/750 1314/2025/749
f 1599/2043/879 1672/2042/958 1668/1918/670 1598/1917/669
f 1316/2032/752 1560/2037/751 1557/2046/774 1331/2030/758
f 1331/2030/758 1557/2046/774 1554/2047/775 1320/2027/757
f 1347/2014/753 1571/2045/754 1584/2038/1112 1344/2021/756
f 1591/1994/1108 1665/1993/1107 1664/2048/685 1590/2049/686
f 1335/2007/764 1586/2006/767 1575/2044/776 1337/2017/763
f 1380/2050/1113 1382/2051/1114 1357/2052/1115 1355/2053/286
f 1353/2054/253 1351/2055/250 1394/2056/1116 1362/2057/1117
f 1356/2058/257 1360/2059/254 1366/2060/1118 1386/2061/1119
f 1359/2062/248 1354/2063/1120 1376/2064/1121 1371/2065/1122
f 1377/2066/1123 1374/2067/1124 1449/2068/1125 1445/2069/796
f 1383/2070/1126 1379/2071/1127 1466/2072/1128 1464/2073/792
f 1389/2074/819 1391/2075/809 1476/2076/810 1473/2077/820
f 1470/2078/1129 1433/2079/850 1416/2080/851 1452/2081/852
f 1395/2082/1130 1389/2083/819 1473/2084/820 1469/2085/822
f 1391/2075/809 1383/2070/1126 1464/2073/792 1476/2076/810
f 1363/2086/1131 1395/2082/1130 1469/2085/822 1451/2087/1132
f 1372/2088/798 1377/2066/1123 1445/2069/796 1460/2089/799
f 1452/2081/852 1416/2080/851 1413/2090/846 1448/2091/845
f 1371/2065/1122 1369/2092/816 1358/2093/247 1359/2062/248
f 1369/2094/816 1366/2060/1118 1360/2059/254 1358/2095/247
f 1362/2057/1117 1373/2096/1133 1352/2097/293 1353/2054/253
f 1373/2098/1133 1376/2064/1121 1354/2063/1120 1352/2099/293
f 1386/2061/1119 1380/2100/1113 1355/2101/286 1356/2058/257
f 1350/2102/261 1357/2052/1115 1382/2051/1114 1392/2103/788
f 1351/2055/250 1349/2104/288 1388/2105/813 1394/2056/1116
f 1379/2106/1127 1385/2107/1134 1479/2108/1135 1466/2109/1128
f 1349/2110/288 1350/2102/261 1392/2103/788 1388/2111/813
f 1374/2112/1124 1363/2086/1131 1451/2087/1132 1449/2113/1125
f 1368/2114/797 1372/2088/798 1460/2089/799 1458/2115/800
f 1365/2116/1136 1368/2117/797 1458/2118/800 1454/2119/806
f 1371/2065/1122 1370/2120/833 1367/2121/832 1369/2092/816
f 1370/2122/833 1372/2088/798 1368/2114/797 1367/2123/832
f 1369/2094/816 1367/2124/832 1364/2125/1137 1366/2060/1118
f 1367/2126/832 1368/2117/797 1365/2116/1136 1364/2127/1137
f 1362/2057/1117 1361/2128/1138 1375/2129/1139 1373/2096/1133
f 1361/2130/1138 1363/2086/1131 1374/2112/1124 1375/2131/1139
f 1373/2098/1133 1375/2132/1139 1378/2133/1140 1376/2064/1121
f 1375/2134/1139 1374/2067/1124 1377/2066/1123 1378/2135/1140
f 1380/2050/1113 1381/2136/1141 1384/2137/1142 1382/2051/1114
f 1381/2138/1141 1379/2071/1127 1383/2070/1126 1384/2139/1142
f 1386/2061/1119 1387/2140/1143 1381/2141/1141 1380/2100/1113
f 1387/2142/1143 1385/2107/1134 1379/2106/1127 1381/2143/1141
f 1389/2074/819 1390/2144/824 1393/2145/823 1391/2075/809
f 1390/2146/824 1388/2111/813 1392/2103/788 1393/2147/823
f 1395/2082/1130 1396/2148/1144 1390/2149/824 1389/2083/819
f 1396/2150/1144 1394/2056/1116 1388/2105/813 1390/2151/824
f 1391/2075/809 1393/2145/823 1384/2139/1142 1383/2070/1126
f 1393/2147/823 1392/2103/788 1382/2051/1114 1384/2137/1142
f 1363/2086/1131 1361/2130/1138 1396/2148/1144 1395/2082/1130
f 1361/2128/1138 1362/2057/1117 1394/2056/1116 1396/2150/1144
f 1372/2088/798 1370/2122/833 1378/2135/1140 1377/2066/1123
f 1370/2120/833 1371/2065/1122 1376/2064/1121 1378/2133/1140
f 1385/2107/1134 1387/2142/1143 1364/2127/1137 1365/2116/1136
f 1387/2140/1143 1386/2061/1119 1366/2060/1118 1364/2125/1137
f 1475/2152/842 1440/2153/841 1436/2154/1145 1472/2155/844
f 1446/2156/848 1410/2157/847 1425/2158/836 1461/2159/835
f 1461/2159/835 1425/2158/836 1421/2160/837 1457/2161/838
f 1467/2162/812 1431/2163/811 1427/2164/840 1463/2165/839
f 1455/2166/801 1419/2167/802 1442/2168/803 1478/2169/804
f 1463/2165/839 1427/2164/840 1440/2153/841 1475/2152/842
f 1478/2169/804 1442/2168/803 1431/2163/811 1467/2162/812
f 1437/2170/863 1406/2171/864 1405/2172/865 1434/2173/866
f 1430/2174/869 1404/2175/870 1403/2176/871 1428/2177/872
f 1439/2178/875 1407/2179/876 1406/2171/864 1437/2170/863
f 1422/2180/1146 1401/2181/854 1400/2182/855 1418/2183/856
f 1443/2184/874 1408/2185/873 1404/2175/870 1430/2174/869
f 1428/2177/872 1403/2176/871 1407/2179/876 1439/2178/875
f 1412/2186/1147 1398/2187/858 1397/2188/859 1409/2189/860
f 1418/2183/856 1400/2182/855 1408/2185/873 1443/2184/874
f 1434/2173/866 1405/2172/865 1399/2190/868 1415/2191/867
f 1472/2155/844 1436/2154/1145 1433/2079/850 1470/2078/1129
f 1424/2192/861 1402/2193/862 1401/2194/854 1422/2195/1146
f 1415/2191/867 1399/2190/868 1398/2187/858 1412/2186/1147
f 1457/2196/838 1421/2197/837 1419/2167/802 1455/2166/801
f 1589/2198/673 1610/2199/931 1604/2200/881 1593/2201/773
f 1591/2202/1108 1606/2203/936 1605/2204/937 1592/2205/672
f 1599/2206/879 1609/2207/878 1608/2208/934 1600/2209/935
f 1399/2210/868 1485/2211/894 1500/2212/892 1398/2213/858
f 1398/2213/858 1500/2212/892 1487/2214/888 1397/2215/859
f 1590/2216/686 1602/2217/938 1606/2203/936 1591/2202/1108
f 1406/2218/864 1508/2219/891 1481/2220/893 1405/2221/865
f 1403/2222/871 1514/2223/885 1511/2224/890 1407/2225/876
f 1402/2226/862 1491/2227/889 1493/2228/886 1401/2229/854
f 1404/2230/870 1506/2231/884 1514/2223/885 1403/2222/871
f 1400/2232/855 1497/2233/887 1502/2234/883 1408/2235/873
f 1425/2158/836 1426/2236/1148 1423/2237/1149 1421/2160/837
f 1426/2236/1148 1424/2192/861 1422/2195/1146 1423/2237/1149
f 1424/2192/861 1426/2236/1148 1411/2238/1150 1409/2189/860
f 1426/2236/1148 1425/2158/836 1410/2157/847 1411/2238/1150
f 1413/2090/846 1414/2239/1151 1411/2238/1150 1410/2157/847
f 1414/2239/1151 1412/2186/1147 1409/2189/860 1411/2238/1150
f 1437/2170/863 1438/2240/1152 1441/2241/1153 1439/2178/875
f 1438/2240/1152 1436/2154/1145 1440/2153/841 1441/2241/1153
f 1443/2184/874 1444/2242/1154 1420/2243/904 1418/2183/856
f 1444/2242/1154 1442/2168/803 1419/2167/802 1420/2243/904
f 1416/2080/851 1417/2244/1155 1414/2239/1151 1413/2090/846
f 1417/2244/1155 1415/2191/867 1412/2186/1147 1414/2239/1151
f 1434/2173/866 1435/2245/902 1438/2240/1152 1437/2170/863
f 1435/2245/902 1433/2079/850 1436/2154/1145 1438/2240/1152
f 1431/2163/811 1432/2246/1156 1429/2247/1157 1427/2164/840
f 1432/2246/1156 1430/2174/869 1428/2177/872 1429/2247/1157
f 1421/2197/837 1423/2248/1149 1420/2243/904 1419/2167/802
f 1423/2248/1149 1422/2180/1146 1418/2183/856 1420/2243/904
f 1442/2168/803 1444/2242/1154 1432/2246/1156 1431/2163/811
f 1444/2242/1154 1443/2184/874 1430/2174/869 1432/2246/1156
f 1439/2178/875 1441/2241/1153 1429/2247/1157 1428/2177/872
f 1441/2241/1153 1440/2153/841 1427/2164/840 1429/2247/1157
f 1415/2191/867 1417/2244/1155 1435/2245/902 1434/2173/866
f 1417/2244/1155 1416/2080/851 1433/2079/850 1435/2245/902
f 1409/2189/860 1397/2188/859 1402/2193/862 1424/2192/861
f 1470/2078/1129 1471/2249/920 1474/2250/919 1472/2155/844
f 1471/2251/918 1469/2085/822 1473/2084/820 1474/2252/917
f 1449/2068/1125 1450/2253/924 1447/2254/930 1445/2069/796
f 1450/2255/926 1448/2091/845 1446/2156/848 1447/2256/929
f 1452/2081/852 1453/2257/925 1471/2249/920 1470/2078/1129
f 1453/2258/923 1451/2087/1132 1469/2085/822 1471/2251/918
f 1458/2118/800 1459/2259/910 1456/2260/909 1454/2119/806
f 1459/2261/908 1457/2196/838 1455/2166/801 1456/2262/907
f 1472/2155/844 1474/2250/919 1477/2263/927 1475/2152/842
f 1474/2264/917 1473/2077/820 1476/2076/810 1477/2265/928
f 1479/2108/1135 1480/2266/916 1468/2267/911 1466/2109/1128
f 1480/2268/915 1478/2169/804 1467/2162/812 1468/2269/913
f 1478/2169/804 1480/2268/915 1456/2262/907 1455/2166/801
f 1480/2266/916 1479/2108/1135 1454/2119/806 1456/2260/909
f 1461/2159/835 1462/2270/921 1447/2256/929 1446/2156/848
f 1462/2271/922 1460/2089/799 1445/2069/796 1447/2254/930
f 1475/2152/842 1477/2263/927 1465/2272/914 1463/2165/839
f 1477/2265/928 1476/2076/810 1464/2073/792 1465/2273/912
f 1466/2072/1128 1468/2274/911 1465/2273/912 1464/2073/792
f 1468/2269/913 1467/2162/812 1463/2165/839 1465/2272/914
f 1451/2087/1132 1453/2258/923 1450/2275/924 1449/2113/1125
f 1453/2257/925 1452/2081/852 1448/2091/845 1450/2255/926
f 1460/2089/799 1462/2271/922 1459/2276/910 1458/2115/800
f 1462/2270/921 1461/2159/835 1457/2161/838 1459/2277/908
f 1448/2091/845 1413/2090/846 1410/2157/847 1446/2156/848
f 1408/2235/873 1502/2234/883 1506/2231/884 1404/2230/870
f 1407/2225/876 1511/2224/890 1508/2219/891 1406/2218/864
f 1401/2278/854 1493/2279/886 1497/2233/887 1400/2232/855
f 1592/2205/672 1605/2204/937 1601/2280/877 1598/2281/669
f 1496/2002/1110 1623/2001/954 1646/2282/955 1503/2283/950
f 1593/2201/773 1604/2200/881 1603/2284/882 1594/2285/770
f 1596/2286/1091 1612/2287/744 1611/2288/880 1597/2289/676
f 1397/2215/859 1487/2214/888 1491/2227/889 1402/2226/862
f 1600/2290/935 1608/2291/934 1607/2292/741 1595/2293/778
f 1488/2294/943 1614/2295/1158 1629/2296/1159 1490/2297/1160
f 1594/2285/770 1603/2284/882 1602/2217/938 1590/2216/686
f 1503/2283/950 1504/2298/231 1498/2299/226 1496/2002/1110
f 1504/2298/231 1502/2234/883 1497/2233/887 1498/2299/226
f 1515/2300/939 1516/2301/229 1507/2302/228 1505/2303/948
f 1516/2301/229 1514/2223/885 1506/2231/884 1507/2302/228
f 1494/2304/946 1495/2305/224 1492/2306/222 1490/2297/1160
f 1495/2305/224 1493/2228/886 1491/2227/889 1492/2306/222
f 1512/2307/942 1513/2308/219 1516/2301/229 1515/2300/939
f 1513/2308/219 1511/2224/890 1514/2223/885 1516/2301/229
f 1509/2309/745 1510/2310/220 1513/2308/219 1512/2307/942
f 1510/2310/220 1508/2219/891 1511/2224/890 1513/2308/219
f 1482/2311/748 1483/2312/212 1510/2310/220 1509/2309/745
f 1483/2312/212 1481/2220/893 1508/2219/891 1510/2310/220
f 1505/2303/948 1507/2302/228 1504/2298/231 1503/2283/950
f 1507/2302/228 1506/2231/884 1502/2234/883 1504/2298/231
f 1488/2294/943 1489/2313/217 1501/2314/216 1499/2315/1161
f 1489/2313/217 1487/2214/888 1500/2212/892 1501/2314/216
f 1499/2315/1161 1501/2314/216 1486/2316/213 1484/2317/1162
f 1501/2314/216 1500/2212/892 1485/2211/894 1486/2316/213
f 1496/2002/1110 1498/2299/226 1495/2318/224 1494/1999/946
f 1498/2299/226 1497/2233/887 1493/2279/886 1495/2318/224
f 1490/2297/1160 1492/2306/222 1489/2313/217 1488/2294/943
f 1492/2306/222 1491/2227/889 1487/2214/888 1489/2313/217
f 1484/2317/1162 1486/2316/213 1483/2312/212 1482/2311/748
f 1486/2316/213 1485/2211/894 1481/2220/893 1483/2312/212
f 1405/2221/865 1481/2220/893 1485/2211/894 1399/2210/868
f 1503/2283/950 1646/2282/955 1635/2319/1163 1505/2303/948
f 1505/2303/948 1635/2319/1163 1631/2320/1164 1515/2300/939
f 1509/2309/745 1640/2321/746 1637/2322/747 1482/2311/748
f 1484/2317/1162 1620/2323/932 1617/2324/951 1499/2315/1161
f 1499/2315/1161 1617/2324/951 1614/2295/1158 1488/2294/943
f 1598/2281/669 1601/2280/877 1609/2207/878 1599/2206/879
f 1482/2311/748 1637/2322/747 1620/2323/932 1484/2317/1162
f 1611/2288/880 1610/2199/931 1589/2198/673 1597/2289/676
f 1490/2297/1160 1629/2296/1159 1625/2325/1109 1494/2304/946
f 1512/2307/942 1644/2326/941 1640/2321/746 1509/2309/745
f 1593/2327/773 1662/2328/772 1661/1914/674 1589/1913/673
f 1594/2329/770 1666/2330/771 1662/2328/772 1593/2327/773
f 1515/2300/939 1631/2320/1164 1644/2326/941 1512/2307/942
f 1533/1905/693 1534/2331/971 1531/2332/970 1529/1939/1094
f 1534/2333/1165 1532/1991/1106 1530/1907/1088 1531/2334/968
f 1532/1991/1106 1534/2333/1165 1519/2335/983 1517/2336/647
f 1534/2331/971 1533/1905/693 1518/1904/1087 1519/2337/981
f 1521/1923/1090 1522/2338/980 1519/2339/981 1518/2003/1087
f 1522/2340/982 1520/1926/658 1517/1959/647 1519/2341/983
f 1545/1890/663 1546/2342/963 1549/2343/962 1547/1887/737
f 1546/2344/961 1544/1932/695 1548/1937/661 1549/2345/960
f 1551/1899/668 1552/2346/1166 1528/2347/978 1526/1910/654
f 1552/2348/976 1550/1895/678 1527/1894/689 1528/2349/979
f 1524/1922/1089 1525/2350/974 1522/2338/980 1521/1923/1090
f 1525/2351/1167 1523/1912/655 1520/1926/658 1522/2340/982
f 1542/1898/666 1543/2352/1168 1546/2342/963 1545/1890/663
f 1543/2353/975 1541/1933/650 1544/1932/695 1546/2344/961
f 1539/1942/1095 1540/2354/966 1537/2355/965 1535/1936/1092
f 1540/2356/1169 1538/1902/682 1536/1891/1086 1537/2357/964
f 1529/1939/1094 1531/2332/970 1528/2349/979 1527/1894/689
f 1531/2334/968 1530/1907/1088 1526/1910/654 1528/2347/978
f 1550/1895/678 1552/2348/976 1540/2354/966 1539/1942/1095
f 1552/2346/1166 1551/1899/668 1538/1902/682 1540/2356/1169
f 1547/1887/737 1549/2343/962 1537/2357/964 1536/1891/1086
f 1549/2345/960 1548/1937/661 1535/1936/1092 1537/2355/965
f 1523/1912/655 1525/2351/1167 1543/2352/1168 1542/1898/666
f 1525/2350/974 1524/1922/1089 1541/1933/650 1543/2353/975
f 1517/2336/647 1319/2034/648 1323/1992/644 1532/1991/1106
f 1569/2010/1111 1570/2358/1170 1567/2359/1171 1565/2035/769
f 1570/2360/998 1568/2361/999 1566/2362/996 1567/2363/1172
f 1568/2361/999 1570/2360/998 1555/2364/1019 1553/2365/1018
f 1570/2358/1170 1569/2010/1111 1554/2009/775 1555/2366/1173
f 1557/2046/774 1558/2367/1174 1555/2368/1173 1554/2047/775
f 1558/2369/1175 1556/2370/1017 1553/2371/1018 1555/2372/1019
f 1581/2373/988 1582/2374/1176 1585/2375/986 1583/2376/987
f 1582/2377/985 1580/2039/765 1584/2038/1112 1585/2378/1177
f 1587/2379/1010 1588/2380/1009 1564/2381/1012 1562/2382/1011
f 1588/2383/1008 1586/2006/767 1563/2005/766 1564/2384/1013
f 1560/2037/751 1561/2385/1178 1558/2367/1174 1557/2046/774
f 1561/2386/1179 1559/2387/1002 1556/2370/1017 1558/2369/1175
f 1578/2388/1005 1579/2389/1004 1582/2374/1176 1581/2373/988
f 1579/2390/1007 1577/2036/750 1580/2039/765 1582/2377/985
f 1575/2044/776 1576/2391/1180 1573/2392/992 1571/2045/754
f 1576/2393/994 1574/2394/995 1572/2395/991 1573/2396/990
f 1565/2035/769 1567/2359/1171 1564/2384/1013 1563/2005/766
f 1567/2363/1172 1566/2362/996 1562/2382/1011 1564/2381/1012
f 1586/2006/767 1588/2383/1008 1576/2391/1180 1575/2044/776
f 1588/2380/1009 1587/2379/1010 1574/2394/995 1576/2393/994
f 1583/2376/987 1585/2375/986 1573/2396/990 1572/2395/991
f 1585/2378/1177 1584/2038/1112 1571/2045/754 1573/2392/992
f 1559/2387/1002 1561/2386/1179 1579/2389/1004 1578/2388/1005
f 1561/2385/1178 1560/2037/751 1577/2036/750 1579/2390/1007
f 1597/1916/676 1663/1915/675 1671/1928/739 1596/1927/1091
f 1595/1930/778 1670/1929/777 1669/2397/959 1600/2398/935
f 1606/1998/936 1658/1997/1023 1657/2399/1028 1605/2400/937
f 1601/2401/877 1656/2402/1029 1655/2403/1025 1609/2404/878
f 1649/2405/743 1612/2406/744 1607/2407/741 1650/2408/742
f 1595/2293/778 1607/2292/741 1612/2287/744 1596/2286/1091
f 1605/2400/937 1657/2399/1028 1656/2402/1029 1601/2401/877
f 1604/2409/881 1653/2410/1022 1660/2411/1027 1603/2412/882
f 1603/2412/882 1660/2411/1027 1659/1996/1024 1602/1995/938
f 1608/2413/934 1654/2414/1026 1650/2408/742 1607/2407/741
f 1609/2404/878 1655/2403/1025 1654/2415/1026 1608/2416/934
f 1612/2406/744 1649/2405/743 1651/2417/1020 1611/2418/880
f 1611/2418/880 1651/2417/1020 1652/2419/1021 1610/2420/931
f 1610/2420/931 1652/2419/1021 1653/2410/1022 1604/2409/881
f 1629/2296/1159 1630/2421/1181 1627/2422/1182 1625/2325/1109
f 1630/2423/1181 1628/2424/1041 1626/2425/1038 1627/2426/1182
f 1628/2424/1041 1630/2423/1181 1615/2427/1051 1613/2428/1053
f 1630/2421/1181 1629/2296/1159 1614/2295/1158 1615/2429/1051
f 1617/2324/951 1618/2430/1050 1615/2429/1051 1614/2295/1158
f 1618/2431/1050 1616/2432/1052 1613/2428/1053 1615/2427/1051
f 1641/2433/1033 1642/2434/1031 1645/2435/1030 1643/2436/1032
f 1642/2437/1031 1640/2321/746 1644/2326/941 1645/2438/1030
f 1647/2439/1047 1648/2440/1046 1624/2441/1049 1622/2442/1048
f 1648/2443/1046 1646/2282/955 1623/2001/954 1624/2444/1049
f 1620/2323/932 1621/2445/1043 1618/2430/1050 1617/2324/951
f 1621/2446/1043 1619/2447/1042 1616/2432/1052 1618/2431/1050
f 1638/2448/1045 1639/2449/1044 1642/2434/1031 1641/2433/1033
f 1639/2450/1044 1637/2322/747 1640/2321/746 1642/2437/1031
f 1635/2319/1163 1636/2451/1183 1633/2452/1184 1631/2320/1164
f 1636/2453/1183 1634/2454/1037 1632/2455/1035 1633/2456/1184
f 1625/2000/1109 1627/2457/1182 1624/2444/1049 1623/2001/954
f 1627/2458/1182 1626/2459/1038 1622/2442/1048 1624/2441/1049
f 1646/2282/955 1648/2443/1046 1636/2451/1183 1635/2319/1163
f 1648/2440/1046 1647/2439/1047 1634/2454/1037 1636/2453/1183
f 1643/2436/1032 1645/2435/1030 1633/2456/1184 1632/2455/1035
f 1645/2438/1030 1644/2326/941 1631/2320/1164 1633/2452/1184
f 1619/2447/1042 1621/2446/1043 1639/2449/1044 1638/2448/1045
f 1621/2445/1043 1620/2323/932 1637/2322/747 1639/2450/1044
f 1613/2428/1053 1649/2405/743 1650/2408/742 1628/2424/1041
f 1619/2447/1042 1652/2419/1021 1651/2417/1020 1616/2432/1052
f 1622/2442/1048 1655/2403/1025 1656/2402/1029 1647/2439/1047
f 1643/2436/1032 1659/1996/1024 1660/2411/1027 1641/2433/1033
f 1628/2424/1041 1650/2408/742 1654/2414/1026 1626/2425/1038
f 1616/2432/1052 1651/2417/1020 1649/2405/743 1613/2428/1053
f 1641/2433/1033 1660/2411/1027 1653/2410/1022 1638/2448/1045
f 1647/2439/1047 1656/2402/1029 1657/2399/1028 1634/2454/1037
f 1632/2455/1035 1658/1997/1023 1659/1996/1024 1643/2436/1032
f 1626/2459/1038 1654/2415/1026 1655/2403/1025 1622/2442/1048
f 1634/2454/1037 1657/2399/1028 1658/1997/1023 1632/2455/1035
f 1638/2448/1045 1653/2410/1022 1652/2419/1021 1619/2447/1042
f 1587/2379/1010 1661/1914/674 1662/2328/772 1574/2394/995
f 1566/2362/996 1671/1928/739 1663/1915/675 1562/2382/1011
f 1556/2370/1017 1672/2042/958 1669/2041/959 1553/2371/1018
f 1568/2361/999 1670/1929/777 1671/1928/739 1566/2362/996
f 1583/2376/987 1664/2048/685 1665/1993/1107 1581/2373/988
f 1574/2394/995 1662/2328/772 1666/2330/771 1572/2395/991
f 1578/2388/1005 1667/1919/671 1668/1918/670 1559/2387/1002
f 1559/2387/1002 1668/1918/670 1672/2042/958 1556/2370/1017
f 1581/2373/988 1665/1993/1107 1667/1919/671 1578/2388/1005
f 1572/2395/991 1666/2330/771 1664/2048/685 1583/2376/987
f 1562/2382/1011 1663/1915/675 1661/1914/674 1587/2379/1010
f 1553/2365/1018 1669/2397/959 1670/1929/777 1568/2361/999
f 1201/1785/1 1202/1788/1 1204/1791/1 1203/1801/1
f 1208/1831/603 1211/1834/623 1680/2460/544 1674/2461/52
f 1203/1801/1 1697/1803/1077 1677/2462/1185 1201/1785/1
f 1703/1814/545 1683/1811/41 1226/1810/615 1236/1815/592
f 1230/1852/596 1224/1855/597 1685/2463/42 1688/2464/1186
f 1217/1842/600 1220/1845/601 1698/2465/58 1692/2466/55
f 1204/1791/1 1706/1819/50 1695/1808/59 1203/1801/1
f 1707/2467/1054 1701/2468/48 1232/1866/593 1238/1865/611
f 1676/1800/53 1698/2465/58 1220/1845/601 1206/1797/602
f 1688/2464/1186 1680/2460/544 1211/1834/623 1230/1852/596
f 1202/1788/1 1689/1787/32 1686/1789/1071
f 1694/1807/1078 1707/2467/1054 1238/1865/611 1215/1804/618
f 1674/1799/52 1675/2469/1187 1678/2470/1188 1676/1800/53
f 1675/2471/1187 1673/1796/1075 1677/2462/1185 1678/2472/1188
f 1680/2460/544 1681/2473/1189 1675/2474/1187 1674/2461/52
f 1681/2475/1189 1679/1786/1070 1673/1796/1075 1675/2471/1187
f 1683/1811/41 1684/2476/1190 1687/2477/1191 1685/1812/42
f 1684/2478/1190 1682/1790/1072 1686/1789/1071 1687/2479/1191
f 1685/2463/42 1687/2480/1191 1690/2481/1192 1688/2464/1186
f 1687/2479/1191 1686/1789/1071 1689/1787/32 1690/2482/1192
f 1692/1806/55 1693/2483/1193 1696/2484/1194 1694/1807/1078
f 1693/2485/1193 1691/1802/1076 1695/1808/59 1696/2486/1194
f 1698/2465/58 1699/2487/1195 1693/2488/1193 1692/2466/55
f 1699/2489/1195 1697/1803/1077 1691/1802/1076 1693/2485/1193
f 1701/1813/48 1702/2490/1196 1705/2491/1197 1703/1814/545
f 1702/2492/1196 1700/1793/1074 1704/1792/1073 1705/2493/1197
f 1707/2467/1054 1708/2494/1198 1702/2495/1196 1701/2468/48
f 1708/2496/1198 1706/1819/50 1700/1793/1074 1702/2492/1196
f 1676/1800/53 1678/2470/1188 1699/2487/1195 1698/2465/58
f 1678/2472/1188 1677/2462/1185 1697/1803/1077 1699/2489/1195
f 1688/2464/1186 1690/2481/1192 1681/2473/1189 1680/2460/544
f 1690/2482/1192 1689/1787/32 1679/1786/1070 1681/2475/1189
f 1703/1814/545 1705/2491/1197 1684/2476/1190 1683/1811/41
f 1705/2493/1197 1704/1792/1073 1682/1790/1072 1684/2478/1190
f 1694/1807/1078 1696/2484/1194 1708/2494/1198 1707/2467/1054
f 1696/2486/1194 1695/1808/59 1706/1819/50 1708/2496/1198
f 1201/1785/1 1677/2462/1185 1673/1796/1075
f 1209/1829/1080 1205/1765/575 1292/1768/578 1290/1990/580
f 1385/2107/1134 1365/2116/1136 1454/2119/806 1479/2108/1135
f 1590/2049/686 1664/2048/685 1666/2330/771 1594/2329/770
f 1737/2497/15 1819/2498/16 1794/2499/17 1720/2500/18
f 1713/2501/23 1800/2502/24 1785/2503/25 1729/2504/26
f 1722/2505/7 1791/2506/8 1809/2507/9 1747/2508/10
f 1810/2509/94 1792/2510/95 1756/2511/96 1773/2512/97
f 1743/2513/11 1816/2514/12 1804/2515/13 1735/2516/14
f 1741/2517/1199 1813/2518/79 1816/2514/12 1743/2513/11
f 1731/2519/60 1806/2520/61 1819/2498/16 1737/2497/15
f 1709/2521/1 1710/2522/1 2197/2523/1200 2187/2524/584
f 1710/2522/1 2190/2525/1201 2194/2526/1202
f 1712/2527/1 2208/2528/1203 2212/2529/1204
f 1710/2522/1 1712/2527/1 2212/2529/1204 2190/2525/1201
f 1792/2510/95 1788/2530/90 1753/2531/93 1756/2511/96
f 1709/2521/1 2187/2524/584 2181/2532/1205
f 1714/2533/57 2184/2534/58 2182/2535/55 1716/2536/56
f 1711/2537/1 2205/2538/1206 2199/2539/1207
f 1723/2540/1208 2202/2541/1209 2200/2542/52 1725/2543/1210
f 1711/2537/1 2199/2539/1207 2203/2544/1211
f 1732/2545/1212 2193/2546/48 2191/2547/545 1734/2548/69
f 2209/2549/42 1740/2550/43 1744/2551/40 2211/2552/41
f 1747/2508/10 1809/2507/9 1813/2553/79 1741/2554/1199
f 1712/2527/1 2214/2555/599 2208/2528/1203
f 1735/2516/14 1804/2515/13 1806/2556/61 1731/2557/60
f 1726/2558/29 1789/2559/30 1791/2506/8 1722/2505/7
f 1729/2504/26 1785/2503/25 1789/2560/30 1726/2561/29
f 1714/2533/57 1716/2536/56 1718/2562/76 1715/2563/1213
f 1715/2564/1213 1718/2565/76 1717/2566/1214 1713/2501/23
f 1716/2567/56 1719/2568/78 1721/2569/77 1718/2570/76
f 1718/2571/76 1721/2572/77 1720/2500/18 1717/2573/1214
f 1723/2540/1208 1725/2543/1210 1727/2574/72 1724/2575/74
f 1724/2576/74 1727/2577/72 1726/2558/29 1722/2505/7
f 1725/2578/1210 1728/2579/54 1730/2580/71 1727/2581/72
f 1727/2582/72 1730/2583/71 1729/2504/26 1726/2561/29
f 1732/2545/1212 1734/2548/69 1736/2584/70 1733/2585/67
f 1733/2586/67 1736/2587/70 1735/2516/14 1731/2557/60
f 1738/2588/1215 1732/2589/1212 1733/2590/67 1739/2591/68
f 1739/2592/68 1733/2593/67 1731/2519/60 1737/2497/15
f 1741/2517/1199 1743/2513/11 1745/2594/1216 1742/2595/62
f 1742/2596/62 1745/2597/1216 1744/2551/40 1740/2550/43
f 1747/2508/10 1741/2554/1199 1742/2598/62 1748/2599/66
f 1748/2600/66 1742/2601/62 1740/2602/43 1746/2603/65
f 1743/2513/11 1735/2516/14 1736/2587/70 1745/2594/1216
f 1745/2597/1216 1736/2584/70 1734/2548/69 1744/2551/40
f 1722/2505/7 1747/2508/10 1748/2599/66 1724/2576/74
f 1724/2575/74 1748/2600/66 1746/2603/65 1723/2540/1208
f 1713/2501/23 1729/2504/26 1730/2583/71 1715/2564/1213
f 1715/2563/1213 1730/2580/71 1728/2579/54 1714/2533/57
f 1737/2497/15 1720/2500/18 1721/2572/77 1739/2592/68
f 1739/2591/68 1721/2569/77 1719/2568/78 1738/2588/1215
f 1720/2500/18 1794/2499/17 1798/2604/28 1717/2573/1214
f 1815/2605/85 1812/2606/88 1776/2607/89 1780/2608/86
f 1786/2609/91 1801/2610/80 1765/2611/83 1750/2612/92
f 1801/2610/80 1797/2613/81 1761/2614/82 1765/2611/83
f 1807/2615/37 1803/2616/1217 1767/2617/87 1771/2618/38
f 1795/2619/19 1818/2620/20 1782/2621/21 1759/2622/22
f 1803/2616/1217 1815/2605/85 1780/2608/86 1767/2617/87
f 1818/2620/20 1807/2615/37 1771/2618/38 1782/2621/21
f 2055/2623/192 2053/2624/1218 1848/2625/121 1851/2626/193
f 2044/2627/166 2055/2623/192 1851/2626/193 1854/2628/167
f 1758/2629/143 1783/2630/132 2058/2631/1219 2035/2632/1220
f 2053/2624/1218 2050/2633/119 1821/2634/120 1848/2625/121
f 2059/2635/122 2046/2636/1221 1846/2637/137 1842/2638/123
f 1749/2639/146 1764/2640/147 2041/2641/148 2026/2642/149
f 2038/2643/99 2034/2644/108 1837/2645/109 1833/2646/100
f 2034/2644/108 2059/2635/122 1842/2638/123 1837/2645/109
f 1812/2606/88 1810/2509/94 1773/2512/97 1776/2607/89
f 2046/2636/1221 2044/2627/166 1854/2628/167 1846/2637/137
f 2050/2633/119 2031/2647/110 1825/2648/113 1821/2634/120
f 1797/2613/81 1795/2619/19 1759/2622/22 1761/2614/82
f 2097/2649/128 2105/2650/129 2171/2651/130 2169/2652/131
f 2106/2653/124 2100/2654/125 2175/2655/126 2176/2656/127
f 1755/2657/105 1752/2658/152 2029/2659/1222 2032/2660/106
f 2031/2647/110 2028/2661/1223 1840/2662/112 1825/2648/113
f 2104/2663/1224 2103/2664/244 2178/2665/245 2179/2666/1225
f 1777/2667/150 1774/2668/104 2049/2669/1226 2052/2670/1227
f 1768/2671/114 1779/2672/115 2056/2673/116 2043/2674/117
f 1764/2640/147 1762/2675/142 2037/2676/145 2041/2641/148
f 1770/2677/133 1768/2671/114 2043/2674/117 2047/2678/1228
f 1762/2675/142 1758/2629/143 2035/2632/1220 2037/2676/145
f 1765/2611/83 1761/2614/82 1763/2679/1229 1766/2680/1230
f 1766/2680/1230 1763/2679/1229 1762/2675/142 1764/2640/147
f 1764/2640/147 1749/2639/146 1751/2681/164 1766/2680/1230
f 1766/2680/1230 1751/2681/164 1750/2612/92 1765/2611/83
f 1753/2531/93 1750/2682/92 1751/2683/164 1754/2684/1231
f 1754/2684/1231 1751/2683/164 1749/2685/146 1752/2658/152
f 1777/2667/150 1779/2672/115 1781/2686/1232 1778/2687/1233
f 1778/2687/1233 1781/2686/1232 1780/2608/86 1776/2607/89
f 1783/2630/132 1758/2629/143 1760/2688/163 1784/2689/1234
f 1784/2689/1234 1760/2688/163 1759/2622/22 1782/2621/21
f 1756/2511/96 1753/2531/93 1754/2684/1231 1757/2690/1235
f 1757/2690/1235 1754/2684/1231 1752/2658/152 1755/2657/105
f 1774/2668/104 1777/2667/150 1778/2687/1233 1775/2691/1236
f 1775/2691/1236 1778/2687/1233 1776/2607/89 1773/2512/97
f 1771/2618/38 1767/2617/87 1769/2692/1237 1772/2693/157
f 1772/2693/157 1769/2692/1237 1768/2671/114 1770/2677/133
f 1761/2614/82 1759/2622/22 1760/2688/163 1763/2679/1229
f 1763/2679/1229 1760/2688/163 1758/2629/143 1762/2675/142
f 1782/2621/21 1771/2618/38 1772/2693/157 1784/2689/1234
f 1784/2689/1234 1772/2693/157 1770/2677/133 1783/2630/132
f 1779/2672/115 1768/2671/114 1769/2692/1237 1781/2686/1232
f 1781/2686/1232 1769/2692/1237 1767/2617/87 1780/2608/86
f 1755/2657/105 1774/2668/104 1775/2691/1236 1757/2690/1235
f 1757/2690/1235 1775/2691/1236 1773/2512/97 1756/2511/96
f 2028/2661/1223 2025/2694/102 1827/2695/103 1840/2662/112
f 1810/2509/94 1812/2606/88 1814/2696/180 1811/2697/181
f 1811/2698/178 1814/2699/179 1813/2553/79 1809/2507/9
f 1789/2560/30 1785/2503/25 1787/2700/191 1790/2701/184
f 1790/2702/187 1787/2703/190 1786/2704/91 1788/2530/90
f 1792/2510/95 1810/2509/94 1811/2697/181 1793/2705/186
f 1793/2706/185 1811/2698/178 1809/2507/9 1791/2506/8
f 1798/2604/28 1794/2499/17 1796/2707/170 1799/2708/171
f 1799/2709/168 1796/2710/169 1795/2619/19 1797/2613/81
f 1812/2606/88 1815/2605/85 1817/2711/188 1814/2696/180
f 1814/2712/179 1817/2713/189 1816/2514/12 1813/2518/79
f 1819/2498/16 1806/2520/61 1808/2714/173 1820/2715/177
f 1820/2716/176 1808/2717/174 1807/2615/37 1818/2620/20
f 1818/2620/20 1795/2619/19 1796/2710/169 1820/2716/176
f 1820/2715/177 1796/2707/170 1794/2499/17 1819/2498/16
f 1801/2610/80 1786/2609/91 1787/2718/190 1802/2719/182
f 1802/2720/183 1787/2700/191 1785/2503/25 1800/2502/24
f 1815/2605/85 1803/2616/1217 1805/2721/175 1817/2711/188
f 1817/2713/189 1805/2722/172 1804/2515/13 1816/2514/12
f 1806/2556/61 1804/2515/13 1805/2722/172 1808/2723/173
f 1808/2717/174 1805/2721/175 1803/2616/1217 1807/2615/37
f 1791/2506/8 1789/2559/30 1790/2724/184 1793/2706/185
f 1793/2705/186 1790/2702/187 1788/2530/90 1792/2510/95
f 1800/2502/24 1798/2725/28 1799/2726/171 1802/2720/183
f 1802/2719/182 1799/2709/168 1797/2613/81 1801/2610/80
f 1788/2530/90 1786/2704/91 1750/2682/92 1753/2531/93
f 1783/2630/132 1770/2677/133 2047/2678/1228 2058/2631/1219
f 1779/2672/115 1777/2667/150 2052/2670/1227 2056/2673/116
f 2040/2727/98 2038/2643/99 1833/2646/100 1831/2728/101
f 2100/2654/125 2099/2729/1238 2173/2730/141 2175/2655/126
f 2110/2731/415 2114/2732/414 2166/2733/511 2167/2734/512
f 2002/2735/430 2004/2736/1239 2131/2737/1240 2133/2738/442
f 1752/2658/152 1749/2685/146 2026/2739/149 2029/2659/1222
f 1836/2740/225 1843/2741/230 2094/2742/233 2071/2743/234
f 1828/2744/214 1830/2745/221 2077/2746/236 2062/2747/241
f 1843/2741/230 1836/2740/225 1838/2748/226 1844/2749/231
f 1844/2749/231 1838/2748/226 1837/2645/109 1842/2638/123
f 1855/2750/208 1845/2751/227 1847/2752/228 1856/2753/229
f 1856/2753/229 1847/2752/228 1846/2637/137 1854/2628/167
f 1834/2754/223 1830/2745/221 1832/2755/222 1835/2756/224
f 1835/2756/224 1832/2755/222 1831/2728/101 1833/2646/100
f 1852/2757/209 1855/2750/208 1856/2753/229 1853/2758/219
f 1853/2758/219 1856/2753/229 1854/2628/167 1851/2626/193
f 1849/2759/218 1852/2757/209 1853/2758/219 1850/2760/220
f 1850/2760/220 1853/2758/219 1851/2626/193 1848/2625/121
f 1822/2761/204 1849/2759/218 1850/2760/220 1823/2762/212
f 1823/2762/212 1850/2760/220 1848/2625/121 1821/2634/120
f 1845/2751/227 1843/2741/230 1844/2749/231 1847/2752/228
f 1847/2752/228 1844/2749/231 1842/2638/123 1846/2637/137
f 1828/2763/214 1839/2764/215 1841/2765/216 1829/2766/217
f 1829/2766/217 1841/2765/216 1840/2662/112 1827/2695/103
f 1839/2764/215 1824/2767/205 1826/2768/213 1841/2765/216
f 1841/2765/216 1826/2768/213 1825/2648/113 1840/2662/112
f 1836/2740/225 1834/2754/223 1835/2756/224 1838/2748/226
f 1838/2748/226 1835/2756/224 1833/2646/100 1837/2645/109
f 1830/2745/221 1828/2744/214 1829/2769/217 1832/2755/222
f 1832/2755/222 1829/2769/217 1827/2770/103 1831/2728/101
f 1824/2767/205 1822/2761/204 1823/2762/212 1826/2768/213
f 1826/2768/213 1823/2762/212 1821/2634/120 1825/2648/113
f 1774/2668/104 1755/2657/105 2032/2660/106 2049/2669/1226
f 1834/2754/223 1836/2740/225 2071/2743/234 2073/2771/235
f 1822/2761/204 1824/2767/205 2068/2772/206 2085/2773/207
f 1852/2757/209 1849/2759/218 2088/2774/232 2092/2775/210
f 2108/2776/411 2107/2777/354 2180/2778/446 2177/2779/447
f 1845/2751/227 1855/2750/208 2079/2780/211 2083/2781/243
f 1830/2745/221 1834/2754/223 2073/2771/235 2077/2746/236
f 1849/2759/218 1822/2761/204 2085/2773/207 2088/2774/232
f 2107/2777/354 2106/2653/124 2176/2656/127 2180/2778/446
f 1824/2767/205 1839/2764/215 2065/2782/242 2068/2772/206
f 1839/2764/215 1828/2763/214 2062/2783/241 2065/2782/242
f 1855/2750/208 1852/2757/209 2092/2775/210 2079/2780/211
f 2099/2729/1238 2098/2784/139 2172/2785/140 2173/2730/141
f 1843/2741/230 1845/2751/227 2083/2781/243 2094/2742/233
f 1888/2786/1241 1863/2787/288 1865/2788/261 1890/2789/1242
f 1861/2790/254 1870/2791/1243 1902/2792/1244 1859/2793/257
f 1864/2794/250 1894/2795/1245 1874/2796/1246 1868/2797/253
f 1867/2798/290 1879/2799/1247 1884/2800/1248 1862/2801/248
f 1885/2802/1249 1953/2803/267 1957/2804/268 1882/2805/1250
f 1891/2806/1251 1972/2807/263 1974/2808/264 1887/2809/1252
f 1897/2810/296 1981/2811/297 1984/2812/283 1899/2813/282
f 1978/2814/326 1960/2815/327 1924/2816/328 1941/2817/329
f 1903/2818/1253 1977/2819/299 1981/2820/297 1897/2821/296
f 1899/2813/282 1984/2812/283 1972/2807/263 1891/2806/1251
f 1871/2822/1254 1959/2823/1255 1977/2819/299 1903/2818/1253
f 1880/2824/273 1968/2825/272 1953/2803/267 1885/2802/1249
f 1960/2815/327 1956/2826/322 1921/2827/325 1924/2816/328
f 1879/2799/1247 1867/2798/290 1866/2828/293 1877/2829/1256
f 1877/2830/1256 1866/2831/293 1868/2797/253 1874/2796/1246
f 1870/2791/1243 1861/2790/254 1860/2832/247 1881/2833/1257
f 1881/2834/1257 1860/2835/247 1862/2801/248 1884/2800/1248
f 1894/2795/1245 1864/2794/250 1863/2836/288 1888/2837/1241
f 1858/2838/258 1900/2839/1258 1890/2789/1242 1865/2788/261
f 1859/2793/257 1902/2792/1244 1896/2840/287 1857/2841/286
f 1887/2842/1252 1974/2843/264 1987/2844/1259 1893/2845/1260
f 1857/2846/286 1896/2847/287 1900/2839/1258 1858/2838/258
f 1882/2848/1250 1957/2849/268 1959/2823/1255 1871/2822/1254
f 1876/2850/270 1966/2851/271 1968/2825/272 1880/2824/273
f 1873/2852/1261 1962/2853/279 1966/2854/271 1876/2855/270
f 1879/2799/1247 1877/2829/1256 1875/2856/310 1878/2857/309
f 1878/2858/309 1875/2859/310 1876/2850/270 1880/2824/273
f 1877/2830/1256 1874/2796/1246 1872/2860/1262 1875/2861/310
f 1875/2862/310 1872/2863/1262 1873/2852/1261 1876/2855/270
f 1870/2791/1243 1881/2833/1257 1883/2864/1263 1869/2865/1264
f 1869/2866/1264 1883/2867/1263 1882/2848/1250 1871/2822/1254
f 1881/2834/1257 1884/2800/1248 1886/2868/1265 1883/2869/1263
f 1883/2870/1263 1886/2871/1265 1885/2802/1249 1882/2805/1250
f 1888/2786/1241 1890/2789/1242 1892/2872/1266 1889/2873/1267
f 1889/2874/1267 1892/2875/1266 1891/2806/1251 1887/2809/1252
f 1894/2795/1245 1888/2837/1241 1889/2876/1267 1895/2877/1268
f 1895/2878/1268 1889/2879/1267 1887/2842/1252 1893/2845/1260
f 1897/2810/296 1899/2813/282 1901/2880/301 1898/2881/300
f 1898/2882/300 1901/2883/301 1900/2839/1258 1896/2847/287
f 1903/2818/1253 1897/2821/296 1898/2884/300 1904/2885/1269
f 1904/2886/1269 1898/2887/300 1896/2840/287 1902/2792/1244
f 1899/2813/282 1891/2806/1251 1892/2875/1266 1901/2880/301
f 1901/2883/301 1892/2872/1266 1890/2789/1242 1900/2839/1258
f 1871/2822/1254 1903/2818/1253 1904/2885/1269 1869/2866/1264
f 1869/2865/1264 1904/2886/1269 1902/2792/1244 1870/2791/1243
f 1880/2824/273 1885/2802/1249 1886/2871/1265 1878/2858/309
f 1878/2857/309 1886/2868/1265 1884/2800/1248 1879/2799/1247
f 1893/2845/1260 1873/2852/1261 1872/2863/1262 1895/2878/1268
f 1895/2877/1268 1872/2860/1262 1874/2796/1246 1894/2795/1245
f 1983/2888/1270 1980/2889/320 1944/2890/321 1948/2891/318
f 1954/2892/323 1969/2893/312 1933/2894/315 1918/2895/324
f 1969/2893/312 1965/2896/313 1929/2897/314 1933/2894/315
f 1975/2898/284 1971/2899/1271 1935/2900/319 1939/2901/285
f 1963/2902/274 1986/2903/275 1950/2904/276 1927/2905/277
f 1971/2899/1271 1983/2888/1270 1948/2891/318 1935/2900/319
f 1986/2903/275 1975/2898/284 1939/2901/285 1950/2904/276
f 1945/2906/340 1942/2907/341 1913/2908/342 1914/2909/343
f 1938/2910/346 1936/2911/1272 1911/2912/348 1912/2913/349
f 1947/2914/352 1945/2906/340 1914/2909/343 1915/2915/353
f 1930/2916/330 1926/2917/331 1908/2918/332 1909/2919/333
f 1951/2920/1273 1938/2910/346 1912/2913/349 1916/2921/351
f 1936/2911/1272 1947/2914/352 1915/2915/353 1911/2912/348
f 1920/2922/1274 1917/2923/335 1905/2924/336 1906/2925/337
f 1926/2917/331 1951/2920/1273 1916/2921/351 1908/2918/332
f 1942/2907/341 1923/2926/344 1907/2927/345 1913/2908/342
f 1980/2889/320 1978/2814/326 1941/2817/329 1944/2890/321
f 1932/2928/338 1930/2929/330 1909/2930/333 1910/2931/339
f 1923/2926/344 1920/2922/1274 1906/2925/337 1907/2927/345
f 1965/2932/313 1963/2902/274 1927/2905/277 1929/2933/314
f 2097/2934/128 2101/2935/238 2112/2936/359 2118/2937/408
f 2099/2938/1238 2100/2939/125 2113/2940/413 2114/2941/414
f 2107/2942/354 2108/2943/411 2116/2944/412 2117/2945/355
f 1907/2946/345 1906/2947/337 2008/2948/369 1993/2949/370
f 1906/2947/337 1905/2950/336 1995/2951/366 2008/2948/369
f 2098/2952/139 2099/2938/1238 2114/2941/414 2110/2953/415
f 1914/2954/343 1913/2955/342 1989/2956/371 2016/2957/367
f 1911/2958/348 1915/2959/353 2019/2960/368 2022/2961/362
f 1910/2962/339 1909/2963/333 2001/2964/364 1999/2965/365
f 1912/2966/349 1911/2958/348 2022/2961/362 2014/2967/360
f 1908/2968/332 1916/2969/351 2010/2970/361 2005/2971/363
f 1933/2894/315 1929/2897/314 1931/2972/1275 1934/2973/1276
f 1934/2973/1276 1931/2972/1275 1930/2929/330 1932/2928/338
f 1932/2928/338 1917/2923/335 1919/2974/1277 1934/2973/1276
f 1934/2973/1276 1919/2974/1277 1918/2895/324 1933/2894/315
f 1921/2827/325 1918/2895/324 1919/2974/1277 1922/2975/383
f 1922/2975/383 1919/2974/1277 1917/2923/335 1920/2922/1274
f 1945/2906/340 1947/2914/352 1949/2976/1278 1946/2977/372
f 1946/2977/372 1949/2976/1278 1948/2891/318 1944/2890/321
f 1951/2920/1273 1926/2917/331 1928/2978/1279 1952/2979/1280
f 1952/2979/1280 1928/2978/1279 1927/2905/277 1950/2904/276
f 1924/2816/328 1921/2827/325 1922/2975/383 1925/2980/1281
f 1925/2980/1281 1922/2975/383 1920/2922/1274 1923/2926/344
f 1942/2907/341 1945/2906/340 1946/2977/372 1943/2981/1282
f 1943/2981/1282 1946/2977/372 1944/2890/321 1941/2817/329
f 1939/2901/285 1935/2900/319 1937/2982/1283 1940/2983/1284
f 1940/2983/1284 1937/2982/1283 1936/2911/1272 1938/2910/346
f 1929/2933/314 1927/2905/277 1928/2978/1279 1931/2984/1275
f 1931/2984/1275 1928/2978/1279 1926/2917/331 1930/2916/330
f 1950/2904/276 1939/2901/285 1940/2983/1284 1952/2979/1280
f 1952/2979/1280 1940/2983/1284 1938/2910/346 1951/2920/1273
f 1947/2914/352 1936/2911/1272 1937/2982/1283 1949/2976/1278
f 1949/2976/1278 1937/2982/1283 1935/2900/319 1948/2891/318
f 1923/2926/344 1942/2907/341 1943/2981/1282 1925/2980/1281
f 1925/2980/1281 1943/2981/1282 1941/2817/329 1924/2816/328
f 1917/2923/335 1932/2928/338 1910/2931/339 1905/2924/336
f 1978/2814/326 1980/2889/320 1982/2985/396 1979/2986/397
f 1979/2987/394 1982/2988/395 1981/2820/297 1977/2819/299
f 1957/2804/268 1953/2803/267 1955/2989/407 1958/2990/400
f 1958/2991/403 1955/2992/406 1954/2892/323 1956/2826/322
f 1960/2815/327 1978/2814/326 1979/2986/397 1961/2993/402
f 1961/2994/401 1979/2987/394 1977/2819/299 1959/2823/1255
f 1966/2854/271 1962/2853/279 1964/2995/386 1967/2996/387
f 1967/2997/384 1964/2998/385 1963/2902/274 1965/2932/313
f 1980/2889/320 1983/2888/1270 1985/2999/404 1982/2985/396
f 1982/3000/395 1985/3001/405 1984/2812/283 1981/2811/297
f 1987/2844/1259 1974/2843/264 1976/3002/389 1988/3003/393
f 1988/3004/392 1976/3005/390 1975/2898/284 1986/2903/275
f 1986/2903/275 1963/2902/274 1964/2998/385 1988/3004/392
f 1988/3003/393 1964/2995/386 1962/2853/279 1987/2844/1259
f 1969/2893/312 1954/2892/323 1955/2992/406 1970/3006/398
f 1970/3007/399 1955/2989/407 1953/2803/267 1968/2825/272
f 1983/2888/1270 1971/2899/1271 1973/3008/391 1985/2999/404
f 1985/3001/405 1973/3009/388 1972/2807/263 1984/2812/283
f 1974/2808/264 1972/2807/263 1973/3009/388 1976/3010/389
f 1976/3005/390 1973/3008/391 1971/2899/1271 1975/2898/284
f 1959/2823/1255 1957/2849/268 1958/3011/400 1961/2994/401
f 1961/2993/402 1958/2991/403 1956/2826/322 1960/2815/327
f 1968/2825/272 1966/2851/271 1967/3012/387 1970/3007/399
f 1970/3006/398 1967/3013/384 1965/2896/313 1969/2893/312
f 1956/2826/322 1954/2892/323 1918/2895/324 1921/2827/325
f 1916/2969/351 1912/2966/349 2014/2967/360 2010/2970/361
f 1915/2959/353 1914/2954/343 2016/2957/367 2019/2960/368
f 1909/3014/333 1908/2968/332 2005/2971/363 2001/3015/364
f 2100/2939/125 2106/3016/124 2109/3017/356 2113/2940/413
f 2004/2736/1239 2011/3018/437 2154/3019/444 2131/2737/1240
f 2101/2935/238 2102/3020/237 2111/3021/358 2112/2936/359
f 2104/3022/1224 2105/3023/129 2119/3024/357 2120/3025/197
f 1905/2950/336 1910/2962/339 1999/2965/365 1995/2951/366
f 2108/3026/411 2103/3027/244 2115/3028/196 2116/3029/412
f 1996/3030/1285 1998/3031/428 2137/3032/1286 2122/3033/1287
f 2102/3020/237 2098/2952/139 2110/2953/415 2111/3021/358
f 2011/3018/437 2004/2736/1239 2006/3034/433 2012/3035/438
f 2012/3035/438 2006/3034/433 2005/2971/363 2010/2970/361
f 2023/3036/1288 2013/3037/434 2015/3038/435 2024/3039/436
f 2024/3039/436 2015/3038/435 2014/2967/360 2022/2961/362
f 2002/3040/430 1998/3031/428 2000/3041/429 2003/3042/431
f 2003/3042/431 2000/3041/429 1999/2965/365 2001/2964/364
f 2020/3043/1289 2023/3036/1288 2024/3039/436 2021/3044/426
f 2021/3044/426 2024/3039/436 2022/2961/362 2019/2960/368
f 2017/3045/1290 2020/3043/1289 2021/3044/426 2018/3046/427
f 2018/3046/427 2021/3044/426 2019/2960/368 2016/2957/367
f 1990/3047/201 2017/3045/1290 2018/3046/427 1991/3048/420
f 1991/3048/420 2018/3046/427 2016/2957/367 1989/2956/371
f 2013/3037/434 2011/3018/437 2012/3035/438 2015/3038/435
f 2015/3038/435 2012/3035/438 2010/2970/361 2014/2967/360
f 1996/3030/1285 2007/3049/1291 2009/3050/424 1997/3051/425
f 1997/3051/425 2009/3050/424 2008/2948/369 1995/2951/366
f 2007/3049/1291 1992/3052/409 1994/3053/1292 2009/3050/424
f 2009/3050/424 1994/3053/1292 1993/2949/370 2008/2948/369
f 2004/2736/1239 2002/2735/430 2003/3054/431 2006/3034/433
f 2006/3034/433 2003/3054/431 2001/3015/364 2005/2971/363
f 1998/3031/428 1996/3030/1285 1997/3051/425 2000/3041/429
f 2000/3041/429 1997/3051/425 1995/2951/366 1999/2965/365
f 1992/3052/409 1990/3047/201 1991/3048/420 1994/3053/1292
f 1994/3053/1292 1991/3048/420 1989/2956/371 1993/2949/370
f 1913/2955/342 1907/2946/345 1993/2949/370 1989/2956/371
f 2011/3018/437 2013/3037/434 2143/3055/1293 2154/3019/444
f 2013/3037/434 2023/3036/1288 2139/3056/1294 2143/3055/1293
f 2017/3045/1290 1990/3047/201 2145/3057/202 2148/3058/203
f 1992/3052/409 2007/3049/1291 2125/3059/1295 2128/3060/410
f 2007/3049/1291 1996/3030/1285 2122/3033/1287 2125/3059/1295
f 2106/3016/124 2107/2942/354 2117/2945/355 2109/3017/356
f 1990/3047/201 1992/3052/409 2128/3060/410 2145/3057/202
f 2119/3024/357 2105/3023/129 2097/2934/128 2118/2937/408
f 1998/3031/428 2002/3040/430 2133/3061/442 2137/3032/1286
f 2020/3043/1289 2017/3045/1290 2148/3058/203 2152/3062/418
f 2101/3063/238 2097/2649/128 2169/2652/131 2170/3064/239
f 2102/3065/237 2101/3063/238 2170/3064/239 2174/3066/240
f 2023/3036/1288 2020/3043/1289 2152/3062/418 2139/3056/1294
f 2041/2641/148 2037/2676/145 2039/3067/458 2042/3068/459
f 2042/3069/456 2039/3070/1296 2038/2643/99 2040/2727/98
f 2040/2727/98 2025/3071/102 2027/3072/471 2042/3069/456
f 2042/3068/459 2027/3073/468 2026/2642/149 2041/2641/148
f 2029/2659/1222 2026/2739/149 2027/3074/468 2030/3075/469
f 2030/3076/470 2027/3077/471 2025/2694/102 2028/2661/1223
f 2053/2624/1218 2055/2623/192 2057/3078/450 2054/3079/451
f 2054/3080/448 2057/3081/449 2056/2673/116 2052/2670/1227
f 2059/2635/122 2034/2644/108 2036/3082/1297 2060/3083/1298
f 2060/3084/464 2036/3085/467 2035/2632/1220 2058/2631/1219
f 2032/2660/106 2029/2659/1222 2030/3075/469 2033/3086/462
f 2033/3087/1299 2030/3076/470 2028/2661/1223 2031/2647/110
f 2050/2633/119 2053/2624/1218 2054/3079/451 2051/3088/1300
f 2051/3089/463 2054/3080/448 2052/2670/1227 2049/2669/1226
f 2047/2678/1228 2043/2674/117 2045/3090/453 2048/3091/454
f 2048/3092/1301 2045/3093/452 2044/2627/166 2046/2636/1221
f 2037/2676/145 2035/2632/1220 2036/3085/467 2039/3067/458
f 2039/3070/1296 2036/3082/1297 2034/2644/108 2038/2643/99
f 2058/2631/1219 2047/2678/1228 2048/3091/454 2060/3084/464
f 2060/3083/1298 2048/3092/1301 2046/2636/1221 2059/2635/122
f 2055/2623/192 2044/2627/166 2045/3093/452 2057/3078/450
f 2057/3081/449 2045/3090/453 2043/2674/117 2056/2673/116
f 2031/2647/110 2050/2633/119 2051/3088/1300 2033/3087/1299
f 2033/3086/462 2051/3089/463 2049/2669/1226 2032/2660/106
f 2025/3071/102 2040/2727/98 1831/2728/101 1827/2770/103
f 2077/2746/236 2073/2771/235 2075/3094/1302 2078/3095/489
f 2078/3096/1303 2075/3097/1304 2074/3098/484 2076/3099/485
f 2076/3099/485 2061/3100/506 2063/3101/505 2078/3096/1303
f 2078/3095/489 2063/3102/1305 2062/2747/241 2077/2746/236
f 2065/2782/242 2062/2783/241 2063/3103/1305 2066/3104/503
f 2066/3105/504 2063/3106/505 2061/3107/506 2064/3108/507
f 2089/3109/476 2091/3110/477 2093/3111/1306 2090/3112/1307
f 2090/3113/472 2093/3114/473 2092/2775/210 2088/2774/232
f 2095/3115/498 2070/3116/499 2072/3117/500 2096/3118/1308
f 2096/3119/1309 2072/3120/1310 2071/2743/234 2094/2742/233
f 2068/2772/206 2065/2782/242 2066/3104/503 2069/3121/494
f 2069/3122/1311 2066/3105/504 2064/3108/507 2067/3123/490
f 2086/3124/491 2089/3109/476 2090/3112/1307 2087/3125/492
f 2087/3126/495 2090/3113/472 2088/2774/232 2085/2773/207
f 2083/2781/243 2079/2780/211 2081/3127/480 2084/3128/1312
f 2084/3129/1313 2081/3130/479 2080/3131/478 2082/3132/483
f 2073/2771/235 2071/2743/234 2072/3120/1310 2075/3094/1302
f 2075/3097/1304 2072/3117/500 2070/3116/499 2074/3098/484
f 2094/2742/233 2083/2781/243 2084/3128/1312 2096/3119/1309
f 2096/3118/1308 2084/3129/1313 2082/3132/483 2095/3115/498
f 2091/3110/477 2080/3131/478 2081/3130/479 2093/3111/1306
f 2093/3114/473 2081/3127/480 2079/2780/211 2092/2775/210
f 2067/3123/490 2086/3124/491 2087/3125/492 2069/3122/1311
f 2069/3121/494 2087/3126/495 2085/2773/207 2068/2772/206
f 2105/2650/129 2104/2663/1224 2179/2666/1225 2171/2651/130
f 2103/2664/244 2108/3133/411 2177/3134/447 2178/2665/245
f 2114/2732/414 2113/3135/413 2165/3136/516 2166/2733/511
f 2109/3137/356 2117/3138/355 2163/3139/514 2164/3140/517
f 2157/3141/198 2158/3142/199 2115/3143/196 2120/3144/197
f 2103/3027/244 2104/3022/1224 2120/3025/197 2115/3028/196
f 2113/3135/413 2109/3137/356 2164/3140/517 2165/3136/516
f 2112/3145/359 2111/3146/358 2168/3147/515 2161/3148/509
f 2111/3146/358 2110/2731/415 2167/2734/512 2168/3147/515
f 2116/3149/412 2115/3143/196 2158/3142/199 2162/3150/513
f 2117/3138/355 2116/3151/412 2162/3152/513 2163/3139/514
f 2120/3144/197 2119/3153/357 2159/3154/508 2157/3141/198
f 2119/3153/357 2118/3155/408 2160/3156/510 2159/3154/508
f 2118/3155/408 2112/3145/359 2161/3148/509 2160/3156/510
f 2137/3032/1286 2133/3061/442 2135/3157/529 2138/3158/528
f 2138/3159/528 2135/3160/529 2134/3161/526 2136/3162/527
f 2136/3162/527 2121/3163/540 2123/3164/1314 2138/3159/528
f 2138/3158/528 2123/3165/1314 2122/3033/1287 2137/3032/1286
f 2125/3059/1295 2122/3033/1287 2123/3165/1314 2126/3166/1315
f 2126/3167/1315 2123/3164/1314 2121/3163/540 2124/3168/541
f 2149/3169/520 2151/3170/1316 2153/3171/1317 2150/3172/518
f 2150/3173/518 2153/3174/1317 2152/3062/418 2148/3058/203
f 2155/3175/535 2130/3176/536 2132/3177/537 2156/3178/534
f 2156/3179/534 2132/3180/537 2131/2737/1240 2154/3019/444
f 2128/3060/410 2125/3059/1295 2126/3166/1315 2129/3181/533
f 2129/3182/533 2126/3167/1315 2124/3168/541 2127/3183/530
f 2146/3184/531 2149/3169/520 2150/3172/518 2147/3185/532
f 2147/3186/532 2150/3173/518 2148/3058/203 2145/3057/202
f 2143/3055/1293 2139/3056/1294 2141/3187/1318 2144/3188/1319
f 2144/3189/1319 2141/3190/1318 2140/3191/522 2142/3192/525
f 2133/2738/442 2131/2737/1240 2132/3180/537 2135/3193/529
f 2135/3194/529 2132/3177/537 2130/3176/536 2134/3195/526
f 2154/3019/444 2143/3055/1293 2144/3188/1319 2156/3179/534
f 2156/3178/534 2144/3189/1319 2142/3192/525 2155/3175/535
f 2151/3170/1316 2140/3191/522 2141/3190/1318 2153/3171/1317
f 2153/3174/1317 2141/3187/1318 2139/3056/1294 2152/3062/418
f 2127/3183/530 2146/3184/531 2147/3185/532 2129/3182/533
f 2129/3181/533 2147/3186/532 2145/3057/202 2128/3060/410
f 2121/3163/540 2136/3162/527 2158/3142/199 2157/3141/198
f 2127/3183/530 2124/3168/541 2159/3154/508 2160/3156/510
f 2130/3176/536 2155/3175/535 2164/3140/517 2163/3139/514
f 2151/3170/1316 2149/3169/520 2168/3147/515 2167/2734/512
f 2136/3162/527 2134/3161/526 2162/3150/513 2158/3142/199
f 2124/3168/541 2121/3163/540 2157/3141/198 2159/3154/508
f 2149/3169/520 2146/3184/531 2161/3148/509 2168/3147/515
f 2155/3175/535 2142/3192/525 2165/3136/516 2164/3140/517
f 2140/3191/522 2151/3170/1316 2167/2734/512 2166/2733/511
f 2134/3195/526 2130/3176/536 2163/3139/514 2162/3152/513
f 2142/3192/525 2140/3191/522 2166/2733/511 2165/3136/516
f 2146/3184/531 2127/3183/530 2160/3156/510 2161/3148/509
f 2095/3115/498 2082/3132/483 2170/3064/239 2169/2652/131
f 2074/3098/484 2070/3116/499 2171/2651/130 2179/2666/1225
f 2064/3108/507 2061/3107/506 2177/2779/447 2180/2778/446
f 2076/3099/485 2074/3098/484 2179/2666/1225 2178/2665/245
f 2091/3110/477 2089/3109/476 2173/2730/141 2172/2785/140
f 2082/3132/483 2080/3131/478 2174/3066/240 2170/3064/239
f 2086/3124/491 2067/3123/490 2176/2656/127 2175/2655/126
f 2067/3123/490 2064/3108/507 2180/2778/446 2176/2656/127
f 2089/3109/476 2086/3124/491 2175/2655/126 2173/2730/141
f 2080/3131/478 2091/3110/477 2172/2785/140 2174/3066/240
f 2070/3116/499 2095/3115/498 2169/2652/131 2171/2651/130
f 2061/3100/506 2076/3099/485 2178/2665/245 2177/3134/447
f 1709/2521/1 1711/2537/1 1712/2527/1 1710/2522/1
f 1716/2567/56 2182/3196/55 2188/3197/546 1719/2568/78
f 1711/2537/1 1709/2521/1 2185/3198/1320 2205/2538/1206
f 2211/2552/41 1744/2551/40 1734/2548/69 2191/2547/545
f 1738/2588/1215 2196/3199/1054 2193/3200/48 1732/2589/1212
f 1725/2578/1210 2200/3201/52 2206/3202/53 1728/2579/54
f 1712/2527/1 1711/2537/1 2203/2544/1211 2214/2555/599
f 2215/3203/542 1746/2603/65 1740/2602/43 2209/3204/42
f 2184/2534/58 1714/2533/57 1728/2579/54 2206/3202/53
f 2196/3199/1054 1738/2588/1215 1719/2568/78 2188/3197/546
f 1710/2522/1 2194/2526/1202 2197/2523/1200
f 2202/2541/1209 1723/2540/1208 1746/2603/65 2215/3203/542
f 2182/2535/55 2184/2534/58 2186/3205/1321 2183/3206/1322
f 2183/3207/1322 2186/3208/1321 2185/3198/1320 2181/2532/1205
f 2188/3197/546 2182/3196/55 2183/3209/1322 2189/3210/1323
f 2189/3211/1323 2183/3207/1322 2181/2532/1205 2187/2524/584
f 2191/2547/545 2193/2546/48 2195/3212/1324 2192/3213/1325
f 2192/3214/1325 2195/3215/1324 2194/2526/1202 2190/2525/1201
f 2193/3200/48 2196/3199/1054 2198/3216/1326 2195/3217/1324
f 2195/3215/1324 2198/3218/1326 2197/2523/1200 2194/2526/1202
f 2200/2542/52 2202/2541/1209 2204/3219/1327 2201/3220/1328
f 2201/3221/1328 2204/3222/1327 2203/2544/1211 2199/2539/1207
f 2206/3202/53 2200/3201/52 2201/3223/1328 2207/3224/1329
f 2207/3225/1329 2201/3221/1328 2199/2539/1207 2205/2538/1206
f 2209/2549/42 2211/2552/41 2213/3226/1330 2210/3227/1331
f 2210/3228/1331 2213/3229/1330 2212/2529/1204 2208/2528/1203
f 2215/3203/542 2209/3204/42 2210/3230/1331 2216/3231/1332
f 2216/3232/1332 2210/3228/1331 2208/2528/1203 2214/2555/599
f 2184/2534/58 2206/3202/53 2207/3224/1329 2186/3205/1321
f 2186/3208/1321 2207/3225/1329 2205/2538/1206 2185/3198/1320
f 2196/3199/1054 2188/3197/546 2189/3210/1323 2198/3216/1326
f 2198/3218/1326 2189/3211/1323 2187/2524/584 2197/2523/1200
f 2211/2552/41 2191/2547/545 2192/3213/1325 2213/3226/1330
f 2213/3229/1330 2192/3214/1325 2190/2525/1201 2212/2529/1204
f 2202/2541/1209 2215/3203/542 2216/3231/1332 2204/3219/1327
f 2204/3222/1327 2216/3232/1332 2214/2555/599 2203/2544/1211
f 1709/2521/1 2181/2532/1205 2185/3198/1320
f 1717/2566/1214 1798/2725/28 1800/2502/24 1713/2501/23
f 1893/2845/1260 1987/2844/1259 1962/2853/279 1873/2852/1261
f 2098/2784/139 2102/3065/237 2174/3066/240 2172/2785/140
f 2217/3233/1333 2218/3234/1333 2220/3235/1333 2219/3236/1333
f 2217/3237/5 2219/3238/5 2223/3239/5 2221/3240/5
f 2220/3241/6 2218/3242/6 2222/3243/6 2224/3244/6
f 2223/3245/1334 2224/3246/1334 2222/3247/1334 2221/3248/1334
f 2225/3249/1335 2226/3250/1335 2228/3251/1335 2227/3252/1335
f 2225/3253/5 2227/3254/5 2231/3255/5 2229/3256/5
f 2228/3257/6 2226/3258/6 2230/3259/6 2232/3260/6
f 2231/3261/1336 2232/3262/1336 2230/3263/1336 2229/3264/1336
f 2233/3265/1337 2234/3266/1337 2236/3267/1337 2235/3268/1337
f 2233/3269/5 2235/3270/5 2239/3271/5 2237/3272/5
f 2236/3273/6 2234/3274/6 2238/3275/6 2240/3276/6
f 2239/3277/1338 2240/3278/1338 2238/3279/1338 2237/3280/1338
f 2241/3281/3 2242/3282/3 2244/3283/3 2243/3284/3
f 2241/3285/5 2243/3286/5 2247/3287/5 2245/3288/5
f 2244/3289/6 2242/3290/6 2246/3291/6 2248/3292/6
f 2247/3293/4 2248/3294/4 2246/3295/4 2245/3296/4
f 2249/3297/3 2250/3298/3 2252/3299/3 2251/3300/3
f 2249/3301/5 2251/3302/5 2255/3303/5 2253/3304/5
f 2252/3305/6 2250/3306/6 2254/3307/6 2256/3308/6
f 2255/3309/4 2256/3310/4 2254/3311/4 2253/3312/4
f 2257/3313/3 2258/3314/3 2260/3315/3 2259/3316/3
f 2257/3317/1339 2259/3318/1339 2263/3319/1339 2261/3320/1339
f 2260/3321/1340 2258/3322/1340 2262/3323/1340 2264/3324/1340
f 2263/3325/4 2264/3326/4 2262/3327/4 2261/3328/4
f 2265/3329/3 2266/3330/3 2268/3331/3 2267/3332/3
f 2265/3333/5 2267/3334/5 2271/3335/5 2269/3336/5
f 2268/3337/6 2266/3338/6 2270/3339/6 2272/3340/6
f 2271/3341/4 2272/3342/4 2270/3343/4 2269/3344/4
f 2273/3345/3 2274/3346/3 2276/3347/3 2275/3348/3
f 2273/3349/5 2275/3350/5 2279/3351/5 2277/3352/5
f 2276/3353/6 2274/3354/6 2278/3355/6 2280/3356/6
f 2279/3357/4 2280/3358/4 2278/3359/4 2277/3360/4
f 2281/3361/3 2283/3362/3 2284/3363/3 2282/3364/3
f 2281/3365/6 2285/3366/6 2287/3367/6 2283/3368/6
f 2284/3369/5 2288/3370/5 2286/3371/5 2282/3372/5
f 2287/3373/4 2285/3374/4 2286/3375/4 2288/3376/4
f 2289/3377/3 2291/3378/3 2292/3379/3 2290/3380/3
f 2289/3381/6 2293/3382/6 2295/3383/6 2291/3384/6
f 2292/3385/5 2296/3386/5 2294/3387/5 2290/3388/5
f 2295/3389/4 2293/3390/4 2294/3391/4 2296/3392/4
f 2297/3393/1341 2299/3394/1341 2300/3395/1341 2298/3396/1341
f 2297/3397/6 2301/3398/6 2303/3399/6 2299/3400/6
f 2300/3401/5 2304/3402/5 2302/3403/5 2298/3404/5
f 2303/3405/1342 2301/3406/1342 2302/3407/1342 2304/3408/1342
f 2305/3409/3 2307/3410/3 2308/3411/3 2306/3412/3
f 2305/3413/6 2309/3414/6 2311/3415/6 2307/3416/6
f 2308/3417/5 2312/3418/5 2310/3419/5 2306/3420/5
f 2311/3421/4 2309/3422/4 2310/3423/4 2312/3424/4
f 2313/3425/1343 2315/3426/1343 2316/3427/1343 2314/3428/1343
f 2313/3429/6 2317/3430/6 2319/3431/6 2315/3432/6
f 2316/3433/5 2320/3434/5 2318/3435/5 2314/3436/5
f 2319/3437/1344 2317/3438/1344 2318/3439/1344 2320/3440/1344
f 2321/3441/1343 2323/3442/1343 2324/3443/1343 2322/3444/1343
f 2321/3445/6 2325/3446/6 2327/3447/6 2323/3448/6
f 2324/3449/5 2328/3450/5 2326/3451/5 2322/3452/5
f 2327/3453/1344 2325/3454/1344 2326/3455/1344 2328/3456/1344
f 2329/3457/1345 2331/3458/1345 2332/3459/1345 2330/3460/1345
f 2329/3461/1346 2333/3462/1346 2335/3463/1346 2331/3464/1346
f 2332/3465/1347 2336/3466/1347 2334/3467/1347 2330/3468/1347
f 2335/3469/1348 2333/3470/1348 2334/3471/1348 2336/3472/1348
f 2337/3473/3 2339/3474/3 2340/3475/3 2338/3476/3
f 2337/3477/6 2341/3478/6 2343/3479/6 2339/3480/6
f 2340/3481/5 2344/3482/5 2342/3483/5 2338/3484/5
f 2343/3485/4 2341/3486/4 2342/3487/4 2344/3488/4
f 2345/3489/4 2347/3490/4 2348/3491/4 2346/3492/4
f 2345/3493/5 2349/3494/5 2351/3495/5 2347/3496/5
f 2348/3497/6 2352/3498/6 2350/3499/6 2346/3500/6
f 2351/3501/3 2349/3502/3 2350/3503/3 2352/3504/3
f 2353/3505/4 2355/3506/4 2356/3507/4 2354/3508/4
f 2353/3509/5 2357/3510/5 2359/3511/5 2355/3512/5
f 2356/3513/6 2360/3514/6 2358/3515/6 2354/3516/6
f 2359/3517/3 2357/3518/3 2358/3519/3 2360/3520/3
f 2361/3521/4 2363/3522/4 2364/3523/4 2362/3524/4
f 2361/3525/5 2365/3526/5 2367/3527/5 2363/3528/5
f 2364/3529/6 2368/3530/6 2366/3531/6 2362/3532/6
f 2367/3533/3 2365/3534/3 2366/3535/3 2368/3536/3
f 2369/3537/4 2371/3538/4 2372/3539/4 2370/3540/4
f 2369/3541/5 2373/3542/5 2375/3543/5 2371/3544/5
f 2372/3545/6 2376/3546/6 2374/3547/6 2370/3548/6
f 2375/3549/3 2373/3550/3 2374/3551/3 2376/3552/3
f 2377/3553/4 2379/3554/4 2380/3555/4 2378/3556/4
f 2377/3557/5 2381/3558/5 2383/3559/5 2379/3560/5
f 2380/3561/6 2384/3562/6 2382/3563/6 2378/3564/6
f 2383/3565/3 2381/3566/3 2382/3567/3 2384/3568/3
f 2385/3569/1349 2387/3570/1349 2388/3571/1349 2386/3572/1349
f 2385/3573/1350 2389/3574/1350 2391/3575/1350 2387/3576/1350
f 2388/3577/1351 2392/3578/1351 2390/3579/1351 2386/3580/1351
f 2391/3581/1352 2389/3582/1352 2390/3583/1352 2392/3584/1352
f 2393/3585/4 2395/3586/4 2396/3587/4 2394/3588/4
f 2393/3589/5 2397/3590/5 2399/3591/5 2395/3592/5
f 2396/3593/6 2400/3594/6 2398/3595/6 2394/3596/6
f 2399/3597/3 2397/3598/3 2398/3599/3 2400/3600/3
f 2401/3601/4 2403/3602/4 2404/3603/4 2402/3604/4
f 2401/3605/5 2405/3606/5 2407/3607/5 2403/3608/5
f 2404/3609/6 2408/3610/6 2406/3611/6 2402/3612/6
f 2407/3613/3 2405/3614/3 2406/3615/3 2408/3616/3
f 2409/3617/4 2410/3618/4 2412/3619/4 2411/3620/4
f 2409/3621/6 2411/3622/6 2415/3623/6 2413/3624/6
f 2412/3625/5 2410/3626/5 2414/3627/5 2416/3628/5
f 2415/3629/3 2416/3630/3 2414/3631/3 2413/3632/3
f 2417/3633/4 2418/3634/4 2420/3635/4 2419/3636/4
f 2417/3637/6 2419/3638/6 2423/3639/6 2421/3640/6
f 2420/3641/5 2418/3642/5 2422/3643/5 2424/3644/5
f 2423/3645/3 2424/3646/3 2422/3647/3 2421/3648/3
f 2425/3649/1353 2426/3650/1353 2428/3651/1353 2427/3652/1353
f 2425/3653/1354 2427/3654/1354 2431/3655/1354 2429/3656/1354
f 2428/3657/1355 2426/3658/1355 2430/3659/1355 2432/3660/1355
f 2431/3661/1356 2432/3662/1356 2430/3663/1356 2429/3664/1356
f 2433/3665/1349 2434/3666/1349 2436/3667/1349 2435/3668/1349
f 2433/3669/1354 2435/3670/1354 2439/3671/1354 2437/3672/1354
f 2436/3673/1355 2434/3674/1355 2438/3675/1355 2440/3676/1355
f 2439/3677/1352 2440/3678/1352 2438/3679/1352 2437/3680/1352
f 2441/3681/4 2442/3682/4 2444/3683/4 2443/3684/4
f 2441/3685/6 2443/3686/6 2447/3687/6 2445/3688/6
f 2444/3689/5 2442/3690/5 2446/3691/5 2448/3692/5
f 2447/3693/3 2448/3694/3 2446/3695/3 2445/3696/3
f 2449/3697/4 2450/3698/4 2452/3699/4 2451/3700/4
f 2449/3701/1357 2451/3702/1357 2455/3703/1357 2453/3704/1357
f 2452/3705/1358 2450/3706/1358 2454/3707/1358 2456/3708/1358
f 2455/3709/3 2456/3710/3 2454/3711/3 2453/3712/3
f 2457/3713/4 2458/3714/4 2460/3715/4 2459/3716/4
f 2457/3717/6 2459/3718/6 2463/3719/6 2461/3720/6
f 2460/3721/5 2458/3722/5 2462/3723/5 2464/3724/5
f 2463/3725/3 2464/3726/3 2462/3727/3 2461/3728/3
f 2465/3729/4 2466/3730/4 2468/3731/4 2467/3732/4
f 2465/3733/6 2467/3734/6 2471/3735/6 2469/3736/6
f 2468/3737/5 2466/3738/5 2470/3739/5 2472/3740/5
f 2471/3741/3 2472/3742/3 2470/3743/3 2469/3744/3
f 2473/3745/6 2474/3746/6 2476/3747/6 2475/3748/6
f 2473/3749/3 2475/3750/3 2479/3751/3 2477/3752/3
f 2476/3753/4 2474/3754/4 2478/3755/4 2480/3756/4
f 2479/3757/5 2480/3758/5 2478/3759/5 2477/3760/5
f 2481/3761/6 2482/3762/6 2484/3763/6 2483/3764/6
f 2481/3765/1359 2483/3766/1359 2487/3767/1359 2485/3768/1359
f 2484/3769/1360 2482/3770/1360 2486/3771/1360 2488/3772/1360
f 2487/3773/5 2488/3774/5 2486/3775/5 2485/3776/5
f 2489/3777/6 2490/3778/6 2492/3779/6 2491/3780/6
f 2489/3781/1361 2491/3782/1361 2495/3783/1361 2493/3784/1361
f 2492/3785/1362 2490/3786/1362 2494/3787/1362 2496/3788/1362
f 2495/3789/5 2496/3790/5 2494/3791/5 2493/3792/5
f 2497/3793/6 2498/3794/6 2500/3795/6 2499/3796/6
f 2497/3797/3 2499/3798/3 2503/3799/3 2501/3800/3
f 2500/3801/4 2498/3802/4 2502/3803/4 2504/3804/4
f 2503/3805/5 2504/3806/5 2502/3807/5 2501/3808/5
f 2505/3809/1363 2506/3810/1363 2508/3811/1363 2507/3812/1363
f 2505/3813/3 2507/3814/3 2511/3815/3 2509/3816/3
f 2508/3817/4 2506/3818/4 2510/3819/4 2512/3820/4
f 2511/3821/1364 2512/3822/1364 2510/3823/1364 2509/3824/1364
f 2513/3825/1365 2514/3826/1365 2516/3827/1365 2515/3828/1365
f 2513/3829/3 2515/3830/3 2519/3831/3 2517/3832/3
f 2516/3833/4 2514/3834/4 2518/3835/4 2520/3836/4
f 2519/3837/1366 2520/3838/1366 2518/3839/1366 2517/3840/1366
f 2521/3841/1365 2522/3842/1365 2524/3843/1365 2523/3844/1365
f 2521/3845/3 2523/3846/3 2527/3847/3 2525/3848/3
f 2524/3849/4 2522/3850/4 2526/3851/4 2528/3852/4
f 2527/3853/1366 2528/3854/1366 2526/3855/1366 2525/3856/1366
f 2529/3857/6 2530/3858/6 2532/3859/6 2531/3860/6
f 2529/3861/3 2531/3862/3 2535/3863/3 2533/3864/3
f 2532/3865/4 2530/3866/4 2534/3867/4 2536/3868/4
f 2535/3869/5 2536/3870/5 2534/3871/5 2533/3872/5
f 2537/3873/6 2538/3874/6 2540/3875/6 2539/3876/6
f 2537/3877/3 2539/3878/3 2543/3879/3 2541/3880/3
f 2540/3881/4 2538/3882/4 2542/3883/4 2544/3884/4
f 2543/3885/5 2544/3886/5 2542/3887/5 2541/3888/5
f 2545/3889/6 2546/3890/6 2548/3891/6 2547/3892/6
f 2545/3893/3 2547/3894/3 2551/3895/3 2549/3896/3
f 2548/3897/4 2546/3898/4 2550/3899/4 2552/3900/4
f 2551/3901/5 2552/3902/5 2550/3903/5 2549/3904/5
f 2553/3905/6 2554/3906/6 2556/3907/6 2555/3908/6
f 2553/3909/3 2555/3910/3 2559/3911/3 2557/3912/3
f 2556/3913/4 2554/3914/4 2558/3915/4 2560/3916/4
f 2559/3917/5 2560/3918/5 2558/3919/5 2557/3920/5
f 2561/3921/6 2562/3922/6 2564/3923/6 2563/3924/6
f 2561/3925/3 2563/3926/3 2567/3927/3 2565/3928/3
f 2564/3929/4 2562/3930/4 2566/3931/4 2568/3932/4
f 2567/3933/5 2568/3934/5 2566/3935/5 2565/3936/5
f 2569/3937/6 2570/3938/6 2572/3939/6 2571/3940/6
f 2569/3941/3 2571/3942/3 2575/3943/3 2573/3944/3
f 2572/3945/4 2570/3946/4 2574/3947/4 2576/3948/4
f 2575/3949/5 2576/3950/5 2574/3951/5 2573/3952/5
f 2577/3953/5 2579/3954/5 2580/3955/5 2578/3956/5
f 2577/3957/3 2581/3958/3 2583/3959/3 2579/3960/3
f 2580/3961/4 2584/3962/4 2582/3963/4 2578/3964/4
f 2583/3965/6 2581/3966/6 2582/3967/6 2584/3968/6
f 2585/3969/5 2587/3970/5 2588/3971/5 2586/3972/5
f 2585/3973/1367 2589/3974/1367 2591/3975/1367 2587/3976/1367
f 2588/3977/1368 2592/3978/1368 2590/3979/1368 2586/3980/1368
f 2591/3981/6 2589/3982/6 2590/3983/6 2592/3984/6
f 2593/3985/5 2595/3986/5 2596/3987/5 2594/3988/5
f 2593/3989/3 2597/3990/3 2599/3991/3 2595/3992/3
f 2596/3993/4 2600/3994/4 2598/3995/4 2594/3996/4
f 2599/3997/6 2597/3998/6 2598/3999/6 2600/4000/6
f 2601/4001/1369 2603/4002/1369 2604/4003/1369 2602/4004/1369
f 2601/4005/3 2605/4006/3 2607/4007/3 2603/4008/3
f 2604/4009/4 2608/4010/4 2606/4011/4 2602/4012/4
f 2607/4013/1370 2605/4014/1370 2606/4015/1370 2608/4016/1370
f 2609/4017/1371 2611/4018/1371 2612/4019/1371 2610/4020/1371
f 2609/4021/1372 2613/4022/1372 2615/4023/1372 2611/4024/1372
f 2612/4025/1373 2616/4026/1373 2614/4027/1373 2610/4028/1373
f 2615/4029/1374 2613/4030/1374 2614/4031/1374 2616/4032/1374
f 2617/4033/1369 2619/4034/1369 2620/4035/1369 2618/4036/1369
f 2617/4037/3 2621/4038/3 2623/4039/3 2619/4040/3
f 2620/4041/4 2624/4042/4 2622/4043/4 2618/4044/4
f 2623/4045/1370 2621/4046/1370 2622/4047/1370 2624/4048/1370
f 2625/4049/5 2627/4050/5 2628/4051/5 2626/4052/5
f 2625/4053/1359 2629/4054/1359 2631/4055/1359 2627/4056/1359
f 2628/4057/1360 2632/4058/1360 2630/4059/1360 2626/4060/1360
f 2631/4061/6 2629/4062/6 2630/4063/6 2632/4064/6
f 2633/4065/5 2635/4066/5 2636/4067/5 2634/4068/5
f 2633/4069/1375 2637/4070/1375 2639/4071/1375 2635/4072/1375
f 2636/4073/1376 2640/4074/1376 2638/4075/1376 2634/4076/1376
f 2639/4077/6 2637/4078/6 2638/4079/6 2640/4080/6
f 2641/4081/5 2643/4082/5 2644/4083/5 2642/4084/5
f 2641/4085/3 2645/4086/3 2647/4087/3 2643/4088/3
f 2644/4089/4 2648/4090/4 2646/4091/4 2642/4092/4
f 2647/4093/6 2645/4094/6 2646/4095/6 2648/4096/6
f 2649/4097/5 2651/4098/5 2652/4099/5 2650/4100/5
f 2649/4101/3 2653/4102/3 2655/4103/3 2651/4104/3
f 2652/4105/4 2656/4106/4 2654/4107/4 2650/4108/4
f 2655/4109/6 2653/4110/6 2654/4111/6 2656/4112/6
f 2657/4113/5 2659/4114/5 2660/4115/5 2658/4116/5
f 2657/4117/3 2661/4118/3 2663/4119/3 2659/4120/3
f 2660/4121/4 2664/4122/4 2662/4123/4 2658/4124/4
f 2663/4125/6 2661/4126/6 2662/4127/6 2664/4128/6
f 2665/4129/5 2667/4130/5 2668/4131/5 2666/4132/5
f 2665/4133/3 2669/4134/3 2671/4135/3 2667/4136/3
f 2668/4137/4 2672/4138/4 2670/4139/4 2666/4140/4
f 2671/4141/6 2669/4142/6 2670/4143/6 2672/4144/6
f 2673/4145/5 2675/4146/5 2676/4147/5 2674/4148/5
f 2673/4149/3 2677/4150/3 2679/4151/3 2675/4152/3
f 2676/4153/4 2680/4154/4 2678/4155/4 2674/4156/4
f 2679/4157/6 2677/4158/6 2678/4159/6 2680/4160/6
f 2681/4161/2 2704/4162/2 2717/4163/2 2682/4164/2
f 2685/4165/1 2686/4166/1 2755/4167/1377 2747/4168/1378
f 2734/4169/1379 2696/4170/1380 2690/4171/2 2728/4172/2
f 2684/4173/2 2728/4172/2 2690/4171/2 2683/4174/2
f 2687/4175/1 2685/4165/1 2746/4176/1381 2741/4177/1382
f 2731/4178/1383 2699/4179/1384 2696/4180/1380 2734/4181/1379
f 2688/4182/1 2687/4175/1 2740/4183/1385 2765/4184/1386
f 2682/4164/2 2716/4185/2 2729/4186/2 2684/4173/2
f 2693/4187/1387 2737/4188/1388 2750/4189/1389 2701/4190/1390
f 2710/4191/1391 2723/4192/1392 2717/4163/2 2704/4162/2
f 2722/4193/1393 2735/4194/1394 2729/4186/2 2716/4185/2
f 2686/4166/1 2688/4182/1 2764/4195/1395 2756/4196/1396
f 2726/4197/1397 2767/4198/1398 2738/4199/1399 2692/4200/1400
f 2702/4201/1401 2713/4202/1402 2720/4203/1403 2707/4204/1404
f 2726/4197/1397 2692/4200/1400 2699/4179/1384 2731/4178/1383
f 2702/4201/1401 2749/4205/1405 2759/4206/1406 2713/4202/1402
f 2714/4207/1407 2725/4208/1408 2732/4209/1409 2719/4210/1410
f 2707/4204/1404 2720/4203/1403 2723/4211/1392 2710/4212/1391
f 2714/4207/1407 2758/4213/1411 2768/4214/1412 2725/4208/1408
f 2770/4215/1413 2744/4216/1414 2738/4199/1399 2767/4198/1398
f 2719/4210/1410 2732/4209/1409 2735/4217/1394 2722/4218/1393
f 2693/4187/1387 2701/4190/1390 2708/4219/1415 2698/4220/1416
f 2698/4220/1416 2708/4219/1415 2711/4221/1417 2695/4222/1418
f 2695/4223/1418 2711/4224/1417 2705/4225/2 2689/4226/2
f 2683/4174/2 2681/4161/2 2682/4164/2 2684/4173/2
f 2747/4168/1378 2755/4167/1377 2762/4227/1419 2752/4228/1420
f 2765/4184/1386 2740/4183/1385 2744/4229/1414 2770/4230/1413
f 2752/4231/1420 2762/4232/1419 2759/4206/1406 2749/4205/1405
f 2756/4196/1396 2764/4195/1395 2771/4233/1421 2761/4234/1422
f 2761/4235/1422 2771/4236/1421 2768/4214/1412 2758/4213/1411
f 2741/4177/1382 2746/4176/1381 2753/4237/1423 2743/4238/1424
f 2743/4239/1424 2753/4240/1423 2750/4189/1389 2737/4188/1388
f 2686/4166/1 2685/4165/1 2687/4175/1 2688/4182/1
f 2699/4179/1384 2692/4200/1400 2694/4241/1425 2700/4242/1426
f 2700/4243/1426 2694/4244/1425 2693/4187/1387 2698/4220/1416
f 2702/4201/1401 2707/4204/1404 2709/4245/1427 2703/4246/1428
f 2703/4247/1428 2709/4248/1427 2708/4219/1415 2701/4190/1390
f 2696/4180/1380 2699/4179/1384 2700/4242/1426 2697/4249/1429
f 2697/4250/1429 2700/4243/1426 2698/4220/1416 2695/4222/1418
f 2707/4204/1404 2710/4212/1391 2712/4251/1430 2709/4245/1427
f 2709/4248/1427 2712/4252/1430 2711/4221/1417 2708/4219/1415
f 2690/4171/2 2696/4170/1380 2697/4253/1429 2691/4254/2
f 2691/4254/2 2697/4253/1429 2695/4223/1418 2689/4226/2
f 2710/4191/1391 2704/4162/2 2706/4255/2 2712/4256/1430
f 2712/4256/1430 2706/4255/2 2705/4225/2 2711/4224/1417
f 2714/4207/1407 2719/4210/1410 2721/4257/1431 2715/4258/1432
f 2715/4259/1432 2721/4260/1431 2720/4203/1403 2713/4202/1402
f 2719/4210/1410 2722/4218/1393 2724/4261/1433 2721/4257/1431
f 2721/4260/1431 2724/4262/1433 2723/4211/1392 2720/4203/1403
f 2722/4193/1393 2716/4185/2 2718/4263/2 2724/4264/1433
f 2724/4264/1433 2718/4263/2 2717/4163/2 2723/4192/1392
f 2726/4197/1397 2731/4178/1383 2733/4265/1434 2727/4266/1435
f 2727/4267/1435 2733/4268/1434 2732/4209/1409 2725/4208/1408
f 2731/4178/1383 2734/4181/1379 2736/4269/1436 2733/4265/1434
f 2733/4268/1434 2736/4270/1436 2735/4217/1394 2732/4209/1409
f 2734/4169/1379 2728/4172/2 2730/4271/2 2736/4272/1436
f 2736/4272/1436 2730/4271/2 2729/4186/2 2735/4194/1394
f 2683/4174/2 2690/4171/2 2691/4254/2
f 2683/4174/2 2691/4254/2 2689/4226/2
f 2704/4162/2 2681/4161/2 2706/4255/2
f 2706/4255/2 2681/4161/2 2705/4225/2
f 2684/4173/2 2729/4186/2 2730/4271/2
f 2684/4173/2 2730/4271/2 2728/4172/2
f 2716/4185/2 2682/4164/2 2718/4263/2
f 2718/4263/2 2682/4164/2 2717/4163/2
f 2744/4229/1414 2740/4183/1385 2742/4273/1437 2745/4274/1438
f 2745/4274/1438 2742/4273/1437 2741/4177/1382 2743/4238/1424
f 2747/4168/1378 2752/4228/1420 2754/4275/1439 2748/4276/1440
f 2748/4276/1440 2754/4275/1439 2753/4237/1423 2746/4176/1381
f 2738/4199/1399 2744/4216/1414 2745/4277/1438 2739/4278/1441
f 2739/4279/1441 2745/4280/1438 2743/4239/1424 2737/4188/1388
f 2752/4231/1420 2749/4205/1405 2751/4281/1442 2754/4282/1439
f 2754/4283/1439 2751/4284/1442 2750/4189/1389 2753/4240/1423
f 2756/4196/1396 2761/4234/1422 2763/4285/1443 2757/4286/1444
f 2757/4286/1444 2763/4285/1443 2762/4227/1419 2755/4167/1377
f 2761/4235/1422 2758/4213/1411 2760/4287/1445 2763/4288/1443
f 2763/4289/1443 2760/4290/1445 2759/4206/1406 2762/4232/1419
f 2765/4184/1386 2770/4230/1413 2772/4291/1446 2766/4292/1447
f 2766/4292/1447 2772/4291/1446 2771/4233/1421 2764/4195/1395
f 2770/4215/1413 2767/4198/1398 2769/4293/1448 2772/4294/1446
f 2772/4295/1446 2769/4296/1448 2768/4214/1412 2771/4236/1421
f 2740/4183/1385 2687/4175/1 2742/4273/1437
f 2742/4273/1437 2687/4175/1 2741/4177/1382
f 2685/4165/1 2747/4168/1378 2748/4276/1440
f 2685/4165/1 2748/4276/1440 2746/4176/1381
f 2725/4208/1408 2768/4214/1412 2769/4296/1448 2727/4267/1435
f 2727/4266/1435 2769/4293/1448 2767/4198/1398 2726/4197/1397
f 2737/4188/1388 2693/4187/1387 2694/4244/1425 2739/4279/1441
f 2739/4278/1441 2694/4241/1425 2692/4200/1400 2738/4199/1399
f 2749/4205/1405 2702/4201/1401 2703/4246/1428 2751/4281/1442
f 2751/4284/1442 2703/4247/1428 2701/4190/1390 2750/4189/1389
f 2764/4195/1395 2688/4182/1 2766/4292/1447
f 2766/4292/1447 2688/4182/1 2765/4184/1386
f 2686/4166/1 2756/4196/1396 2757/4286/1444
f 2686/4166/1 2757/4286/1444 2755/4167/1377
f 2758/4213/1411 2714/4207/1407 2715/4258/1432 2760/4287/1445
f 2760/4290/1445 2715/4259/1432 2713/4202/1402 2759/4206/1406
f 2683/4174/2 2689/4226/2 2705/4225/2 2681/4161/2
o gallinera_table_door_a
v -0.128215 0.397011 0.216523
v -0.127275 0.396865 0.217464
v -0.127275 0.397951 0.216523
v -0.127940 0.396938 0.217188
v -0.127818 0.397523 0.217066
v -0.127275 0.397635 0.217186
v -0.127940 0.397676 0.216523
v 0.114304 0.396885 0.217463
v 0.115244 0.397011 0.216523
v 0.114304 0.397951 0.216523
v 0.114969 0.396948 0.217188
v 0.114847 0.397527 0.217066
v 0.114969 0.397702 0.216523
v 0.114304 0.397613 0.217188
v -0.127275 0.104235 0.217464
v -0.128215 0.103149 0.216523
v -0.127940 0.103467 0.217188
v 0.114304 0.104215 0.217463
v 0.114304 0.103149 0.216523
v 0.115244 0.104089 0.216523
v 0.114304 0.103460 0.217186
v 0.114847 0.103573 0.217066
v 0.114969 0.103425 0.216523
v 0.114969 0.104152 0.217188
v -0.127275 0.104089 0.210455
v -0.128215 0.103149 0.211395
v -0.127940 0.103425 0.210730
v -0.128215 0.397011 0.211395
v -0.127275 0.397951 0.211395
v -0.127275 0.397011 0.210455
v -0.127940 0.397676 0.211395
v -0.127818 0.397554 0.210852
v -0.127275 0.397676 0.210730
v -0.127940 0.397011 0.210730
v 0.114304 0.397011 0.210455
v 0.114304 0.397951 0.211395
v 0.115244 0.397011 0.211395
v 0.114304 0.397676 0.210730
v 0.114847 0.397554 0.210852
v 0.114969 0.397676 0.211395
v 0.114969 0.397011 0.210730
v 0.114304 0.104089 0.210455
v 0.115244 0.104089 0.211395
v 0.114304 0.103149 0.211395
v 0.114969 0.104089 0.210730
v 0.114847 0.103547 0.210852
v 0.114969 0.103425 0.211395
v 0.114304 0.103425 0.210730
v -0.107163 0.397951 0.211395
v -0.107163 0.397011 0.210455
v -0.107163 0.397676 0.210730
v -0.107163 0.104089 0.210455
v -0.107163 0.103149 0.211395
v -0.107163 0.103425 0.210730
v 0.101518 0.397011 0.210455
v 0.101518 0.397951 0.211395
v 0.101518 0.397676 0.210730
v 0.101518 0.103149 0.211395
v 0.101518 0.104089 0.210455
v 0.101518 0.103425 0.210730
v -0.107163 0.103149 0.216523
v -0.106270 0.104029 0.217464
v -0.106664 0.103470 0.217215
v -0.106270 0.397071 0.217464
v -0.107163 0.397951 0.216523
v -0.106664 0.397621 0.217207
v 0.101518 0.397951 0.216523
v 0.100504 0.397081 0.217463
v 0.100952 0.397633 0.217214
v 0.100504 0.104020 0.217463
v 0.101518 0.103149 0.216523
v 0.100952 0.103475 0.217208
v -0.093115 0.383925 0.217464
v -0.092374 0.383174 0.216660
v -0.092673 0.383477 0.217228
v -0.092374 0.117926 0.216660
v -0.093115 0.117175 0.217464
v -0.092673 0.117624 0.217228
v 0.083223 0.383182 0.216660
v 0.084128 0.383926 0.217463
v 0.083588 0.383466 0.217228
v 0.084128 0.117174 0.217463
v 0.083223 0.117919 0.216660
v 0.083588 0.117635 0.217228
v -0.082840 0.127466 0.212562
v -0.092373 0.117929 0.213365
v -0.092048 0.118255 0.212797
v -0.082840 0.373635 0.212562
v -0.092373 0.383172 0.213365
v -0.092048 0.382845 0.212797
v 0.073695 0.373639 0.212562
v 0.083224 0.383178 0.213365
v 0.082900 0.382850 0.212797
v 0.073695 0.127462 0.212562
v 0.083224 0.117923 0.213365
v 0.082900 0.118250 0.212797
v -0.091553 0.382348 0.212562
v 0.082406 0.382353 0.212562
v 0.082406 0.118748 0.212562
v -0.091553 0.118752 0.212562
v 0.101730 0.257615 0.245033
v 0.102838 0.261751 0.243674
v 0.103626 0.264690 0.241349
v 0.103866 0.265587 0.239347
v 0.105053 0.255697 0.245033
v 0.108080 0.258724 0.243674
v 0.110232 0.260876 0.241349
v 0.110889 0.261533 0.239332
v 0.099812 0.250456 0.245809
v 0.106971 0.252374 0.245033
v 0.111107 0.253482 0.243674
v 0.114046 0.254270 0.241349
v 0.114944 0.254510 0.239316
v 0.106971 0.248537 0.245033
v 0.111107 0.247429 0.243674
v 0.114046 0.246641 0.241349
v 0.114944 0.246401 0.239305
v 0.105053 0.245214 0.245033
v 0.108080 0.242187 0.243674
v 0.110232 0.240035 0.241349
v 0.110889 0.239378 0.239301
v 0.101730 0.243296 0.245033
v 0.102838 0.239161 0.243674
v 0.103626 0.236221 0.241349
v 0.103866 0.235324 0.239305
v 0.097893 0.243296 0.245033
v 0.096785 0.239161 0.243674
v 0.095997 0.236221 0.241349
v 0.095757 0.235324 0.239316
v 0.094570 0.245214 0.245033
v 0.091543 0.242187 0.243674
v 0.089391 0.240035 0.241349
v 0.088734 0.239378 0.239332
v 0.092652 0.248537 0.245033
v 0.088517 0.247429 0.243674
v 0.085577 0.246641 0.241349
v 0.084680 0.246401 0.239347
v 0.092652 0.252374 0.245033
v 0.088517 0.253482 0.243674
v 0.085577 0.254270 0.241349
v 0.084680 0.254510 0.239358
v 0.102189 0.259328 0.213556
v 0.106307 0.256951 0.213556
v 0.108684 0.252833 0.213556
v 0.108684 0.248078 0.213556
v 0.094570 0.255697 0.245033
v 0.091543 0.258724 0.243674
v 0.089391 0.260876 0.241349
v 0.088846 0.261421 0.239362
v 0.106307 0.243960 0.213556
v 0.102189 0.241583 0.213556
v 0.097434 0.241583 0.213556
v 0.093316 0.243960 0.213556
v 0.097893 0.257615 0.245033
v 0.096785 0.261751 0.243674
v 0.095997 0.264690 0.241349
v 0.095757 0.265587 0.239358
v 0.090939 0.248078 0.213556
v 0.090939 0.252833 0.213556
v 0.093316 0.256951 0.213556
v 0.097434 0.259328 0.213556
v 0.097583 0.258772 0.234444
v 0.093724 0.256544 0.234444
v 0.091495 0.252684 0.234444
v 0.091495 0.248227 0.234444
v 0.093724 0.244368 0.234444
v 0.097583 0.242139 0.234444
v 0.102040 0.242139 0.234444
v 0.105900 0.244368 0.234444
v 0.108128 0.248227 0.234444
v 0.108128 0.252684 0.234444
v 0.105900 0.256544 0.234444
v 0.102040 0.258772 0.234444
v 0.103781 0.265271 0.237334
v 0.110657 0.261301 0.237334
v 0.114627 0.254425 0.237334
v 0.114627 0.246486 0.237334
v 0.110657 0.239610 0.237334
v 0.103781 0.235641 0.237334
v 0.095842 0.235641 0.237334
v 0.088966 0.239610 0.237334
v 0.084997 0.246486 0.237334
v 0.084997 0.254425 0.237334
v 0.088996 0.261271 0.237460
v 0.095842 0.265271 0.237334
vn -0.9989 0.0010 0.0475
vn -0.9989 0.0010 -0.0474
vn -0.9989 -0.0000 -0.0475
vn -0.9989 -0.0000 0.0475
vn -0.0000 0.0010 -1.0000
vn 0.0205 0.0010 -0.9998
vn 0.0205 -0.0009 -0.9998
vn -0.0000 -0.0010 -1.0000
vn -0.0001 -0.9985 0.0555
vn -0.0000 -0.9989 -0.0475
vn 0.0198 -0.9987 -0.0469
vn 0.0197 -0.9983 0.0550
vn 0.0004 0.9984 0.0557
vn -0.0000 0.9989 -0.0475
vn -0.0000 0.9985 0.0556
vn -0.0086 0.0057 0.9999
vn -0.0086 -0.0057 0.9999
vn -0.4720 -0.3129 0.8242
vn -0.4719 0.3129 0.8243
vn -0.0001 -0.9985 0.0554
vn 0.5119 0.3393 0.7892
vn 0.0001 0.9971 0.0767
vn -0.0000 0.9971 0.0767
vn -0.0000 -0.9971 0.0767
vn 0.0001 -0.9971 0.0767
vn -0.0000 -0.9964 0.0851
vn -0.0133 -0.0009 -0.9999
vn -0.0133 0.0009 -0.9999
vn 0.0098 -0.0065 0.9999
vn -0.0000 0.0050 1.0000
vn -0.0000 0.0047 1.0000
vn -0.0000 -0.0000 1.0000
vn -0.0160 -0.0106 0.9998
vn 0.0161 -0.0106 0.9998
vn -0.0001 -0.9985 0.0552
vn -0.0000 -0.9989 -0.0473
vn 0.9989 -0.0010 0.0475
vn 0.9989 -0.0009 -0.0475
vn 0.9989 0.0010 -0.0475
vn 0.9989 0.0009 0.0475
vn 0.0189 0.9982 0.0568
vn 0.0190 0.9987 -0.0470
vn 0.0098 0.0065 0.9999
vn -0.0000 -0.0047 1.0000
vn -0.0000 -0.0050 1.0000
vn 0.9970 -0.0000 0.0775
vn 0.9970 0.0002 0.0774
vn 0.9965 -0.0000 0.0840
vn 0.5119 -0.3393 0.7892
vn -0.0129 0.9988 -0.0471
vn -0.0128 0.9984 0.0557
vn -0.9956 -0.0000 0.0941
vn -0.9956 -0.0003 0.0941
vn -0.9965 -0.0000 0.0831
vn 0.4811 -0.3182 0.8169
vn 0.4811 0.3182 0.8169
vn 0.0160 0.0106 0.9998
vn -0.0000 0.9964 0.0851
vn -0.4817 0.3186 0.8163
vn -0.0160 0.0106 0.9998
vn -0.4818 -0.3186 0.8163
vn -0.7074 0.0007 0.7069
vn -0.5604 0.5483 0.6208
vn -0.7072 0.7059 0.0399
vn -0.0128 0.0009 0.9999
vn -0.0105 0.6870 0.7266
vn 0.0191 0.0009 0.9998
vn 0.7071 0.0007 0.7071
vn 0.5517 0.5517 0.6254
vn 0.0158 0.6892 0.7244
vn 0.7065 0.7065 0.0403
vn 0.0190 -0.0009 0.9998
vn 0.0159 -0.6896 0.7240
vn 0.5627 -0.5522 0.6152
vn 0.7071 -0.0007 0.7071
vn 0.7071 -0.7061 0.0392
vn -0.7067 0.7067 -0.0352
vn -0.5773 0.5774 -0.5774
vn -0.7073 0.0007 -0.7069
vn -0.0097 0.7071 -0.7071
vn 0.0149 0.7070 -0.7070
vn 0.5774 0.5773 -0.5773
vn 0.7071 0.0007 -0.7071
vn 0.7066 0.7066 -0.0368
vn 0.7071 -0.0007 -0.7071
vn 0.5774 -0.5774 -0.5773
vn 0.0149 -0.7070 -0.7070
vn 0.7067 -0.7067 -0.0352
vn 0.0001 0.7299 0.6836
vn 0.0001 -0.7299 0.6836
vn -0.0000 0.7071 -0.7071
vn -0.0000 -0.7071 -0.7071
vn -0.0001 0.7283 0.6853
vn -0.0001 -0.7284 0.6851
vn -0.6804 -0.0490 0.7312
vn -0.0127 -0.0009 0.9999
vn -0.0000 -0.7073 -0.7069
vn -0.6822 -0.0483 -0.7296
vn 0.9656 0.2587 0.0276
vn 0.7068 0.7068 0.0276
vn -0.1228 0.4581 0.8804
vn -0.0585 0.2182 0.9742
vn 0.0477 0.1779 0.9829
vn 0.1228 0.4581 0.8804
vn 0.6997 0.6995 0.1450
vn 0.9558 0.2560 0.1449
vn 0.5859 0.1573 -0.7950
vn 0.4296 0.4301 -0.7940
vn 0.1779 0.0477 0.9829
vn 0.1597 0.1597 0.9742
vn -0.1955 0.7243 0.6612
vn 0.1940 0.7221 0.6641
vn 0.5299 0.5291 0.6627
vn 0.2562 0.9557 0.1449
vn -0.0477 -0.1779 0.9829
vn 0.0585 -0.2182 0.9742
vn 0.1302 -0.1302 0.9829
vn -0.7068 -0.7068 0.0276
vn -0.9656 -0.2587 0.0276
vn 0.3354 0.3354 0.8804
vn 0.1574 0.5885 -0.7930
vn -0.1637 0.5886 -0.7917
vn -0.2591 0.9551 0.1439
vn 0.3813 0.1022 -0.9188
vn 0.2791 0.2791 -0.9188
vn 0.2587 0.9656 0.0276
vn 0.4581 0.1228 0.8804
vn 0.9557 -0.2561 0.1450
vn 0.5850 -0.1566 -0.7957
vn 0.7246 0.1937 0.6614
vn 0.7068 -0.7068 0.0276
vn 0.9656 -0.2587 0.0276
vn 0.2182 -0.0585 0.9742
vn 0.4581 -0.1228 0.8804
vn 0.6996 -0.6996 0.1450
vn 0.4280 -0.4280 -0.7960
vn 0.7252 -0.1946 0.6605
vn -0.1779 -0.0477 0.9829
vn -0.1597 -0.1597 0.9742
vn -0.9656 0.2587 0.0276
vn 0.3354 -0.3354 0.8804
vn 0.5312 -0.5312 0.6601
vn -0.5885 -0.1574 -0.7930
vn -0.5881 0.1657 -0.7917
vn -0.3825 0.1090 -0.9175
vn -0.3813 -0.1022 -0.9188
vn 0.2561 -0.9557 0.1450
vn 0.1566 -0.5850 -0.7957
vn 0.1946 -0.7252 0.6605
vn -0.1302 0.1302 0.9829
vn -0.2182 0.0585 0.9742
vn -0.1571 -0.5859 -0.7950
vn -0.1022 -0.3813 -0.9188
vn 0.1022 -0.3813 -0.9188
vn 0.1228 -0.4581 0.8804
vn -0.2560 -0.9558 0.1449
vn 0.2587 -0.9656 0.0276
vn -0.2587 0.9656 0.0276
vn -0.7068 0.7068 0.0276
vn -0.1228 -0.4581 0.8804
vn -0.6995 -0.6997 0.1450
vn -0.4301 -0.4296 -0.7940
vn -0.1937 -0.7246 0.6614
vn 0.3813 -0.1022 -0.9188
vn -0.9557 -0.2562 0.1450
vn -0.3354 -0.3354 0.8804
vn -0.5291 -0.5299 0.6627
vn -0.2587 -0.9656 0.0276
vn -0.7221 -0.1940 0.6641
vn -0.4581 -0.1228 0.8804
vn -0.9551 0.2591 0.1439
vn 0.1022 0.3813 -0.9188
vn -0.4581 0.1228 0.8804
vn -0.6999 0.6999 0.1421
vn -0.4356 0.4356 -0.7877
vn -0.7242 0.1955 0.6612
vn -0.3354 0.3354 0.8804
vn -0.5332 0.5332 0.6568
vn -0.1090 0.3825 -0.9175
vn -0.2866 0.2866 -0.9142
vn 0.2791 -0.2791 -0.9188
vn -0.2791 -0.2791 -0.9188
vt 0.615844 0.420684
vt 0.614384 0.420686
vt 0.614369 0.336368
vt 0.615876 0.336368
vt 0.560173 0.845785
vt 0.557600 0.845730
vt 0.557345 0.786895
vt 0.559963 0.786822
vt 0.674161 0.787826
vt 0.672676 0.787826
vt 0.672696 0.784212
vt 0.674122 0.784221
vt 0.818497 0.850027
vt 0.817008 0.850027
vt 0.817008 0.789946
vt 0.818497 0.789945
vt 0.619187 0.499320
vt 0.616138 0.576722
vt 0.615958 0.576583
vt 0.618986 0.499473
vt 0.674156 0.847999
vt 0.672677 0.847999
vt 0.673792 0.866890
vt 0.673792 0.917695
vt 0.673609 0.917590
vt 0.673607 0.866977
vt 0.817574 0.917390
vt 0.817577 0.866777
vt 0.818527 0.866777
vt 0.818524 0.917390
vt 0.606430 0.787019
vt 0.606429 0.845530
vt 0.602411 0.845638
vt 0.602355 0.786887
vt 0.567478 0.576227
vt 0.616138 0.576722
vt 0.620516 0.580291
vt 0.563483 0.580348
vt 0.753276 0.857609
vt 0.798363 0.857607
vt 0.800873 0.860117
vt 0.750727 0.860160
vt 0.674156 0.854069
vt 0.672677 0.854069
vt 0.534865 0.557804
vt 0.536350 0.557806
vt 0.536347 0.641704
vt 0.534861 0.641707
vt 0.818467 0.853655
vt 0.817031 0.853666
vt 0.567431 0.498063
vt 0.563652 0.494190
vt 0.624082 0.495613
vt 0.486258 0.857353
vt 0.486258 0.780899
vt 0.487208 0.780899
vt 0.487208 0.857352
vt 0.486073 0.857440
vt 0.486073 0.780811
vt 0.817024 0.784220
vt 0.818466 0.784218
vt 0.642287 0.784093
vt 0.642287 0.860551
vt 0.641337 0.860550
vt 0.641337 0.784094
vt 0.750567 0.860319
vt 0.750567 0.784011
vt 0.750725 0.784169
vt 0.672659 0.917590
vt 0.672657 0.866977
vt 0.487396 0.780993
vt 0.487396 0.857258
vt 0.801031 0.784015
vt 0.800871 0.784176
vt 0.567581 0.498217
vt 0.567637 0.576045
vt 0.641149 0.784188
vt 0.641149 0.860456
vt 0.817391 0.917495
vt 0.817391 0.866691
vt 0.615958 0.576583
vt 0.642482 0.784011
vt 0.642482 0.860633
vt 0.801031 0.860277
vt 0.818715 0.866871
vt 0.818713 0.917297
vt 0.672470 0.917497
vt 0.672468 0.867070
vt 0.753249 0.786706
vt 0.798336 0.786700
vt 0.616052 0.420674
vt 0.616021 0.420854
vt 0.615853 0.420893
vt 0.557408 0.580110
vt 0.557393 0.580348
vt 0.557226 0.580318
vt 0.557197 0.580137
vt 0.818476 0.784011
vt 0.818646 0.784039
vt 0.818677 0.784206
vt 0.624452 0.580222
vt 0.624660 0.580254
vt 0.624625 0.580429
vt 0.624458 0.580446
vt 0.534852 0.641921
vt 0.534684 0.641876
vt 0.534654 0.641698
vt 0.818680 0.853667
vt 0.818648 0.853831
vt 0.818477 0.853859
vt 0.628119 0.495890
vt 0.628141 0.495656
vt 0.628306 0.495693
vt 0.628328 0.495873
vt 0.674132 0.784016
vt 0.674299 0.784045
vt 0.674329 0.784209
vt 0.534654 0.557812
vt 0.534686 0.557633
vt 0.534855 0.557595
vt 0.614375 0.420892
vt 0.614209 0.420862
vt 0.614178 0.420696
vt 0.816819 0.784210
vt 0.816849 0.784046
vt 0.817014 0.784016
vt 0.606574 0.845535
vt 0.606554 0.845651
vt 0.606439 0.845674
vt 0.557592 0.845874
vt 0.557476 0.845852
vt 0.557456 0.845736
vt 0.817023 0.853870
vt 0.816858 0.853841
vt 0.816827 0.853677
vt 0.536559 0.641715
vt 0.536528 0.641886
vt 0.536356 0.641917
vt 0.557197 0.786890
vt 0.557217 0.786771
vt 0.557335 0.786747
vt 0.536359 0.557594
vt 0.536528 0.557626
vt 0.536559 0.557796
vt 0.672493 0.784202
vt 0.672524 0.784039
vt 0.672687 0.784011
vt 0.620643 0.580463
vt 0.818715 0.849866
vt 0.674378 0.787987
vt 0.624222 0.495441
vt 0.816802 0.850028
vt 0.560171 0.845931
vt 0.559961 0.786676
vt 0.672468 0.787825
vt 0.563368 0.580520
vt 0.818715 0.790087
vt 0.674375 0.847855
vt 0.674368 0.853990
vt 0.557197 0.494135
vt 0.563535 0.494008
vt 0.557409 0.494372
vt 0.816802 0.789945
vt 0.602413 0.845784
vt 0.602357 0.786740
vt 0.606574 0.786879
vt 0.672469 0.853990
vt 0.672469 0.847999
vt 0.614158 0.336449
vt 0.616087 0.336462
vt 0.359948 0.925020
vt 0.365969 0.924848
vt 0.365998 0.926218
vt 0.359975 0.926304
vt 0.578280 0.215391
vt 0.577086 0.215730
vt 0.576542 0.214825
vt 0.577417 0.213929
vt 0.534618 0.219277
vt 0.533730 0.221363
vt 0.533242 0.221052
vt 0.534075 0.219154
vt 0.574581 0.214341
vt 0.575623 0.214321
vt 0.575128 0.216281
vt 0.579378 0.215080
vt 0.578196 0.213113
vt 0.576189 0.212038
vt 0.576343 0.211336
vt 0.578682 0.212581
vt 0.573713 0.217717
vt 0.573185 0.216821
vt 0.573170 0.215778
vt 0.359755 0.934006
vt 0.359838 0.932724
vt 0.365851 0.933068
vt 0.365763 0.934436
vt 0.575925 0.213131
vt 0.534749 0.217113
vt 0.534210 0.217174
vt 0.533716 0.215298
vt 0.534198 0.215068
vt 0.531495 0.219828
vt 0.532122 0.218615
vt 0.366008 0.927589
vt 0.359985 0.927589
vt 0.574246 0.213155
vt 0.532114 0.223114
vt 0.531744 0.222632
vt 0.573922 0.212089
vt 0.573709 0.211404
vt 0.359838 0.922453
vt 0.365851 0.922109
vt 0.365920 0.923478
vt 0.359902 0.923736
vt 0.573683 0.214869
vt 0.572793 0.214012
vt 0.529868 0.224271
vt 0.529685 0.223640
vt 0.571999 0.213243
vt 0.571478 0.212758
vt 0.575667 0.218237
vt 0.574618 0.218238
vt 0.359902 0.931441
vt 0.365920 0.931699
vt 0.571978 0.215476
vt 0.570911 0.215184
vt 0.570241 0.215013
vt 0.529221 0.211898
vt 0.531107 0.212545
vt 0.530209 0.214265
vt 0.528950 0.213914
vt 0.527294 0.224546
vt 0.527331 0.223912
vt 0.570933 0.217414
vt 0.570241 0.217588
vt 0.577097 0.216787
vt 0.576574 0.217703
vt 0.524829 0.223397
vt 0.526031 0.221091
vt 0.527538 0.221527
vt 0.572001 0.217142
vt 0.524676 0.224040
vt 0.359755 0.921171
vt 0.365763 0.920742
vt 0.359975 0.928873
vt 0.365998 0.928959
vt 0.365969 0.930329
vt 0.359948 0.930158
vt 0.572845 0.218576
vt 0.524905 0.212699
vt 0.524676 0.212100
vt 0.527023 0.211336
vt 0.527116 0.211927
vt 0.572055 0.219362
vt 0.571536 0.219857
vt 0.530449 0.220810
vt 0.529322 0.211341
vt 0.574284 0.219429
vt 0.574006 0.220514
vt 0.573800 0.221204
vt 0.365656 0.935802
vt 0.359655 0.935287
vt 0.576286 0.220532
vt 0.576454 0.221232
vt 0.575978 0.219442
vt 0.531372 0.212071
vt 0.532294 0.217327
vt 0.577469 0.218590
vt 0.533017 0.213360
vt 0.532668 0.213689
vt 0.578280 0.219396
vt 0.578784 0.219917
vt 0.578309 0.217087
vt 0.579399 0.217387
vt 0.580104 0.217566
vt 0.531953 0.216110
vt 0.531207 0.215068
vt 0.529073 0.221414
vt 0.359655 0.919891
vt 0.365656 0.919375
vt 0.527586 0.214013
vt 0.526292 0.214600
vt 0.580072 0.214868
s 1
usemtl gallinera_table
f 2773/4297/1449 2800/4298/1450 2798/4299/1451 2788/4300/1452
f 2827/4301/1453 2807/4302/1454 2814/4303/1455 2831/4304/1456
f 2843/4305/1457 2830/4306/1458 2816/4307/1459 2791/4308/1460
f 2839/4309/1461 2828/4310/1462 2821/4311/1462 2837/4312/1463
f 2854/4313/1464 2852/4314/1465 2853/4315/1466 2856/4316/1467
f 2833/4317/1468 2825/4318/1458 2830/4306/1458 2843/4305/1457
f 2850/4319/1469 2856/4320/1467 2855/4321/1470 2848/4322/1471
f 2851/4323/1472 2846/4324/1473 2861/4325/1474 2864/4326/1474
f 2797/4327/1475 2802/4328/1476 2822/4329/1453 2824/4330/1456
f 2845/4331/1477 2852/4332/1465 2840/4333/1478 2836/4334/1479
f 2860/4335/1480 2863/4336/1480 2870/4337/1481 2869/4338/1482
f 2788/4339/1483 2798/4340/1484 2825/4318/1458 2833/4317/1468
f 2792/4341/1485 2815/4342/1486 2809/4343/1487 2781/4344/1488
f 2782/4345/1489 2808/4346/1490 2828/4310/1462 2839/4309/1461
f 2854/4313/1464 2849/4347/1491 2834/4348/1492 2842/4349/1493
f 2836/4334/1479 2834/4348/1492 2849/4347/1491 2845/4331/1477
f 2846/4350/1494 2848/4351/1495 2858/4352/1496 2861/4353/1496
f 2824/4330/1456 2822/4329/1453 2827/4301/1453 2831/4304/1456
f 2847/4354/1497 2850/4355/1469 2848/4351/1495 2846/4350/1494
f 2837/4312/1463 2821/4311/1462 2801/4356/1498 2775/4357/1499
f 2855/4358/1500 2851/4359/1501 2864/4360/1502 2867/4361/1502
f 2869/4338/1482 2862/4362/1503 2859/4363/1504 2872/4364/1505
f 2848/4322/1471 2855/4321/1470 2867/4365/1506 2858/4366/1506
f 2859/4367/1504 2862/4368/1503 2861/4353/1496 2858/4352/1496
f 2859/4363/1504 2868/4369/1507 2871/4370/1508 2872/4364/1505
f 2845/4331/1477 2849/4347/1491 2850/4371/1469 2847/4372/1497
f 2868/4373/1507 2867/4361/1502 2864/4360/1502 2865/4374/1509
f 2846/4324/1473 2851/4323/1472 2853/4375/1466 2847/4376/1497
f 2847/4372/1497 2853/4377/1466 2852/4332/1465 2845/4331/1477
f 2849/4347/1491 2854/4313/1464 2856/4316/1467 2850/4371/1469
f 2856/4378/1467 2853/4379/1466 2851/4359/1501 2855/4358/1500
f 2869/4338/1482 2870/4337/1481 2865/4380/1509 2862/4362/1503
f 2862/4381/1503 2865/4382/1509 2864/4326/1474 2861/4325/1474
f 2858/4366/1506 2867/4365/1506 2868/4383/1507 2859/4384/1504
f 2863/4336/1480 2860/4335/1480 2857/4385/1480 2866/4386/1480
f 2857/4385/1480 2860/4335/1480 2869/4338/1482 2872/4364/1505
f 2872/4364/1505 2871/4370/1508 2866/4386/1480 2857/4385/1480
f 2871/4370/1508 2868/4369/1507 2865/4380/1509 2870/4337/1481
f 2773/4297/1449 2776/4387/1510 2777/4388/1511 2779/4389/1512
f 2774/4390/1513 2778/4391/1514 2777/4392/1511 2776/4393/1510
f 2775/4357/1499 2779/4394/1512 2777/4395/1511 2778/4396/1514
f 2780/4397/1515 2783/4398/1516 2784/4399/1517 2786/4400/1518
f 2781/4344/1488 2785/4401/1519 2784/4402/1517 2783/4403/1516
f 2782/4345/1489 2786/4404/1518 2784/4405/1517 2785/4406/1519
f 2790/4407/1520 2793/4408/1521 2794/4409/1522 2796/4410/1523
f 2791/4308/1460 2795/4411/1524 2794/4412/1522 2793/4413/1521
f 2792/4341/1485 2796/4414/1523 2794/4415/1522 2795/4416/1524
f 2800/4298/1450 2803/4417/1525 2804/4418/1526 2806/4419/1527
f 2801/4356/1498 2805/4420/1528 2804/4421/1526 2803/4422/1525
f 2802/4328/1476 2806/4423/1527 2804/4424/1526 2805/4425/1528
f 2807/4302/1454 2810/4426/1529 2811/4427/1530 2813/4428/1531
f 2808/4346/1490 2812/4429/1532 2811/4430/1530 2810/4431/1529
f 2809/4343/1487 2813/4432/1531 2811/4433/1530 2812/4434/1532
f 2814/4303/1455 2817/4435/1533 2818/4436/1534 2820/4437/1535
f 2815/4342/1486 2819/4438/1536 2818/4439/1534 2817/4440/1533
f 2816/4307/1459 2820/4441/1535 2818/4442/1534 2819/4443/1536
f 2840/4333/1478 2780/4397/1515 2786/4400/1518 2841/4444/1537
f 2841/4445/1537 2786/4404/1518 2782/4345/1489 2839/4309/1461
f 2843/4305/1457 2791/4308/1460 2793/4413/1521 2844/4446/1538
f 2844/4447/1538 2793/4408/1521 2790/4407/1520 2842/4349/1493
f 2828/4310/1462 2808/4346/1490 2810/4431/1529 2829/4448/1539
f 2829/4449/1539 2810/4426/1529 2807/4302/1454 2827/4301/1453
f 2831/4304/1456 2814/4303/1455 2820/4437/1535 2832/4450/1540
f 2832/4451/1540 2820/4441/1535 2816/4307/1459 2830/4306/1458
f 2775/4357/1499 2801/4356/1498 2803/4422/1525 2779/4394/1512
f 2779/4389/1512 2803/4417/1525 2800/4298/1450 2773/4297/1449
f 2808/4346/1490 2782/4345/1489 2785/4406/1519 2812/4429/1532
f 2812/4434/1532 2785/4401/1519 2781/4344/1488 2809/4343/1487
f 2791/4308/1460 2816/4307/1459 2819/4443/1536 2795/4411/1524
f 2795/4416/1524 2819/4438/1536 2815/4342/1486 2792/4341/1485
f 2774/4390/1513 2836/4334/1479 2838/4452/1541 2778/4391/1514
f 2778/4396/1514 2838/4453/1541 2837/4312/1463 2775/4357/1499
f 2788/4339/1483 2833/4317/1468 2835/4454/1542 2789/4455/1543
f 2789/4456/1543 2835/4457/1542 2834/4348/1492 2787/4458/1544
f 2801/4356/1498 2821/4311/1462 2823/4459/1539 2805/4420/1528
f 2805/4425/1528 2823/4460/1539 2822/4329/1453 2802/4328/1476
f 2797/4327/1475 2824/4330/1456 2826/4461/1545 2799/4462/1546
f 2799/4463/1546 2826/4464/1545 2825/4318/1458 2798/4340/1484
f 2836/4334/1479 2840/4333/1478 2841/4444/1537 2838/4452/1541
f 2838/4453/1541 2841/4445/1537 2839/4309/1461 2837/4312/1463
f 2833/4317/1468 2843/4305/1457 2844/4446/1538 2835/4454/1542
f 2835/4457/1542 2844/4447/1538 2842/4349/1493 2834/4348/1492
f 2821/4311/1462 2828/4310/1462 2829/4448/1539 2823/4459/1539
f 2823/4460/1539 2829/4449/1539 2827/4301/1453 2822/4329/1453
f 2824/4330/1456 2831/4304/1456 2832/4450/1540 2826/4461/1545
f 2826/4464/1545 2832/4451/1540 2830/4306/1458 2825/4318/1458
f 2799/4465/1546 2798/4299/1451 2800/4298/1450 2806/4419/1527
f 2814/4303/1455 2807/4302/1454 2813/4428/1531 2817/4435/1533
f 2776/4393/1510 2789/4456/1543 2787/4458/1544 2774/4390/1513
f 2797/4327/1475 2799/4462/1546 2806/4423/1527 2802/4328/1476
f 2773/4297/1449 2788/4300/1452 2789/4466/1543 2776/4387/1510
f 2792/4341/1485 2781/4344/1488 2783/4403/1516 2796/4414/1523
f 2836/4334/1479 2774/4390/1513 2787/4458/1544 2834/4348/1492
f 2817/4440/1533 2813/4432/1531 2809/4343/1487 2815/4342/1486
f 2796/4410/1523 2783/4398/1516 2780/4397/1515 2790/4407/1520
f 2866/4386/1480 2871/4370/1508 2870/4337/1481 2863/4336/1480
f 2943/4467/1547 2916/4468/1547 2915/4469/1548 2944/4470/1548
f 2927/4471/1549 2926/4472/1550 2873/4473/1551 2874/4474/1552
f 2880/4475/1553 2885/4476/1554 2948/4477/1555 2947/4478/1556
f 2882/4479/1557 2877/4480/1558 2873/4473/1551 2881/4481/1480
f 2928/4482/1559 2927/4471/1549 2874/4474/1552 2875/4483/1560
f 2875/4483/1560 2879/4484/1561 2880/4485/1553 2876/4486/1562
f 2898/4487/1563 2894/4488/1564 2890/4489/1565 2881/4481/1480
f 2938/4490/1566 2937/4491/1567 2930/4492/1567 2925/4493/1566
f 2873/4473/1551 2877/4480/1558 2878/4494/1568 2874/4474/1552
f 2876/4495/1562 2946/4496/1569 2957/4497/1570 2929/4498/1571
f 2874/4474/1552 2878/4494/1568 2879/4484/1561 2875/4483/1560
f 2947/4478/1556 2948/4477/1555 2943/4499/1572 2944/4500/1573
f 2944/4470/1548 2915/4469/1548 2914/4501/1574 2945/4502/1574
f 2877/4480/1558 2882/4479/1557 2883/4503/1575 2878/4494/1568
f 2885/4476/1554 2889/4504/1576 2949/4505/1577 2948/4477/1555
f 2878/4494/1568 2883/4503/1575 2884/4506/1578 2879/4484/1561
f 2879/4484/1561 2884/4506/1578 2885/4507/1554 2880/4485/1553
f 2941/4508/1579 2922/4509/1579 2917/4510/1580 2942/4511/1580
f 2882/4479/1557 2886/4512/1581 2887/4513/1582 2883/4503/1575
f 2889/4504/1576 2893/4514/1583 2950/4515/1584 2949/4505/1577
f 2883/4503/1575 2887/4513/1582 2888/4516/1585 2884/4506/1578
f 2884/4506/1578 2888/4516/1585 2889/4517/1576 2885/4507/1554
f 2906/4518/1586 2902/4519/1587 2898/4487/1563 2881/4481/1480
f 2936/4520/1588 2931/4521/1588 2930/4492/1567 2937/4491/1567
f 2887/4513/1582 2891/4522/1589 2892/4523/1590 2888/4516/1585
f 2888/4516/1585 2892/4523/1590 2893/4524/1583 2889/4517/1576
f 2954/4525/1591 2955/4526/1592 2936/4527/1593 2937/4528/1594
f 2886/4512/1581 2890/4489/1565 2891/4522/1589 2887/4513/1582
f 2950/4515/1584 2893/4514/1583 2897/4529/1595 2951/4530/1596
f 2892/4523/1590 2896/4531/1597 2897/4532/1595 2893/4524/1583
f 2881/4481/1480 2918/4533/1598 2910/4534/1599 2906/4518/1586
f 2951/4530/1596 2952/4535/1600 2939/4536/1601 2940/4537/1602
f 2890/4489/1565 2894/4488/1564 2895/4538/1603 2891/4522/1589
f 2897/4529/1595 2901/4539/1604 2952/4535/1600 2951/4530/1596
f 2891/4522/1589 2895/4538/1603 2896/4531/1597 2892/4523/1590
f 2941/4508/1579 2940/4540/1605 2923/4541/1605 2922/4509/1579
f 2934/4542/1606 2933/4543/1606 2932/4544/1607 2935/4545/1607
f 2894/4488/1564 2898/4487/1563 2899/4546/1608 2895/4538/1603
f 2952/4547/1600 2901/4548/1604 2905/4549/1609 2953/4550/1610
f 2895/4538/1603 2899/4546/1608 2900/4551/1611 2896/4531/1597
f 2896/4531/1597 2900/4551/1611 2901/4552/1604 2897/4532/1595
f 2948/4477/1555 2949/4505/1577 2942/4553/1612 2943/4499/1572
f 2905/4549/1609 2909/4554/1613 2954/4525/1591 2953/4550/1610
f 2899/4546/1608 2903/4555/1614 2904/4556/1615 2900/4551/1611
f 2900/4551/1611 2904/4556/1615 2905/4557/1609 2901/4552/1604
f 2881/4481/1480 2873/4473/1551 2926/4472/1550 2918/4533/1598
f 2898/4487/1563 2902/4519/1587 2903/4555/1614 2899/4546/1608
f 2938/4490/1566 2925/4493/1566 2924/4558/1616 2939/4559/1616
f 2904/4556/1615 2908/4560/1617 2909/4561/1613 2905/4557/1609
f 2902/4519/1587 2906/4518/1586 2907/4562/1618 2903/4555/1614
f 2909/4554/1613 2913/4563/1619 2955/4526/1592 2954/4525/1591
f 2903/4555/1614 2907/4562/1618 2908/4560/1617 2904/4556/1615
f 2947/4478/1556 2944/4500/1573 2945/4564/1620 2946/4496/1569
f 2906/4518/1586 2910/4534/1599 2911/4565/1621 2907/4562/1618
f 2913/4563/1619 2921/4566/1622 2956/4567/1623 2955/4526/1592
f 2907/4562/1618 2911/4565/1621 2912/4568/1624 2908/4560/1617
f 2908/4560/1617 2912/4568/1624 2913/4569/1619 2909/4561/1613
f 2921/4566/1622 2929/4498/1571 2957/4497/1570 2956/4567/1623
f 2911/4565/1621 2919/4570/1625 2920/4571/1626 2912/4568/1624
f 2912/4568/1624 2920/4571/1626 2921/4572/1622 2913/4569/1619
f 2956/4567/1623 2957/4497/1570 2934/4573/1627 2935/4574/1628
f 2949/4505/1577 2950/4515/1584 2941/4575/1629 2942/4553/1612
f 2939/4576/1616 2924/4577/1616 2923/4541/1605 2940/4540/1605
f 2910/4534/1599 2918/4533/1598 2919/4570/1625 2911/4565/1621
f 2952/4547/1600 2953/4550/1610 2938/4578/1630 2939/4579/1601
f 2935/4545/1607 2932/4544/1607 2931/4521/1588 2936/4520/1588
f 2955/4526/1592 2956/4567/1623 2935/4574/1628 2936/4527/1593
f 2920/4571/1626 2928/4482/1559 2929/4580/1571 2921/4572/1622
f 2953/4550/1610 2954/4525/1591 2937/4528/1594 2938/4578/1630
f 2943/4467/1547 2942/4511/1580 2917/4510/1580 2916/4468/1547
f 2918/4533/1598 2926/4472/1550 2927/4471/1549 2919/4570/1625
f 2919/4570/1625 2927/4471/1549 2928/4482/1559 2920/4571/1626
f 2957/4497/1570 2946/4496/1569 2945/4564/1620 2934/4573/1627
f 2950/4515/1584 2951/4530/1596 2940/4537/1602 2941/4575/1629
f 2945/4502/1574 2914/4501/1574 2933/4543/1606 2934/4542/1606
f 2946/4496/1569 2876/4495/1562 2880/4475/1553 2947/4478/1556
f 2840/4333/1478 2842/4349/1493 2790/4407/1520 2780/4397/1515
f 2852/4314/1465 2854/4313/1464 2842/4349/1493 2840/4333/1478
f 2929/4580/1571 2928/4482/1559 2875/4483/1560 2876/4486/1562
f 2890/4489/1565 2886/4512/1581 2882/4479/1557 2881/4481/1480
o gallinera_table_door_b
v -0.128215 0.397011 -0.216523
v -0.127275 0.396865 -0.217464
v -0.127275 0.397951 -0.216523
v -0.127940 0.396938 -0.217188
v -0.127818 0.397523 -0.217066
v -0.127275 0.397635 -0.217186
v -0.127940 0.397676 -0.216523
v 0.114304 0.396885 -0.217463
v 0.115244 0.397011 -0.216523
v 0.114304 0.397951 -0.216523
v 0.114969 0.396948 -0.217188
v 0.114847 0.397527 -0.217066
v 0.114969 0.397702 -0.216523
v 0.114304 0.397613 -0.217188
v -0.127275 0.104235 -0.217464
v -0.128215 0.103149 -0.216523
v -0.127940 0.103467 -0.217188
v 0.114304 0.104215 -0.217463
v 0.114304 0.103149 -0.216523
v 0.115244 0.104089 -0.216523
v 0.114304 0.103460 -0.217186
v 0.114847 0.103573 -0.217066
v 0.114969 0.103425 -0.216523
v 0.114969 0.104152 -0.217188
v -0.127275 0.104089 -0.210455
v -0.128215 0.103149 -0.211395
v -0.127940 0.103425 -0.210730
v -0.128215 0.397011 -0.211395
v -0.127275 0.397951 -0.211395
v -0.127275 0.397011 -0.210455
v -0.127940 0.397676 -0.211395
v -0.127818 0.397554 -0.210852
v -0.127275 0.397676 -0.210730
v -0.127940 0.397011 -0.210730
v 0.114304 0.397011 -0.210455
v 0.114304 0.397951 -0.211395
v 0.115244 0.397011 -0.211395
v 0.114304 0.397676 -0.210730
v 0.114847 0.397554 -0.210852
v 0.114969 0.397676 -0.211395
v 0.114969 0.397011 -0.210730
v 0.114304 0.104089 -0.210455
v 0.115244 0.104089 -0.211395
v 0.114304 0.103149 -0.211395
v 0.114969 0.104089 -0.210730
v 0.114847 0.103547 -0.210852
v 0.114969 0.103425 -0.211395
v 0.114304 0.103425 -0.210730
v -0.107163 0.397951 -0.211395
v -0.107163 0.397011 -0.210455
v -0.107163 0.397676 -0.210730
v -0.107163 0.104089 -0.210455
v -0.107163 0.103149 -0.211395
v -0.107163 0.103425 -0.210730
v 0.101518 0.397011 -0.210455
v 0.101518 0.397951 -0.211395
v 0.101518 0.397676 -0.210730
v 0.101518 0.103149 -0.211395
v 0.101518 0.104089 -0.210455
v 0.101518 0.103425 -0.210730
v -0.107163 0.103149 -0.216523
v -0.106270 0.104029 -0.217464
v -0.106664 0.103470 -0.217215
v -0.106270 0.397071 -0.217464
v -0.107163 0.397951 -0.216523
v -0.106664 0.397621 -0.217207
v 0.101518 0.397951 -0.216523
v 0.100504 0.397081 -0.217463
v 0.100952 0.397633 -0.217214
v 0.100504 0.104020 -0.217463
v 0.101518 0.103149 -0.216523
v 0.100952 0.103475 -0.217208
v -0.093115 0.383925 -0.217464
v -0.092374 0.383174 -0.216660
v -0.092673 0.383477 -0.217228
v -0.092374 0.117926 -0.216660
v -0.093115 0.117175 -0.217464
v -0.092673 0.117624 -0.217228
v 0.083223 0.383182 -0.216660
v 0.084128 0.383926 -0.217463
v 0.083588 0.383466 -0.217228
v 0.084128 0.117174 -0.217463
v 0.083223 0.117919 -0.216660
v 0.083588 0.117635 -0.217228
v -0.082840 0.127466 -0.212562
v -0.092373 0.117929 -0.213365
v -0.092048 0.118255 -0.212797
v -0.082840 0.373635 -0.212562
v -0.092373 0.383172 -0.213365
v -0.092048 0.382845 -0.212797
v 0.073695 0.373639 -0.212562
v 0.083224 0.383178 -0.213365
v 0.082900 0.382850 -0.212797
v 0.073695 0.127462 -0.212562
v 0.083224 0.117923 -0.213365
v 0.082900 0.118250 -0.212797
v -0.091553 0.382348 -0.212562
v 0.082406 0.382353 -0.212562
v 0.082406 0.118748 -0.212562
v -0.091553 0.118752 -0.212562
v 0.101730 0.257615 -0.245033
v 0.102838 0.261751 -0.243674
v 0.103626 0.264690 -0.241349
v 0.103866 0.265587 -0.239347
v 0.105053 0.255697 -0.245033
v 0.108080 0.258724 -0.243674
v 0.110232 0.260876 -0.241349
v 0.110889 0.261533 -0.239332
v 0.099812 0.250456 -0.245809
v 0.106971 0.252374 -0.245033
v 0.111107 0.253482 -0.243674
v 0.114046 0.254270 -0.241349
v 0.114944 0.254510 -0.239316
v 0.106971 0.248537 -0.245033
v 0.111107 0.247429 -0.243674
v 0.114046 0.246641 -0.241349
v 0.114944 0.246401 -0.239305
v 0.105053 0.245214 -0.245033
v 0.108080 0.242187 -0.243674
v 0.110232 0.240035 -0.241349
v 0.110889 0.239378 -0.239301
v 0.101730 0.243296 -0.245033
v 0.102838 0.239161 -0.243674
v 0.103626 0.236221 -0.241349
v 0.103866 0.235324 -0.239305
v 0.097893 0.243296 -0.245033
v 0.096785 0.239161 -0.243674
v 0.095997 0.236221 -0.241349
v 0.095757 0.235324 -0.239316
v 0.094570 0.245214 -0.245033
v 0.091543 0.242187 -0.243674
v 0.089391 0.240035 -0.241349
v 0.088734 0.239378 -0.239332
v 0.092652 0.248537 -0.245033
v 0.088517 0.247429 -0.243674
v 0.085577 0.246641 -0.241349
v 0.084680 0.246401 -0.239347
v 0.092652 0.252374 -0.245033
v 0.088517 0.253482 -0.243674
v 0.085577 0.254270 -0.241349
v 0.084680 0.254510 -0.239358
v 0.102189 0.259328 -0.213556
v 0.106307 0.256951 -0.213556
v 0.108684 0.252833 -0.213556
v 0.108684 0.248078 -0.213556
v 0.094570 0.255697 -0.245033
v 0.091543 0.258724 -0.243674
v 0.089391 0.260876 -0.241349
v 0.088846 0.261421 -0.239362
v 0.106307 0.243960 -0.213556
v 0.102189 0.241583 -0.213556
v 0.097434 0.241583 -0.213556
v 0.093316 0.243960 -0.213556
v 0.097893 0.257615 -0.245033
v 0.096785 0.261751 -0.243674
v 0.095997 0.264690 -0.241349
v 0.095757 0.265587 -0.239358
v 0.090939 0.248078 -0.213556
v 0.090939 0.252833 -0.213556
v 0.093316 0.256951 -0.213556
v 0.097434 0.259328 -0.213556
v 0.097583 0.258772 -0.234444
v 0.093724 0.256544 -0.234444
v 0.091495 0.252684 -0.234444
v 0.091495 0.248227 -0.234444
v 0.093724 0.244368 -0.234444
v 0.097583 0.242139 -0.234444
v 0.102040 0.242139 -0.234444
v 0.105900 0.244368 -0.234444
v 0.108128 0.248227 -0.234444
v 0.108128 0.252684 -0.234444
v 0.105900 0.256544 -0.234444
v 0.102040 0.258772 -0.234444
v 0.103781 0.265271 -0.237334
v 0.110657 0.261301 -0.237334
v 0.114627 0.254425 -0.237334
v 0.114627 0.246486 -0.237334
v 0.110657 0.239610 -0.237334
v 0.103781 0.235641 -0.237334
v 0.095842 0.235641 -0.237334
v 0.088966 0.239610 -0.237334
v 0.084997 0.246486 -0.237334
v 0.084997 0.254425 -0.237334
v 0.088996 0.261271 -0.237460
v 0.095842 0.265271 -0.237334
vn -0.9989 0.0010 -0.0475
vn -0.9989 -0.0000 -0.0475
vn -0.9989 -0.0000 0.0475
vn -0.9989 0.0009 0.0475
vn -0.0000 0.0010 1.0000
vn -0.0000 -0.0010 1.0000
vn 0.0205 -0.0010 0.9998
vn 0.0205 0.0009 0.9998
vn -0.0000 -0.9985 -0.0555
vn 0.0197 -0.9983 -0.0550
vn 0.0199 -0.9987 0.0469
vn -0.0000 -0.9989 0.0475
vn -0.0000 0.9984 -0.0557
vn -0.0000 0.9985 -0.0556
vn -0.0000 0.9989 0.0475
vn -0.0086 0.0057 -0.9999
vn -0.4719 0.3129 -0.8243
vn -0.4720 -0.3129 -0.8242
vn -0.0086 -0.0057 -0.9999
vn -0.0000 -0.9985 -0.0554
vn 0.5119 0.3393 -0.7892
vn 0.0001 0.9971 -0.0767
vn -0.0000 0.9971 -0.0767
vn 0.0001 -0.9971 -0.0767
vn -0.0000 -0.9964 -0.0851
vn -0.0000 -0.9971 -0.0767
vn -0.0133 -0.0009 0.9999
vn -0.0133 0.0009 0.9999
vn 0.0098 -0.0065 -0.9999
vn -0.0000 0.0047 -1.0000
vn -0.0000 0.0050 -1.0000
vn -0.0000 -0.0000 -1.0000
vn 0.0161 -0.0106 -0.9998
vn -0.0161 -0.0106 -0.9998
vn -0.0000 -0.9985 -0.0552
vn -0.0000 -0.9989 0.0472
vn 0.9989 -0.0010 -0.0475
vn 0.9989 0.0009 -0.0475
vn 0.9989 0.0010 0.0475
vn 0.9989 -0.0009 0.0475
vn 0.0188 0.9982 -0.0568
vn 0.0190 0.9987 0.0470
vn -0.0000 -0.0050 -1.0000
vn -0.0000 -0.0047 -1.0000
vn 0.0098 0.0065 -0.9999
vn 0.9970 -0.0002 -0.0775
vn 0.9965 -0.0000 -0.0840
vn 0.9970 -0.0000 -0.0775
vn 0.5119 -0.3393 -0.7892
vn -0.0128 0.9984 -0.0557
vn -0.0129 0.9988 0.0471
vn -0.9956 0.0003 -0.0941
vn -0.9965 -0.0000 -0.0831
vn -0.9965 -0.0000 -0.0830
vn -0.9956 -0.0000 -0.0941
vn 0.0160 0.0106 -0.9998
vn 0.4811 0.3182 -0.8169
vn 0.4811 -0.3181 -0.8169
vn -0.0000 0.9964 -0.0851
vn -0.0144 0.0122 -0.9998
vn -0.4817 0.3186 -0.8163
vn -0.4817 -0.3186 -0.8163
vn -0.7071 0.7060 -0.0399
vn -0.5603 0.5483 -0.6208
vn -0.7074 0.0007 -0.7069
vn -0.0127 0.0009 -0.9999
vn -0.0105 0.6870 -0.7266
vn 0.0191 0.0009 -0.9998
vn 0.0159 0.6892 -0.7244
vn 0.5517 0.5517 -0.6254
vn 0.7071 0.0007 -0.7071
vn 0.7065 0.7065 -0.0403
vn 0.0191 -0.0009 -0.9998
vn 0.7071 -0.0007 -0.7071
vn 0.5627 -0.5522 -0.6152
vn 0.0159 -0.6896 -0.7240
vn 0.7071 -0.7061 -0.0392
vn -0.7073 0.0007 0.7069
vn -0.5773 0.5774 0.5774
vn -0.7067 0.7067 0.0352
vn -0.0097 0.7071 0.7071
vn 0.7071 0.0007 0.7071
vn 0.5774 0.5774 0.5773
vn 0.0149 0.7070 0.7070
vn 0.7066 0.7066 0.0368
vn 0.0149 -0.7070 0.7070
vn 0.5773 -0.5773 0.5774
vn 0.7071 -0.0007 0.7071
vn 0.7067 -0.7067 0.0352
vn 0.0001 0.7298 -0.6836
vn 0.0001 -0.7299 -0.6836
vn -0.0000 0.7071 0.7071
vn -0.0000 -0.7071 0.7071
vn -0.0001 0.7283 -0.6853
vn -0.6804 -0.0490 -0.7312
vn -0.0001 -0.7284 -0.6851
vn -0.0127 -0.0009 -0.9999
vn -0.6822 -0.0483 0.7296
vn -0.0000 -0.7074 0.7068
vn 0.9656 0.2587 -0.0276
vn 0.7068 0.7068 -0.0276
vn -0.1228 0.4581 -0.8804
vn 0.1228 0.4581 -0.8804
vn 0.0477 0.1779 -0.9829
vn -0.0585 0.2182 -0.9742
vn 0.6997 0.6995 -0.1450
vn 0.4296 0.4301 0.7940
vn 0.5859 0.1573 0.7950
vn 0.9558 0.2560 -0.1450
vn 0.1779 0.0477 -0.9829
vn 0.1597 0.1597 -0.9742
vn -0.1955 0.7243 -0.6612
vn 0.1938 0.7221 -0.6641
vn 0.2562 0.9557 -0.1450
vn 0.5299 0.5291 -0.6627
vn -0.0477 -0.1779 -0.9829
vn 0.1302 -0.1302 -0.9829
vn 0.0585 -0.2182 -0.9742
vn -0.7068 -0.7068 -0.0276
vn -0.9656 -0.2587 -0.0276
vn 0.3354 0.3354 -0.8804
vn -0.2591 0.9551 -0.1439
vn -0.1637 0.5886 0.7917
vn 0.1574 0.5885 0.7930
vn 0.2791 0.2791 0.9188
vn 0.3813 0.1022 0.9188
vn 0.2587 0.9656 -0.0276
vn 0.4581 0.1228 -0.8804
vn 0.5850 -0.1566 0.7957
vn 0.9557 -0.2561 -0.1450
vn 0.7245 0.1939 -0.6614
vn 0.7068 -0.7068 -0.0276
vn 0.9656 -0.2587 -0.0276
vn 0.4581 -0.1228 -0.8804
vn 0.2182 -0.0585 -0.9742
vn 0.4280 -0.4280 0.7960
vn 0.6996 -0.6996 -0.1450
vn 0.7252 -0.1945 -0.6605
vn -0.1779 -0.0477 -0.9829
vn -0.1597 -0.1597 -0.9742
vn -0.9656 0.2587 -0.0276
vn 0.5312 -0.5312 -0.6601
vn 0.3354 -0.3354 -0.8804
vn -0.5885 -0.1576 0.7930
vn -0.3813 -0.1022 0.9188
vn -0.3825 0.1090 0.9175
vn -0.5886 0.1637 0.7917
vn 0.1565 -0.5851 0.7957
vn 0.2561 -0.9557 -0.1450
vn 0.1946 -0.7252 -0.6605
vn -0.2182 0.0585 -0.9742
vn -0.1302 0.1302 -0.9829
vn 0.1022 -0.3813 0.9188
vn -0.1022 -0.3813 0.9188
vn -0.1573 -0.5859 0.7950
vn 0.1228 -0.4581 -0.8804
vn -0.2560 -0.9558 -0.1450
vn 0.2587 -0.9656 -0.0276
vn -0.2587 0.9656 -0.0276
vn -0.7068 0.7068 -0.0276
vn -0.1228 -0.4581 -0.8804
vn -0.4301 -0.4296 0.7940
vn -0.6995 -0.6997 -0.1450
vn -0.1939 -0.7245 -0.6614
vn 0.3813 -0.1022 0.9188
vn -0.9557 -0.2562 -0.1449
vn -0.5293 -0.5298 -0.6627
vn -0.3354 -0.3354 -0.8804
vn -0.2587 -0.9656 -0.0276
vn -0.7221 -0.1940 -0.6641
vn -0.4581 -0.1228 -0.8804
vn -0.9551 0.2591 -0.1439
vn 0.1022 0.3813 0.9188
vn -0.4581 0.1228 -0.8804
vn -0.4356 0.4357 0.7877
vn -0.6999 0.6999 -0.1421
vn -0.7243 0.1955 -0.6612
vn -0.5332 0.5332 -0.6568
vn -0.3354 0.3354 -0.8804
vn -0.2866 0.2866 0.9142
vn -0.1090 0.3825 0.9175
vn 0.2791 -0.2791 0.9188
vn -0.2791 -0.2791 0.9188
vt 0.599616 0.420684
vt 0.599619 0.336368
vt 0.601126 0.336369
vt 0.601075 0.420687
vt 0.145523 0.847874
vt 0.145828 0.789029
vt 0.148430 0.789103
vt 0.148091 0.847820
vt 0.656996 0.850254
vt 0.656957 0.853859
vt 0.655531 0.853868
vt 0.655511 0.850254
vt 0.831755 0.850093
vt 0.831755 0.789950
vt 0.833246 0.789952
vt 0.833238 0.850094
vt 0.661626 0.317695
vt 0.661426 0.317545
vt 0.658190 0.241351
vt 0.658368 0.241212
vt 0.656993 0.790082
vt 0.655514 0.790081
vt 0.832128 0.866731
vt 0.832313 0.866817
vt 0.832311 0.917430
vt 0.832128 0.917535
vt 0.655486 0.866996
vt 0.656436 0.866996
vt 0.656438 0.917609
vt 0.655488 0.917609
vt 0.099229 0.789160
vt 0.103307 0.789028
vt 0.103281 0.847755
vt 0.099263 0.847650
vt 0.609661 0.241707
vt 0.605676 0.237590
vt 0.662750 0.237620
vt 0.658368 0.241212
vt 0.735032 0.857611
vt 0.737586 0.860162
vt 0.687358 0.860161
vt 0.689895 0.857633
vt 0.656994 0.784011
vt 0.655515 0.784011
vt 0.630603 0.336578
vt 0.630606 0.420480
vt 0.629121 0.420478
vt 0.629118 0.336580
vt 0.831791 0.853707
vt 0.833218 0.853699
vt 0.667173 0.321574
vt 0.605869 0.323363
vt 0.609647 0.319443
vt 0.336897 0.780899
vt 0.337846 0.780899
vt 0.337846 0.857352
vt 0.336897 0.857353
vt 0.336712 0.780811
vt 0.336712 0.857440
vt 0.831780 0.784217
vt 0.833224 0.784219
vt 0.382821 0.780893
vt 0.383771 0.780895
vt 0.383771 0.857351
vt 0.382822 0.857352
vt 0.737468 0.784169
vt 0.737626 0.784011
vt 0.737746 0.860321
vt 0.833263 0.866817
vt 0.833261 0.917430
vt 0.338035 0.857258
vt 0.338035 0.780993
vt 0.687405 0.784222
vt 0.687244 0.784061
vt 0.609819 0.241889
vt 0.609796 0.319287
vt 0.383960 0.780989
vt 0.383960 0.857256
vt 0.655303 0.917695
vt 0.655303 0.866891
vt 0.658190 0.241350
vt 0.382627 0.780811
vt 0.382627 0.857434
vt 0.687199 0.860321
vt 0.656627 0.917515
vt 0.656625 0.867089
vt 0.833452 0.866911
vt 0.833450 0.917337
vt 0.689912 0.786729
vt 0.734949 0.786705
vt 0.599607 0.420893
vt 0.599438 0.420854
vt 0.599408 0.420674
vt 0.599618 0.237825
vt 0.599408 0.237797
vt 0.599436 0.237617
vt 0.599604 0.237586
vt 0.831572 0.784205
vt 0.831602 0.784040
vt 0.831770 0.784013
vt 0.666660 0.237659
vt 0.666665 0.237436
vt 0.666830 0.237451
vt 0.666866 0.237625
vt 0.630813 0.420472
vt 0.630783 0.420649
vt 0.630616 0.420695
vt 0.831783 0.853910
vt 0.831612 0.853883
vt 0.831579 0.853720
vt 0.671200 0.321277
vt 0.671408 0.321292
vt 0.671388 0.321471
vt 0.671223 0.321510
vt 0.657164 0.853871
vt 0.657134 0.854036
vt 0.656967 0.854064
vt 0.630612 0.336368
vt 0.630782 0.336406
vt 0.630813 0.336586
vt 0.601282 0.420697
vt 0.601251 0.420863
vt 0.601085 0.420892
vt 0.833233 0.784011
vt 0.833400 0.784041
vt 0.833431 0.784208
vt 0.099254 0.847794
vt 0.099138 0.847772
vt 0.099119 0.847655
vt 0.148236 0.847826
vt 0.148216 0.847942
vt 0.148100 0.847964
vt 0.833420 0.853709
vt 0.833390 0.853871
vt 0.833228 0.853900
vt 0.629111 0.420691
vt 0.628940 0.420660
vt 0.628909 0.420488
vt 0.148439 0.788956
vt 0.148557 0.788980
vt 0.148577 0.789098
vt 0.628909 0.336569
vt 0.628939 0.336399
vt 0.629109 0.336368
vt 0.655522 0.854070
vt 0.655359 0.854041
vt 0.655328 0.853879
vt 0.662877 0.237448
vt 0.831536 0.849932
vt 0.657213 0.850094
vt 0.667315 0.321747
vt 0.833446 0.850095
vt 0.145524 0.848019
vt 0.145830 0.788880
vt 0.655303 0.850255
vt 0.605561 0.237419
vt 0.831536 0.790093
vt 0.657206 0.784090
vt 0.657213 0.790225
vt 0.599408 0.323442
vt 0.599619 0.323204
vt 0.605752 0.323547
vt 0.833452 0.789952
vt 0.103279 0.847902
vt 0.099085 0.789019
vt 0.103304 0.788880
vt 0.655307 0.784090
vt 0.655307 0.790081
vt 0.601337 0.336450
vt 0.599408 0.336461
vt 0.431977 0.930156
vt 0.432004 0.928872
vt 0.438027 0.928958
vt 0.437997 0.930328
vt 0.554801 0.218584
vt 0.553336 0.219455
vt 0.553008 0.218251
vt 0.553910 0.217710
vt 0.886558 0.313805
vt 0.886018 0.313952
vt 0.885090 0.312104
vt 0.885558 0.311776
vt 0.551047 0.217742
vt 0.552454 0.216298
vt 0.551954 0.218266
vt 0.555603 0.219395
vt 0.553617 0.220551
vt 0.553791 0.221250
vt 0.551138 0.221242
vt 0.551341 0.220553
vt 0.551894 0.214358
vt 0.550498 0.215809
vt 0.550999 0.214896
vt 0.431784 0.921170
vt 0.437792 0.920740
vt 0.437880 0.922108
vt 0.431867 0.922452
vt 0.551634 0.219472
vt 0.886778 0.315999
vt 0.886296 0.318109
vt 0.885795 0.317893
vt 0.886226 0.315957
vt 0.884029 0.314561
vt 0.883441 0.313339
vt 0.432013 0.927587
vt 0.438037 0.927587
vt 0.550185 0.218612
vt 0.883575 0.310616
vt 0.883917 0.310134
vt 0.549395 0.219403
vt 0.548878 0.219899
vt 0.431867 0.932723
vt 0.431931 0.931440
vt 0.437949 0.931698
vt 0.437880 0.933066
vt 0.549324 0.217173
vt 0.550513 0.216849
vt 0.881543 0.309717
vt 0.881696 0.309099
vt 0.548260 0.217465
vt 0.547570 0.217640
vt 0.553861 0.214836
vt 0.552939 0.214333
vt 0.431931 0.923735
vt 0.437949 0.923477
vt 0.548241 0.215237
vt 0.549316 0.215507
vt 0.547570 0.215069
vt 0.881335 0.321553
vt 0.880976 0.319501
vt 0.882249 0.319091
vt 0.883238 0.320814
vt 0.879254 0.309545
vt 0.879193 0.308932
vt 0.548783 0.212802
vt 0.549309 0.213282
vt 0.554405 0.215738
vt 0.554416 0.216789
vt 0.879548 0.311845
vt 0.878106 0.312326
vt 0.876852 0.310140
vt 0.550106 0.214042
vt 0.876679 0.309524
vt 0.437792 0.934434
vt 0.431784 0.934005
vt 0.432004 0.926303
vt 0.431977 0.925018
vt 0.437997 0.924846
vt 0.438027 0.926217
vt 0.551542 0.213186
vt 0.876889 0.320909
vt 0.879181 0.321609
vt 0.879111 0.322217
vt 0.876679 0.321531
vt 0.551226 0.212117
vt 0.551007 0.211433
vt 0.882393 0.312425
vt 0.881461 0.322118
vt 0.553491 0.212039
vt 0.553216 0.213127
vt 0.553641 0.211336
vt 0.431684 0.919889
vt 0.437685 0.919374
vt 0.555985 0.212581
vt 0.555502 0.213115
vt 0.554711 0.213925
vt 0.883528 0.321288
vt 0.884258 0.315875
vt 0.555611 0.215382
vt 0.884788 0.319581
vt 0.885158 0.319903
vt 0.556707 0.215066
vt 0.557399 0.214852
vt 0.556716 0.217371
vt 0.555616 0.217091
vt 0.557420 0.217550
vt 0.883238 0.318229
vt 0.883958 0.317134
vt 0.881038 0.311894
vt 0.431684 0.935285
vt 0.437685 0.935800
vt 0.878230 0.318908
vt 0.879577 0.319456
vt 0.556111 0.219913
s 1
usemtl gallinera_table
f 2958/4581/1631 2973/4582/1632 2983/4583/1633 2985/4584/1634
f 3012/4585/1635 3016/4586/1636 2999/4587/1637 2992/4588/1638
f 3028/4589/1639 2976/4590/1640 3001/4591/1641 3015/4592/1642
f 3024/4593/1643 3022/4594/1644 3006/4595/1645 3013/4596/1645
f 3039/4597/1646 3041/4598/1647 3038/4599/1648 3037/4600/1649
f 3018/4601/1650 3028/4589/1639 3015/4592/1642 3010/4602/1642
f 3035/4603/1651 3033/4604/1652 3040/4605/1653 3041/4606/1647
f 3036/4607/1654 3049/4608/1655 3046/4609/1655 3031/4610/1656
f 2982/4611/1657 3009/4612/1636 3007/4613/1635 2987/4614/1658
f 3030/4615/1659 3021/4616/1660 3025/4617/1661 3037/4618/1649
f 3045/4619/1662 3054/4620/1663 3055/4621/1664 3048/4622/1662
f 2973/4623/1665 3018/4601/1650 3010/4602/1642 2983/4624/1666
f 2977/4625/1667 2966/4626/1668 2994/4627/1669 3000/4628/1670
f 2967/4629/1671 3024/4593/1643 3013/4596/1645 2993/4630/1672
f 3039/4597/1646 3027/4631/1673 3019/4632/1674 3034/4633/1675
f 3021/4616/1660 3030/4615/1659 3034/4633/1675 3019/4632/1674
f 3031/4634/1676 3046/4635/1677 3043/4636/1677 3033/4637/1678
f 3009/4612/1636 3016/4586/1636 3012/4585/1635 3007/4613/1635
f 3032/4638/1679 3031/4634/1676 3033/4637/1678 3035/4639/1651
f 3022/4594/1644 2960/4640/1680 2986/4641/1681 3006/4595/1645
f 3040/4642/1682 3052/4643/1683 3049/4644/1684 3036/4645/1685
f 3054/4620/1663 3057/4646/1686 3044/4647/1687 3047/4648/1688
f 3033/4604/1652 3043/4649/1689 3052/4650/1689 3040/4605/1653
f 3044/4651/1687 3043/4636/1677 3046/4635/1677 3047/4652/1688
f 3044/4647/1687 3057/4646/1686 3056/4653/1690 3053/4654/1691
f 3030/4615/1659 3032/4655/1679 3035/4656/1651 3034/4633/1675
f 3053/4657/1691 3050/4658/1692 3049/4644/1684 3052/4643/1683
f 3031/4610/1656 3032/4659/1679 3038/4660/1648 3036/4607/1654
f 3032/4655/1679 3030/4615/1659 3037/4618/1649 3038/4661/1648
f 3034/4633/1675 3035/4656/1651 3041/4598/1647 3039/4597/1646
f 3041/4662/1647 3040/4642/1682 3036/4645/1685 3038/4663/1648
f 3054/4620/1663 3047/4648/1688 3050/4664/1692 3055/4621/1664
f 3047/4665/1688 3046/4609/1655 3049/4608/1655 3050/4666/1692
f 3043/4649/1689 3044/4667/1687 3053/4668/1691 3052/4650/1689
f 3048/4622/1662 3051/4669/1662 3042/4670/1662 3045/4619/1662
f 3042/4670/1662 3057/4646/1686 3054/4620/1663 3045/4619/1662
f 3057/4646/1686 3042/4670/1662 3051/4669/1662 3056/4653/1690
f 3056/4653/1690 3055/4621/1664 3050/4664/1692 3053/4654/1691
f 2958/4581/1631 2964/4671/1693 2962/4672/1694 2961/4673/1695
f 2959/4674/1696 2961/4675/1695 2962/4676/1694 2963/4677/1697
f 2960/4640/1680 2963/4678/1697 2962/4679/1694 2964/4680/1693
f 2965/4681/1698 2971/4682/1699 2969/4683/1700 2968/4684/1701
f 2966/4626/1668 2968/4685/1701 2969/4686/1700 2970/4687/1702
f 2967/4629/1671 2970/4688/1702 2969/4689/1700 2971/4690/1699
f 2975/4691/1703 2981/4692/1704 2979/4693/1705 2978/4694/1706
f 2976/4590/1640 2978/4695/1706 2979/4696/1705 2980/4697/1707
f 2977/4625/1667 2980/4698/1707 2979/4699/1705 2981/4700/1704
f 2985/4584/1634 2991/4701/1708 2989/4702/1709 2988/4703/1710
f 2986/4641/1681 2988/4704/1710 2989/4705/1709 2990/4706/1711
f 2987/4614/1658 2990/4707/1711 2989/4708/1709 2991/4709/1708
f 2992/4588/1638 2998/4710/1712 2996/4711/1713 2995/4712/1714
f 2993/4630/1672 2995/4713/1714 2996/4714/1713 2997/4715/1715
f 2994/4627/1669 2997/4716/1715 2996/4717/1713 2998/4718/1712
f 2999/4587/1637 3005/4719/1716 3003/4720/1717 3002/4721/1718
f 3000/4628/1670 3002/4722/1718 3003/4723/1717 3004/4724/1719
f 3001/4591/1641 3004/4725/1719 3003/4726/1717 3005/4727/1716
f 3025/4617/1661 3026/4728/1720 2971/4682/1699 2965/4681/1698
f 3026/4729/1720 3024/4593/1643 2967/4629/1671 2971/4690/1699
f 3028/4589/1639 3029/4730/1721 2978/4695/1706 2976/4590/1640
f 3029/4731/1721 3027/4631/1673 2975/4691/1703 2978/4694/1706
f 3013/4596/1645 3014/4732/1722 2995/4713/1714 2993/4630/1672
f 3014/4733/1722 3012/4585/1635 2992/4588/1638 2995/4712/1714
f 3016/4586/1636 3017/4734/1723 3005/4719/1716 2999/4587/1637
f 3017/4735/1723 3015/4592/1642 3001/4591/1641 3005/4727/1716
f 2960/4640/1680 2964/4680/1693 2988/4704/1710 2986/4641/1681
f 2964/4671/1693 2958/4581/1631 2985/4584/1634 2988/4703/1710
f 2993/4630/1672 2997/4715/1715 2970/4688/1702 2967/4629/1671
f 2997/4716/1715 2994/4627/1669 2966/4626/1668 2970/4687/1702
f 2976/4590/1640 2980/4697/1707 3004/4725/1719 3001/4591/1641
f 2980/4698/1707 2977/4625/1667 3000/4628/1670 3004/4724/1719
f 2959/4674/1696 2963/4677/1697 3023/4736/1724 3021/4616/1660
f 2963/4678/1697 2960/4640/1680 3022/4594/1644 3023/4737/1724
f 2973/4623/1665 2974/4738/1725 3020/4739/1726 3018/4601/1650
f 2974/4740/1725 2972/4741/1727 3019/4632/1674 3020/4742/1726
f 2986/4641/1681 2990/4706/1711 3008/4743/1722 3006/4595/1645
f 2990/4707/1711 2987/4614/1658 3007/4613/1635 3008/4744/1722
f 2982/4611/1657 2984/4745/1728 3011/4746/1729 3009/4612/1636
f 2984/4747/1728 2983/4624/1666 3010/4602/1642 3011/4748/1729
f 3021/4616/1660 3023/4736/1724 3026/4728/1720 3025/4617/1661
f 3023/4737/1724 3022/4594/1644 3024/4593/1643 3026/4729/1720
f 3018/4601/1650 3020/4739/1726 3029/4730/1721 3028/4589/1639
f 3020/4742/1726 3019/4632/1674 3027/4631/1673 3029/4731/1721
f 3006/4595/1645 3008/4743/1722 3014/4732/1722 3013/4596/1645
f 3008/4744/1722 3007/4613/1635 3012/4585/1635 3014/4733/1722
f 3009/4612/1636 3011/4746/1729 3017/4734/1723 3016/4586/1636
f 3011/4748/1729 3010/4602/1642 3015/4592/1642 3017/4735/1723
f 2984/4749/1728 2991/4701/1708 2985/4584/1634 2983/4583/1633
f 2999/4587/1637 3002/4721/1718 2998/4710/1712 2992/4588/1638
f 2961/4675/1695 2959/4674/1696 2972/4741/1727 2974/4740/1725
f 2982/4611/1657 2987/4614/1658 2991/4709/1708 2984/4745/1728
f 2958/4581/1631 2961/4673/1695 2974/4750/1725 2973/4582/1632
f 2977/4625/1667 2981/4700/1704 2968/4685/1701 2966/4626/1668
f 3021/4616/1660 3019/4632/1674 2972/4741/1727 2959/4674/1696
f 3002/4722/1718 3000/4628/1670 2994/4627/1669 2998/4718/1712
f 2981/4692/1704 2975/4691/1703 2965/4681/1698 2968/4684/1701
f 3051/4669/1662 3048/4622/1662 3055/4621/1664 3056/4653/1690
f 3128/4751/1730 3129/4752/1731 3100/4753/1731 3101/4754/1730
f 3112/4755/1732 3059/4756/1733 3058/4757/1734 3111/4758/1735
f 3065/4759/1736 3132/4760/1737 3133/4761/1738 3070/4762/1739
f 3067/4763/1740 3066/4764/1662 3058/4757/1734 3062/4765/1741
f 3113/4766/1742 3060/4767/1743 3059/4756/1733 3112/4755/1732
f 3060/4767/1743 3061/4768/1744 3065/4769/1736 3064/4770/1745
f 3083/4771/1746 3066/4764/1662 3075/4772/1747 3079/4773/1748
f 3123/4774/1749 3110/4775/1749 3115/4776/1750 3122/4777/1750
f 3058/4757/1734 3059/4756/1733 3063/4778/1751 3062/4765/1741
f 3061/4779/1744 3114/4780/1752 3142/4781/1753 3131/4782/1754
f 3059/4756/1733 3060/4767/1743 3064/4770/1745 3063/4778/1751
f 3132/4760/1737 3129/4783/1755 3128/4784/1756 3133/4761/1738
f 3129/4752/1731 3130/4785/1757 3099/4786/1757 3100/4753/1731
f 3062/4765/1741 3063/4778/1751 3068/4787/1758 3067/4763/1740
f 3070/4762/1739 3133/4761/1738 3134/4788/1759 3074/4789/1760
f 3063/4778/1751 3064/4770/1745 3069/4790/1761 3068/4787/1758
f 3064/4770/1745 3065/4769/1736 3070/4791/1739 3069/4790/1761
f 3126/4792/1762 3127/4793/1763 3102/4794/1763 3107/4795/1762
f 3067/4763/1740 3068/4787/1758 3072/4796/1764 3071/4797/1765
f 3074/4789/1760 3134/4788/1759 3135/4798/1766 3078/4799/1767
f 3068/4787/1758 3069/4790/1761 3073/4800/1768 3072/4796/1764
f 3069/4790/1761 3070/4791/1739 3074/4801/1760 3073/4800/1768
f 3091/4802/1769 3066/4764/1662 3083/4771/1746 3087/4803/1770
f 3121/4804/1771 3122/4777/1750 3115/4776/1750 3116/4805/1771
f 3072/4796/1764 3073/4800/1768 3077/4806/1772 3076/4807/1773
f 3073/4800/1768 3074/4801/1760 3078/4808/1767 3077/4806/1772
f 3139/4809/1774 3122/4810/1775 3121/4811/1776 3140/4812/1777
f 3071/4797/1765 3072/4796/1764 3076/4807/1773 3075/4772/1747
f 3135/4798/1766 3136/4813/1778 3082/4814/1779 3078/4799/1767
f 3077/4806/1772 3078/4808/1767 3082/4815/1779 3081/4816/1780
f 3066/4764/1662 3091/4802/1769 3095/4817/1781 3103/4818/1782
f 3136/4813/1778 3125/4819/1783 3124/4820/1784 3137/4821/1785
f 3075/4772/1747 3076/4807/1773 3080/4822/1786 3079/4773/1748
f 3082/4814/1779 3136/4813/1778 3137/4821/1785 3086/4823/1787
f 3076/4807/1773 3077/4806/1772 3081/4816/1780 3080/4822/1786
f 3126/4792/1762 3107/4795/1762 3108/4824/1788 3125/4825/1788
f 3119/4826/1789 3120/4827/1790 3117/4828/1790 3118/4829/1789
f 3079/4773/1748 3080/4822/1786 3084/4830/1791 3083/4771/1746
f 3137/4831/1785 3138/4832/1792 3090/4833/1793 3086/4834/1787
f 3080/4822/1786 3081/4816/1780 3085/4835/1794 3084/4830/1791
f 3081/4816/1780 3082/4815/1779 3086/4836/1787 3085/4835/1794
f 3133/4761/1738 3128/4784/1756 3127/4837/1795 3134/4788/1759
f 3090/4833/1793 3138/4832/1792 3139/4809/1774 3094/4838/1796
f 3084/4830/1791 3085/4835/1794 3089/4839/1797 3088/4840/1798
f 3085/4835/1794 3086/4836/1787 3090/4841/1793 3089/4839/1797
f 3066/4764/1662 3103/4818/1782 3111/4758/1735 3058/4757/1734
f 3083/4771/1746 3084/4830/1791 3088/4840/1798 3087/4803/1770
f 3123/4774/1749 3124/4842/1799 3109/4843/1799 3110/4775/1749
f 3089/4839/1797 3090/4841/1793 3094/4844/1796 3093/4845/1800
f 3087/4803/1770 3088/4840/1798 3092/4846/1801 3091/4802/1769
f 3094/4838/1796 3139/4809/1774 3140/4812/1777 3098/4847/1802
f 3088/4840/1798 3089/4839/1797 3093/4845/1800 3092/4846/1801
f 3132/4760/1737 3131/4782/1754 3130/4848/1803 3129/4783/1755
f 3091/4802/1769 3092/4846/1801 3096/4849/1804 3095/4817/1781
f 3098/4847/1802 3140/4812/1777 3141/4850/1805 3106/4851/1806
f 3092/4846/1801 3093/4845/1800 3097/4852/1807 3096/4849/1804
f 3093/4845/1800 3094/4844/1796 3098/4853/1802 3097/4852/1807
f 3106/4851/1806 3141/4850/1805 3142/4781/1753 3114/4780/1752
f 3096/4849/1804 3097/4852/1807 3105/4854/1808 3104/4855/1809
f 3097/4852/1807 3098/4853/1802 3106/4856/1806 3105/4854/1808
f 3141/4850/1805 3120/4857/1810 3119/4858/1811 3142/4781/1753
f 3134/4788/1759 3127/4837/1795 3126/4859/1812 3135/4798/1766
f 3124/4860/1799 3125/4825/1788 3108/4824/1788 3109/4861/1799
f 3095/4817/1781 3096/4849/1804 3104/4855/1809 3103/4818/1782
f 3137/4831/1785 3124/4862/1784 3123/4863/1813 3138/4832/1792
f 3120/4827/1790 3121/4804/1771 3116/4805/1771 3117/4828/1790
f 3140/4812/1777 3121/4811/1776 3120/4857/1810 3141/4850/1805
f 3105/4854/1808 3106/4856/1806 3114/4864/1752 3113/4766/1742
f 3138/4832/1792 3123/4863/1813 3122/4810/1775 3139/4809/1774
f 3128/4751/1730 3101/4754/1730 3102/4794/1763 3127/4793/1763
f 3103/4818/1782 3104/4855/1809 3112/4755/1732 3111/4758/1735
f 3104/4855/1809 3105/4854/1808 3113/4766/1742 3112/4755/1732
f 3142/4781/1753 3119/4858/1811 3130/4848/1803 3131/4782/1754
f 3135/4798/1766 3126/4859/1812 3125/4819/1783 3136/4813/1778
f 3130/4785/1757 3119/4826/1789 3118/4829/1789 3099/4786/1757
f 3131/4782/1754 3132/4760/1737 3065/4759/1736 3061/4779/1744
f 3025/4617/1661 2965/4681/1698 2975/4691/1703 3027/4631/1673
f 3037/4600/1649 3025/4617/1661 3027/4631/1673 3039/4597/1646
f 3114/4864/1752 3061/4768/1744 3060/4767/1743 3113/4766/1742
f 3075/4772/1747 3066/4764/1662 3067/4763/1740 3071/4797/1765
