# Blender 5.1.1
# www.blender.org
mtllib brass_goblets_4k.mtl
o brass_goblet_03
v 0.091322 0.006193 -0.027895
v 0.091859 0.010187 -0.027895
v 0.102642 0.014934 -0.027895
v 0.118066 0.016761 -0.027895
v 0.099020 0.278298 0.011959
v 0.147240 0.057060 -0.027895
v 0.149873 0.068255 -0.027895
v 0.149013 0.069447 -0.027895
v 0.149013 0.071385 -0.027895
v 0.150205 0.071976 -0.027895
v 0.151759 0.089178 -0.027895
v 0.150795 0.090214 -0.027895
v 0.150847 0.092028 -0.027895
v 0.152101 0.092878 -0.027895
v 0.151158 0.107866 -0.027895
v 0.148444 0.122726 -0.027895
v 0.144978 0.132614 -0.027895
v 0.145231 0.138792 -0.027895
v 0.135347 0.140181 -0.027895
v 0.137452 0.143688 -0.027895
v 0.141303 0.147047 -0.027895
v 0.141676 0.150330 -0.027895
v 0.144780 0.151703 -0.027895
v 0.144930 0.154390 -0.027895
v 0.131109 0.160580 -0.027895
v 0.117139 0.171499 -0.027895
v 0.105898 0.184653 -0.027895
v 0.095990 0.200343 -0.027895
v 0.088338 0.219149 -0.027895
v 0.084792 0.238214 -0.027895
v 0.084039 0.252829 -0.027895
v 0.084426 0.264328 -0.027895
v 0.085228 0.278298 -0.027895
v 0.144690 0.136014 -0.027895
v 0.092616 0.006193 -0.014757
v 0.093143 0.010187 -0.014862
v 0.103718 0.014934 -0.016965
v 0.118846 0.016761 -0.019974
v 0.098369 0.264652 0.012395
v 0.147460 0.057060 -0.025666
v 0.150042 0.068255 -0.026180
v 0.149198 0.069447 -0.026012
v 0.149198 0.071385 -0.026012
v 0.150367 0.071976 -0.026244
v 0.151892 0.089178 -0.026548
v 0.150947 0.090214 -0.026360
v 0.150997 0.092028 -0.026370
v 0.152228 0.092878 -0.026614
v 0.151302 0.107866 -0.026430
v 0.148641 0.122726 -0.025901
v 0.145241 0.132614 -0.025225
v 0.145490 0.138792 -0.025274
v 0.135795 0.140181 -0.023346
v 0.137859 0.143688 -0.023756
v 0.141636 0.147047 -0.024508
v 0.142002 0.150330 -0.024580
v 0.145047 0.151703 -0.025186
v 0.145194 0.154390 -0.025215
v 0.131639 0.160580 -0.022519
v 0.117937 0.171499 -0.019794
v 0.106912 0.184653 -0.017601
v 0.097194 0.200343 -0.015668
v 0.089689 0.219149 -0.014175
v 0.086211 0.238214 -0.013483
v 0.085473 0.252829 -0.013336
v 0.085853 0.264328 -0.013412
v 0.086639 0.278298 -0.013568
v 0.144959 0.136014 -0.025169
v 0.096448 0.006193 -0.002123
v 0.096945 0.010187 -0.002329
v 0.106906 0.014934 -0.006455
v 0.121156 0.016761 -0.012358
v 0.148110 0.057060 -0.023522
v 0.150542 0.068255 -0.024530
v 0.149748 0.069447 -0.024201
v 0.149748 0.071385 -0.024201
v 0.150849 0.071976 -0.024657
v 0.152285 0.089178 -0.025252
v 0.151395 0.090214 -0.024883
v 0.151442 0.092028 -0.024903
v 0.152601 0.092878 -0.025383
v 0.151730 0.107866 -0.025022
v 0.149222 0.122726 -0.023983
v 0.146020 0.132614 -0.022657
v 0.146254 0.138792 -0.022754
v 0.137122 0.140181 -0.018971
v 0.139067 0.143688 -0.019777
v 0.142624 0.147047 -0.021250
v 0.142969 0.150330 -0.021393
v 0.145837 0.151703 -0.022581
v 0.145975 0.154390 -0.022638
v 0.133207 0.160580 -0.017349
v 0.120300 0.171499 -0.012003
v 0.109915 0.184653 -0.007701
v 0.100761 0.200343 -0.003910
v 0.093691 0.219149 -0.000982
v 0.090415 0.238214 0.000376
v 0.089720 0.252829 0.000664
v 0.090077 0.264328 0.000515
v 0.090818 0.278298 0.000209
v 0.145754 0.136014 -0.022547
v 0.102672 0.006193 0.009520
v 0.103118 0.010187 0.009221
v 0.112084 0.014934 0.003231
v 0.124908 0.016761 -0.005338
v 0.098666 0.239143 0.012196
v 0.149166 0.057060 -0.021547
v 0.151355 0.068255 -0.023010
v 0.150640 0.069447 -0.022532
v 0.150640 0.071385 -0.022532
v 0.151631 0.071976 -0.023194
v 0.152924 0.089178 -0.024058
v 0.152122 0.090214 -0.023522
v 0.152165 0.092028 -0.023551
v 0.153208 0.092878 -0.024248
v 0.152424 0.107866 -0.023724
v 0.150167 0.122726 -0.022216
v 0.147285 0.132614 -0.020290
v 0.147496 0.138792 -0.020431
v 0.139277 0.140181 -0.014939
v 0.141027 0.143688 -0.016109
v 0.144229 0.147047 -0.018248
v 0.144539 0.150330 -0.018455
v 0.147121 0.151703 -0.020180
v 0.147245 0.154390 -0.020263
v 0.135754 0.160580 -0.012585
v 0.124138 0.171499 -0.004823
v 0.114791 0.184653 0.001422
v 0.106553 0.200343 0.006926
v 0.100191 0.219149 0.011177
v 0.097242 0.238214 0.013148
v 0.096616 0.252829 0.013566
v 0.096938 0.264328 0.013351
v 0.097605 0.278298 0.012905
v 0.147046 0.136014 -0.020130
v 0.111047 0.006193 0.019725
v 0.111427 0.010187 0.019345
v 0.119051 0.014934 0.011721
v 0.129958 0.016761 0.000814
v 0.095164 0.008860 -0.027895
v 0.150587 0.057060 -0.019815
v 0.152449 0.068255 -0.021677
v 0.151840 0.069447 -0.021069
v 0.151840 0.071385 -0.021069
v 0.152683 0.071976 -0.021911
v 0.153783 0.089178 -0.023011
v 0.153101 0.090214 -0.022329
v 0.153138 0.092028 -0.022366
v 0.154024 0.092878 -0.023253
v 0.153358 0.107866 -0.022586
v 0.151438 0.122726 -0.020667
v 0.148988 0.132614 -0.018216
v 0.149167 0.138792 -0.018395
v 0.142177 0.140181 -0.011406
v 0.143666 0.143688 -0.012894
v 0.146389 0.147047 -0.015617
v 0.146652 0.150330 -0.015881
v 0.148848 0.151703 -0.018076
v 0.148953 0.154390 -0.018181
v 0.139181 0.160580 -0.008409
v 0.129302 0.171499 0.001470
v 0.121354 0.184653 0.009418
v 0.114347 0.200343 0.016424
v 0.108937 0.219149 0.021835
v 0.106429 0.238214 0.024343
v 0.105897 0.252829 0.024875
v 0.106171 0.264328 0.024601
v 0.106738 0.278298 0.024034
v 0.148784 0.136014 -0.018012
v 0.121252 0.006193 0.028100
v 0.121551 0.010187 0.027653
v 0.127541 0.014934 0.018688
v 0.136110 0.016761 0.005863
v 0.107761 0.202150 0.006119
v 0.152319 0.057060 -0.018394
v 0.153781 0.068255 -0.020583
v 0.153303 0.069447 -0.019868
v 0.153303 0.071385 -0.019868
v 0.153966 0.071976 -0.020859
v 0.154829 0.089178 -0.022152
v 0.154294 0.090214 -0.021350
v 0.154323 0.092028 -0.021393
v 0.155019 0.092878 -0.022436
v 0.154495 0.107866 -0.021652
v 0.152988 0.122726 -0.019395
v 0.151062 0.132614 -0.016514
v 0.151203 0.138792 -0.016724
v 0.145711 0.140181 -0.008505
v 0.146881 0.143688 -0.010255
v 0.149020 0.147047 -0.013457
v 0.149227 0.150330 -0.013767
v 0.150952 0.151703 -0.016349
v 0.151035 0.154390 -0.016473
v 0.143357 0.160580 -0.004982
v 0.135595 0.171499 0.006634
v 0.129350 0.184653 0.015981
v 0.123845 0.200343 0.024219
v 0.119594 0.219149 0.030581
v 0.117624 0.238214 0.033530
v 0.117206 0.252829 0.034155
v 0.117421 0.264328 0.033834
v 0.117867 0.278298 0.033167
v 0.150902 0.136014 -0.016274
v 0.132895 0.006193 0.034324
v 0.133101 0.010187 0.033827
v 0.137227 0.014934 0.023866
v 0.143130 0.016761 0.009615
v 0.096384 0.006193 -0.040284
v 0.154294 0.057060 -0.017338
v 0.155302 0.068255 -0.019771
v 0.154973 0.069447 -0.018976
v 0.154973 0.071385 -0.018976
v 0.155429 0.071976 -0.020077
v 0.156024 0.089178 -0.021513
v 0.155655 0.090214 -0.020623
v 0.155675 0.092028 -0.020671
v 0.156155 0.092878 -0.021829
v 0.155794 0.107866 -0.020958
v 0.154755 0.122726 -0.018450
v 0.153429 0.132614 -0.015249
v 0.153526 0.138792 -0.015482
v 0.149743 0.140181 -0.006350
v 0.150548 0.143688 -0.008295
v 0.152022 0.147047 -0.011853
v 0.152165 0.150330 -0.012197
v 0.153353 0.151703 -0.015066
v 0.153410 0.154390 -0.015203
v 0.148121 0.160580 -0.002435
v 0.142775 0.171499 0.010472
v 0.138473 0.184653 0.020857
v 0.134682 0.200343 0.030011
v 0.131753 0.219149 0.037080
v 0.130396 0.238214 0.040357
v 0.130108 0.252829 0.041052
v 0.130256 0.264328 0.040694
v 0.130563 0.278298 0.039954
v 0.153318 0.136014 -0.014982
v 0.145529 0.006193 0.038156
v 0.145634 0.010187 0.037629
v 0.147737 0.014934 0.027054
v 0.150746 0.016761 0.011926
v 0.121869 0.179008 -0.003308
v 0.156438 0.057060 -0.016688
v 0.156952 0.068255 -0.019270
v 0.156784 0.069447 -0.018426
v 0.156784 0.071385 -0.018426
v 0.157016 0.071976 -0.019595
v 0.157320 0.089178 -0.021120
v 0.157131 0.090214 -0.020175
v 0.157142 0.092028 -0.020226
v 0.157386 0.092878 -0.021456
v 0.157202 0.107866 -0.020531
v 0.156673 0.122726 -0.017869
v 0.155997 0.132614 -0.014470
v 0.156046 0.138792 -0.014718
v 0.154118 0.140181 -0.005023
v 0.154528 0.143688 -0.007088
v 0.155280 0.147047 -0.010864
v 0.155352 0.150330 -0.011230
v 0.155958 0.151703 -0.014275
v 0.155987 0.154390 -0.014422
v 0.153291 0.160580 -0.000867
v 0.150565 0.171499 0.012835
v 0.148372 0.184653 0.023860
v 0.146439 0.200343 0.033578
v 0.144947 0.219149 0.041083
v 0.144255 0.238214 0.044561
v 0.144108 0.252829 0.045299
v 0.144184 0.264328 0.044919
v 0.144340 0.278298 0.044133
v 0.155940 0.136014 -0.014187
v 0.158667 0.006193 0.039450
v 0.158667 0.010187 0.038913
v 0.158667 0.014934 0.028130
v 0.158667 0.016761 0.012706
v 0.092391 0.278298 -0.000443
v 0.158667 0.057060 -0.016468
v 0.158667 0.068255 -0.019101
v 0.158667 0.069447 -0.018241
v 0.158667 0.071385 -0.018241
v 0.158667 0.071976 -0.019433
v 0.158667 0.089178 -0.020988
v 0.158667 0.090214 -0.020024
v 0.158667 0.092028 -0.020075
v 0.158667 0.092878 -0.021330
v 0.158667 0.107866 -0.020386
v 0.158667 0.122726 -0.017672
v 0.158667 0.132614 -0.014207
v 0.158667 0.138792 -0.014460
v 0.158667 0.140181 -0.004575
v 0.158667 0.143688 -0.006680
v 0.158667 0.147047 -0.010531
v 0.158667 0.150330 -0.010904
v 0.158667 0.151703 -0.014008
v 0.158667 0.154390 -0.014158
v 0.158667 0.160580 -0.000338
v 0.158667 0.171499 0.013633
v 0.158667 0.184653 0.024874
v 0.158667 0.200343 0.034782
v 0.158667 0.219149 0.042434
v 0.158667 0.238214 0.045980
v 0.158667 0.252829 0.046732
v 0.158667 0.264328 0.046346
v 0.158667 0.278298 0.045544
v 0.158667 0.136014 -0.013919
v 0.171806 0.006193 0.038156
v 0.171701 0.010187 0.037629
v 0.169597 0.014934 0.027054
v 0.166588 0.016761 0.011926
v 0.091668 0.264652 -0.000143
v 0.160897 0.057060 -0.016688
v 0.160383 0.068255 -0.019270
v 0.160551 0.069447 -0.018426
v 0.160551 0.071385 -0.018426
v 0.160318 0.071976 -0.019595
v 0.160015 0.089178 -0.021120
v 0.160203 0.090214 -0.020175
v 0.160193 0.092028 -0.020226
v 0.159948 0.092878 -0.021456
v 0.160132 0.107866 -0.020531
v 0.160662 0.122726 -0.017869
v 0.161338 0.132614 -0.014470
v 0.161288 0.138792 -0.014718
v 0.163217 0.140181 -0.005023
v 0.162806 0.143688 -0.007088
v 0.162055 0.147047 -0.010864
v 0.161982 0.150330 -0.011230
v 0.161376 0.151703 -0.014275
v 0.161347 0.154390 -0.014422
v 0.164043 0.160580 -0.000867
v 0.166769 0.171499 0.012835
v 0.168962 0.184653 0.023860
v 0.170895 0.200343 0.033578
v 0.172388 0.219149 0.041082
v 0.173080 0.238214 0.044561
v 0.173226 0.252829 0.045299
v 0.173151 0.264328 0.044919
v 0.172995 0.278298 0.044133
v 0.161394 0.136014 -0.014187
v 0.184439 0.006193 0.034324
v 0.184234 0.010187 0.033827
v 0.180107 0.014934 0.023866
v 0.174205 0.016761 0.009615
v 0.163040 0.057060 -0.017338
v 0.162033 0.068255 -0.019771
v 0.162362 0.069447 -0.018976
v 0.162362 0.071385 -0.018976
v 0.161906 0.071976 -0.020077
v 0.161311 0.089178 -0.021513
v 0.161680 0.090214 -0.020623
v 0.161660 0.092028 -0.020671
v 0.161180 0.092878 -0.021829
v 0.161541 0.107866 -0.020958
v 0.162579 0.122726 -0.018451
v 0.163906 0.132614 -0.015249
v 0.163809 0.138792 -0.015482
v 0.167591 0.140181 -0.006350
v 0.166786 0.143688 -0.008295
v 0.165312 0.147047 -0.011853
v 0.165170 0.150330 -0.012197
v 0.163982 0.151703 -0.015066
v 0.163924 0.154390 -0.015203
v 0.169213 0.160580 -0.002435
v 0.174559 0.171499 0.010472
v 0.178861 0.184653 0.020857
v 0.182653 0.200343 0.030011
v 0.185581 0.219149 0.037080
v 0.186938 0.238214 0.040357
v 0.187226 0.252829 0.041052
v 0.187078 0.264328 0.040694
v 0.186771 0.278298 0.039954
v 0.164016 0.136014 -0.014982
v 0.196082 0.006193 0.028100
v 0.195784 0.010187 0.027653
v 0.189793 0.014934 0.018688
v 0.181224 0.016761 0.005863
v 0.091997 0.239143 -0.000280
v 0.165016 0.057060 -0.018394
v 0.163553 0.068255 -0.020583
v 0.164031 0.069447 -0.019868
v 0.164031 0.071385 -0.019868
v 0.163369 0.071976 -0.020859
v 0.162505 0.089178 -0.022152
v 0.163041 0.090214 -0.021350
v 0.163012 0.092028 -0.021393
v 0.162315 0.092878 -0.022436
v 0.162839 0.107866 -0.021652
v 0.164347 0.122726 -0.019395
v 0.166272 0.132614 -0.016514
v 0.166132 0.138792 -0.016724
v 0.171623 0.140181 -0.008505
v 0.170454 0.143688 -0.010255
v 0.168314 0.147047 -0.013457
v 0.168107 0.150330 -0.013767
v 0.166382 0.151703 -0.016349
v 0.166299 0.154390 -0.016473
v 0.173977 0.160580 -0.004982
v 0.181739 0.171499 0.006634
v 0.187984 0.184653 0.015981
v 0.193489 0.200343 0.024219
v 0.197740 0.219149 0.030581
v 0.199710 0.238214 0.033530
v 0.200128 0.252829 0.034155
v 0.199913 0.264328 0.033834
v 0.199468 0.278298 0.033167
v 0.166432 0.136014 -0.016274
v 0.206288 0.006193 0.019725
v 0.205908 0.010187 0.019345
v 0.198283 0.014934 0.011721
v 0.187377 0.016761 0.000814
v 0.096384 0.008860 -0.015506
v 0.166747 0.057060 -0.019815
v 0.164886 0.068255 -0.021677
v 0.165494 0.069447 -0.021069
v 0.165494 0.071385 -0.021069
v 0.164651 0.071976 -0.021911
v 0.163552 0.089178 -0.023011
v 0.164233 0.090214 -0.022329
v 0.164197 0.092028 -0.022366
v 0.163310 0.092878 -0.023253
v 0.163977 0.107866 -0.022586
v 0.165896 0.122726 -0.020667
v 0.168347 0.132614 -0.018216
v 0.168168 0.138792 -0.018395
v 0.175157 0.140181 -0.011406
v 0.173669 0.143688 -0.012894
v 0.170946 0.147047 -0.015617
v 0.170682 0.150330 -0.015881
v 0.168487 0.151703 -0.018076
v 0.168381 0.154390 -0.018181
v 0.178153 0.160580 -0.008409
v 0.188032 0.171499 0.001470
v 0.195981 0.184653 0.009418
v 0.202987 0.200343 0.016424
v 0.208397 0.219149 0.021835
v 0.210905 0.238214 0.024343
v 0.211437 0.252829 0.024874
v 0.211164 0.264328 0.024601
v 0.210597 0.278298 0.024034
v 0.168550 0.136014 -0.018012
v 0.214663 0.006193 0.009520
v 0.214216 0.010187 0.009221
v 0.205251 0.014934 0.003231
v 0.192426 0.016761 -0.005338
v 0.102103 0.202150 -0.004466
v 0.168169 0.057060 -0.021547
v 0.165979 0.068255 -0.023010
v 0.166695 0.069447 -0.022532
v 0.166695 0.071385 -0.022532
v 0.165704 0.071976 -0.023194
v 0.164411 0.089178 -0.024058
v 0.165212 0.090214 -0.023522
v 0.165169 0.092028 -0.023551
v 0.164126 0.092878 -0.024248
v 0.164911 0.107866 -0.023724
v 0.167167 0.122726 -0.022216
v 0.170049 0.132614 -0.020290
v 0.169839 0.138792 -0.020431
v 0.178057 0.140181 -0.014939
v 0.176307 0.143688 -0.016109
v 0.173105 0.147047 -0.018248
v 0.172795 0.150330 -0.018455
v 0.170214 0.151703 -0.020180
v 0.170090 0.154390 -0.020263
v 0.181581 0.160580 -0.012585
v 0.193197 0.171499 -0.004823
v 0.202543 0.184653 0.001422
v 0.210782 0.200343 0.006926
v 0.217144 0.219149 0.011177
v 0.220093 0.238214 0.013148
v 0.220718 0.252829 0.013566
v 0.220396 0.264328 0.013351
v 0.219730 0.278298 0.012905
v 0.170289 0.136014 -0.020130
v 0.220886 0.006193 -0.002123
v 0.220390 0.010187 -0.002329
v 0.210428 0.014934 -0.006455
v 0.196178 0.016761 -0.012358
v 0.099998 0.006193 -0.052197
v 0.169225 0.057060 -0.023522
v 0.166792 0.068255 -0.024530
v 0.167587 0.069447 -0.024201
v 0.167587 0.071385 -0.024201
v 0.166486 0.071976 -0.024657
v 0.165049 0.089178 -0.025252
v 0.165940 0.090214 -0.024883
v 0.165892 0.092028 -0.024903
v 0.164733 0.092878 -0.025383
v 0.165605 0.107866 -0.025022
v 0.168112 0.122726 -0.023983
v 0.171314 0.132614 -0.022657
v 0.171080 0.138792 -0.022754
v 0.180212 0.140181 -0.018971
v 0.178268 0.143688 -0.019777
v 0.174710 0.147047 -0.021250
v 0.174365 0.150330 -0.021393
v 0.171497 0.151703 -0.022581
v 0.171359 0.154390 -0.022638
v 0.184127 0.160580 -0.017349
v 0.197034 0.171499 -0.012003
v 0.207420 0.184653 -0.007701
v 0.216574 0.200343 -0.003910
v 0.223643 0.219149 -0.000982
v 0.226919 0.238214 0.000376
v 0.227614 0.252829 0.000663
v 0.227257 0.264328 0.000515
v 0.226516 0.278298 0.000209
v 0.171580 0.136014 -0.022547
v 0.224719 0.006193 -0.014757
v 0.224192 0.010187 -0.014862
v 0.213616 0.014934 -0.016965
v 0.198488 0.016761 -0.019974
v 0.117780 0.179008 -0.010959
v 0.169875 0.057060 -0.025666
v 0.167293 0.068255 -0.026180
v 0.168136 0.069447 -0.026012
v 0.168136 0.071385 -0.026012
v 0.166967 0.071976 -0.026244
v 0.165442 0.089178 -0.026548
v 0.166388 0.090214 -0.026360
v 0.166337 0.092028 -0.026370
v 0.165107 0.092878 -0.026614
v 0.166032 0.107866 -0.026430
v 0.168694 0.122726 -0.025901
v 0.172093 0.132614 -0.025225
v 0.171845 0.138792 -0.025274
v 0.181539 0.140181 -0.023346
v 0.179475 0.143688 -0.023756
v 0.175698 0.147047 -0.024508
v 0.175332 0.150330 -0.024581
v 0.172287 0.151703 -0.025186
v 0.172141 0.154390 -0.025215
v 0.185695 0.160580 -0.022519
v 0.199398 0.171499 -0.019794
v 0.210423 0.184653 -0.017601
v 0.220141 0.200343 -0.015668
v 0.227645 0.219149 -0.014175
v 0.231123 0.238214 -0.013483
v 0.231861 0.252829 -0.013336
v 0.231482 0.264328 -0.013412
v 0.230695 0.278298 -0.013568
v 0.172376 0.136014 -0.025169
v 0.226013 0.006193 -0.027895
v 0.225475 0.010187 -0.027895
v 0.214693 0.014934 -0.027895
v 0.199269 0.016761 -0.027895
v 0.088309 0.278298 -0.013900
v 0.170094 0.057060 -0.027895
v 0.167461 0.068255 -0.027895
v 0.168322 0.069447 -0.027895
v 0.168322 0.071385 -0.027895
v 0.167130 0.071976 -0.027895
v 0.165575 0.089178 -0.027895
v 0.166539 0.090214 -0.027895
v 0.166487 0.092028 -0.027895
v 0.165233 0.092878 -0.027895
v 0.166176 0.107866 -0.027895
v 0.168890 0.122726 -0.027895
v 0.172356 0.132614 -0.027895
v 0.172103 0.138792 -0.027895
v 0.181987 0.140181 -0.027895
v 0.179883 0.143688 -0.027895
v 0.176032 0.147047 -0.027895
v 0.175659 0.150330 -0.027895
v 0.172554 0.151703 -0.027895
v 0.172405 0.154390 -0.027895
v 0.186225 0.160580 -0.027895
v 0.200196 0.171499 -0.027895
v 0.211436 0.184653 -0.027895
v 0.221345 0.200343 -0.027895
v 0.228996 0.219149 -0.027895
v 0.232543 0.238214 -0.027895
v 0.233295 0.252829 -0.027895
v 0.232908 0.264328 -0.027895
v 0.232107 0.278298 -0.027895
v 0.172644 0.136014 -0.027895
v 0.224719 0.006193 -0.041034
v 0.224192 0.010187 -0.040929
v 0.213616 0.014934 -0.038825
v 0.198488 0.016761 -0.035816
v 0.087541 0.264652 -0.013747
v 0.169875 0.057060 -0.030125
v 0.167292 0.068255 -0.029611
v 0.168136 0.069447 -0.029779
v 0.168136 0.071385 -0.029779
v 0.166967 0.071976 -0.029546
v 0.165442 0.089178 -0.029243
v 0.166388 0.090214 -0.029431
v 0.166337 0.092028 -0.029421
v 0.165107 0.092878 -0.029176
v 0.166032 0.107866 -0.029360
v 0.168694 0.122726 -0.029890
v 0.172093 0.132614 -0.030566
v 0.171845 0.138792 -0.030517
v 0.181539 0.140181 -0.032445
v 0.179475 0.143688 -0.032034
v 0.175698 0.147047 -0.031283
v 0.175332 0.150330 -0.031210
v 0.172287 0.151703 -0.030605
v 0.172141 0.154390 -0.030575
v 0.185695 0.160580 -0.033272
v 0.199398 0.171499 -0.035997
v 0.210423 0.184653 -0.038190
v 0.220141 0.200343 -0.040123
v 0.227645 0.219149 -0.041616
v 0.231123 0.238214 -0.042308
v 0.231861 0.252829 -0.042455
v 0.231482 0.264328 -0.042379
v 0.230695 0.278298 -0.042223
v 0.172376 0.136014 -0.030622
v 0.220886 0.006193 -0.053667
v 0.220390 0.010187 -0.053462
v 0.210428 0.014934 -0.049335
v 0.196178 0.016761 -0.043433
v 0.169225 0.057060 -0.032268
v 0.166792 0.068255 -0.031261
v 0.167587 0.069447 -0.031590
v 0.167587 0.071385 -0.031590
v 0.166486 0.071976 -0.031134
v 0.165049 0.089178 -0.030539
v 0.165940 0.090214 -0.030908
v 0.165892 0.092028 -0.030888
v 0.164733 0.092878 -0.030408
v 0.165605 0.107866 -0.030769
v 0.168112 0.122726 -0.031808
v 0.171314 0.132614 -0.033134
v 0.171080 0.138792 -0.033037
v 0.180212 0.140181 -0.036820
v 0.178268 0.143688 -0.036014
v 0.174710 0.147047 -0.034541
v 0.174365 0.150330 -0.034398
v 0.171497 0.151703 -0.033210
v 0.171359 0.154390 -0.033153
v 0.184127 0.160580 -0.038441
v 0.197034 0.171499 -0.043788
v 0.207420 0.184653 -0.048089
v 0.216574 0.200343 -0.051881
v 0.223643 0.219149 -0.054809
v 0.226919 0.238214 -0.056166
v 0.227614 0.252829 -0.056454
v 0.227257 0.264328 -0.056306
v 0.226516 0.278298 -0.055999
v 0.171580 0.136014 -0.033244
v 0.214663 0.006193 -0.065310
v 0.214216 0.010187 -0.065012
v 0.205251 0.014934 -0.059022
v 0.192426 0.016761 -0.050452
v 0.087891 0.239143 -0.013817
v 0.168169 0.057060 -0.034244
v 0.165979 0.068255 -0.032781
v 0.166695 0.069447 -0.033259
v 0.166695 0.071385 -0.033259
v 0.165704 0.071976 -0.032597
v 0.164411 0.089178 -0.031733
v 0.165212 0.090214 -0.032269
v 0.165169 0.092028 -0.032240
v 0.164126 0.092878 -0.031543
v 0.164911 0.107866 -0.032067
v 0.167167 0.122726 -0.033575
v 0.170049 0.132614 -0.035500
v 0.169839 0.138792 -0.035360
v 0.178057 0.140181 -0.040851
v 0.176307 0.143688 -0.039682
v 0.173105 0.147047 -0.037543
v 0.172795 0.150330 -0.037335
v 0.170214 0.151703 -0.035611
v 0.170090 0.154390 -0.035528
v 0.181581 0.160580 -0.043206
v 0.193197 0.171499 -0.050967
v 0.202543 0.184653 -0.057212
v 0.210782 0.200343 -0.062717
v 0.217144 0.219149 -0.066968
v 0.220092 0.238214 -0.068939
v 0.220718 0.252829 -0.069356
v 0.220396 0.264328 -0.069142
v 0.219730 0.278298 -0.068696
v 0.170289 0.136014 -0.035661
v 0.206288 0.006193 -0.075516
v 0.205908 0.010187 -0.075136
v 0.198283 0.014934 -0.067511
v 0.187377 0.016761 -0.056605
v 0.099998 0.008860 -0.003594
v 0.166747 0.057060 -0.035976
v 0.164886 0.068255 -0.034114
v 0.165494 0.069447 -0.034722
v 0.165494 0.071385 -0.034722
v 0.164651 0.071976 -0.033879
v 0.163552 0.089178 -0.032780
v 0.164233 0.090214 -0.033462
v 0.164197 0.092028 -0.033425
v 0.163310 0.092878 -0.032538
v 0.163977 0.107866 -0.033205
v 0.165896 0.122726 -0.035124
v 0.168347 0.132614 -0.037575
v 0.168168 0.138792 -0.037396
v 0.175157 0.140181 -0.044385
v 0.173669 0.143688 -0.042897
v 0.170946 0.147047 -0.040174
v 0.170682 0.150330 -0.039910
v 0.168487 0.151703 -0.037715
v 0.168381 0.154390 -0.037609
v 0.178153 0.160580 -0.047382
v 0.188032 0.171499 -0.057260
v 0.195981 0.184653 -0.065209
v 0.202987 0.200343 -0.072215
v 0.208397 0.219149 -0.077626
v 0.210905 0.238214 -0.080133
v 0.211437 0.252829 -0.080665
v 0.211163 0.264328 -0.080392
v 0.210597 0.278298 -0.079825
v 0.168550 0.136014 -0.037779
v 0.196082 0.006193 -0.083891
v 0.195784 0.010187 -0.083444
v 0.189793 0.014934 -0.074479
v 0.181224 0.016761 -0.061654
v 0.098619 0.202150 -0.015951
v 0.165016 0.057060 -0.037397
v 0.163553 0.068255 -0.035208
v 0.164031 0.069447 -0.035923
v 0.164031 0.071385 -0.035923
v 0.163369 0.071976 -0.034932
v 0.162505 0.089178 -0.033639
v 0.163041 0.090214 -0.034441
v 0.163012 0.092028 -0.034397
v 0.162315 0.092878 -0.033355
v 0.162839 0.107866 -0.034139
v 0.164347 0.122726 -0.036396
v 0.166272 0.132614 -0.039277
v 0.166132 0.138792 -0.039067
v 0.171623 0.140181 -0.047285
v 0.170454 0.143688 -0.045535
v 0.168314 0.147047 -0.042334
v 0.168107 0.150330 -0.042023
v 0.166382 0.151703 -0.039442
v 0.166299 0.154390 -0.039318
v 0.173977 0.160580 -0.050809
v 0.181739 0.171499 -0.062425
v 0.187984 0.184653 -0.071771
v 0.193489 0.200343 -0.080010
v 0.197740 0.219149 -0.086372
v 0.199710 0.238214 -0.089321
v 0.200128 0.252829 -0.089946
v 0.199913 0.264328 -0.089625
v 0.199468 0.278298 -0.088958
v 0.166432 0.136014 -0.039517
v 0.184439 0.006193 -0.090114
v 0.184234 0.010187 -0.089618
v 0.180107 0.014934 -0.079656
v 0.174205 0.016761 -0.065406
v 0.105866 0.006193 -0.063176
v 0.163040 0.057060 -0.038453
v 0.162033 0.068255 -0.036020
v 0.162362 0.069447 -0.036815
v 0.162362 0.071385 -0.036815
v 0.161906 0.071976 -0.035714
v 0.161311 0.089178 -0.034277
v 0.161680 0.090214 -0.035168
v 0.161660 0.092028 -0.035120
v 0.161180 0.092878 -0.033961
v 0.161541 0.107866 -0.034833
v 0.162579 0.122726 -0.037340
v 0.163906 0.132614 -0.040542
v 0.163809 0.138792 -0.040308
v 0.167591 0.140181 -0.049440
v 0.166786 0.143688 -0.047496
v 0.165312 0.147047 -0.043938
v 0.165170 0.150330 -0.043593
v 0.163981 0.151703 -0.040725
v 0.163924 0.154390 -0.040587
v 0.169213 0.160580 -0.053355
v 0.174559 0.171499 -0.066263
v 0.178861 0.184653 -0.076648
v 0.182653 0.200343 -0.085802
v 0.185581 0.219149 -0.092871
v 0.186938 0.238214 -0.096148
v 0.187226 0.252829 -0.096843
v 0.187078 0.264328 -0.096485
v 0.186771 0.278298 -0.095745
v 0.164016 0.136014 -0.040808
v 0.171806 0.006193 -0.093947
v 0.171701 0.010187 -0.093420
v 0.169597 0.014934 -0.082844
v 0.166588 0.016761 -0.067717
v 0.115261 0.179008 -0.019261
v 0.160897 0.057060 -0.039103
v 0.160383 0.068255 -0.036521
v 0.160551 0.069447 -0.037364
v 0.160551 0.071385 -0.037364
v 0.160318 0.071976 -0.036195
v 0.160015 0.089178 -0.034670
v 0.160203 0.090214 -0.035616
v 0.160193 0.092028 -0.035565
v 0.159948 0.092878 -0.034335
v 0.160132 0.107866 -0.035260
v 0.160662 0.122726 -0.037922
v 0.161338 0.132614 -0.041321
v 0.161288 0.138792 -0.041073
v 0.163217 0.140181 -0.050767
v 0.162806 0.143688 -0.048703
v 0.162055 0.147047 -0.044926
v 0.161982 0.150330 -0.044560
v 0.161376 0.151703 -0.041515
v 0.161347 0.154390 -0.041369
v 0.164043 0.160580 -0.054924
v 0.166769 0.171499 -0.068626
v 0.168962 0.184653 -0.079651
v 0.170895 0.200343 -0.089369
v 0.172388 0.219149 -0.096873
v 0.173080 0.238214 -0.100352
v 0.173226 0.252829 -0.101089
v 0.173151 0.264328 -0.100710
v 0.172994 0.278298 -0.099924
v 0.161394 0.136014 -0.041604
v 0.158667 0.006193 -0.095241
v 0.158667 0.010187 -0.094703
v 0.158667 0.014934 -0.083921
v 0.158667 0.016761 -0.068497
v 0.086930 0.278298 -0.027895
v 0.158667 0.057060 -0.039323
v 0.158667 0.068255 -0.036690
v 0.158667 0.069447 -0.037550
v 0.158667 0.071385 -0.037550
v 0.158667 0.071976 -0.036358
v 0.158667 0.089178 -0.034803
v 0.158667 0.090214 -0.035767
v 0.158667 0.092028 -0.035715
v 0.158667 0.092878 -0.034461
v 0.158667 0.107866 -0.035404
v 0.158667 0.122726 -0.038118
v 0.158667 0.132614 -0.041584
v 0.158667 0.138792 -0.041331
v 0.158667 0.140181 -0.051215
v 0.158667 0.143688 -0.049111
v 0.158667 0.147047 -0.045260
v 0.158667 0.150330 -0.044887
v 0.158667 0.151703 -0.041782
v 0.158667 0.154390 -0.041633
v 0.158667 0.160580 -0.055453
v 0.158667 0.171499 -0.069424
v 0.158667 0.184653 -0.080665
v 0.158667 0.200343 -0.090573
v 0.158667 0.219149 -0.098225
v 0.158667 0.238214 -0.101771
v 0.158667 0.252829 -0.102523
v 0.158667 0.264328 -0.102136
v 0.158667 0.278298 -0.101335
v 0.158667 0.136014 -0.041872
v 0.145529 0.006193 -0.093947
v 0.145634 0.010187 -0.093420
v 0.147737 0.014934 -0.082844
v 0.150746 0.016761 -0.067717
v 0.086147 0.264652 -0.027895
v 0.156438 0.057060 -0.039103
v 0.156952 0.068255 -0.036521
v 0.156784 0.069447 -0.037364
v 0.156784 0.071385 -0.037364
v 0.157016 0.071976 -0.036195
v 0.157320 0.089178 -0.034670
v 0.157131 0.090214 -0.035616
v 0.157142 0.092028 -0.035565
v 0.157386 0.092878 -0.034335
v 0.157202 0.107866 -0.035260
v 0.156673 0.122726 -0.037922
v 0.155997 0.132614 -0.041321
v 0.156046 0.138792 -0.041073
v 0.154118 0.140181 -0.050767
v 0.154528 0.143688 -0.048703
v 0.155280 0.147047 -0.044926
v 0.155352 0.150330 -0.044560
v 0.155958 0.151703 -0.041515
v 0.155987 0.154390 -0.041369
v 0.153291 0.160580 -0.054924
v 0.150565 0.171499 -0.068626
v 0.148372 0.184653 -0.079651
v 0.146439 0.200343 -0.089369
v 0.144947 0.219149 -0.096873
v 0.144255 0.238214 -0.100351
v 0.144108 0.252829 -0.101089
v 0.144183 0.264328 -0.100710
v 0.144340 0.278298 -0.099924
v 0.155940 0.136014 -0.041604
v 0.132895 0.006193 -0.090114
v 0.133101 0.010187 -0.089618
v 0.137227 0.014934 -0.079656
v 0.143130 0.016761 -0.065406
v 0.154294 0.057060 -0.038453
v 0.155302 0.068255 -0.036020
v 0.154973 0.069447 -0.036815
v 0.154973 0.071385 -0.036815
v 0.155429 0.071976 -0.035714
v 0.156024 0.089178 -0.034277
v 0.155655 0.090214 -0.035168
v 0.155675 0.092028 -0.035120
v 0.156155 0.092878 -0.033961
v 0.155794 0.107866 -0.034833
v 0.154755 0.122726 -0.037340
v 0.153429 0.132614 -0.040542
v 0.153526 0.138792 -0.040308
v 0.149743 0.140181 -0.049440
v 0.150548 0.143688 -0.047496
v 0.152022 0.147047 -0.043938
v 0.152165 0.150330 -0.043593
v 0.153353 0.151703 -0.040725
v 0.153410 0.154390 -0.040587
v 0.148121 0.160580 -0.053355
v 0.142775 0.171499 -0.066263
v 0.138473 0.184653 -0.076648
v 0.134681 0.200343 -0.085802
v 0.131753 0.219149 -0.092871
v 0.130396 0.238214 -0.096148
v 0.130108 0.252829 -0.096843
v 0.130256 0.264328 -0.096485
v 0.130563 0.278298 -0.095744
v 0.153318 0.136014 -0.040808
v 0.121252 0.006193 -0.083891
v 0.121551 0.010187 -0.083444
v 0.127541 0.014934 -0.074479
v 0.136110 0.016761 -0.061654
v 0.086504 0.239143 -0.027895
v 0.152319 0.057060 -0.037397
v 0.153781 0.068255 -0.035208
v 0.153303 0.069447 -0.035923
v 0.153303 0.071385 -0.035923
v 0.153966 0.071976 -0.034932
v 0.154829 0.089178 -0.033639
v 0.154294 0.090214 -0.034441
v 0.154323 0.092028 -0.034397
v 0.155019 0.092878 -0.033355
v 0.154495 0.107866 -0.034139
v 0.152988 0.122726 -0.036396
v 0.151062 0.132614 -0.039277
v 0.151203 0.138792 -0.039067
v 0.145711 0.140181 -0.047285
v 0.146880 0.143688 -0.045535
v 0.149020 0.147047 -0.042334
v 0.149227 0.150330 -0.042023
v 0.150952 0.151703 -0.039442
v 0.151035 0.154390 -0.039318
v 0.143357 0.160580 -0.050809
v 0.135595 0.171499 -0.062425
v 0.129350 0.184653 -0.071771
v 0.123845 0.200343 -0.080010
v 0.119594 0.219149 -0.086372
v 0.117624 0.238214 -0.089321
v 0.117206 0.252829 -0.089946
v 0.117421 0.264328 -0.089624
v 0.117866 0.278298 -0.088958
v 0.150902 0.136014 -0.039517
v 0.111047 0.006193 -0.075516
v 0.111427 0.010187 -0.075136
v 0.119051 0.014934 -0.067511
v 0.129958 0.016761 -0.056605
v 0.105866 0.008860 0.007385
v 0.150587 0.057060 -0.035976
v 0.152449 0.068255 -0.034114
v 0.151840 0.069447 -0.034722
v 0.151840 0.071385 -0.034722
v 0.152683 0.071976 -0.033879
v 0.153783 0.089178 -0.032780
v 0.153101 0.090214 -0.033462
v 0.153138 0.092028 -0.033425
v 0.154024 0.092878 -0.032538
v 0.153357 0.107866 -0.033205
v 0.151438 0.122726 -0.035124
v 0.148988 0.132614 -0.037575
v 0.149167 0.138792 -0.037396
v 0.142177 0.140181 -0.044385
v 0.143666 0.143688 -0.042897
v 0.146389 0.147047 -0.040174
v 0.146652 0.150330 -0.039910
v 0.148848 0.151703 -0.037715
v 0.148953 0.154390 -0.037609
v 0.139181 0.160580 -0.047382
v 0.129302 0.171499 -0.057260
v 0.121354 0.184653 -0.065209
v 0.114347 0.200343 -0.072215
v 0.108937 0.219149 -0.077626
v 0.106429 0.238214 -0.080133
v 0.105897 0.252829 -0.080665
v 0.106171 0.264328 -0.080392
v 0.106738 0.278298 -0.079825
v 0.148784 0.136014 -0.037779
v 0.102672 0.006193 -0.065310
v 0.103118 0.010187 -0.065012
v 0.112084 0.014934 -0.059022
v 0.124908 0.016761 -0.050452
v 0.097443 0.202150 -0.027895
v 0.149166 0.057060 -0.034244
v 0.151355 0.068255 -0.032781
v 0.150640 0.069447 -0.033259
v 0.150640 0.071385 -0.033259
v 0.151631 0.071976 -0.032597
v 0.152924 0.089178 -0.031733
v 0.152122 0.090214 -0.032269
v 0.152165 0.092028 -0.032240
v 0.153208 0.092878 -0.031543
v 0.152424 0.107866 -0.032067
v 0.150167 0.122726 -0.033575
v 0.147285 0.132614 -0.035500
v 0.147496 0.138792 -0.035360
v 0.139277 0.140181 -0.040851
v 0.141027 0.143688 -0.039682
v 0.144229 0.147047 -0.037543
v 0.144539 0.150330 -0.037335
v 0.147121 0.151703 -0.035611
v 0.147245 0.154390 -0.035528
v 0.135754 0.160580 -0.043206
v 0.124138 0.171499 -0.050967
v 0.114791 0.184653 -0.057212
v 0.106553 0.200343 -0.062717
v 0.100191 0.219149 -0.066968
v 0.097242 0.238214 -0.068938
v 0.096616 0.252829 -0.069356
v 0.096938 0.264328 -0.069141
v 0.097605 0.278298 -0.068696
v 0.147046 0.136014 -0.035661
v 0.096448 0.006193 -0.053667
v 0.096945 0.010187 -0.053462
v 0.106906 0.014934 -0.049335
v 0.121156 0.016761 -0.043433
v 0.113763 0.006193 -0.072799
v 0.148110 0.057060 -0.032268
v 0.150542 0.068255 -0.031261
v 0.149748 0.069447 -0.031590
v 0.149748 0.071385 -0.031590
v 0.150849 0.071976 -0.031134
v 0.152285 0.089178 -0.030539
v 0.151395 0.090214 -0.030908
v 0.151442 0.092028 -0.030888
v 0.152601 0.092878 -0.030408
v 0.151730 0.107866 -0.030769
v 0.149222 0.122726 -0.031808
v 0.146020 0.132614 -0.033134
v 0.146254 0.138792 -0.033037
v 0.137122 0.140181 -0.036820
v 0.139067 0.143688 -0.036014
v 0.142624 0.147047 -0.034541
v 0.142969 0.150330 -0.034398
v 0.145837 0.151703 -0.033210
v 0.145975 0.154390 -0.033153
v 0.133207 0.160580 -0.038441
v 0.120300 0.171499 -0.043788
v 0.109915 0.184653 -0.048089
v 0.100761 0.200343 -0.051881
v 0.093691 0.219149 -0.054809
v 0.090415 0.238214 -0.056166
v 0.089720 0.252829 -0.056454
v 0.090077 0.264328 -0.056306
v 0.090818 0.278298 -0.055999
v 0.145754 0.136014 -0.033244
v 0.092616 0.006193 -0.041034
v 0.093143 0.010187 -0.040929
v 0.103718 0.014934 -0.038825
v 0.118846 0.016761 -0.035816
v 0.114411 0.179008 -0.027895
v 0.147460 0.057060 -0.030125
v 0.150042 0.068255 -0.029611
v 0.149198 0.069447 -0.029779
v 0.149198 0.071385 -0.029779
v 0.150367 0.071976 -0.029546
v 0.151892 0.089178 -0.029243
v 0.150947 0.090214 -0.029431
v 0.150997 0.092028 -0.029421
v 0.152228 0.092878 -0.029176
v 0.151302 0.107866 -0.029360
v 0.148641 0.122726 -0.029890
v 0.145241 0.132614 -0.030566
v 0.145490 0.138792 -0.030517
v 0.135795 0.140181 -0.032445
v 0.137859 0.143688 -0.032034
v 0.141636 0.147047 -0.031283
v 0.142002 0.150330 -0.031210
v 0.145047 0.151703 -0.030605
v 0.145194 0.154390 -0.030575
v 0.131639 0.160580 -0.033272
v 0.117937 0.171499 -0.035997
v 0.106912 0.184653 -0.038190
v 0.097194 0.200343 -0.040123
v 0.089689 0.219149 -0.041616
v 0.086211 0.238214 -0.042308
v 0.085473 0.252829 -0.042455
v 0.085853 0.264328 -0.042379
v 0.086639 0.278298 -0.042223
v 0.144959 0.136014 -0.030622
v 0.125858 0.022986 -0.027895
v 0.144098 0.049327 -0.027895
v 0.132719 0.030595 -0.027895
v 0.139395 0.040237 -0.027895
v 0.144378 0.049327 -0.025053
v 0.126488 0.022986 -0.021495
v 0.139766 0.040237 -0.024136
v 0.133218 0.030595 -0.022833
v 0.145207 0.049327 -0.022320
v 0.128355 0.022986 -0.015340
v 0.140862 0.040237 -0.020520
v 0.134694 0.030595 -0.017965
v 0.146554 0.049327 -0.019801
v 0.131387 0.022986 -0.009668
v 0.142643 0.040237 -0.017189
v 0.137092 0.030595 -0.013479
v 0.148365 0.049327 -0.017594
v 0.135468 0.022986 -0.004696
v 0.145040 0.040237 -0.014268
v 0.140319 0.030595 -0.009547
v 0.150573 0.049327 -0.015782
v 0.140439 0.022986 -0.000616
v 0.147960 0.040237 -0.011871
v 0.144251 0.030595 -0.006320
v 0.153092 0.049327 -0.014435
v 0.146112 0.022986 0.002416
v 0.151292 0.040237 -0.010091
v 0.148737 0.030595 -0.003922
v 0.155825 0.049327 -0.013606
v 0.152266 0.022986 0.004283
v 0.154907 0.040237 -0.008994
v 0.153605 0.030595 -0.002446
v 0.158667 0.049327 -0.013326
v 0.158667 0.022986 0.004914
v 0.158667 0.040237 -0.008624
v 0.158667 0.030595 -0.001947
v 0.161509 0.049327 -0.013606
v 0.165068 0.022986 0.004283
v 0.162427 0.040237 -0.008994
v 0.163729 0.030595 -0.002446
v 0.164243 0.049327 -0.014435
v 0.171223 0.022986 0.002416
v 0.166042 0.040237 -0.010091
v 0.168597 0.030595 -0.003922
v 0.166761 0.049327 -0.015782
v 0.176895 0.022986 -0.000616
v 0.169374 0.040237 -0.011871
v 0.173083 0.030595 -0.006320
v 0.168969 0.049327 -0.017594
v 0.181867 0.022986 -0.004696
v 0.172294 0.040237 -0.014268
v 0.177015 0.030595 -0.009547
v 0.170781 0.049327 -0.019801
v 0.185947 0.022986 -0.009668
v 0.174691 0.040237 -0.017189
v 0.180242 0.030595 -0.013479
v 0.172127 0.049327 -0.022320
v 0.188979 0.022986 -0.015340
v 0.176472 0.040237 -0.020520
v 0.182640 0.030595 -0.017965
v 0.172956 0.049327 -0.025053
v 0.190846 0.022986 -0.021495
v 0.177569 0.040237 -0.024136
v 0.184117 0.030595 -0.022833
v 0.173236 0.049327 -0.027895
v 0.191476 0.022986 -0.027895
v 0.177939 0.040237 -0.027895
v 0.184615 0.030595 -0.027895
v 0.172956 0.049327 -0.030738
v 0.190846 0.022986 -0.034296
v 0.177569 0.040237 -0.031655
v 0.184117 0.030595 -0.032958
v 0.172127 0.049327 -0.033471
v 0.188979 0.022986 -0.040451
v 0.176472 0.040237 -0.035270
v 0.182640 0.030595 -0.037825
v 0.170781 0.049327 -0.035989
v 0.185947 0.022986 -0.046123
v 0.174691 0.040237 -0.038602
v 0.180242 0.030595 -0.042311
v 0.168969 0.049327 -0.038197
v 0.181867 0.022986 -0.051095
v 0.172294 0.040237 -0.041523
v 0.177015 0.030595 -0.046244
v 0.166761 0.049327 -0.040009
v 0.176895 0.022986 -0.055175
v 0.169374 0.040237 -0.043919
v 0.173083 0.030595 -0.049470
v 0.164242 0.049327 -0.041355
v 0.171223 0.022986 -0.058207
v 0.166042 0.040237 -0.045700
v 0.168597 0.030595 -0.051868
v 0.161509 0.049327 -0.042184
v 0.165068 0.022986 -0.060074
v 0.162427 0.040237 -0.046797
v 0.163729 0.030595 -0.053345
v 0.158667 0.049327 -0.042464
v 0.158667 0.022986 -0.060705
v 0.158667 0.040237 -0.047167
v 0.158667 0.030595 -0.053844
v 0.155825 0.049327 -0.042184
v 0.152266 0.022986 -0.060074
v 0.154907 0.040237 -0.046797
v 0.153605 0.030595 -0.053345
v 0.153092 0.049327 -0.041355
v 0.146112 0.022986 -0.058207
v 0.151292 0.040237 -0.045700
v 0.148737 0.030595 -0.051868
v 0.150573 0.049327 -0.040009
v 0.140439 0.022986 -0.055175
v 0.147960 0.040237 -0.043919
v 0.144251 0.030595 -0.049470
v 0.148365 0.049327 -0.038197
v 0.135468 0.022986 -0.051095
v 0.145040 0.040237 -0.041523
v 0.140319 0.030595 -0.046243
v 0.146554 0.049327 -0.035989
v 0.131387 0.022986 -0.046123
v 0.142643 0.040237 -0.038602
v 0.137092 0.030595 -0.042311
v 0.145207 0.049327 -0.033471
v 0.128355 0.022986 -0.040451
v 0.140862 0.040237 -0.035270
v 0.134694 0.030595 -0.037825
v 0.144378 0.049327 -0.030738
v 0.126488 0.022986 -0.034296
v 0.139766 0.040237 -0.031655
v 0.133218 0.030595 -0.032958
v 0.127373 0.179008 0.003399
v 0.123387 0.006193 -0.080697
v 0.115375 0.202150 0.015397
v 0.113763 0.008860 0.017008
v 0.107640 0.239143 0.023132
v 0.107388 0.264652 0.023384
v 0.107942 0.278298 0.022830
v 0.134080 0.179008 0.008902
v 0.134365 0.006193 -0.086565
v 0.124653 0.202150 0.023011
v 0.123387 0.008860 0.024906
v 0.118576 0.239143 0.032106
v 0.118377 0.264652 0.032403
v 0.118812 0.278298 0.031752
v 0.141731 0.179008 0.012992
v 0.146278 0.006193 -0.090179
v 0.135238 0.202150 0.028669
v 0.134365 0.008860 0.030774
v 0.131052 0.239143 0.038775
v 0.130915 0.264652 0.039104
v 0.131215 0.278298 0.038381
v 0.150033 0.179008 0.015511
v 0.158667 0.006193 -0.091399
v 0.146723 0.202150 0.032153
v 0.146278 0.008860 0.034388
v 0.144589 0.239143 0.042881
v 0.144519 0.264652 0.043231
v 0.144672 0.278298 0.042463
v 0.158667 0.179008 0.016361
v 0.171056 0.006193 -0.090179
v 0.158667 0.202150 0.033329
v 0.158667 0.008860 0.035608
v 0.158667 0.239143 0.044268
v 0.158667 0.264652 0.044624
v 0.158667 0.278298 0.043841
v 0.167301 0.179008 0.015511
v 0.182969 0.006193 -0.086565
v 0.170612 0.202150 0.032153
v 0.171056 0.008860 0.034388
v 0.172746 0.239143 0.042881
v 0.172815 0.264652 0.043231
v 0.172662 0.278298 0.042463
v 0.175603 0.179008 0.012992
v 0.193948 0.006193 -0.080697
v 0.182097 0.202150 0.028669
v 0.182969 0.008860 0.030774
v 0.186283 0.239143 0.038774
v 0.186419 0.264652 0.039104
v 0.186120 0.278298 0.038381
v 0.183255 0.179008 0.008902
v 0.203571 0.006193 -0.072799
v 0.192682 0.202150 0.023011
v 0.193948 0.008860 0.024906
v 0.198759 0.239143 0.032106
v 0.198957 0.264652 0.032403
v 0.198522 0.278298 0.031752
v 0.189961 0.179008 0.003399
v 0.211468 0.006193 -0.063176
v 0.201960 0.202150 0.015397
v 0.203571 0.008860 0.017008
v 0.209694 0.239143 0.023132
v 0.209947 0.264652 0.023384
v 0.209393 0.278298 0.022830
v 0.195465 0.179008 -0.003308
v 0.217337 0.006193 -0.052197
v 0.209574 0.202150 0.006119
v 0.211468 0.008860 0.007385
v 0.218669 0.239143 0.012196
v 0.218965 0.264652 0.012394
v 0.218314 0.278298 0.011959
v 0.199555 0.179008 -0.010959
v 0.220950 0.006193 -0.040284
v 0.215231 0.202150 -0.004466
v 0.217337 0.008860 -0.003594
v 0.225337 0.239143 -0.000280
v 0.225667 0.264652 -0.000143
v 0.224943 0.278298 -0.000443
v 0.202073 0.179008 -0.019261
v 0.222171 0.006193 -0.027895
v 0.218715 0.202150 -0.015951
v 0.220950 0.008860 -0.015506
v 0.229444 0.239143 -0.013817
v 0.229794 0.264652 -0.013747
v 0.229026 0.278298 -0.013900
v 0.202924 0.179008 -0.027895
v 0.220950 0.006193 -0.015506
v 0.219892 0.202150 -0.027895
v 0.222171 0.008860 -0.027895
v 0.230830 0.239143 -0.027895
v 0.231187 0.264652 -0.027895
v 0.230404 0.278298 -0.027895
v 0.202073 0.179008 -0.036529
v 0.217337 0.006193 -0.003594
v 0.218715 0.202150 -0.039840
v 0.220950 0.008860 -0.040284
v 0.229444 0.239143 -0.041974
v 0.229794 0.264652 -0.042043
v 0.229026 0.278298 -0.041891
v 0.199555 0.179008 -0.044832
v 0.211468 0.006193 0.007385
v 0.215231 0.202150 -0.051325
v 0.217337 0.008860 -0.052197
v 0.225337 0.239143 -0.055511
v 0.225667 0.264652 -0.055648
v 0.224943 0.278298 -0.055348
v 0.195465 0.179008 -0.052483
v 0.203571 0.006193 0.017008
v 0.209574 0.202150 -0.061910
v 0.211468 0.008860 -0.063176
v 0.218668 0.239143 -0.067987
v 0.218965 0.264652 -0.068185
v 0.218314 0.278298 -0.067750
v 0.189961 0.179008 -0.059189
v 0.193948 0.006193 0.024906
v 0.201960 0.202150 -0.071188
v 0.203571 0.008860 -0.072799
v 0.209694 0.239143 -0.078922
v 0.209946 0.264652 -0.079175
v 0.209393 0.278298 -0.078621
v 0.183255 0.179008 -0.064693
v 0.182969 0.006193 0.030774
v 0.192682 0.202150 -0.078802
v 0.193948 0.008860 -0.080697
v 0.198759 0.239143 -0.087897
v 0.198957 0.264652 -0.088193
v 0.198522 0.278298 -0.087542
v 0.175603 0.179008 -0.068783
v 0.171056 0.006193 0.034388
v 0.182097 0.202150 -0.084460
v 0.182969 0.008860 -0.086565
v 0.186283 0.239143 -0.094565
v 0.186419 0.264652 -0.094895
v 0.186120 0.278298 -0.094172
v 0.167301 0.179008 -0.071301
v 0.158667 0.006193 0.035608
v 0.170611 0.202150 -0.087944
v 0.171056 0.008860 -0.090179
v 0.172745 0.239143 -0.098672
v 0.172815 0.264652 -0.099022
v 0.172662 0.278298 -0.098254
v 0.158667 0.179008 -0.072152
v 0.146278 0.006193 0.034388
v 0.158667 0.202150 -0.089120
v 0.158667 0.008860 -0.091399
v 0.158667 0.239143 -0.100058
v 0.158667 0.264652 -0.100415
v 0.158667 0.278298 -0.099632
v 0.150033 0.179008 -0.071301
v 0.134365 0.006193 0.030774
v 0.146723 0.202150 -0.087944
v 0.146278 0.008860 -0.090179
v 0.144589 0.239143 -0.098672
v 0.144519 0.264652 -0.099022
v 0.144672 0.278298 -0.098254
v 0.141731 0.179008 -0.068783
v 0.123387 0.006193 0.024906
v 0.135238 0.202150 -0.084460
v 0.134365 0.008860 -0.086565
v 0.131052 0.239143 -0.094565
v 0.130915 0.264652 -0.094895
v 0.131215 0.278298 -0.094172
v 0.134080 0.179008 -0.064693
v 0.113763 0.006193 0.017008
v 0.124653 0.202150 -0.078802
v 0.123387 0.008860 -0.080697
v 0.118576 0.239143 -0.087897
v 0.118377 0.264652 -0.088193
v 0.118812 0.278298 -0.087542
v 0.127373 0.179008 -0.059189
v 0.105866 0.006193 0.007385
v 0.115375 0.202150 -0.071188
v 0.113763 0.008860 -0.072799
v 0.107640 0.239143 -0.078922
v 0.107388 0.264652 -0.079175
v 0.107942 0.278298 -0.078621
v 0.121869 0.179008 -0.052483
v 0.099998 0.006193 -0.003594
v 0.107761 0.202150 -0.061910
v 0.105866 0.008860 -0.063176
v 0.098666 0.239143 -0.067987
v 0.098369 0.264652 -0.068185
v 0.099020 0.278298 -0.067750
v 0.117780 0.179008 -0.044832
v 0.096384 0.006193 -0.015506
v 0.102103 0.202150 -0.051325
v 0.099998 0.008860 -0.052197
v 0.091997 0.239143 -0.055511
v 0.091668 0.264652 -0.055648
v 0.092391 0.278298 -0.055348
v 0.115261 0.179008 -0.036529
v 0.095164 0.006193 -0.027895
v 0.098619 0.202150 -0.039840
v 0.096384 0.008860 -0.040284
v 0.087891 0.239143 -0.041974
v 0.087541 0.264652 -0.042043
v 0.088309 0.278298 -0.041890
v 0.139392 0.165283 -0.015016
v 0.137250 0.165283 -0.019024
v 0.135930 0.165283 -0.023373
v 0.135485 0.165283 -0.027895
v 0.142275 0.165283 -0.011503
v 0.145788 0.165283 -0.008620
v 0.149796 0.165283 -0.006478
v 0.154145 0.165283 -0.005159
v 0.158667 0.165283 -0.004713
v 0.163190 0.165283 -0.005159
v 0.167539 0.165283 -0.006478
v 0.171547 0.165283 -0.008620
v 0.175059 0.165283 -0.011503
v 0.177942 0.165283 -0.015016
v 0.180085 0.165283 -0.019024
v 0.181404 0.165283 -0.023373
v 0.181849 0.165283 -0.027895
v 0.181404 0.165283 -0.032418
v 0.180085 0.165283 -0.036767
v 0.177942 0.165283 -0.040775
v 0.175059 0.165283 -0.044288
v 0.171546 0.165283 -0.047171
v 0.167539 0.165283 -0.049313
v 0.163190 0.165283 -0.050632
v 0.158667 0.165283 -0.051078
v 0.154145 0.165283 -0.050632
v 0.149796 0.165283 -0.049313
v 0.145788 0.165283 -0.047171
v 0.142275 0.165283 -0.044288
v 0.139392 0.165283 -0.040775
v 0.137250 0.165283 -0.036767
v 0.135930 0.165283 -0.032418
v 0.158667 0.165283 -0.027895
v 0.103129 0.011662 -0.027895
v 0.104197 0.011662 -0.017060
v 0.107357 0.011662 -0.006642
v 0.112489 0.011662 0.002960
v 0.119396 0.011662 0.011376
v 0.127812 0.011662 0.018283
v 0.137414 0.011662 0.023415
v 0.147832 0.011662 0.026575
v 0.158667 0.011662 0.027642
v 0.169502 0.011662 0.026575
v 0.179921 0.011662 0.023415
v 0.189522 0.011662 0.018283
v 0.197938 0.011662 0.011376
v 0.204845 0.011662 0.002960
v 0.209977 0.011662 -0.006642
v 0.213138 0.011662 -0.017060
v 0.214205 0.011662 -0.027895
v 0.213138 0.011662 -0.038730
v 0.209977 0.011662 -0.049149
v 0.204845 0.011662 -0.058751
v 0.197938 0.011662 -0.067167
v 0.189522 0.011662 -0.074073
v 0.179921 0.011662 -0.079206
v 0.169502 0.011662 -0.082366
v 0.158667 0.011662 -0.083433
v 0.147832 0.011662 -0.082366
v 0.137414 0.011662 -0.079206
v 0.127812 0.011662 -0.074073
v 0.119396 0.011662 -0.067166
v 0.112489 0.011662 -0.058751
v 0.107357 0.011662 -0.049149
v 0.104197 0.011662 -0.038730
v 0.115376 0.014023 -0.027895
v 0.116208 0.014023 -0.019450
v 0.118672 0.014023 -0.011329
v 0.122672 0.014023 -0.003844
v 0.128056 0.014023 0.002716
v 0.134616 0.014023 0.008100
v 0.142100 0.014023 0.012100
v 0.150222 0.014023 0.014564
v 0.158667 0.014023 0.015396
v 0.167113 0.014023 0.014564
v 0.175234 0.014023 0.012100
v 0.182718 0.014023 0.008100
v 0.189279 0.014023 0.002716
v 0.194662 0.014023 -0.003844
v 0.198663 0.014023 -0.011329
v 0.201126 0.014023 -0.019450
v 0.201958 0.014023 -0.027895
v 0.201126 0.014023 -0.036341
v 0.198663 0.014023 -0.044462
v 0.194662 0.014023 -0.051947
v 0.189279 0.014023 -0.058507
v 0.182718 0.014023 -0.063891
v 0.175234 0.014023 -0.067891
v 0.167113 0.014023 -0.070355
v 0.158667 0.014023 -0.071186
v 0.150222 0.014023 -0.070355
v 0.142100 0.014023 -0.067891
v 0.134616 0.014023 -0.063891
v 0.128056 0.014023 -0.058507
v 0.122672 0.014023 -0.051947
v 0.118671 0.014023 -0.044462
v 0.116208 0.014023 -0.036341
v 0.119881 0.016947 -0.027895
v 0.120626 0.016947 -0.020329
v 0.122833 0.016947 -0.013053
v 0.126418 0.016947 -0.006347
v 0.131241 0.016947 -0.000469
v 0.137119 0.016947 0.004354
v 0.143824 0.016947 0.007938
v 0.151100 0.016947 0.010146
v 0.158667 0.016947 0.010891
v 0.166234 0.016947 0.010146
v 0.173510 0.016947 0.007938
v 0.180216 0.016947 0.004354
v 0.186093 0.016947 -0.000469
v 0.190917 0.016947 -0.006347
v 0.194501 0.016947 -0.013053
v 0.196708 0.016947 -0.020329
v 0.197453 0.016947 -0.027895
v 0.196708 0.016947 -0.035462
v 0.194501 0.016947 -0.042738
v 0.190917 0.016947 -0.049444
v 0.186093 0.016947 -0.055321
v 0.180216 0.016947 -0.060145
v 0.173510 0.016947 -0.063729
v 0.166234 0.016947 -0.065936
v 0.158667 0.016947 -0.066682
v 0.151100 0.016947 -0.065936
v 0.143824 0.016947 -0.063729
v 0.137119 0.016947 -0.060145
v 0.131241 0.016947 -0.055321
v 0.126418 0.016947 -0.049444
v 0.122833 0.016947 -0.042738
v 0.120626 0.016947 -0.035462
v 0.126956 0.022964 -0.027895
v 0.134584 0.030713 -0.027895
v 0.144953 0.034813 -0.027895
v 0.127565 0.022964 -0.021709
v 0.145217 0.034813 -0.025220
v 0.135047 0.030713 -0.023197
v 0.129370 0.022964 -0.015760
v 0.145997 0.034813 -0.022647
v 0.136417 0.030713 -0.018679
v 0.132300 0.022964 -0.010278
v 0.147265 0.034813 -0.020276
v 0.138643 0.030713 -0.014515
v 0.136244 0.022964 -0.005472
v 0.148970 0.034813 -0.018198
v 0.141638 0.030713 -0.010866
v 0.141049 0.022964 -0.001529
v 0.151048 0.034813 -0.016493
v 0.145287 0.030713 -0.007871
v 0.146532 0.022964 0.001402
v 0.153419 0.034813 -0.015225
v 0.149451 0.030713 -0.005645
v 0.152481 0.022964 0.003206
v 0.155992 0.034813 -0.014445
v 0.153969 0.030713 -0.004275
v 0.158667 0.022964 0.003816
v 0.158667 0.034813 -0.014181
v 0.158667 0.030713 -0.003812
v 0.164854 0.022964 0.003206
v 0.161343 0.034813 -0.014445
v 0.163366 0.030713 -0.004275
v 0.170802 0.022964 0.001402
v 0.163915 0.034813 -0.015225
v 0.167883 0.030713 -0.005645
v 0.176285 0.022964 -0.001529
v 0.166286 0.034813 -0.016493
v 0.172047 0.030713 -0.007871
v 0.181090 0.022964 -0.005472
v 0.168364 0.034813 -0.018198
v 0.175697 0.030713 -0.010866
v 0.185034 0.022964 -0.010278
v 0.170070 0.034813 -0.020276
v 0.178692 0.030713 -0.014515
v 0.187964 0.022964 -0.015760
v 0.171337 0.034813 -0.022647
v 0.180917 0.030713 -0.018679
v 0.189769 0.022964 -0.021709
v 0.172118 0.034813 -0.025220
v 0.182288 0.030713 -0.023197
v 0.190378 0.022964 -0.027895
v 0.172381 0.034813 -0.027895
v 0.182750 0.030713 -0.027895
v 0.189769 0.022964 -0.034082
v 0.172118 0.034813 -0.030571
v 0.182288 0.030713 -0.032594
v 0.187964 0.022964 -0.040031
v 0.171337 0.034813 -0.033143
v 0.180917 0.030713 -0.037112
v 0.185034 0.022964 -0.045513
v 0.170070 0.034813 -0.035514
v 0.178692 0.030713 -0.041275
v 0.181090 0.022964 -0.050318
v 0.168364 0.034813 -0.037593
v 0.175697 0.030713 -0.044925
v 0.176285 0.022964 -0.054262
v 0.166286 0.034813 -0.039298
v 0.172047 0.030713 -0.047920
v 0.170802 0.022964 -0.057193
v 0.163915 0.034813 -0.040565
v 0.167883 0.030713 -0.050145
v 0.164854 0.022964 -0.058997
v 0.161343 0.034813 -0.041346
v 0.163366 0.030713 -0.051516
v 0.158667 0.022964 -0.059606
v 0.158667 0.034813 -0.041609
v 0.158667 0.030713 -0.051979
v 0.152481 0.022964 -0.058997
v 0.155992 0.034813 -0.041346
v 0.153969 0.030713 -0.051516
v 0.146532 0.022964 -0.057193
v 0.153419 0.034813 -0.040565
v 0.149451 0.030713 -0.050145
v 0.141049 0.022964 -0.054262
v 0.151048 0.034813 -0.039298
v 0.145287 0.030713 -0.047920
v 0.136244 0.022964 -0.050318
v 0.148970 0.034813 -0.037593
v 0.141638 0.030713 -0.044925
v 0.132300 0.022964 -0.045513
v 0.147264 0.034813 -0.035514
v 0.138643 0.030713 -0.041275
v 0.129370 0.022964 -0.040031
v 0.145997 0.034813 -0.033143
v 0.136417 0.030713 -0.037112
v 0.127565 0.022964 -0.034082
v 0.145217 0.034813 -0.030571
v 0.135047 0.030713 -0.032594
v 0.158667 0.034813 -0.027895
vn 0.9911 0.1333 -0.0000
vn 0.9720 0.1333 0.1933
vn 0.9156 0.1333 0.3793
vn 0.8240 0.1333 0.5506
vn 0.3793 0.1333 -0.9156
vn 0.5506 0.1333 -0.8240
vn 0.7008 0.1333 0.7008
vn 0.8240 0.1333 -0.5506
vn 0.9156 0.1333 -0.3793
vn 0.7008 0.1333 -0.7008
vn 0.5506 0.1333 0.8240
vn 0.3793 0.1333 0.9156
vn 0.1933 0.1333 0.9720
vn -0.0000 0.1333 0.9911
vn -0.3793 0.1333 0.9156
vn -0.5506 0.1333 0.8240
vn -0.7008 0.1333 0.7008
vn -0.8240 0.1333 0.5506
vn -0.9156 0.1333 0.3793
vn -0.9156 0.1333 -0.3793
vn -0.8240 0.1333 -0.5506
vn 0.9720 0.1333 -0.1933
vn -0.9720 0.1333 -0.1933
vn -0.5506 0.1333 -0.8240
vn -0.3793 0.1333 -0.9156
vn -0.9720 0.1333 0.1933
vn -0.7008 0.1333 -0.7008
vn -0.1933 0.1333 -0.9720
vn -0.9911 0.1333 -0.0000
vn -0.1933 0.1333 0.9720
vn -0.0000 0.1333 -0.9911
vn 0.1933 0.1333 -0.9720
vn 0.1936 -0.1219 0.9735
vn 0.1885 -0.2572 0.9478
vn -0.0000 -0.2572 0.9664
vn -0.0000 -0.1219 0.9925
vn -0.2849 0.9152 -0.2849
vn -0.1921 0.9624 -0.1921
vn -0.1510 0.9624 -0.2259
vn -0.2238 0.9152 -0.3350
vn 0.2849 0.9152 0.2849
vn 0.1921 0.9624 0.1921
vn 0.1510 0.9624 0.2259
vn 0.2238 0.9152 0.3350
vn 0.2849 0.9152 -0.2849
vn 0.1921 0.9624 -0.1921
vn 0.2259 0.9624 -0.1510
vn 0.3350 0.9152 -0.2238
vn -0.4029 0.9152 -0.0000
vn -0.2717 0.9624 -0.0000
vn -0.2665 0.9624 -0.0530
vn -0.3952 0.9152 -0.0786
vn -0.0786 0.9152 -0.3951
vn -0.0530 0.9624 -0.2665
vn -0.0000 0.9624 -0.2717
vn -0.0000 0.9152 -0.4029
vn 0.3117 -0.8278 -0.4664
vn 0.1102 -0.9801 -0.1650
vn 0.0759 -0.9801 -0.1833
vn 0.2147 -0.8278 -0.5183
vn -0.2238 0.9152 0.3350
vn -0.1509 0.9624 0.2259
vn -0.1921 0.9624 0.1921
vn -0.2849 0.9152 0.2849
vn -0.3350 0.9152 -0.2238
vn -0.2259 0.9624 -0.1510
vn 0.3350 0.9152 0.2238
vn 0.2259 0.9624 0.1510
vn -0.2510 0.9624 -0.1040
vn -0.3722 0.9152 -0.1542
vn -0.3350 0.9152 0.2238
vn -0.2259 0.9624 0.1510
vn -0.2510 0.9624 0.1040
vn -0.3722 0.9152 0.1542
vn -0.0000 0.9152 0.4029
vn -0.0000 0.9624 0.2717
vn -0.0530 0.9624 0.2665
vn -0.0786 0.9152 0.3951
vn 0.1040 0.9624 0.2510
vn 0.1542 0.9152 0.3722
vn -0.1542 0.9152 -0.3722
vn -0.1040 0.9624 -0.2510
vn 0.4029 0.9152 -0.0000
vn 0.2717 0.9624 -0.0000
vn 0.2665 0.9624 0.0530
vn 0.3952 0.9152 0.0786
vn 0.2238 0.9152 -0.3350
vn 0.1509 0.9624 -0.2259
vn 0.3952 0.9152 -0.0786
vn 0.2665 0.9624 -0.0530
vn 0.0786 0.9152 -0.3951
vn 0.0530 0.9624 -0.2665
vn 0.1040 0.9624 -0.2510
vn 0.1542 0.9152 -0.3722
vn -0.3952 0.9152 0.0786
vn -0.2665 0.9624 0.0530
vn 0.3722 0.9152 -0.1542
vn 0.2510 0.9624 -0.1040
vn 0.0786 0.9152 0.3951
vn 0.0530 0.9624 0.2665
vn 0.3722 0.9152 0.1542
vn 0.2510 0.9624 0.1040
vn -0.1542 0.9152 0.3722
vn -0.1040 0.9624 0.2510
vn 0.0832 0.9931 0.0832
vn 0.0653 0.9931 0.0978
vn 0.1176 0.9931 -0.0000
vn 0.1154 0.9931 0.0229
vn 0.0229 0.9931 -0.1154
vn 0.0450 0.9931 -0.1087
vn 0.0978 0.9931 0.0653
vn -0.0000 1.0000 -0.0000
vn -0.0653 0.9931 -0.0978
vn -0.0450 0.9931 -0.1087
vn -0.0978 0.9931 0.0653
vn -0.1087 0.9931 0.0450
vn -0.0229 0.9931 -0.1154
vn -0.0000 0.9931 -0.1176
vn -0.0000 0.9931 0.1176
vn -0.0229 0.9931 0.1154
vn -0.0653 0.9931 0.0978
vn -0.0832 0.9931 0.0832
vn -0.0450 0.9931 0.1087
vn 0.0653 0.9931 -0.0978
vn -0.0832 0.9931 -0.0832
vn 0.1154 0.9931 -0.0229
vn 0.0229 0.9931 0.1154
vn -0.1154 0.9931 0.0229
vn -0.1176 0.9931 -0.0000
vn -0.0978 0.9931 -0.0653
vn -0.1154 0.9931 -0.0229
vn 0.0832 0.9931 -0.0832
vn -0.1087 0.9931 -0.0450
vn 0.0978 0.9931 -0.0653
vn 0.1087 0.9931 -0.0450
vn 0.0450 0.9931 0.1087
vn 0.1087 0.9931 0.0450
vn 0.8903 0.4195 -0.1771
vn 0.9341 0.3050 -0.1858
vn 0.9524 0.3050 -0.0000
vn 0.9078 0.4195 -0.0000
vn -0.8387 0.4195 -0.3474
vn -0.8799 0.3050 -0.3644
vn -0.7919 0.3050 -0.5291
vn -0.7548 0.4195 -0.5043
vn -0.0000 0.4195 0.9078
vn -0.0000 0.3050 0.9524
vn -0.1858 0.3050 0.9341
vn -0.1771 0.4195 0.8903
vn -0.7548 0.4195 0.5043
vn -0.7919 0.3050 0.5291
vn -0.8799 0.3050 0.3645
vn -0.8387 0.4195 0.3474
vn -0.5043 0.4195 0.7548
vn -0.5291 0.3050 0.7919
vn -0.6734 0.3050 0.6734
vn -0.6419 0.4195 0.6419
vn 0.6419 0.4195 0.6419
vn 0.6734 0.3050 0.6734
vn 0.5291 0.3050 0.7919
vn 0.5043 0.4195 0.7548
vn -0.1771 0.4195 -0.8903
vn -0.1858 0.3050 -0.9341
vn -0.0000 0.3050 -0.9524
vn -0.0000 0.4195 -0.9078
vn 0.6419 0.4195 -0.6419
vn 0.6734 0.3050 -0.6734
vn 0.7919 0.3050 -0.5291
vn 0.7548 0.4195 -0.5043
vn -0.3645 0.3050 0.8799
vn -0.3474 0.4195 0.8387
vn 0.8387 0.4195 -0.3474
vn 0.8799 0.3050 -0.3645
vn -0.8903 0.4195 0.1771
vn -0.9341 0.3050 0.1858
vn -0.9524 0.3050 -0.0000
vn -0.9078 0.4195 -0.0000
vn 0.3474 0.4195 -0.8387
vn 0.3645 0.3050 -0.8799
vn 0.5291 0.3050 -0.7919
vn 0.5043 0.4195 -0.7548
vn 0.8387 0.4195 0.3474
vn 0.8799 0.3050 0.3644
vn 0.7919 0.3050 0.5291
vn 0.7548 0.4195 0.5043
vn 0.3408 -0.4550 0.8227
vn 0.3674 -0.2796 0.8870
vn 0.1873 -0.2796 0.9417
vn 0.1737 -0.4550 0.8734
vn 0.9341 0.3050 0.1858
vn 0.8903 0.4195 0.1771
vn -0.6734 0.3050 -0.6734
vn -0.6419 0.4195 -0.6419
vn 0.3474 0.4195 0.8387
vn 0.3645 0.3050 0.8799
vn 0.1858 0.3050 0.9341
vn 0.1771 0.4195 0.8903
vn -0.8903 0.4195 -0.1771
vn -0.9341 0.3050 -0.1858
vn -0.3474 0.4195 -0.8387
vn -0.3645 0.3050 -0.8799
vn -0.5291 0.3050 -0.7919
vn -0.5043 0.4195 -0.7548
vn 0.1858 0.3050 -0.9341
vn 0.1771 0.4195 -0.8903
vn -0.1752 0.4398 -0.8808
vn -0.3437 0.4398 -0.8297
vn -0.2652 0.7209 -0.6403
vn -0.1352 0.7209 -0.6798
vn -0.6242 0.7813 -0.0000
vn -0.6830 0.7304 -0.0000
vn -0.6699 0.7304 -0.1332
vn -0.6122 0.7813 -0.1218
vn -0.3468 0.7813 -0.5190
vn -0.3795 0.7304 -0.5679
vn -0.2614 0.7304 -0.6310
vn -0.2389 0.7813 -0.5766
vn -0.4413 0.7813 0.4413
vn -0.4829 0.7304 0.4829
vn -0.5679 0.7304 0.3795
vn -0.5190 0.7813 0.3468
vn 0.6242 0.7813 -0.0000
vn 0.6830 0.7304 -0.0000
vn 0.6699 0.7304 0.1332
vn 0.6122 0.7813 0.1218
vn 0.3468 0.7813 -0.5190
vn 0.3795 0.7304 -0.5679
vn 0.4829 0.7304 -0.4829
vn 0.4413 0.7813 -0.4413
vn 0.1017 -0.8532 0.5115
vn 0.1355 -0.7193 0.6813
vn -0.0000 -0.7193 0.6947
vn -0.0000 -0.8532 0.5216
vn -0.5190 0.7813 -0.3468
vn -0.5679 0.7304 -0.3795
vn -0.4829 0.7304 -0.4829
vn -0.4413 0.7813 -0.4413
vn -0.1218 0.7813 -0.6122
vn -0.1332 0.7304 -0.6699
vn -0.0000 0.7304 -0.6830
vn -0.0000 0.7813 -0.6242
vn 0.4413 0.7813 0.4413
vn 0.4829 0.7304 0.4829
vn 0.3795 0.7304 0.5679
vn 0.3468 0.7813 0.5190
vn -0.1218 0.7813 0.6122
vn -0.1332 0.7304 0.6699
vn -0.2614 0.7304 0.6310
vn -0.2389 0.7813 0.5766
vn -0.6310 0.7304 0.2614
vn -0.5766 0.7813 0.2389
vn -0.0000 0.7813 0.6242
vn -0.0000 0.7304 0.6830
vn -0.6122 0.7813 0.1218
vn -0.6699 0.7304 0.1332
vn 0.6310 0.7304 0.2614
vn 0.5766 0.7813 0.2389
vn 0.5190 0.7813 0.3468
vn 0.5679 0.7304 0.3795
vn 0.1332 0.7304 -0.6699
vn 0.1218 0.7813 -0.6122
vn 0.2389 0.7813 -0.5766
vn 0.2614 0.7304 -0.6310
vn -0.3795 0.7304 0.5679
vn -0.3468 0.7813 0.5190
vn 0.1218 0.7813 0.6122
vn 0.1332 0.7304 0.6699
vn 0.5190 0.7813 -0.3468
vn 0.5679 0.7304 -0.3795
vn 0.6310 0.7304 -0.2614
vn 0.5766 0.7813 -0.2389
vn -0.6310 0.7304 -0.2614
vn -0.5766 0.7813 -0.2389
vn 0.2389 0.7813 0.5766
vn 0.2614 0.7304 0.6310
vn 0.6122 0.7813 -0.1218
vn 0.6699 0.7304 -0.1332
vn -0.8993 0.2290 -0.3725
vn -0.8094 0.2290 -0.5408
vn 0.9547 0.2290 -0.1899
vn 0.9734 0.2290 -0.0000
vn -0.6883 0.2290 -0.6883
vn 0.3725 0.2290 -0.8993
vn 0.5408 0.2290 -0.8094
vn -0.9734 0.2290 -0.0000
vn -0.9547 0.2290 -0.1899
vn 0.5408 0.2290 0.8094
vn 0.3725 0.2290 0.8993
vn -0.0000 0.2290 -0.9734
vn 0.1899 0.2290 -0.9547
vn 0.6883 0.2290 0.6883
vn -0.8094 0.2290 0.5408
vn -0.8993 0.2290 0.3725
vn 0.6883 0.2290 -0.6883
vn -0.5408 0.2290 -0.8094
vn -0.3725 0.2290 -0.8993
vn -0.6883 0.2290 0.6883
vn -0.3784 0.1489 0.9136
vn -0.1929 0.1489 0.9698
vn -0.1752 0.4398 0.8808
vn -0.3437 0.4398 0.8297
vn 0.8993 0.2290 -0.3725
vn -0.9547 0.2290 0.1899
vn 0.8094 0.2290 0.5408
vn 0.8094 0.2290 -0.5408
vn -0.1899 0.2290 -0.9547
vn -0.3725 0.2290 0.8993
vn -0.5408 0.2290 0.8094
vn 0.1899 0.2290 0.9547
vn -0.0000 0.2290 0.9734
vn -0.1899 0.2290 0.9547
vn 0.8993 0.2290 0.3725
vn 0.9547 0.2290 0.1899
vn 0.4505 -0.5852 -0.6742
vn 0.5296 -0.3020 -0.7926
vn 0.6741 -0.3020 -0.6741
vn 0.5734 -0.5852 -0.5734
vn 0.7491 -0.5852 -0.3103
vn 0.8807 -0.3020 -0.3648
vn 0.9350 -0.3020 -0.1860
vn 0.7953 -0.5852 -0.1582
vn 0.7491 -0.5852 0.3103
vn 0.8807 -0.3020 0.3648
vn 0.7926 -0.3020 0.5296
vn 0.6742 -0.5852 0.4505
vn 0.7926 -0.3020 -0.5296
vn 0.6742 -0.5852 -0.4505
vn -0.0000 0.4398 0.8981
vn -0.0000 0.7209 0.6931
vn -0.1352 0.7209 0.6798
vn 0.3103 -0.5852 0.7491
vn 0.3648 -0.3020 0.8807
vn 0.1860 -0.3020 0.9350
vn 0.1582 -0.5852 0.7953
vn 0.1582 -0.5852 -0.7953
vn 0.1860 -0.3020 -0.9350
vn 0.3648 -0.3020 -0.8807
vn 0.3103 -0.5852 -0.7491
vn 0.8109 -0.5852 -0.0000
vn 0.9533 -0.3020 -0.0000
vn 0.9350 -0.3020 0.1860
vn 0.7953 -0.5852 0.1582
vn -0.0000 -0.5852 0.8109
vn -0.0000 -0.3020 0.9533
vn -0.1860 -0.3020 0.9350
vn -0.1582 -0.5852 0.7953
vn -0.3648 -0.3020 0.8807
vn -0.3103 -0.5852 0.7491
vn -0.0000 -0.5852 -0.8109
vn -0.0000 -0.3020 -0.9533
vn -0.6742 -0.5852 -0.4505
vn -0.7926 -0.3020 -0.5296
vn -0.6741 -0.3020 -0.6741
vn -0.5734 -0.5852 -0.5734
vn -0.4505 -0.5852 -0.6742
vn -0.5296 -0.3020 -0.7926
vn -0.3648 -0.3020 -0.8807
vn -0.3103 -0.5852 -0.7491
vn -0.7491 -0.5852 -0.3103
vn -0.8807 -0.3020 -0.3648
vn -0.6742 -0.5852 0.4505
vn -0.7926 -0.3020 0.5296
vn -0.8807 -0.3020 0.3648
vn -0.7491 -0.5852 0.3103
vn -0.8109 -0.5852 -0.0000
vn -0.9533 -0.3020 -0.0000
vn -0.9350 -0.3020 -0.1860
vn -0.7953 -0.5852 -0.1582
vn -0.7953 -0.5852 0.1582
vn -0.9350 -0.3020 0.1860
vn -0.1582 -0.5852 -0.7953
vn -0.1860 -0.3020 -0.9350
vn 0.6741 -0.3020 0.6741
vn 0.5734 -0.5852 0.5734
vn -0.4505 -0.5852 0.6742
vn -0.5296 -0.3020 0.7926
vn -0.6741 -0.3020 0.6741
vn -0.5734 -0.5852 0.5734
vn 0.4505 -0.5852 0.6742
vn 0.5296 -0.3020 0.7926
vn 0.8584 0.5130 -0.0000
vn 0.8419 0.5130 0.1675
vn 0.7071 -0.0000 -0.7071
vn 0.5851 -0.5616 -0.5851
vn 0.4597 -0.5616 -0.6880
vn 0.5556 -0.0000 -0.8315
vn -0.7931 0.5130 0.3285
vn -0.8419 0.5130 0.1675
vn -0.7137 0.5130 0.4769
vn -0.7071 -0.0000 -0.7071
vn -0.5851 -0.5616 -0.5851
vn -0.6880 -0.5616 -0.4597
vn -0.8315 -0.0000 -0.5556
vn -0.4769 0.5130 0.7137
vn -0.6070 0.5130 0.6070
vn -0.3285 0.5130 0.7931
vn -0.1675 0.5130 0.8419
vn -0.0000 0.5130 0.8584
vn 0.1675 0.5130 0.8419
vn 0.3285 0.5130 0.7931
vn 0.4769 0.5130 0.7137
vn 0.6070 0.5130 0.6070
vn 0.7137 0.5130 0.4769
vn -0.1950 -0.0216 -0.9806
vn -0.3826 -0.0216 -0.9237
vn -0.3784 0.1489 -0.9136
vn -0.1929 0.1489 -0.9698
vn -0.8584 0.5130 -0.0000
vn -0.8419 0.5130 -0.1675
vn 0.7931 0.5130 0.3285
vn 0.8419 0.5130 -0.1675
vn 0.7931 0.5130 -0.3285
vn 0.7137 0.5130 -0.4769
vn 0.6070 0.5130 -0.6070
vn 0.4769 0.5130 -0.7137
vn 0.3285 0.5130 -0.7931
vn 0.1675 0.5130 -0.8419
vn -0.0000 0.5130 -0.8584
vn 0.3827 -0.0000 0.9239
vn 0.3166 -0.5616 0.7644
vn 0.4597 -0.5616 0.6880
vn 0.5556 -0.0000 0.8315
vn -0.1675 0.5130 -0.8419
vn -0.4769 0.5130 -0.7137
vn -0.3285 0.5130 -0.7931
vn -0.6070 0.5130 -0.6070
vn -0.7137 0.5130 -0.4769
vn -0.7931 0.5130 -0.3285
vn -0.2271 -0.9126 -0.3399
vn -0.2898 -0.8532 -0.4337
vn -0.1996 -0.8532 -0.4819
vn -0.1564 -0.9126 -0.3777
vn -0.4103 0.8960 -0.1699
vn -0.3693 0.8960 -0.2467
vn -0.2467 0.8960 0.3693
vn -0.3140 0.8960 0.3140
vn 0.4356 0.8960 0.0866
vn 0.4103 0.8960 0.1699
vn 0.0866 0.8960 -0.4356
vn 0.1699 0.8960 -0.4103
vn 0.2467 0.8960 -0.3693
vn -0.3693 0.8960 0.2467
vn -0.4103 0.8960 0.1700
vn -0.3140 0.8960 -0.3140
vn -0.2467 0.8960 -0.3693
vn -0.4356 0.8960 -0.0866
vn -0.1699 0.8960 -0.4103
vn -0.0866 0.8960 -0.4356
vn 0.0866 0.8960 0.4356
vn -0.0000 0.8960 0.4441
vn -0.0866 0.8960 0.4356
vn 0.1699 0.8960 0.4103
vn 0.4441 0.8960 -0.0000
vn -0.4441 0.8960 -0.0000
vn -0.4356 0.8960 0.0866
vn -0.0000 0.8960 -0.4441
vn 0.3693 0.8960 0.2467
vn 0.3140 0.8960 0.3140
vn 0.3140 0.8960 -0.3140
vn 0.3692 0.8960 -0.2467
vn 0.2467 0.8960 0.3693
vn -0.1699 0.8960 0.4103
vn 0.4103 0.8960 -0.1700
vn 0.4356 0.8960 -0.0866
vn 0.9959 0.0900 -0.0000
vn 0.9768 0.0900 0.1943
vn 0.9201 0.0900 0.3811
vn 0.3811 0.0900 0.9201
vn 0.1943 0.0900 0.9768
vn 0.8281 0.0900 0.5533
vn 0.7042 0.0900 0.7042
vn -0.9768 0.0900 0.1943
vn -0.9959 0.0900 -0.0000
vn 0.1943 0.0900 -0.9768
vn 0.3811 0.0900 -0.9201
vn -0.8281 0.0900 0.5533
vn -0.9201 0.0900 0.3811
vn -0.1943 0.0900 0.9768
vn -0.3811 0.0900 0.9201
vn -0.1943 0.0900 -0.9768
vn -0.0000 0.0900 -0.9959
vn -0.3811 0.0900 -0.9201
vn 0.5533 0.0900 0.8281
vn -0.5533 0.0900 0.8281
vn -0.7042 0.0900 0.7042
vn -0.0000 0.0900 0.9959
vn -0.8281 0.0900 -0.5533
vn -0.7042 0.0900 -0.7042
vn -0.9768 0.0900 -0.1943
vn -0.9201 0.0900 -0.3811
vn 0.5533 0.0900 -0.8281
vn 0.7042 0.0900 -0.7042
vn 0.8281 0.0900 -0.5533
vn 0.9201 0.0900 -0.3811
vn 0.9768 0.0900 -0.1943
vn -0.5533 0.0900 -0.8281
vn 0.3802 0.1129 0.9180
vn 0.1938 0.1129 0.9745
vn 0.6765 -0.6810 -0.2802
vn 0.8672 -0.3450 -0.3592
vn 0.9206 -0.3450 -0.1831
vn 0.7182 -0.6810 -0.1429
vn 0.7182 -0.6810 0.1429
vn 0.9206 -0.3450 0.1831
vn 0.8672 -0.3450 0.3592
vn 0.6765 -0.6810 0.2802
vn 0.6089 -0.6810 0.4068
vn 0.7804 -0.3450 0.5215
vn 0.6637 -0.3450 0.6637
vn 0.5178 -0.6810 0.5178
vn 0.5178 -0.6810 -0.5178
vn 0.6637 -0.3450 -0.6637
vn 0.7804 -0.3450 -0.5215
vn 0.6089 -0.6810 -0.4068
vn -0.6765 -0.6810 -0.2802
vn -0.8672 -0.3450 -0.3592
vn -0.7804 -0.3450 -0.5215
vn -0.6089 -0.6810 -0.4068
vn -0.4068 -0.6810 0.6089
vn -0.5215 -0.3450 0.7804
vn -0.6637 -0.3450 0.6637
vn -0.5178 -0.6810 0.5178
vn 0.1429 -0.6810 -0.7182
vn 0.1831 -0.3450 -0.9206
vn 0.3592 -0.3450 -0.8672
vn 0.2802 -0.6810 -0.6765
vn -0.0000 -0.6810 -0.7323
vn -0.0000 -0.3450 -0.9386
vn -0.1429 -0.6810 -0.7182
vn -0.1831 -0.3450 -0.9206
vn -0.2802 -0.6810 -0.6765
vn -0.3592 -0.3450 -0.8672
vn -0.4068 -0.6810 -0.6089
vn -0.5215 -0.3450 -0.7804
vn -0.0000 -0.6810 0.7323
vn -0.0000 -0.3450 0.9386
vn -0.1831 -0.3450 0.9206
vn -0.1429 -0.6810 0.7182
vn 0.4068 -0.6810 0.6089
vn 0.5215 -0.3450 0.7804
vn 0.3592 -0.3450 0.8672
vn 0.2802 -0.6810 0.6765
vn 0.9386 -0.3450 -0.0000
vn 0.7323 -0.6810 -0.0000
vn -0.7182 -0.6810 0.1429
vn -0.9206 -0.3450 0.1831
vn -0.9386 -0.3450 -0.0000
vn -0.7323 -0.6810 -0.0000
vn -0.7182 -0.6810 -0.1429
vn -0.9206 -0.3450 -0.1831
vn -0.7804 -0.3450 0.5215
vn -0.6089 -0.6810 0.4068
vn -0.8672 -0.3450 0.3592
vn -0.6765 -0.6810 0.2802
vn -0.6637 -0.3450 -0.6637
vn -0.5178 -0.6810 -0.5178
vn 0.5215 -0.3450 -0.7804
vn 0.4068 -0.6810 -0.6089
vn -0.2802 -0.6810 0.6765
vn -0.3592 -0.3450 0.8672
vn 0.1429 -0.6810 0.7182
vn 0.1831 -0.3450 0.9206
vn 0.1325 -0.7337 -0.6664
vn 0.1094 -0.8278 -0.5502
vn -0.0000 -0.8278 -0.5610
vn -0.0000 -0.7337 -0.6794
vn 0.8829 0.4695 -0.0000
vn 0.8660 0.4695 0.1723
vn 0.8157 0.4695 -0.3379
vn 0.8660 0.4695 -0.1723
vn -0.3379 0.4695 0.8157
vn -0.4905 0.4695 0.7341
vn -0.1951 -0.0089 -0.9807
vn -0.1949 0.0454 -0.9798
vn -0.0000 0.0454 -0.9990
vn -0.0000 -0.0089 -1.0000
vn 0.7341 0.4695 0.4905
vn 0.6243 0.4695 0.6243
vn -0.0000 0.4695 0.8829
vn -0.1723 0.4695 0.8660
vn 0.1723 0.4695 -0.8660
vn 0.3379 0.4695 -0.8157
vn -0.0000 0.4695 -0.8829
vn 0.4905 0.4695 -0.7341
vn 0.6243 0.4695 -0.6243
vn -0.8660 0.4695 -0.1723
vn -0.8157 0.4695 -0.3379
vn -0.4905 0.4695 -0.7341
vn -0.3379 0.4695 -0.8157
vn 0.7341 0.4695 -0.4905
vn -0.8157 0.4695 0.3379
vn -0.8660 0.4695 0.1723
vn -0.1723 0.4695 -0.8660
vn -0.8829 0.4695 -0.0000
vn -0.7341 0.4695 0.4905
vn -0.6243 0.4695 0.6243
vn 0.4905 0.4695 0.7341
vn 0.3379 0.4695 0.8157
vn -0.7341 0.4695 -0.4905
vn -0.6243 0.4695 -0.6243
vn 0.1723 0.4695 0.8660
vn 0.8157 0.4695 0.3379
vn 0.5610 0.8278 -0.0000
vn 0.5502 0.8278 0.1094
vn 0.5183 0.8278 0.2147
vn 0.1094 0.8278 0.5502
vn -0.0000 0.8278 0.5610
vn 0.3967 0.8278 0.3967
vn 0.3117 0.8278 0.4665
vn -0.0587 0.9537 -0.2950
vn -0.0000 0.9537 -0.3008
vn -0.0000 0.7209 -0.6931
vn -0.1094 0.8278 0.5502
vn -0.4665 0.8278 -0.3117
vn -0.3967 0.8278 -0.3967
vn -0.0000 0.8278 -0.5610
vn 0.1094 0.8278 -0.5502
vn -0.1094 0.8278 -0.5502
vn -0.2147 0.8278 -0.5183
vn 0.2147 0.8278 -0.5183
vn -0.3117 0.8278 -0.4665
vn 0.3117 0.8278 -0.4665
vn 0.3967 0.8278 -0.3967
vn 0.4665 0.8278 -0.3117
vn 0.5183 0.8278 -0.2147
vn -0.5502 0.8278 -0.1094
vn -0.5183 0.8278 -0.2147
vn 0.5502 0.8278 -0.1094
vn -0.5610 0.8278 -0.0000
vn -0.4665 0.8278 0.3117
vn -0.5183 0.8278 0.2147
vn -0.3117 0.8278 0.4665
vn -0.3967 0.8278 0.3967
vn -0.2147 0.8278 0.5183
vn 0.4665 0.8278 0.3117
vn 0.2147 0.8278 0.5183
vn -0.5502 0.8278 0.1094
vn 0.9980 -0.0628 -0.0000
vn 0.9925 -0.1219 -0.0000
vn 0.9735 -0.1219 0.1936
vn 0.9788 -0.0628 0.1947
vn -0.1947 -0.0628 0.9788
vn -0.1936 -0.1219 0.9735
vn -0.3798 -0.1219 0.9170
vn -0.3819 -0.0628 0.9221
vn 0.8298 -0.0628 -0.5545
vn 0.8253 -0.1219 -0.5514
vn 0.9170 -0.1219 -0.3798
vn 0.9221 -0.0628 -0.3819
vn -0.9980 -0.0628 -0.0000
vn -0.9925 -0.1219 -0.0000
vn -0.9735 -0.1219 -0.1936
vn -0.9788 -0.0628 -0.1947
vn 0.5545 -0.0628 -0.8298
vn 0.5514 -0.1219 -0.8253
vn 0.7018 -0.1219 -0.7018
vn 0.7057 -0.0628 -0.7057
vn -0.7057 -0.0628 -0.7057
vn -0.7018 -0.1219 -0.7018
vn -0.5514 -0.1219 -0.8253
vn -0.5545 -0.0628 -0.8298
vn 0.1947 -0.0628 -0.9788
vn 0.1936 -0.1219 -0.9735
vn 0.3798 -0.1219 -0.9170
vn 0.3819 -0.0628 -0.9221
vn 0.1947 -0.0628 0.9788
vn -0.0000 -0.0628 0.9980
vn -0.1947 -0.0628 -0.9788
vn -0.1936 -0.1219 -0.9735
vn -0.0000 -0.1219 -0.9925
vn -0.0000 -0.0628 -0.9980
vn -0.3819 -0.0628 -0.9221
vn -0.3798 -0.1219 -0.9170
vn -0.9221 -0.0628 -0.3819
vn -0.9170 -0.1219 -0.3798
vn -0.8253 -0.1219 -0.5514
vn -0.8298 -0.0628 -0.5545
vn 0.9170 -0.1219 0.3798
vn 0.9221 -0.0628 0.3819
vn -0.8298 -0.0628 0.5545
vn -0.8253 -0.1219 0.5514
vn -0.9170 -0.1219 0.3798
vn -0.9221 -0.0628 0.3819
vn 0.9788 -0.0628 -0.1947
vn 0.9735 -0.1219 -0.1936
vn 0.8298 -0.0628 0.5545
vn 0.8253 -0.1219 0.5514
vn 0.7018 -0.1219 0.7018
vn 0.7057 -0.0628 0.7057
vn 0.5514 -0.1219 0.8253
vn 0.5545 -0.0628 0.8298
vn 0.3798 -0.1219 0.9170
vn 0.3819 -0.0628 0.9221
vn -0.7057 -0.0628 0.7057
vn -0.7018 -0.1219 0.7018
vn -0.5514 -0.1219 0.8253
vn -0.5545 -0.0628 0.8298
vn -0.9735 -0.1219 0.1936
vn -0.9788 -0.0628 0.1947
vn -0.0000 -0.2077 -0.9782
vn -0.0000 0.0534 -0.9986
vn 0.1948 0.0534 -0.9794
vn 0.1908 -0.2077 -0.9594
vn 0.9478 -0.2572 -0.1885
vn 0.9664 -0.2572 -0.0000
vn 0.8928 -0.2572 -0.3698
vn -0.8928 -0.2572 0.3698
vn -0.9478 -0.2572 0.1885
vn -0.8035 -0.2572 -0.5369
vn -0.6833 -0.2572 -0.6833
vn -0.0000 -0.2572 -0.9664
vn 0.1885 -0.2572 -0.9478
vn 0.8035 -0.2572 0.5369
vn 0.6833 -0.2572 0.6833
vn 0.3698 -0.2572 -0.8928
vn 0.3698 -0.2572 0.8928
vn -0.1885 -0.2572 -0.9478
vn 0.5369 -0.2572 -0.8035
vn 0.6833 -0.2572 -0.6833
vn -0.1885 -0.2572 0.9478
vn -0.3698 -0.2572 0.8928
vn 0.5369 -0.2572 0.8035
vn -0.8928 -0.2572 -0.3698
vn 0.9478 -0.2572 0.1885
vn -0.9664 -0.2572 -0.0000
vn -0.9478 -0.2572 -0.1885
vn 0.5334 -0.2796 0.7983
vn 0.5518 -0.1169 0.8258
vn 0.3801 -0.1169 0.9175
vn -0.5369 -0.2572 -0.8035
vn -0.8035 -0.2572 0.5369
vn -0.3698 -0.2572 -0.8928
vn 0.8928 -0.2572 0.3698
vn 0.8035 -0.2572 -0.5369
vn -0.5369 -0.2572 0.8035
vn -0.6833 -0.2572 0.6833
vn -0.9782 -0.2077 -0.0000
vn -0.9594 -0.2077 -0.1908
vn -0.9037 -0.2077 -0.3743
vn 0.9037 -0.2077 0.3743
vn 0.8133 -0.2077 0.5435
vn 0.3743 -0.2077 0.9037
vn 0.1908 -0.2077 0.9594
vn 0.9594 -0.2077 0.1908
vn 0.9594 -0.2077 -0.1908
vn 0.9782 -0.2077 -0.0000
vn -0.8133 -0.2077 -0.5435
vn -0.6917 -0.2077 -0.6917
vn 0.6917 -0.2077 0.6917
vn -0.1908 -0.2077 0.9594
vn -0.3743 -0.2077 0.9037
vn -0.5435 -0.2077 0.8133
vn -0.5435 -0.2077 -0.8133
vn 0.3743 -0.2077 -0.9037
vn 0.5435 -0.2077 -0.8133
vn 0.9037 -0.2077 -0.3743
vn -0.6917 -0.2077 0.6917
vn -0.9594 -0.2077 0.1908
vn -0.9037 -0.2077 0.3743
vn -0.8133 -0.2077 0.5435
vn -0.3743 -0.2077 -0.9037
vn -0.1908 -0.2077 -0.9594
vn -0.0000 -0.2077 0.9782
vn 0.6917 -0.2077 -0.6917
vn 0.5435 -0.2077 0.8133
vn 0.8133 -0.2077 -0.5435
vn 0.9226 0.0534 -0.3821
vn 0.9068 0.1912 -0.3756
vn 0.9627 0.1912 -0.1915
vn 0.9794 0.0534 -0.1948
vn -0.7061 0.0534 -0.7061
vn -0.6941 0.1912 -0.6941
vn -0.5453 0.1912 -0.8161
vn -0.5548 0.0534 -0.8303
vn 0.8303 0.0534 -0.5548
vn 0.8161 0.1912 -0.5453
vn 0.9816 0.1912 -0.0000
vn 0.9986 0.0534 -0.0000
vn -0.3756 0.1912 -0.9068
vn -0.3821 0.0534 -0.9226
vn 0.3821 0.0534 0.9226
vn 0.3756 0.1912 0.9068
vn 0.1915 0.1912 0.9627
vn 0.1948 0.0534 0.9794
vn -0.9794 0.0534 -0.1948
vn -0.9627 0.1912 -0.1915
vn -0.9068 0.1912 -0.3756
vn -0.9226 0.0534 -0.3821
vn 0.9627 0.1912 0.1915
vn 0.9794 0.0534 0.1948
vn 0.8303 0.0534 0.5548
vn 0.8161 0.1912 0.5453
vn 0.6941 0.1912 0.6941
vn 0.7061 0.0534 0.7061
vn -0.3821 0.0534 0.9226
vn -0.3756 0.1912 0.9068
vn -0.5453 0.1912 0.8161
vn -0.5548 0.0534 0.8303
vn 0.5548 0.0534 -0.8303
vn 0.5453 0.1912 -0.8161
vn 0.6941 0.1912 -0.6941
vn 0.7061 0.0534 -0.7061
vn -0.8303 0.0534 0.5548
vn -0.8161 0.1912 0.5453
vn -0.9068 0.1912 0.3756
vn -0.9226 0.0534 0.3821
vn -0.0000 0.0534 0.9986
vn -0.0000 0.1912 0.9816
vn -0.1915 0.1912 0.9627
vn -0.1948 0.0534 0.9794
vn -0.0000 0.1912 -0.9816
vn 0.1915 0.1912 -0.9627
vn -0.9794 0.0534 0.1948
vn -0.9627 0.1912 0.1915
vn -0.9816 0.1912 -0.0000
vn -0.9986 0.0534 -0.0000
vn -0.7061 0.0534 0.7061
vn -0.6941 0.1912 0.6941
vn -0.8303 0.0534 -0.5548
vn -0.8161 0.1912 -0.5453
vn 0.9068 0.1912 0.3756
vn 0.9226 0.0534 0.3821
vn -0.1948 0.0534 -0.9794
vn -0.1915 0.1912 -0.9627
vn 0.3821 0.0534 -0.9226
vn 0.3756 0.1912 -0.9068
vn 0.5453 0.1912 0.8161
vn 0.5548 0.0534 0.8303
vn -0.0000 -0.9903 -0.1392
vn 0.0271 -0.9903 -0.1365
vn -0.1365 -0.9903 -0.0271
vn -0.1286 -0.9903 -0.0533
vn 0.1157 -0.9903 -0.0773
vn 0.1286 -0.9903 -0.0533
vn -0.0271 -0.9903 0.1365
vn -0.0532 -0.9903 0.1286
vn -0.0271 -0.9903 -0.1365
vn 0.1157 -0.9903 0.0773
vn 0.0984 -0.9903 0.0984
vn 0.0984 -0.9903 -0.0984
vn -0.0773 -0.9903 0.1157
vn -0.0984 -0.9903 0.0984
vn 0.0773 -0.9903 0.1157
vn -0.1286 -0.9903 0.0533
vn -0.1365 -0.9903 0.0271
vn -0.1157 -0.9903 -0.0773
vn -0.0984 -0.9903 -0.0984
vn -0.0773 -0.9903 -0.1157
vn 0.1365 -0.9903 -0.0271
vn -0.0000 -0.9903 0.1392
vn -0.1157 -0.9903 0.0773
vn -0.1392 -0.9903 -0.0000
vn -0.0533 -0.9903 -0.1286
vn 0.1392 -0.9903 -0.0000
vn 0.1365 -0.9903 0.0271
vn 0.0533 -0.9903 -0.1286
vn 0.0773 -0.9903 -0.1157
vn 0.0271 -0.9903 0.1365
vn 0.0533 -0.9903 0.1286
vn 0.1286 -0.9903 0.0533
vn 0.8575 0.5145 -0.0000
vn 0.7707 0.6372 -0.0000
vn 0.7559 0.6372 0.1504
vn 0.8410 0.5145 0.1673
vn -0.1673 0.5145 -0.8410
vn -0.1504 0.6372 -0.7559
vn -0.0000 0.6372 -0.7707
vn -0.0000 0.5145 -0.8575
vn 0.7922 0.5145 0.3281
vn 0.7120 0.6372 0.2949
vn 0.6408 0.6372 0.4282
vn 0.7130 0.5145 0.4764
vn -0.6063 0.5145 -0.6063
vn -0.5450 0.6372 -0.5450
vn -0.4282 0.6372 -0.6408
vn -0.4764 0.5145 -0.7130
vn 0.4764 0.5145 -0.7130
vn 0.4282 0.6372 -0.6408
vn 0.5450 0.6372 -0.5450
vn 0.6063 0.5145 -0.6063
vn 0.4764 0.5145 0.7130
vn 0.4282 0.6372 0.6408
vn 0.2949 0.6372 0.7120
vn 0.3281 0.5145 0.7922
vn 0.6063 0.5145 0.6063
vn 0.5450 0.6372 0.5450
vn 0.3281 0.5145 -0.7922
vn 0.2949 0.6372 -0.7120
vn -0.3281 0.5145 0.7922
vn -0.2949 0.6372 0.7120
vn -0.4282 0.6372 0.6408
vn -0.4764 0.5145 0.7130
vn -0.1673 0.5145 0.8410
vn -0.1504 0.6372 0.7559
vn 0.7922 0.5145 -0.3281
vn 0.7120 0.6372 -0.2949
vn 0.7559 0.6372 -0.1504
vn 0.8410 0.5145 -0.1673
vn 0.6408 0.6372 -0.4282
vn 0.7130 0.5145 -0.4764
vn -0.0000 0.5145 0.8575
vn -0.0000 0.6372 0.7707
vn -0.7922 0.5145 -0.3281
vn -0.7120 0.6372 -0.2949
vn -0.6408 0.6372 -0.4282
vn -0.7130 0.5145 -0.4764
vn -0.8410 0.5145 -0.1673
vn -0.7559 0.6372 -0.1504
vn -0.0000 -0.5912 -0.8065
vn -0.0000 -0.4550 -0.8905
vn 0.1737 -0.4550 -0.8734
vn 0.1573 -0.5912 -0.7910
vn 0.1504 0.6372 -0.7559
vn 0.1673 0.5145 -0.8410
vn -0.5450 0.6372 0.5450
vn -0.6063 0.5145 0.6063
vn 0.1673 0.5145 0.8410
vn 0.1504 0.6372 0.7559
vn -0.2949 0.6372 -0.7120
vn -0.3281 0.5145 -0.7922
vn -0.7130 0.5145 0.4764
vn -0.6408 0.6372 0.4282
vn -0.7120 0.6372 0.2949
vn -0.7922 0.5145 0.3281
vn -0.7559 0.6372 0.1504
vn -0.8410 0.5145 0.1673
vn -0.8575 0.5145 -0.0000
vn -0.7707 0.6372 -0.0000
vn -0.4648 0.7537 0.4648
vn -0.5465 0.7537 0.3652
vn 0.5465 0.7537 0.3652
vn 0.4648 0.7537 0.4648
vn 0.6072 0.7537 0.2515
vn 0.6446 0.7537 -0.1282
vn 0.6573 0.7537 -0.0000
vn 0.3652 0.7537 -0.5465
vn 0.4648 0.7537 -0.4648
vn 0.6072 0.7537 -0.2515
vn 0.5465 0.7537 -0.3652
vn 0.3652 0.7537 0.5465
vn 0.2515 0.7537 0.6072
vn 0.1282 0.7537 -0.6446
vn 0.2515 0.7537 -0.6072
vn -0.1282 0.7537 0.6446
vn -0.2515 0.7537 0.6072
vn -0.3652 0.7537 0.5465
vn -0.6446 0.7537 -0.1282
vn -0.6072 0.7537 -0.2515
vn -0.5465 0.7537 -0.3652
vn 0.2600 -0.7337 -0.6277
vn 0.1160 -0.8039 -0.5834
vn 0.2276 -0.8039 -0.5495
vn -0.6072 0.7537 0.2515
vn -0.6446 0.7537 0.1282
vn -0.3652 0.7537 -0.5465
vn -0.2515 0.7537 -0.6072
vn 0.1282 0.7537 0.6446
vn -0.1282 0.7537 -0.6446
vn -0.6573 0.7537 -0.0000
vn -0.0000 0.7537 -0.6573
vn -0.0000 0.7537 0.6573
vn -0.4648 0.7537 -0.4648
vn 0.6446 0.7537 0.1282
vn 0.9745 0.1129 -0.1938
vn 0.9936 0.1129 -0.0000
vn -0.7026 0.1129 0.7026
vn -0.8262 0.1129 0.5520
vn 0.9180 0.1129 -0.3802
vn 0.7026 0.1129 -0.7026
vn 0.8262 0.1129 -0.5520
vn 0.3802 0.1129 -0.9180
vn 0.5520 0.1129 -0.8262
vn 0.9180 0.1129 0.3802
vn 0.8262 0.1129 0.5520
vn -0.1938 0.1129 -0.9745
vn -0.0000 0.1129 -0.9936
vn 0.5520 0.1129 0.8262
vn -0.0000 0.1129 0.9936
vn -0.1938 0.1129 0.9745
vn -0.3802 0.1129 -0.9180
vn -0.9745 0.1129 0.1938
vn -0.9936 0.1129 -0.0000
vn -0.5520 0.1129 0.8262
vn -0.9180 0.1129 -0.3802
vn -0.8262 0.1129 -0.5520
vn 0.7026 0.1129 0.7026
vn -0.9180 0.1129 0.3802
vn -0.9745 0.1129 -0.1938
vn -0.5520 0.1129 -0.8262
vn -0.7026 0.1129 -0.7026
vn -0.3802 0.1129 0.9180
vn 0.1938 0.1129 -0.9745
vn 0.9745 0.1129 0.1938
vn 0.4045 0.9145 -0.0000
vn 0.8114 0.5845 -0.0000
vn 0.7958 0.5845 0.1583
vn 0.3967 0.9145 0.0789
vn 0.3737 0.9145 -0.1548
vn 0.7497 0.5845 -0.3105
vn 0.7958 0.5845 -0.1583
vn 0.3967 0.9145 -0.0789
vn 0.3363 0.9145 -0.2247
vn 0.6747 0.5845 -0.4508
vn 0.2860 0.9145 -0.2860
vn 0.5738 0.5845 -0.5738
vn -0.3967 0.9145 -0.0789
vn -0.7958 0.5845 -0.1583
vn -0.7497 0.5845 -0.3105
vn -0.3737 0.9145 -0.1548
vn -0.3363 0.9145 -0.2247
vn -0.6747 0.5845 -0.4508
vn -0.5738 0.5845 -0.5738
vn -0.2860 0.9145 -0.2860
vn 0.0789 0.9145 -0.3967
vn 0.1583 0.5845 -0.7958
vn 0.3105 0.5845 -0.7497
vn 0.1548 0.9145 -0.3737
vn 0.3737 0.9145 0.1548
vn 0.7497 0.5845 0.3105
vn 0.6747 0.5845 0.4508
vn 0.3363 0.9145 0.2247
vn 0.2247 0.9145 0.3363
vn 0.4508 0.5845 0.6747
vn 0.3105 0.5845 0.7497
vn 0.1548 0.9145 0.3737
vn 0.0789 0.9145 0.3967
vn 0.1583 0.5845 0.7958
vn -0.0000 0.5845 0.8114
vn -0.0000 0.9145 0.4045
vn -0.2247 0.9145 -0.3363
vn -0.4508 0.5845 -0.6747
vn -0.3105 0.5845 -0.7497
vn -0.1548 0.9145 -0.3737
vn -0.2247 0.9145 0.3363
vn -0.4508 0.5845 0.6747
vn -0.5738 0.5845 0.5738
vn -0.2860 0.9145 0.2860
vn -0.0789 0.9145 0.3967
vn -0.1583 0.5845 0.7958
vn -0.3105 0.5845 0.7497
vn -0.1548 0.9145 0.3737
vn -0.0000 0.9145 -0.4045
vn -0.0000 0.5845 -0.8114
vn 0.2247 0.9145 -0.3363
vn 0.4508 0.5845 -0.6747
vn -0.3363 0.9145 0.2247
vn -0.6747 0.5845 0.4508
vn -0.7497 0.5845 0.3105
vn -0.3737 0.9145 0.1548
vn -0.3967 0.9145 0.0789
vn -0.7958 0.5845 0.1583
vn -0.8114 0.5845 -0.0000
vn -0.4045 0.9145 -0.0000
vn 0.5738 0.5845 0.5738
vn 0.2860 0.9145 0.2860
vn -0.0789 0.9145 -0.3967
vn -0.1583 0.5845 -0.7958
vn 0.3821 0.0555 0.9225
vn 0.1948 0.0555 0.9793
vn -0.9793 0.0555 -0.1948
vn -0.9225 0.0555 -0.3821
vn -0.8302 0.0555 -0.5547
vn 0.8302 0.0555 -0.5547
vn 0.9225 0.0555 -0.3821
vn -0.0000 0.0555 -0.9985
vn 0.1948 0.0555 -0.9793
vn 0.3821 0.0555 -0.9225
vn 0.5547 0.0555 -0.8302
vn -0.5547 0.0555 -0.8302
vn -0.3821 0.0555 -0.9225
vn -0.0000 0.0555 0.9985
vn -0.5547 0.0555 0.8302
vn -0.7060 0.0555 0.7060
vn -0.1948 0.0555 -0.9793
vn -0.1948 0.0555 0.9793
vn -0.3821 0.0555 0.9225
vn 0.7060 0.0555 -0.7060
vn 0.9985 0.0555 -0.0000
vn 0.9793 0.0555 0.1948
vn 0.9793 0.0555 -0.1948
vn -0.9793 0.0555 0.1948
vn -0.9985 0.0555 -0.0000
vn -0.7060 0.0555 -0.7060
vn -0.8302 0.0555 0.5547
vn -0.9225 0.0555 0.3821
vn 0.1949 0.0454 0.9798
vn 0.1948 0.0573 0.9792
vn -0.0000 0.0573 0.9984
vn -0.0000 0.0454 0.9990
vn 0.5547 0.0555 0.8302
vn 0.9225 0.0555 0.3821
vn 0.7060 0.0555 0.7060
vn 0.8302 0.0555 0.5547
vn -0.4088 -0.9126 -0.0000
vn -0.5216 -0.8532 -0.0000
vn -0.5115 -0.8532 -0.1017
vn -0.4009 -0.9126 -0.0797
vn 0.3777 -0.9126 -0.1564
vn 0.4819 -0.8532 -0.1996
vn 0.5115 -0.8532 -0.1018
vn 0.4009 -0.9126 -0.0797
vn 0.3399 -0.9126 -0.2271
vn 0.4337 -0.8532 -0.2898
vn 0.1564 -0.9126 0.3777
vn 0.1996 -0.8532 0.4819
vn 0.0797 -0.9126 0.4009
vn -0.0000 -0.9126 0.4088
vn -0.3399 -0.9126 0.2271
vn -0.4337 -0.8532 0.2898
vn -0.4819 -0.8532 0.1996
vn -0.3777 -0.9126 0.1564
vn -0.1018 -0.8532 -0.5115
vn -0.0797 -0.9126 -0.4009
vn -0.3399 -0.9126 -0.2271
vn -0.4337 -0.8532 -0.2898
vn -0.3688 -0.8532 -0.3688
vn -0.2890 -0.9126 -0.2890
vn -0.4009 -0.9126 0.0797
vn -0.5115 -0.8532 0.1017
vn 0.3399 -0.9126 0.2271
vn 0.4337 -0.8532 0.2898
vn 0.3688 -0.8532 0.3688
vn 0.2890 -0.9126 0.2890
vn 0.1564 -0.9126 -0.3777
vn 0.1996 -0.8532 -0.4819
vn 0.2898 -0.8532 -0.4337
vn 0.2271 -0.9126 -0.3399
vn -0.1017 -0.8532 0.5115
vn -0.0797 -0.9126 0.4009
vn -0.0000 -0.9126 -0.4088
vn -0.0000 -0.8532 -0.5216
vn 0.1017 -0.8532 -0.5115
vn 0.0797 -0.9126 -0.4009
vn -0.4819 -0.8532 -0.1996
vn -0.3777 -0.9126 -0.1564
vn 0.3777 -0.9126 0.1564
vn 0.4819 -0.8532 0.1996
vn 0.4088 -0.9126 -0.0000
vn 0.5216 -0.8532 -0.0000
vn 0.5115 -0.8532 0.1017
vn 0.4009 -0.9126 0.0797
vn -0.1564 -0.9126 0.3777
vn -0.1996 -0.8532 0.4819
vn -0.2898 -0.8532 0.4337
vn -0.2271 -0.9126 0.3399
vn -0.2890 -0.9126 0.2890
vn -0.3688 -0.8532 0.3688
vn 0.2271 -0.9126 0.3399
vn 0.2898 -0.8532 0.4337
vn 0.2890 -0.9126 -0.2890
vn 0.3688 -0.8532 -0.3688
vn -0.6947 -0.7193 -0.0000
vn -0.6813 -0.7193 -0.1355
vn 0.6418 -0.7193 -0.2658
vn 0.6813 -0.7193 -0.1355
vn 0.6813 -0.7193 0.1355
vn 0.6418 -0.7193 0.2658
vn 0.2658 -0.7193 -0.6418
vn 0.3860 -0.7193 -0.5776
vn -0.1355 -0.7193 0.6813
vn 0.1355 -0.7193 -0.6813
vn 0.4912 -0.7193 -0.4912
vn 0.5776 -0.7193 -0.3860
vn 0.5776 -0.7193 0.3860
vn -0.1355 -0.7193 -0.6813
vn -0.0000 -0.7193 -0.6947
vn -0.4912 -0.7193 -0.4912
vn -0.3860 -0.7193 -0.5776
vn -0.6418 -0.7193 0.2658
vn -0.6813 -0.7193 0.1355
vn -0.6418 -0.7193 -0.2658
vn 0.6947 -0.7193 -0.0000
vn 0.4912 -0.7193 0.4912
vn 0.3860 -0.7193 0.5776
vn -0.5776 -0.7193 0.3860
vn -0.5776 -0.7193 -0.3860
vn -0.3860 -0.7193 0.5776
vn -0.4912 -0.7193 0.4912
vn 0.2658 -0.7193 0.6418
vn -0.2658 -0.7193 0.6418
vn -0.2658 -0.7193 -0.6418
vn -0.6706 -0.5912 0.4481
vn -0.7451 -0.5912 0.3086
vn -0.5703 -0.5912 -0.5703
vn -0.4481 -0.5912 -0.6706
vn 0.6706 -0.5912 0.4481
vn 0.5703 -0.5912 0.5703
vn 0.1527 0.6227 -0.7674
vn 0.2994 0.6227 -0.7229
vn 0.7910 -0.5912 0.1573
vn 0.7451 -0.5912 0.3086
vn 0.3086 -0.5912 0.7451
vn 0.1573 -0.5912 0.7910
vn -0.3086 -0.5912 -0.7451
vn -0.1573 -0.5912 -0.7910
vn 0.4481 -0.5912 -0.6706
vn 0.5703 -0.5912 -0.5703
vn -0.1573 -0.5912 0.7910
vn -0.3086 -0.5912 0.7451
vn -0.7910 -0.5912 0.1573
vn 0.6706 -0.5912 -0.4481
vn 0.7451 -0.5912 -0.3086
vn 0.7910 -0.5912 -0.1573
vn -0.8065 -0.5912 -0.0000
vn -0.7910 -0.5912 -0.1573
vn 0.8065 -0.5912 -0.0000
vn -0.7451 -0.5912 -0.3086
vn -0.6706 -0.5912 -0.4481
vn 0.4481 -0.5912 0.6706
vn -0.5703 -0.5912 0.5703
vn -0.0000 -0.5912 0.8065
vn 0.3086 -0.5912 -0.7451
vn -0.4481 -0.5912 0.6706
vn -0.0000 -0.4550 0.8905
vn 0.3408 -0.4550 -0.8227
vn 0.4947 -0.4550 -0.7404
vn -0.4947 -0.4550 0.7404
vn -0.6297 -0.4550 0.6297
vn -0.8734 -0.4550 0.1737
vn -0.8905 -0.4550 -0.0000
vn 0.8734 -0.4550 0.1737
vn 0.8227 -0.4550 0.3408
vn 0.7404 -0.4550 0.4947
vn 0.6297 -0.4550 0.6297
vn 0.8905 -0.4550 -0.0000
vn 0.4947 -0.4550 0.7404
vn -0.8227 -0.4550 -0.3408
vn -0.7404 -0.4550 -0.4947
vn 0.8734 -0.4550 -0.1737
vn -0.4947 -0.4550 -0.7404
vn -0.3408 -0.4550 -0.8227
vn 0.8227 -0.4550 -0.3408
vn -0.7404 -0.4550 0.4947
vn -0.8227 -0.4550 0.3408
vn 0.6297 -0.4550 -0.6297
vn -0.8734 -0.4550 -0.1737
vn -0.3408 -0.4550 0.8227
vn -0.6297 -0.4550 -0.6297
vn -0.1737 -0.4550 -0.8734
vn 0.7404 -0.4550 -0.4947
vn -0.1737 -0.4550 0.8734
vn 0.3275 0.5172 0.7907
vn 0.1670 0.5172 0.8394
vn 0.1527 0.6227 0.7674
vn 0.2994 0.6227 0.7229
vn -0.5334 -0.2796 -0.7983
vn -0.3674 -0.2796 -0.8870
vn 0.7983 -0.2796 0.5334
vn 0.6789 -0.2796 0.6789
vn -0.9417 -0.2796 0.1873
vn -0.9601 -0.2796 -0.0000
vn 0.1873 -0.2796 -0.9417
vn 0.3674 -0.2796 -0.8870
vn -0.8870 -0.2796 0.3674
vn -0.8394 0.5172 -0.1670
vn -0.8558 0.5172 -0.0000
vn 0.8870 -0.2796 -0.3674
vn 0.9417 -0.2796 -0.1873
vn -0.0000 -0.2796 0.9601
vn 0.9601 -0.2796 -0.0000
vn 0.9417 -0.2796 0.1873
vn -0.1873 -0.2796 -0.9417
vn -0.3674 -0.2796 0.8870
vn -0.5334 -0.2796 0.7983
vn -0.6789 -0.2796 0.6789
vn -0.7983 -0.2796 0.5334
vn -0.9417 -0.2796 -0.1873
vn -0.6789 -0.2796 -0.6789
vn 0.8870 -0.2796 0.3674
vn -0.8870 -0.2796 -0.3674
vn -0.1873 -0.2796 0.9417
vn -0.0000 -0.2796 -0.9601
vn 0.6789 -0.2796 -0.6789
vn 0.7983 -0.2796 -0.5334
vn 0.5334 -0.2796 -0.7983
vn -0.7983 -0.2796 -0.5334
vn 0.8258 -0.1169 -0.5518
vn 0.9175 -0.1169 -0.3801
vn 0.9741 -0.1169 0.1938
vn 0.9175 -0.1169 0.3801
vn 0.9741 -0.1169 -0.1938
vn -0.0000 -0.1169 0.9931
vn -0.1938 -0.1169 0.9741
vn -0.3801 -0.1169 -0.9175
vn -0.1938 -0.1169 -0.9741
vn -0.9175 -0.1169 0.3801
vn -0.9741 -0.1169 0.1938
vn -0.8258 -0.1169 0.5518
vn -0.3801 -0.1169 0.9175
vn -0.5518 -0.1169 -0.8258
vn 0.8258 -0.1169 0.5518
vn 0.7023 -0.1169 0.7023
vn -0.0000 -0.1169 -0.9931
vn 0.3801 -0.1169 -0.9175
vn 0.5518 -0.1169 -0.8258
vn 0.1938 -0.1169 0.9741
vn -0.9931 -0.1169 -0.0000
vn 0.7023 -0.1169 -0.7023
vn -0.7023 -0.1169 -0.7023
vn -0.5518 -0.1169 0.8258
vn -0.9741 -0.1169 -0.1938
vn -0.9175 -0.1169 -0.3801
vn -0.7023 -0.1169 0.7023
vn 0.1938 -0.1169 -0.9741
vn -0.8258 -0.1169 -0.5518
vn 0.9931 -0.1169 -0.0000
vn -0.1951 -0.0089 0.9807
vn -0.3827 -0.0089 0.9238
vn 0.9238 -0.0089 -0.3827
vn 0.9807 -0.0089 -0.1951
vn 0.9238 -0.0089 0.3827
vn 0.8314 -0.0089 0.5555
vn -0.3827 -0.0089 -0.9238
vn 0.7071 -0.0089 0.7071
vn 0.5555 -0.0089 0.8314
vn 0.5555 -0.0089 -0.8314
vn 0.7071 -0.0089 -0.7071
vn 0.1951 -0.0089 0.9807
vn -0.0000 -0.0089 1.0000
vn 0.8314 -0.0089 -0.5555
vn -0.5555 -0.0089 0.8314
vn -0.9807 -0.0089 0.1951
vn -1.0000 -0.0089 -0.0000
vn -0.5555 -0.0089 -0.8314
vn -0.7071 -0.0089 -0.7071
vn -0.9238 -0.0089 -0.3827
vn -0.8314 -0.0089 -0.5555
vn -0.9807 -0.0089 -0.1951
vn 0.3827 -0.0089 0.9238
vn 0.9807 -0.0089 0.1951
vn -0.8314 -0.0089 0.5555
vn -0.9238 -0.0089 0.3827
vn 0.1951 -0.0089 -0.9807
vn 0.3827 -0.0089 -0.9238
vn -0.7071 -0.0089 0.7071
vn 1.0000 -0.0089 -0.0000
vn 0.9798 0.0454 -0.1949
vn 0.9990 0.0454 -0.0000
vn -0.9229 0.0454 -0.3823
vn -0.8306 0.0454 -0.5550
vn 0.8306 0.0454 -0.5550
vn 0.9229 0.0454 -0.3823
vn -0.9990 0.0454 -0.0000
vn -0.9798 0.0454 -0.1949
vn -0.7064 0.0454 -0.7064
vn -0.5550 0.0454 -0.8306
vn 0.1949 0.0454 -0.9798
vn 0.3823 0.0454 -0.9229
vn 0.5550 0.0454 -0.8306
vn 0.7064 0.0454 -0.7064
vn 0.9229 0.0454 0.3823
vn 0.8306 0.0454 0.5550
vn -0.9798 0.0454 0.1949
vn -0.7064 0.0454 0.7064
vn -0.8306 0.0454 0.5550
vn -0.3823 0.0454 0.9229
vn -0.5550 0.0454 0.8306
vn 0.5550 0.0454 0.8306
vn 0.3823 0.0454 0.9229
vn -0.9229 0.0454 0.3823
vn 0.7064 0.0454 0.7064
vn 0.9798 0.0454 0.1949
vn -0.3823 0.0454 -0.9229
vn -0.1949 0.0454 0.9798
vn 0.9224 -0.0573 -0.3821
vn 0.8301 -0.0573 -0.5547
vn 0.8313 -0.0216 -0.5554
vn 0.9237 -0.0216 -0.3826
vn 0.5547 -0.0573 0.8301
vn 0.7059 -0.0573 0.7059
vn 0.7069 -0.0216 0.7069
vn 0.5554 -0.0216 0.8313
vn -0.9224 0.0573 0.3821
vn -0.9792 0.0573 0.1948
vn -0.9984 -0.0573 -0.0000
vn -0.9792 -0.0573 0.1948
vn -0.9806 -0.0216 0.1950
vn -0.9998 -0.0216 -0.0000
vn 0.7059 0.0573 0.7059
vn 0.5547 0.0573 0.8301
vn -0.3821 0.0573 -0.9224
vn -0.1948 0.0573 -0.9792
vn -0.7059 0.0573 0.7059
vn -0.8301 0.0573 0.5547
vn 0.7059 -0.0573 -0.7059
vn 0.5547 -0.0573 -0.8301
vn 0.5554 -0.0216 -0.8313
vn 0.7069 -0.0216 -0.7069
vn -0.0000 0.0573 -0.9984
vn 0.1948 0.0573 -0.9792
vn 0.3821 -0.0573 -0.9224
vn 0.1948 -0.0573 -0.9792
vn 0.1950 -0.0216 -0.9806
vn 0.3826 -0.0216 -0.9237
vn -0.5547 0.0573 -0.8301
vn -0.9224 -0.0573 0.3821
vn -0.9237 -0.0216 0.3826
vn -0.1948 0.0573 0.9792
vn -0.3821 0.0573 0.9224
vn -0.3821 -0.0573 -0.9224
vn -0.5547 -0.0573 -0.8301
vn -0.5554 -0.0216 -0.8313
vn -0.7059 -0.0573 -0.7059
vn -0.8301 -0.0573 -0.5547
vn -0.8313 -0.0216 -0.5554
vn -0.7069 -0.0216 -0.7069
vn -0.9224 -0.0573 -0.3821
vn -0.9237 -0.0216 -0.3826
vn -0.1948 -0.0573 0.9792
vn -0.0000 -0.0573 0.9984
vn -0.0000 -0.0216 0.9998
vn -0.1950 -0.0216 0.9806
vn 0.9792 0.0573 0.1948
vn 0.9224 0.0573 0.3821
vn -0.5547 -0.0573 0.8301
vn -0.3821 -0.0573 0.9224
vn -0.3826 -0.0216 0.9237
vn -0.5554 -0.0216 0.8313
vn 0.1948 -0.0573 0.9792
vn 0.3821 -0.0573 0.9224
vn 0.3826 -0.0216 0.9237
vn 0.1950 -0.0216 0.9806
vn 0.9224 -0.0573 0.3821
vn 0.9792 -0.0573 0.1948
vn 0.9806 -0.0216 0.1950
vn 0.9237 -0.0216 0.3826
vn -0.9224 0.0573 -0.3821
vn -0.8301 0.0573 -0.5547
vn -0.5547 0.0573 0.8301
vn 0.7059 0.0573 -0.7059
vn 0.8301 0.0573 -0.5547
vn 0.8301 0.0573 0.5547
vn -0.8301 -0.0573 0.5547
vn -0.8313 -0.0216 0.5554
vn 0.9984 -0.0573 -0.0000
vn 0.9792 -0.0573 -0.1948
vn 0.9806 -0.0216 -0.1950
vn 0.9998 -0.0216 -0.0000
vn 0.3821 0.0573 0.9224
vn -0.7674 0.6227 -0.1527
vn -0.7229 0.6227 -0.2994
vn 0.8558 0.5172 -0.0000
vn 0.8394 0.5172 0.1670
vn 0.7674 0.6227 0.1527
vn 0.7825 0.6227 -0.0000
vn 0.7674 0.6227 -0.1527
vn 0.1670 0.5172 -0.8394
vn 0.3275 0.5172 -0.7907
vn 0.6052 0.5172 0.6052
vn 0.7116 0.5172 0.4755
vn 0.7229 0.6227 0.2994
vn 0.6506 0.6227 0.4347
vn 0.7907 0.5172 0.3275
vn 0.7907 0.5172 -0.3275
vn 0.7116 0.5172 -0.4755
vn 0.4347 0.6227 -0.6506
vn 0.5533 0.6227 -0.5533
vn 0.8394 0.5172 -0.1670
vn 0.7229 0.6227 -0.2994
vn -0.3275 0.5172 0.7907
vn -0.1670 0.5172 0.8394
vn -0.7825 0.6227 -0.0000
vn -0.0000 0.5172 0.8558
vn -0.0000 0.6227 0.7825
vn -0.7907 0.5172 -0.3275
vn -0.7116 0.5172 -0.4755
vn -0.6506 0.6227 -0.4347
vn 0.4755 0.5172 0.7116
vn -0.4755 0.5172 -0.7116
vn -0.3275 0.5172 -0.7907
vn -0.2994 0.6227 -0.7229
vn -0.4347 0.6227 -0.6506
vn 0.4347 0.6227 0.6506
vn -0.6052 0.5172 -0.6052
vn -0.5533 0.6227 -0.5533
vn 0.4755 0.5172 -0.7116
vn 0.5533 0.6227 0.5533
vn -0.0000 0.5172 -0.8558
vn -0.1670 0.5172 -0.8394
vn -0.4347 0.6227 0.6506
vn -0.5533 0.6227 0.5533
vn -0.1527 0.6227 0.7674
vn -0.2994 0.6227 0.7229
vn -0.4755 0.5172 0.7116
vn -0.6052 0.5172 0.6052
vn 0.6506 0.6227 -0.4347
vn 0.6052 0.5172 -0.6052
vn -0.7229 0.6227 0.2994
vn -0.7674 0.6227 0.1527
vn -0.0000 0.6227 -0.7825
vn -0.7907 0.5172 0.3275
vn -0.8394 0.5172 0.1670
vn -0.7116 0.5172 0.4755
vn -0.6506 0.6227 0.4347
vn -0.1527 0.6227 -0.7674
vn 0.4989 0.4398 0.7467
vn 0.6350 0.4398 0.6350
vn 0.4901 0.7209 0.4901
vn 0.3851 0.7209 0.5763
vn -0.7467 0.4398 0.4989
vn -0.6350 0.4398 0.6350
vn -0.4901 0.7209 0.4901
vn -0.5763 0.7209 0.3851
vn 0.3437 0.4398 0.8297
vn 0.2652 0.7209 0.6403
vn 0.4989 0.4398 -0.7467
vn 0.3437 0.4398 -0.8297
vn 0.2652 0.7209 -0.6403
vn 0.3850 0.7209 -0.5763
vn 0.8808 0.4398 -0.1752
vn 0.8297 0.4398 -0.3437
vn 0.6403 0.7209 -0.2652
vn 0.6798 0.7209 -0.1352
vn -0.6350 0.4398 -0.6350
vn -0.7467 0.4398 -0.4989
vn -0.5763 0.7209 -0.3850
vn -0.4901 0.7209 -0.4901
vn 0.1752 0.4398 -0.8808
vn 0.1352 0.7209 -0.6798
vn -0.8297 0.4398 -0.3437
vn -0.6403 0.7209 -0.2652
vn 0.1752 0.4398 0.8808
vn 0.1352 0.7209 0.6798
vn -0.2652 0.7209 0.6403
vn -0.4989 0.4398 0.7467
vn -0.3850 0.7209 0.5763
vn -0.8297 0.4398 0.3437
vn -0.6403 0.7209 0.2652
vn 0.8297 0.4398 0.3437
vn 0.8808 0.4398 0.1752
vn 0.6798 0.7209 0.1352
vn 0.6403 0.7209 0.2652
vn -0.4989 0.4398 -0.7467
vn -0.3850 0.7209 -0.5763
vn 0.8981 0.4398 -0.0000
vn 0.6931 0.7209 -0.0000
vn -0.0000 0.4398 -0.8981
vn -0.8808 0.4398 0.1752
vn -0.6798 0.7209 0.1352
vn 0.7467 0.4398 0.4989
vn 0.5763 0.7209 0.3850
vn 0.7467 0.4398 -0.4989
vn 0.6350 0.4398 -0.6350
vn 0.4901 0.7209 -0.4901
vn 0.5763 0.7209 -0.3850
vn -0.8981 0.4398 -0.0000
vn -0.6931 0.7209 -0.0000
vn -0.8808 0.4398 -0.1752
vn -0.6798 0.7209 -0.1352
vn -0.0000 -1.0000 -0.0000
vn 0.8222 0.1489 0.5494
vn 0.9136 0.1489 0.3784
vn -0.0000 0.1489 0.9888
vn 0.1929 0.1489 0.9698
vn -0.9136 0.1489 0.3784
vn -0.8222 0.1489 0.5494
vn 0.6992 0.1489 -0.6992
vn 0.5494 0.1489 -0.8222
vn 0.3784 0.1489 -0.9136
vn 0.1929 0.1489 -0.9698
vn 0.5494 0.1489 0.8222
vn 0.6992 0.1489 0.6992
vn 0.9698 0.1489 0.1929
vn 0.9888 0.1489 -0.0000
vn 0.9698 0.1489 -0.1929
vn 0.9136 0.1489 -0.3784
vn -0.6992 0.1489 0.6992
vn -0.5494 0.1489 0.8222
vn 0.3784 0.1489 0.9136
vn -0.9888 0.1489 -0.0000
vn -0.9698 0.1489 0.1929
vn -0.6992 0.1489 -0.6992
vn -0.8222 0.1489 -0.5494
vn 0.8222 0.1489 -0.5494
vn -0.9136 0.1489 -0.3784
vn -0.9698 0.1489 -0.1929
vn -0.0000 0.1489 -0.9888
vn -0.5494 0.1489 -0.8222
vn 0.3827 -0.0000 -0.9239
vn 0.3166 -0.5616 -0.7644
vn 0.1614 -0.5616 -0.8115
vn 0.1951 -0.0000 -0.9808
vn -0.5556 -0.0000 0.8315
vn -0.4597 -0.5616 0.6880
vn -0.3166 -0.5616 0.7644
vn -0.3827 -0.0000 0.9239
vn -0.1951 -0.0000 0.9808
vn -0.1614 -0.5616 0.8115
vn -0.0000 -0.5616 0.8274
vn -0.0000 -0.0000 1.0000
vn -0.5556 -0.0000 -0.8315
vn -0.4597 -0.5616 -0.6880
vn -0.0000 -0.5616 -0.8274
vn -0.0000 -0.0000 -1.0000
vn -0.1951 -0.0000 -0.9808
vn -0.1614 -0.5616 -0.8115
vn -0.3166 -0.5616 -0.7644
vn -0.3827 -0.0000 -0.9239
vn 0.1614 -0.5616 0.8115
vn 0.1951 -0.0000 0.9808
vn -0.7071 -0.0000 0.7071
vn -0.5851 -0.5616 0.5851
vn -0.7644 -0.5616 -0.3166
vn -0.9239 -0.0000 -0.3827
vn 1.0000 -0.0000 -0.0000
vn 0.8274 -0.5616 -0.0000
vn 0.8115 -0.5616 -0.1614
vn 0.9808 -0.0000 -0.1951
vn 0.5851 -0.5616 0.5851
vn 0.7071 -0.0000 0.7071
vn -0.8115 -0.5616 -0.1614
vn -0.9808 -0.0000 -0.1951
vn 0.7644 -0.5616 -0.3166
vn 0.9239 -0.0000 -0.3827
vn 0.9808 -0.0000 0.1951
vn 0.8115 -0.5616 0.1614
vn -0.8274 -0.5616 -0.0000
vn -1.0000 -0.0000 -0.0000
vn 0.6880 -0.5616 -0.4597
vn 0.8315 -0.0000 -0.5556
vn 0.9239 -0.0000 0.3827
vn 0.7644 -0.5616 0.3166
vn -0.8115 -0.5616 0.1614
vn -0.9808 -0.0000 0.1951
vn 0.8315 -0.0000 0.5556
vn 0.6880 -0.5616 0.4597
vn -0.7644 -0.5616 0.3166
vn -0.9239 -0.0000 0.3827
vn -0.6880 -0.5616 0.4597
vn -0.8315 -0.0000 0.5556
vn -0.7069 -0.0216 0.7069
vn -0.9806 -0.0216 -0.1950
vn -0.0000 -0.0216 -0.9998
vn 0.8313 -0.0216 0.5554
vn 0.8301 -0.0573 0.5547
vn -0.0000 -0.0573 -0.9984
vn -0.7059 -0.0573 0.7059
vn -0.7059 0.0573 -0.7059
vn 0.9792 0.0573 -0.1948
vn 0.9984 0.0573 -0.0000
vn 0.3821 0.0573 -0.9224
vn 0.5547 0.0573 -0.8301
vn 0.9224 0.0573 -0.3821
vn -0.9792 0.0573 -0.1948
vn -0.9984 0.0573 -0.0000
vn -0.9792 -0.0573 -0.1948
vn -0.1948 -0.0573 -0.9792
vn -0.2127 0.9537 -0.2127
vn -0.1671 0.9537 -0.2501
vn -0.1151 0.9537 0.2779
vn -0.1671 0.9537 0.2501
vn -0.0587 0.9537 0.2950
vn -0.1151 0.9537 -0.2779
vn 0.2501 0.9537 -0.1671
vn 0.2779 0.9537 -0.1151
vn 0.2950 0.9537 -0.0587
vn -0.2501 0.9537 0.1671
vn -0.2779 0.9537 0.1151
vn -0.2127 0.9537 0.2127
vn -0.2501 0.9537 -0.1671
vn 0.2501 0.9537 0.1671
vn 0.2127 0.9537 0.2127
vn -0.2950 0.9537 0.0587
vn -0.3008 0.9537 -0.0000
vn 0.1671 0.9537 0.2501
vn 0.1151 0.9537 0.2779
vn 0.0587 0.9537 -0.2950
vn 0.1151 0.9537 -0.2779
vn -0.2950 0.9537 -0.0587
vn -0.2779 0.9537 -0.1151
vn 0.1671 0.9537 -0.2501
vn 0.2127 0.9537 -0.2127
vn 0.2950 0.9537 0.0587
vn 0.2779 0.9537 0.1151
vn 0.3008 0.9537 -0.0000
vn -0.0000 0.9537 0.3008
vn 0.0587 0.9537 0.2950
vn 0.1391 -0.9316 -0.3358
vn 0.2019 -0.9316 -0.3022
vn 0.3304 -0.8039 -0.4946
vn -0.1475 -0.9641 0.2208
vn -0.1016 -0.9641 0.2454
vn -0.1475 -0.9641 -0.2208
vn -0.1878 -0.9641 -0.1878
vn 0.1878 -0.9641 -0.1878
vn 0.1475 -0.9641 -0.2208
vn 0.0518 -0.9641 -0.2605
vn -0.0000 -0.9641 -0.2656
vn 0.2454 -0.9641 0.1016
vn 0.2605 -0.9641 0.0518
vn 0.2605 -0.9641 -0.0518
vn 0.2454 -0.9641 -0.1016
vn 0.2208 -0.9641 -0.1475
vn 0.1475 -0.9641 0.2208
vn 0.1878 -0.9641 0.1878
vn 0.0518 -0.9641 0.2605
vn 0.1016 -0.9641 0.2454
vn -0.2656 -0.9641 -0.0000
vn -0.2605 -0.9641 0.0518
vn -0.0000 -0.9641 0.2656
vn -0.1016 -0.9641 -0.2454
vn 0.1016 -0.9641 -0.2454
vn 0.2208 -0.9641 0.1475
vn -0.0518 -0.9641 -0.2605
vn -0.0518 -0.9641 0.2605
vn -0.2019 -0.9316 -0.3022
vn -0.2570 -0.9316 -0.2570
vn -0.2454 -0.9641 -0.1016
vn -0.2605 -0.9641 -0.0518
vn 0.2656 -0.9641 -0.0000
vn -0.2208 -0.9641 0.1475
vn -0.1878 -0.9641 0.1878
vn -0.2454 -0.9641 0.1016
vn -0.2208 -0.9641 -0.1475
vn 0.3358 -0.9316 0.1391
vn 0.3565 -0.9316 0.0709
vn 0.3358 -0.9316 -0.1391
vn 0.3022 -0.9316 -0.2019
vn 0.0709 -0.9316 -0.3565
vn -0.0000 -0.9316 -0.3634
vn -0.3565 -0.9316 0.0709
vn -0.3358 -0.9316 0.1391
vn -0.0709 -0.9316 -0.3565
vn -0.1391 -0.9316 -0.3358
vn -0.3358 -0.9316 -0.1391
vn -0.3565 -0.9316 -0.0709
vn 0.0709 -0.9316 0.3565
vn 0.1391 -0.9316 0.3358
vn 0.3634 -0.9316 -0.0000
vn 0.3565 -0.9316 -0.0709
vn -0.0000 -0.9316 0.3634
vn 0.2570 -0.9316 0.2570
vn 0.3022 -0.9316 0.2019
vn 0.2570 -0.9316 -0.2570
vn -0.3022 -0.9316 0.2019
vn -0.2570 -0.9316 0.2570
vn 0.2019 -0.9316 0.3022
vn -0.3022 -0.9316 -0.2019
vn -0.0709 -0.9316 0.3565
vn -0.3634 -0.9316 -0.0000
vn -0.2019 -0.9316 0.3022
vn -0.1391 -0.9316 0.3358
vn 0.6664 -0.7337 0.1325
vn 0.6794 -0.7337 -0.0000
vn 0.5948 -0.8039 -0.0000
vn 0.5834 -0.8039 0.1160
vn -0.6277 -0.7337 -0.2600
vn -0.6664 -0.7337 -0.1325
vn -0.5834 -0.8039 -0.1160
vn -0.5495 -0.8039 -0.2276
vn 0.6664 -0.7337 -0.1325
vn 0.5834 -0.8039 -0.1160
vn 0.5649 -0.7337 0.3775
vn 0.6277 -0.7337 0.2600
vn 0.5495 -0.8039 0.2276
vn 0.4946 -0.8039 0.3304
vn 0.2600 -0.7337 0.6277
vn 0.3775 -0.7337 0.5649
vn 0.3304 -0.8039 0.4946
vn 0.2276 -0.8039 0.5495
vn -0.2600 -0.7337 0.6277
vn -0.1325 -0.7337 0.6664
vn -0.1160 -0.8039 0.5834
vn -0.2276 -0.8039 0.5495
vn -0.4804 -0.7337 -0.4804
vn -0.5649 -0.7337 -0.3775
vn -0.4946 -0.8039 -0.3304
vn -0.4206 -0.8039 -0.4206
vn 0.6277 -0.7337 -0.2600
vn 0.5649 -0.7337 -0.3775
vn 0.4946 -0.8039 -0.3304
vn 0.5495 -0.8039 -0.2276
vn -0.6277 -0.7337 0.2600
vn -0.5649 -0.7337 0.3775
vn -0.4946 -0.8039 0.3304
vn -0.5495 -0.8039 0.2276
vn 0.4804 -0.7337 -0.4804
vn 0.3775 -0.7337 -0.5649
vn 0.4206 -0.8039 -0.4206
vn -0.0000 -0.7337 0.6794
vn 0.1325 -0.7337 0.6664
vn 0.1160 -0.8039 0.5834
vn -0.0000 -0.8039 0.5948
vn -0.6664 -0.7337 0.1325
vn -0.5834 -0.8039 0.1160
vn -0.1325 -0.7337 -0.6664
vn -0.1160 -0.8039 -0.5834
vn -0.0000 -0.8039 -0.5948
vn -0.3775 -0.7337 0.5649
vn -0.3304 -0.8039 0.4946
vn 0.4804 -0.7337 0.4804
vn 0.4206 -0.8039 0.4206
vn -0.2600 -0.7337 -0.6277
vn -0.2276 -0.8039 -0.5495
vn -0.3775 -0.7337 -0.5649
vn -0.3304 -0.8039 -0.4946
vn -0.4804 -0.7337 0.4804
vn -0.4206 -0.8039 0.4206
vn -0.6794 -0.7337 -0.0000
vn -0.5948 -0.8039 -0.0000
vn -0.3967 -0.8278 -0.3967
vn -0.4664 -0.8278 -0.3117
vn -0.0000 -0.9801 -0.1984
vn -0.0387 -0.9801 -0.1946
vn -0.1094 -0.8278 -0.5502
vn -0.5183 -0.8278 -0.2147
vn -0.5502 -0.8278 -0.1094
vn 0.5183 -0.8278 -0.2147
vn 0.1833 -0.9801 -0.0759
vn 0.1650 -0.9801 -0.1102
vn 0.4664 -0.8278 -0.3117
vn 0.4664 -0.8278 0.3117
vn 0.5183 -0.8278 0.2147
vn 0.3967 -0.8278 0.3967
vn 0.1403 -0.9801 0.1403
vn 0.1650 -0.9801 0.1102
vn 0.5610 -0.8278 -0.0000
vn 0.5502 -0.8278 -0.1094
vn 0.1833 -0.9801 0.0759
vn -0.3117 -0.8278 -0.4664
vn -0.1102 -0.9801 -0.1650
vn -0.1403 -0.9801 -0.1403
vn -0.0000 -0.8278 0.5610
vn 0.1094 -0.8278 0.5502
vn -0.0759 -0.9801 -0.1833
vn -0.2147 -0.8278 -0.5183
vn 0.0387 -0.9801 0.1946
vn 0.0759 -0.9801 0.1833
vn 0.2147 -0.8278 0.5183
vn -0.1946 -0.9801 -0.0387
vn -0.1984 -0.9801 -0.0000
vn -0.5610 -0.8278 -0.0000
vn 0.5502 -0.8278 0.1094
vn 0.1946 -0.9801 0.0387
vn 0.1984 -0.9801 -0.0000
vn 0.3117 -0.8278 0.4664
vn -0.2147 -0.8278 0.5183
vn -0.0759 -0.9801 0.1833
vn -0.0387 -0.9801 0.1946
vn -0.1094 -0.8278 0.5502
vn -0.1650 -0.9801 -0.1102
vn -0.3967 -0.8278 0.3967
vn -0.1403 -0.9801 0.1403
vn -0.1102 -0.9801 0.1650
vn -0.3117 -0.8278 0.4664
vn -0.5502 -0.8278 0.1094
vn -0.1946 -0.9801 0.0387
vn -0.1833 -0.9801 0.0759
vn -0.5183 -0.8278 0.2147
vn -0.1833 -0.9801 -0.0759
vn -0.0000 -0.9801 0.1984
vn 0.1403 -0.9801 -0.1403
vn 0.3967 -0.8278 -0.3967
vn 0.1102 -0.9801 0.1650
vn 0.0387 -0.9801 -0.1946
vn -0.4664 -0.8278 0.3117
vn -0.1650 -0.9801 0.1102
vn 0.1946 -0.9801 -0.0387
vt 0.575093 0.499996
vt 0.584668 0.499996
vt 0.584668 0.531113
vt 0.575093 0.531113
vt 0.575093 0.562230
vt 0.584668 0.562230
vt 0.584668 0.593347
vt 0.575093 0.593347
vt 0.575093 0.313295
vt 0.584668 0.313295
vt 0.584668 0.344412
vt 0.575093 0.344412
vt 0.584668 0.624464
vt 0.575093 0.624464
vt 0.575093 0.406646
vt 0.584668 0.406646
vt 0.584668 0.437763
vt 0.575093 0.437763
vt 0.575093 0.375529
vt 0.584668 0.375529
vt 0.575093 0.655581
vt 0.584668 0.655581
vt 0.584668 0.686698
vt 0.575093 0.686698
vt 0.575093 0.717815
vt 0.584668 0.717815
vt 0.584668 0.748932
vt 0.575093 0.748932
vt 0.575093 0.811166
vt 0.584668 0.811166
vt 0.584668 0.842283
vt 0.575093 0.842283
vt 0.575093 0.873400
vt 0.584668 0.873400
vt 0.584668 0.904517
vt 0.575093 0.904517
vt 0.584668 0.935634
vt 0.575093 0.935634
vt 0.575093 0.064359
vt 0.584668 0.064359
vt 0.584668 0.095476
vt 0.575093 0.095476
vt 0.584668 0.468879
vt 0.575093 0.468879
vt 0.575093 0.033242
vt 0.584668 0.033242
vt 0.575093 0.157710
vt 0.584668 0.157710
vt 0.584668 0.188827
vt 0.575093 0.188827
vt 0.584668 0.966751
vt 0.575093 0.966751
vt 0.575093 0.126593
vt 0.584668 0.126593
vt 0.584668 0.219944
vt 0.575093 0.219944
vt 0.575093 0.002126
vt 0.584668 0.002126
vt 0.584668 0.780049
vt 0.575093 0.780049
vt 0.575093 0.251061
vt 0.584668 0.251061
vt 0.584668 0.282178
vt 0.575093 0.282178
vt 0.405441 0.327903
vt 0.367758 0.327903
vt 0.367758 0.324842
vt 0.405441 0.324842
vt 0.584668 0.997868
vt 0.575093 0.997868
vt 0.503388 0.076232
vt 0.531407 0.076232
vt 0.531407 0.094758
vt 0.503388 0.094758
vt 0.503388 0.372641
vt 0.531407 0.372641
vt 0.531407 0.391166
vt 0.503388 0.391166
vt 0.503388 0.224436
vt 0.531407 0.224436
vt 0.531407 0.242962
vt 0.503388 0.242962
vt 0.503388 0.002130
vt 0.531407 0.002130
vt 0.531407 0.020656
vt 0.503388 0.020656
vt 0.503388 0.131809
vt 0.531407 0.131809
vt 0.531407 0.150334
vt 0.503388 0.150334
vt 0.877617 0.072965
vt 0.887510 0.073966
vt 0.887510 0.076333
vt 0.877605 0.077281
vt 0.503388 0.502320
vt 0.531407 0.502320
vt 0.531407 0.520845
vt 0.503388 0.520845
vt 0.503388 0.057707
vt 0.531407 0.057707
vt 0.503388 0.354115
vt 0.531407 0.354115
vt 0.531407 0.039181
vt 0.503388 0.039181
vt 0.503388 0.539371
vt 0.531407 0.539371
vt 0.531407 0.557896
vt 0.503388 0.557896
vt 0.503388 0.446743
vt 0.531407 0.446743
vt 0.531407 0.465268
vt 0.503388 0.465268
vt 0.531407 0.409692
vt 0.503388 0.409692
vt 0.503388 0.113283
vt 0.531407 0.113283
vt 0.503388 0.298539
vt 0.531407 0.298539
vt 0.531407 0.317064
vt 0.503388 0.317064
vt 0.503388 0.205911
vt 0.531407 0.205911
vt 0.503388 0.280013
vt 0.531407 0.280013
vt 0.503388 0.168860
vt 0.531407 0.168860
vt 0.531407 0.187385
vt 0.503388 0.187385
vt 0.503388 0.576422
vt 0.531407 0.576422
vt 0.531407 0.594948
vt 0.503388 0.594948
vt 0.503388 0.261488
vt 0.531407 0.261488
vt 0.503388 0.428217
vt 0.531407 0.428217
vt 0.503388 0.335590
vt 0.531407 0.335590
vt 0.503388 0.483794
vt 0.531407 0.483794
vt 0.570837 0.372641
vt 0.570837 0.391166
vt 0.570837 0.298539
vt 0.570837 0.317064
vt 0.570837 0.168860
vt 0.570837 0.187385
vt 0.570837 0.354115
vt 0.997470 0.066325
vt 0.995951 0.066325
vt 0.995951 0.053485
vt 0.997470 0.053485
vt 0.570837 0.094758
vt 0.570837 0.113283
vt 0.570837 0.539371
vt 0.570837 0.557896
vt 0.570837 0.131809
vt 0.570837 0.150334
vt 0.570837 0.446743
vt 0.570837 0.465268
vt 0.570837 0.502320
vt 0.570837 0.520845
vt 0.570837 0.483794
vt 0.570837 0.205911
vt 0.570837 0.076232
vt 0.570837 0.280013
vt 0.570837 0.428217
vt 0.570837 0.576422
vt 0.570837 0.594948
vt 0.570837 0.057707
vt 0.570837 0.002130
vt 0.570837 0.020656
vt 0.570837 0.224436
vt 0.570837 0.039181
vt 0.570837 0.242962
vt 0.570837 0.261488
vt 0.570837 0.409692
vt 0.570837 0.335590
vt 0.151968 0.360403
vt 0.151968 0.330378
vt 0.161957 0.330378
vt 0.161957 0.360403
vt 0.022105 0.360403
vt 0.022105 0.330378
vt 0.032094 0.330378
vt 0.032094 0.360403
vt 0.241873 0.360403
vt 0.241873 0.330378
vt 0.251863 0.330378
vt 0.251863 0.360403
vt 0.291821 0.360403
vt 0.291821 0.330378
vt 0.301810 0.330378
vt 0.301810 0.360403
vt 0.271842 0.360403
vt 0.271842 0.330378
vt 0.281831 0.330378
vt 0.281831 0.360403
vt 0.201915 0.360403
vt 0.201915 0.330378
vt 0.211905 0.330378
vt 0.211905 0.360403
vt 0.072052 0.360403
vt 0.072052 0.330378
vt 0.082042 0.330378
vt 0.082042 0.360403
vt 0.121999 0.360403
vt 0.121999 0.330378
vt 0.131989 0.330378
vt 0.131989 0.360403
vt 0.261852 0.330378
vt 0.261852 0.360403
vt 0.141978 0.360403
vt 0.141978 0.330378
vt 0.311800 0.360403
vt 0.311800 0.330378
vt 0.321789 0.330378
vt 0.321789 0.360403
vt 0.102021 0.360403
vt 0.102021 0.330378
vt 0.112010 0.330378
vt 0.112010 0.360403
vt 0.181936 0.360403
vt 0.181936 0.330378
vt 0.191926 0.330378
vt 0.191926 0.360403
vt 0.157445 0.132128
vt 0.157445 0.164627
vt 0.141914 0.164627
vt 0.141914 0.132128
vt 0.171947 0.330378
vt 0.171947 0.360403
vt 0.042084 0.330378
vt 0.042084 0.360403
vt 0.221894 0.360403
vt 0.221894 0.330378
vt 0.231884 0.330378
vt 0.231884 0.360403
vt 0.012115 0.360403
vt 0.012115 0.330378
vt 0.062063 0.360403
vt 0.062063 0.330378
vt 0.052073 0.330378
vt 0.052073 0.360403
vt 0.092031 0.330378
vt 0.092031 0.360403
vt 0.274874 0.510340
vt 0.263015 0.510340
vt 0.263015 0.484964
vt 0.274874 0.484964
vt 0.002126 0.360403
vt 0.002126 0.330378
vt 0.002126 0.480501
vt 0.002126 0.450477
vt 0.012115 0.450477
vt 0.012115 0.480501
vt 0.052073 0.480501
vt 0.052073 0.450477
vt 0.062063 0.450477
vt 0.062063 0.480501
vt 0.281831 0.480501
vt 0.281831 0.450477
vt 0.291821 0.450477
vt 0.291821 0.480501
vt 0.161957 0.480501
vt 0.161957 0.450477
vt 0.171947 0.450477
vt 0.171947 0.480501
vt 0.112010 0.480501
vt 0.112010 0.450477
vt 0.121999 0.450477
vt 0.121999 0.480501
vt 0.141914 0.034630
vt 0.141914 0.067129
vt 0.126382 0.067129
vt 0.126382 0.034630
vt 0.032094 0.480501
vt 0.032094 0.450477
vt 0.042084 0.450477
vt 0.042084 0.480501
vt 0.072052 0.480501
vt 0.072052 0.450477
vt 0.082042 0.450477
vt 0.082042 0.480501
vt 0.201915 0.480501
vt 0.201915 0.450477
vt 0.211905 0.450477
vt 0.211905 0.480501
vt 0.251863 0.480501
vt 0.251863 0.450477
vt 0.261852 0.450477
vt 0.261852 0.480501
vt 0.301810 0.450477
vt 0.301810 0.480501
vt 0.241873 0.480501
vt 0.241873 0.450477
vt 0.311800 0.480501
vt 0.311800 0.450477
vt 0.321789 0.450477
vt 0.321789 0.480501
vt 0.181936 0.450477
vt 0.181936 0.480501
vt 0.191926 0.480501
vt 0.191926 0.450477
vt 0.092031 0.450477
vt 0.092031 0.480501
vt 0.102020 0.480501
vt 0.102020 0.450477
vt 0.271842 0.450477
vt 0.271842 0.480501
vt 0.231884 0.480501
vt 0.231884 0.450477
vt 0.131989 0.480501
vt 0.131989 0.450477
vt 0.141978 0.450477
vt 0.141978 0.480501
vt 0.022105 0.450477
vt 0.022105 0.480501
vt 0.221894 0.480501
vt 0.221894 0.450477
vt 0.151968 0.480501
vt 0.151968 0.450477
vt 0.022105 0.300354
vt 0.032094 0.300354
vt 0.151968 0.300354
vt 0.161957 0.300354
vt 0.042084 0.300354
vt 0.102021 0.300354
vt 0.112010 0.300354
vt 0.002126 0.300354
vt 0.012115 0.300354
vt 0.211905 0.300354
vt 0.221894 0.300354
vt 0.082042 0.300354
vt 0.092031 0.300354
vt 0.201915 0.300354
vt 0.291821 0.300354
vt 0.301810 0.300354
vt 0.121999 0.300354
vt 0.052073 0.300354
vt 0.062063 0.300354
vt 0.281831 0.300354
vt 0.120714 0.544453
vt 0.108856 0.544453
vt 0.108856 0.510340
vt 0.120714 0.510340
vt 0.141978 0.300354
vt 0.311800 0.300354
vt 0.321789 0.300354
vt 0.191926 0.300354
vt 0.131989 0.300354
vt 0.072052 0.300354
vt 0.261852 0.300354
vt 0.271842 0.300354
vt 0.231884 0.300354
vt 0.241873 0.300354
vt 0.251863 0.300354
vt 0.181936 0.300354
vt 0.171947 0.300354
vt 0.770123 0.101539
vt 0.770123 0.104923
vt 0.765692 0.104923
vt 0.765692 0.101539
vt 0.756831 0.101539
vt 0.756831 0.104923
vt 0.752401 0.104923
vt 0.752401 0.101539
vt 0.739109 0.101539
vt 0.739109 0.104923
vt 0.734678 0.104923
vt 0.734678 0.101539
vt 0.761262 0.104923
vt 0.761262 0.101539
vt 0.096998 0.510340
vt 0.096998 0.484964
vt 0.108856 0.484964
vt 0.721386 0.101539
vt 0.721386 0.104923
vt 0.716956 0.104923
vt 0.716956 0.101539
vt 0.778984 0.101539
vt 0.778984 0.104923
vt 0.774554 0.104923
vt 0.774554 0.101539
vt 0.747970 0.101539
vt 0.747970 0.104923
vt 0.743539 0.104923
vt 0.743539 0.101539
vt 0.712525 0.101539
vt 0.712525 0.104923
vt 0.708094 0.104923
vt 0.708094 0.101539
vt 0.703664 0.104923
vt 0.703664 0.101539
vt 0.783415 0.101539
vt 0.783415 0.104923
vt 0.805568 0.101539
vt 0.805568 0.104923
vt 0.801137 0.104923
vt 0.801137 0.101539
vt 0.796707 0.101539
vt 0.796707 0.104923
vt 0.792276 0.104923
vt 0.792276 0.101539
vt 0.809998 0.101539
vt 0.809998 0.104923
vt 0.690372 0.101539
vt 0.690372 0.104923
vt 0.685941 0.104923
vt 0.685941 0.101539
vt 0.818860 0.101539
vt 0.818860 0.104923
vt 0.814429 0.104923
vt 0.814429 0.101539
vt 0.681511 0.101539
vt 0.681511 0.104923
vt 0.677080 0.104923
vt 0.677080 0.101539
vt 0.787845 0.101539
vt 0.787845 0.104923
vt 0.730248 0.104923
vt 0.730248 0.101539
vt 0.699233 0.101539
vt 0.699233 0.104923
vt 0.694803 0.104923
vt 0.694803 0.101539
vt 0.725817 0.101539
vt 0.725817 0.104923
vt 0.747970 0.109384
vt 0.743539 0.109384
vt 0.447164 0.331342
vt 0.449544 0.331342
vt 0.449544 0.339090
vt 0.447164 0.339090
vt 0.685941 0.109384
vt 0.681511 0.109384
vt 0.690372 0.109384
vt 0.447164 0.393328
vt 0.449544 0.393328
vt 0.449544 0.401076
vt 0.447164 0.401076
vt 0.699233 0.109384
vt 0.694803 0.109384
vt 0.703664 0.109384
vt 0.708094 0.109384
vt 0.712525 0.109384
vt 0.716956 0.109384
vt 0.721386 0.109384
vt 0.725817 0.109384
vt 0.730248 0.109384
vt 0.734678 0.109384
vt 0.274874 0.567013
vt 0.263015 0.567013
vt 0.263015 0.544453
vt 0.274874 0.544453
vt 0.818860 0.109384
vt 0.814429 0.109384
vt 0.739109 0.109384
vt 0.752401 0.109384
vt 0.756831 0.109384
vt 0.761262 0.109384
vt 0.765692 0.109384
vt 0.770123 0.109384
vt 0.774554 0.109384
vt 0.778984 0.109384
vt 0.783415 0.109384
vt 0.447164 0.501803
vt 0.449544 0.501803
vt 0.449544 0.509551
vt 0.447164 0.509551
vt 0.787845 0.109384
vt 0.796707 0.109384
vt 0.792276 0.109384
vt 0.801137 0.109384
vt 0.805568 0.109384
vt 0.809998 0.109384
vt 0.421475 0.002131
vt 0.421475 0.034630
vt 0.405944 0.034630
vt 0.405944 0.002131
vt 0.809998 0.112447
vt 0.805568 0.112447
vt 0.699233 0.112447
vt 0.694803 0.112447
vt 0.743539 0.112447
vt 0.739109 0.112447
vt 0.778984 0.112447
vt 0.774554 0.112447
vt 0.770123 0.112447
vt 0.690372 0.112447
vt 0.685941 0.112447
vt 0.801137 0.112447
vt 0.796707 0.112447
vt 0.814429 0.112447
vt 0.792276 0.112447
vt 0.787845 0.112447
vt 0.716956 0.112447
vt 0.712525 0.112447
vt 0.708094 0.112447
vt 0.721386 0.112447
vt 0.747970 0.112447
vt 0.818860 0.112447
vt 0.681511 0.112447
vt 0.677080 0.112447
vt 0.677080 0.109384
vt 0.783415 0.112447
vt 0.734678 0.112447
vt 0.730248 0.112447
vt 0.765692 0.112447
vt 0.761262 0.112447
vt 0.725817 0.112447
vt 0.703664 0.112447
vt 0.756831 0.112447
vt 0.752401 0.112447
vt 0.928631 0.002126
vt 0.928631 0.043164
vt 0.924689 0.043164
vt 0.924689 0.002126
vt 0.920748 0.043164
vt 0.920748 0.002126
vt 0.904981 0.002126
vt 0.904981 0.043164
vt 0.901040 0.043164
vt 0.901040 0.002126
vt 0.916806 0.002126
vt 0.916806 0.043164
vt 0.912865 0.043164
vt 0.912865 0.002126
vt 0.869507 0.002126
vt 0.869507 0.043164
vt 0.865565 0.043164
vt 0.865565 0.002126
vt 0.956222 0.002126
vt 0.956222 0.043164
vt 0.952281 0.043164
vt 0.952281 0.002126
vt 0.877390 0.002126
vt 0.877390 0.043164
vt 0.873448 0.043164
vt 0.873448 0.002126
vt 0.893156 0.002126
vt 0.893156 0.043164
vt 0.889215 0.043164
vt 0.889215 0.002126
vt 0.964106 0.002126
vt 0.964106 0.043164
vt 0.960164 0.043164
vt 0.960164 0.002126
vt 0.968047 0.002126
vt 0.968047 0.043164
vt 0.908923 0.043164
vt 0.908923 0.002126
vt 0.885273 0.002126
vt 0.885273 0.043164
vt 0.881332 0.043164
vt 0.881332 0.002126
vt 0.897098 0.043164
vt 0.897098 0.002126
vt 0.979872 0.002126
vt 0.979872 0.043164
vt 0.975930 0.043164
vt 0.975930 0.002126
vt 0.987755 0.002126
vt 0.987755 0.043164
vt 0.983814 0.043164
vt 0.983814 0.002126
vt 0.948339 0.002126
vt 0.948339 0.043164
vt 0.944397 0.043164
vt 0.944397 0.002126
vt 0.991697 0.002126
vt 0.991697 0.043164
vt 0.940456 0.002126
vt 0.940456 0.043164
vt 0.936514 0.043164
vt 0.936514 0.002126
vt 0.932573 0.002126
vt 0.932573 0.043164
vt 0.971989 0.043164
vt 0.971989 0.002126
vt 0.776185 0.010151
vt 0.776185 0.002136
vt 0.784697 0.002136
vt 0.784697 0.010151
vt 0.887930 0.101538
vt 0.887930 0.104807
vt 0.884330 0.104807
vt 0.884330 0.101538
vt 0.877130 0.101538
vt 0.877130 0.104807
vt 0.873529 0.104807
vt 0.873529 0.101538
vt 0.869929 0.101538
vt 0.869929 0.104807
vt 0.866329 0.104807
vt 0.866329 0.101538
vt 0.895130 0.101538
vt 0.895130 0.104807
vt 0.891530 0.104807
vt 0.891530 0.101538
vt 0.931131 0.101538
vt 0.931131 0.104807
vt 0.927531 0.104807
vt 0.927531 0.101538
vt 0.841129 0.101538
vt 0.841129 0.104807
vt 0.837529 0.104807
vt 0.837529 0.101538
vt 0.905930 0.101538
vt 0.905930 0.104807
vt 0.902330 0.104807
vt 0.902330 0.101538
vt 0.909530 0.101538
vt 0.909530 0.104807
vt 0.913130 0.101538
vt 0.913130 0.104807
vt 0.916730 0.101538
vt 0.916730 0.104807
vt 0.920331 0.101538
vt 0.920331 0.104807
vt 0.851929 0.101538
vt 0.851929 0.104807
vt 0.848329 0.104807
vt 0.848329 0.101538
vt 0.862729 0.101538
vt 0.862729 0.104807
vt 0.859129 0.104807
vt 0.859129 0.101538
vt 0.880730 0.104807
vt 0.880730 0.101538
vt 0.826728 0.101538
vt 0.826728 0.104807
vt 0.823128 0.104807
vt 0.823128 0.101538
vt 0.934731 0.101538
vt 0.934731 0.104807
vt 0.833929 0.104807
vt 0.833929 0.101538
vt 0.830329 0.104807
vt 0.830329 0.101538
vt 0.923931 0.104807
vt 0.923931 0.101538
vt 0.898730 0.104807
vt 0.898730 0.101538
vt 0.844729 0.101538
vt 0.844729 0.104807
vt 0.855529 0.101538
vt 0.855529 0.104807
vt 0.481302 0.354587
vt 0.491009 0.354587
vt 0.491009 0.362335
vt 0.481302 0.362335
vt 0.938331 0.101538
vt 0.938331 0.104807
vt 0.880730 0.108997
vt 0.877130 0.108997
vt 0.887930 0.108997
vt 0.884330 0.108997
vt 0.844729 0.108997
vt 0.841129 0.108997
vt 0.390413 0.229625
vt 0.390413 0.262124
vt 0.374882 0.262124
vt 0.374882 0.229625
vt 0.869929 0.108997
vt 0.866329 0.108997
vt 0.851929 0.108997
vt 0.848329 0.108997
vt 0.905930 0.108997
vt 0.902330 0.108997
vt 0.909530 0.108997
vt 0.898730 0.108997
vt 0.895130 0.108997
vt 0.934731 0.108997
vt 0.931131 0.108997
vt 0.920331 0.108997
vt 0.916730 0.108997
vt 0.891530 0.108997
vt 0.830329 0.108997
vt 0.826728 0.108997
vt 0.913130 0.108997
vt 0.938331 0.108997
vt 0.833929 0.108997
vt 0.837529 0.108997
vt 0.862729 0.108997
vt 0.859129 0.108997
vt 0.927531 0.108997
vt 0.923931 0.108997
vt 0.855529 0.108997
vt 0.873529 0.108997
vt 0.823128 0.108997
vt 0.880730 0.112495
vt 0.877130 0.112495
vt 0.873529 0.112495
vt 0.855529 0.112495
vt 0.851929 0.112495
vt 0.866329 0.112495
vt 0.862729 0.112495
vt 0.593653 0.075420
vt 0.613397 0.085925
vt 0.611892 0.089513
vt 0.590514 0.083078
vt 0.848329 0.112495
vt 0.927531 0.112495
vt 0.923931 0.112495
vt 0.909530 0.112495
vt 0.905930 0.112495
vt 0.913130 0.112495
vt 0.916730 0.112495
vt 0.902330 0.112495
vt 0.920331 0.112495
vt 0.898730 0.112495
vt 0.895130 0.112495
vt 0.891530 0.112495
vt 0.887930 0.112495
vt 0.934731 0.112495
vt 0.931131 0.112495
vt 0.884330 0.112495
vt 0.938331 0.112495
vt 0.833929 0.112495
vt 0.830329 0.112495
vt 0.841129 0.112495
vt 0.837529 0.112495
vt 0.844729 0.112495
vt 0.869929 0.112495
vt 0.859129 0.112495
vt 0.826728 0.112495
vt 0.823128 0.112495
vt 0.442905 0.349332
vt 0.405441 0.349332
vt 0.405441 0.346271
vt 0.442905 0.346271
vt 0.442905 0.321781
vt 0.405441 0.321781
vt 0.405441 0.318720
vt 0.442905 0.318720
vt 0.442905 0.358516
vt 0.405441 0.358516
vt 0.405441 0.355455
vt 0.442905 0.355455
vt 0.442905 0.398312
vt 0.405441 0.398312
vt 0.405441 0.395251
vt 0.442905 0.395251
vt 0.442905 0.364638
vt 0.405441 0.364638
vt 0.405441 0.361577
vt 0.442905 0.361577
vt 0.442905 0.386067
vt 0.405441 0.386067
vt 0.405441 0.383006
vt 0.442905 0.383006
vt 0.442905 0.370761
vt 0.405441 0.370761
vt 0.405441 0.367699
vt 0.442905 0.367699
vt 0.442905 0.327903
vt 0.442905 0.324842
vt 0.442905 0.376883
vt 0.405441 0.376883
vt 0.405441 0.373822
vt 0.442905 0.373822
vt 0.442905 0.379944
vt 0.405441 0.379944
vt 0.442905 0.392189
vt 0.405441 0.392189
vt 0.405441 0.389128
vt 0.442905 0.389128
vt 0.405441 0.343210
vt 0.442905 0.343210
vt 0.442905 0.309536
vt 0.405441 0.309536
vt 0.405441 0.306475
vt 0.442905 0.306475
vt 0.442905 0.352393
vt 0.405441 0.352393
vt 0.442905 0.340148
vt 0.405441 0.340148
vt 0.405441 0.337087
vt 0.442905 0.337087
vt 0.405441 0.334026
vt 0.442905 0.334026
vt 0.405441 0.330965
vt 0.442905 0.330965
vt 0.442905 0.312597
vt 0.405441 0.312597
vt 0.405441 0.315658
vt 0.442905 0.315658
vt 0.405441 0.303414
vt 0.442905 0.303414
vt 0.341618 0.373822
vt 0.333106 0.373822
vt 0.333106 0.370761
vt 0.341618 0.370761
vt 0.405441 0.300352
vt 0.442905 0.300352
vt 0.367758 0.352393
vt 0.367758 0.349332
vt 0.367758 0.355455
vt 0.367758 0.306475
vt 0.367758 0.303414
vt 0.367758 0.389128
vt 0.367758 0.386067
vt 0.367758 0.373822
vt 0.367758 0.370761
vt 0.367758 0.340148
vt 0.367758 0.337087
vt 0.367758 0.367699
vt 0.367758 0.330965
vt 0.367758 0.376883
vt 0.367758 0.364638
vt 0.367758 0.361577
vt 0.367758 0.321781
vt 0.367758 0.318720
vt 0.367758 0.334026
vt 0.367758 0.392189
vt 0.367758 0.346271
vt 0.367758 0.398312
vt 0.367758 0.395251
vt 0.172976 0.164627
vt 0.172976 0.197126
vt 0.157445 0.197126
vt 0.367758 0.383006
vt 0.367758 0.309536
vt 0.367758 0.379944
vt 0.367758 0.343210
vt 0.367758 0.358516
vt 0.367758 0.315658
vt 0.367758 0.312597
vt 0.367758 0.300352
vt 0.341618 0.398312
vt 0.341618 0.395251
vt 0.341618 0.392189
vt 0.341618 0.343210
vt 0.341618 0.340148
vt 0.341618 0.330965
vt 0.341618 0.327903
vt 0.341618 0.346271
vt 0.341618 0.352393
vt 0.341618 0.349332
vt 0.341618 0.389128
vt 0.341618 0.386067
vt 0.341618 0.337087
vt 0.341618 0.321781
vt 0.341618 0.318720
vt 0.341618 0.315658
vt 0.341618 0.383006
vt 0.341618 0.367699
vt 0.341618 0.364638
vt 0.341618 0.355455
vt 0.341618 0.312597
vt 0.341618 0.303414
vt 0.341618 0.300352
vt 0.341618 0.306475
vt 0.341618 0.309536
vt 0.341618 0.379944
vt 0.341618 0.376883
vt 0.341618 0.324842
vt 0.341618 0.361577
vt 0.341618 0.334026
vt 0.341618 0.358516
vt 0.333106 0.355455
vt 0.326046 0.355455
vt 0.326046 0.352393
vt 0.333106 0.352393
vt 0.333106 0.386067
vt 0.326046 0.386067
vt 0.326046 0.383006
vt 0.333106 0.383006
vt 0.333106 0.358516
vt 0.326046 0.358516
vt 0.326046 0.349332
vt 0.333106 0.349332
vt 0.326046 0.379944
vt 0.333106 0.379944
vt 0.333106 0.330965
vt 0.326046 0.330965
vt 0.326046 0.327903
vt 0.333106 0.327903
vt 0.333106 0.395251
vt 0.326046 0.395251
vt 0.326046 0.392189
vt 0.333106 0.392189
vt 0.326046 0.346271
vt 0.333106 0.346271
vt 0.333106 0.340148
vt 0.326046 0.340148
vt 0.326046 0.337087
vt 0.333106 0.337087
vt 0.333106 0.318720
vt 0.326046 0.318720
vt 0.326046 0.315658
vt 0.333106 0.315658
vt 0.333106 0.364638
vt 0.326046 0.364638
vt 0.326046 0.361577
vt 0.333106 0.361577
vt 0.333106 0.309536
vt 0.326046 0.309536
vt 0.326046 0.306475
vt 0.333106 0.306475
vt 0.333106 0.324842
vt 0.326046 0.324842
vt 0.326046 0.321781
vt 0.333106 0.321781
vt 0.326046 0.373822
vt 0.326046 0.370761
vt 0.333106 0.303414
vt 0.326046 0.303414
vt 0.326046 0.300352
vt 0.333106 0.300352
vt 0.333106 0.312597
vt 0.326046 0.312597
vt 0.333106 0.389128
vt 0.326046 0.389128
vt 0.326046 0.343210
vt 0.333106 0.343210
vt 0.333106 0.376883
vt 0.326046 0.376883
vt 0.333106 0.398312
vt 0.326046 0.398312
vt 0.333106 0.367699
vt 0.326046 0.367699
vt 0.326046 0.334026
vt 0.333106 0.334026
vt 0.823270 0.053255
vt 0.823270 0.076970
vt 0.817012 0.076970
vt 0.817012 0.053255
vt 0.867076 0.053255
vt 0.867076 0.076970
vt 0.860818 0.076970
vt 0.860818 0.053255
vt 0.791981 0.053255
vt 0.791981 0.076970
vt 0.785723 0.076970
vt 0.785723 0.053255
vt 0.716886 0.053255
vt 0.716886 0.076970
vt 0.710628 0.076970
vt 0.710628 0.053255
vt 0.829528 0.053255
vt 0.829528 0.076970
vt 0.754433 0.053255
vt 0.754433 0.076970
vt 0.748176 0.076970
vt 0.748176 0.053255
vt 0.798239 0.053255
vt 0.798239 0.076970
vt 0.704370 0.053255
vt 0.704370 0.076970
vt 0.698112 0.076970
vt 0.698112 0.053255
vt 0.741918 0.076970
vt 0.741918 0.053255
vt 0.685596 0.053255
vt 0.685596 0.076970
vt 0.679339 0.076970
vt 0.679339 0.053255
vt 0.854560 0.053255
vt 0.854560 0.076970
vt 0.848302 0.076970
vt 0.848302 0.053255
vt 0.842044 0.076970
vt 0.842044 0.053255
vt 0.779465 0.076970
vt 0.779465 0.053255
vt 0.723144 0.053255
vt 0.723144 0.076970
vt 0.691854 0.076970
vt 0.691854 0.053255
vt 0.673081 0.076970
vt 0.673081 0.053255
vt 0.835786 0.053255
vt 0.835786 0.076970
vt 0.873334 0.053255
vt 0.873334 0.076970
vt 0.773207 0.053255
vt 0.773207 0.076970
vt 0.766949 0.076970
vt 0.766949 0.053255
vt 0.810755 0.053255
vt 0.810755 0.076970
vt 0.804497 0.076970
vt 0.804497 0.053255
vt 0.729402 0.053255
vt 0.729402 0.076970
vt 0.735660 0.076970
vt 0.735660 0.053255
vt 0.760691 0.053255
vt 0.760691 0.076970
vt 0.725116 0.032465
vt 0.725116 0.022544
vt 0.733628 0.022544
vt 0.733628 0.032465
vt 0.648513 0.032465
vt 0.648513 0.022544
vt 0.657025 0.022544
vt 0.657025 0.032465
vt 0.742139 0.032465
vt 0.742139 0.022544
vt 0.750651 0.022544
vt 0.750651 0.032465
vt 0.622979 0.032465
vt 0.622979 0.022544
vt 0.631490 0.022544
vt 0.631490 0.032465
vt 0.682559 0.032465
vt 0.682559 0.022544
vt 0.691070 0.022544
vt 0.691070 0.032465
vt 0.767674 0.032465
vt 0.767674 0.022544
vt 0.776185 0.022544
vt 0.776185 0.032465
vt 0.759162 0.032465
vt 0.759162 0.022544
vt 0.674047 0.032465
vt 0.674047 0.022544
vt 0.810231 0.032465
vt 0.810231 0.022544
vt 0.818742 0.022544
vt 0.818742 0.032465
vt 0.801720 0.032465
vt 0.801720 0.022544
vt 0.708093 0.032465
vt 0.708093 0.022544
vt 0.716605 0.022544
vt 0.716605 0.032465
vt 0.699582 0.022544
vt 0.699582 0.032465
vt 0.793208 0.032465
vt 0.793208 0.022544
vt 0.605956 0.032465
vt 0.605956 0.022544
vt 0.614467 0.022544
vt 0.614467 0.032465
vt 0.597444 0.032465
vt 0.597444 0.022544
vt 0.374882 0.099628
vt 0.374882 0.132128
vt 0.359351 0.132128
vt 0.359351 0.099628
vt 0.665536 0.022544
vt 0.665536 0.032465
vt 0.827254 0.022544
vt 0.827254 0.032465
vt 0.784697 0.032465
vt 0.784697 0.022544
vt 0.640002 0.022544
vt 0.640002 0.032465
vt 0.835765 0.032465
vt 0.835765 0.022544
vt 0.844277 0.022544
vt 0.844277 0.032465
vt 0.852788 0.022544
vt 0.852788 0.032465
vt 0.588933 0.032465
vt 0.588933 0.022544
vt 0.861300 0.022544
vt 0.861300 0.032465
vt 0.827254 0.010151
vt 0.835765 0.010151
vt 0.750651 0.010151
vt 0.759162 0.010151
vt 0.742139 0.010151
vt 0.716605 0.010151
vt 0.725116 0.010151
vt 0.682559 0.010151
vt 0.691070 0.010151
vt 0.708093 0.010151
vt 0.699582 0.010151
vt 0.767674 0.010151
vt 0.665536 0.010151
vt 0.674047 0.010151
vt 0.801720 0.010151
vt 0.810231 0.010151
vt 0.818742 0.010151
vt 0.597444 0.010151
vt 0.605956 0.010151
vt 0.614467 0.010151
vt 0.481302 0.346838
vt 0.473011 0.354587
vt 0.473011 0.346838
vt 0.844277 0.010151
vt 0.852788 0.010151
vt 0.631490 0.010151
vt 0.640002 0.010151
vt 0.648513 0.010151
vt 0.588933 0.010151
vt 0.657025 0.010151
vt 0.793208 0.010151
vt 0.622979 0.010151
vt 0.861300 0.010151
vt 0.733628 0.010151
vt 0.716605 0.002136
vt 0.725116 0.002136
vt 0.827254 0.002136
vt 0.835765 0.002136
vt 0.708093 0.002136
vt 0.691070 0.002136
vt 0.699582 0.002136
vt 0.674047 0.002136
vt 0.682559 0.002136
vt 0.742139 0.002136
vt 0.750651 0.002136
vt 0.648513 0.002136
vt 0.657025 0.002136
vt 0.767674 0.002136
vt 0.793208 0.002136
vt 0.801720 0.002136
vt 0.640002 0.002136
vt 0.852788 0.002136
vt 0.861300 0.002136
vt 0.818742 0.002136
vt 0.605956 0.002136
vt 0.614467 0.002136
vt 0.759162 0.002136
vt 0.844277 0.002136
vt 0.588933 0.002136
vt 0.597444 0.002136
vt 0.631490 0.002136
vt 0.622979 0.002136
vt 0.810231 0.002136
vt 0.665536 0.002136
vt 0.733628 0.002136
vt 0.774765 0.096107
vt 0.774765 0.088045
vt 0.780870 0.088045
vt 0.780870 0.096107
vt 0.762555 0.096107
vt 0.762555 0.088045
vt 0.768660 0.088045
vt 0.768660 0.096107
vt 0.756450 0.096107
vt 0.756450 0.088045
vt 0.750345 0.096107
vt 0.750345 0.088045
vt 0.683188 0.096107
vt 0.683188 0.088045
vt 0.689294 0.088045
vt 0.689294 0.096107
vt 0.695399 0.096107
vt 0.695399 0.088045
vt 0.701504 0.088045
vt 0.701504 0.096107
vt 0.732029 0.096107
vt 0.732029 0.088045
vt 0.738135 0.088045
vt 0.738135 0.096107
vt 0.786976 0.096107
vt 0.786976 0.088045
vt 0.793081 0.088045
vt 0.793081 0.096107
vt 0.805291 0.096107
vt 0.805291 0.088045
vt 0.811396 0.088045
vt 0.811396 0.096107
vt 0.817501 0.096107
vt 0.817501 0.088045
vt 0.823606 0.088045
vt 0.823606 0.096107
vt 0.707609 0.096107
vt 0.707609 0.088045
vt 0.713714 0.088045
vt 0.713714 0.096107
vt 0.841922 0.096107
vt 0.841922 0.088045
vt 0.848027 0.088045
vt 0.848027 0.096107
vt 0.829711 0.096107
vt 0.829711 0.088045
vt 0.835817 0.088045
vt 0.835817 0.096107
vt 0.725924 0.096107
vt 0.725924 0.088045
vt 0.744240 0.096107
vt 0.744240 0.088045
vt 0.854132 0.096107
vt 0.854132 0.088045
vt 0.860237 0.088045
vt 0.860237 0.096107
vt 0.866342 0.096107
vt 0.866342 0.088045
vt 0.872447 0.088045
vt 0.872447 0.096107
vt 0.677083 0.096107
vt 0.677083 0.088045
vt 0.799186 0.088045
vt 0.799186 0.096107
vt 0.719819 0.096107
vt 0.719819 0.088045
vt 0.811396 0.081654
vt 0.817501 0.081654
vt 0.683188 0.081654
vt 0.689294 0.081654
vt 0.695399 0.081654
vt 0.756450 0.081654
vt 0.762555 0.081654
vt 0.725924 0.081654
vt 0.732029 0.081654
vt 0.738135 0.081654
vt 0.744240 0.081654
vt 0.707609 0.081654
vt 0.713714 0.081654
vt 0.823606 0.081654
vt 0.841922 0.081654
vt 0.848027 0.081654
vt 0.719819 0.081654
vt 0.829711 0.081654
vt 0.835817 0.081654
vt 0.750345 0.081654
vt 0.774765 0.081654
vt 0.780870 0.081654
vt 0.768660 0.081654
vt 0.866342 0.081654
vt 0.872447 0.081654
vt 0.701504 0.081654
vt 0.854132 0.081654
vt 0.860237 0.081654
vt 0.677083 0.081654
vt 0.141914 0.262124
vt 0.141914 0.294623
vt 0.126382 0.294623
vt 0.126382 0.262124
vt 0.805291 0.081654
vt 0.786976 0.081654
vt 0.799186 0.081654
vt 0.793081 0.081654
vt 0.499131 0.002131
vt 0.499131 0.034630
vt 0.483600 0.034630
vt 0.483600 0.002131
vt 0.281695 0.002131
vt 0.281695 0.034630
vt 0.266163 0.034630
vt 0.266163 0.002131
vt 0.297226 0.002131
vt 0.297226 0.034630
vt 0.157445 0.002131
vt 0.157445 0.034630
vt 0.141914 0.002131
vt 0.126382 0.002131
vt 0.048726 0.002131
vt 0.048726 0.034630
vt 0.033195 0.034630
vt 0.033195 0.002131
vt 0.390413 0.034630
vt 0.390413 0.002131
vt 0.452538 0.002131
vt 0.452538 0.034630
vt 0.437007 0.034630
vt 0.437007 0.002131
vt 0.017664 0.002131
vt 0.017664 0.034630
vt 0.002133 0.034630
vt 0.002133 0.002131
vt 0.204038 0.002131
vt 0.204038 0.034630
vt 0.188507 0.034630
vt 0.188507 0.002131
vt 0.343819 0.002131
vt 0.343819 0.034630
vt 0.328288 0.034630
vt 0.328288 0.002131
vt 0.110851 0.034630
vt 0.110851 0.002131
vt 0.374882 0.002131
vt 0.374882 0.034630
vt 0.359351 0.034630
vt 0.359351 0.002131
vt 0.468069 0.034630
vt 0.468069 0.002131
vt 0.219570 0.002131
vt 0.219570 0.034630
vt 0.250632 0.002131
vt 0.250632 0.034630
vt 0.235101 0.034630
vt 0.235101 0.002131
vt 0.095320 0.002131
vt 0.095320 0.034630
vt 0.079789 0.034630
vt 0.079789 0.002131
vt 0.064258 0.002131
vt 0.064258 0.034630
vt 0.172976 0.002131
vt 0.172976 0.034630
vt 0.312757 0.002131
vt 0.312757 0.034630
vt 0.499131 0.067129
vt 0.483600 0.067129
vt 0.281695 0.067129
vt 0.266163 0.067129
vt 0.235101 0.067129
vt 0.219570 0.067129
vt 0.343819 0.067129
vt 0.328288 0.067129
vt 0.110851 0.067129
vt 0.359351 0.067129
vt 0.312757 0.067129
vt 0.297226 0.067129
vt 0.204038 0.067129
vt 0.390413 0.067129
vt 0.374882 0.067129
vt 0.437007 0.067129
vt 0.421475 0.067129
vt 0.033195 0.067129
vt 0.017664 0.067129
vt 0.468069 0.067129
vt 0.250632 0.067129
vt 0.002133 0.067129
vt 0.188507 0.067129
vt 0.172976 0.067129
vt 0.048726 0.067129
vt 0.452538 0.067129
vt 0.079789 0.067129
vt 0.064258 0.067129
vt 0.157445 0.067129
vt 0.095320 0.067129
vt 0.405944 0.067129
vt 0.048726 0.099628
vt 0.033195 0.099628
vt 0.437007 0.099628
vt 0.421475 0.099628
vt 0.204038 0.099628
vt 0.188507 0.099628
vt 0.092031 0.420452
vt 0.102020 0.420452
vt 0.235101 0.099628
vt 0.219570 0.099628
vt 0.157445 0.099628
vt 0.141914 0.099628
vt 0.405944 0.099628
vt 0.390413 0.099628
vt 0.328288 0.099628
vt 0.312757 0.099628
vt 0.110851 0.099628
vt 0.095320 0.099628
vt 0.017664 0.099628
vt 0.297226 0.099628
vt 0.281695 0.099628
vt 0.266163 0.099628
vt 0.499131 0.099628
vt 0.483600 0.099628
vt 0.250632 0.099628
vt 0.468069 0.099628
vt 0.452538 0.099628
vt 0.002133 0.099628
vt 0.172976 0.099628
vt 0.064258 0.099628
vt 0.126382 0.099628
vt 0.343819 0.099628
vt 0.079789 0.099628
vt 0.126382 0.132128
vt 0.343819 0.132128
vt 0.328288 0.132128
vt 0.079789 0.132128
vt 0.064258 0.132128
vt 0.017664 0.132128
vt 0.002133 0.132128
vt 0.235101 0.132128
vt 0.219570 0.132128
vt 0.204038 0.132128
vt 0.188507 0.132128
vt 0.250632 0.132128
vt 0.172976 0.132128
vt 0.468069 0.132128
vt 0.452538 0.132128
vt 0.266163 0.132128
vt 0.421475 0.132128
vt 0.405944 0.132128
vt 0.281695 0.132128
vt 0.048726 0.132128
vt 0.033195 0.132128
vt 0.312757 0.132128
vt 0.499131 0.132128
vt 0.483600 0.132128
vt 0.095320 0.132128
vt 0.437007 0.132128
vt 0.390413 0.132128
vt 0.297226 0.132128
vt 0.110851 0.132128
vt 0.221894 0.390427
vt 0.231884 0.390427
vt 0.231884 0.420452
vt 0.221894 0.420452
vt 0.421475 0.164627
vt 0.405944 0.164627
vt 0.204038 0.164627
vt 0.188507 0.164627
vt 0.017664 0.164627
vt 0.002133 0.164627
vt 0.359351 0.164627
vt 0.343819 0.164627
vt 0.033195 0.164627
vt 0.012115 0.390427
vt 0.002126 0.390427
vt 0.281695 0.164627
vt 0.266163 0.164627
vt 0.126382 0.164627
vt 0.250632 0.164627
vt 0.235101 0.164627
vt 0.390413 0.164627
vt 0.095320 0.164627
vt 0.079789 0.164627
vt 0.064258 0.164627
vt 0.048726 0.164627
vt 0.499131 0.164627
vt 0.483600 0.164627
vt 0.437007 0.164627
vt 0.219570 0.164627
vt 0.468069 0.164627
vt 0.110851 0.164627
vt 0.374882 0.164627
vt 0.312757 0.164627
vt 0.297226 0.164627
vt 0.328288 0.164627
vt 0.452538 0.164627
vt 0.297226 0.197126
vt 0.281695 0.197126
vt 0.235101 0.197126
vt 0.219570 0.197126
vt 0.266163 0.197126
vt 0.126382 0.197126
vt 0.110851 0.197126
vt 0.405944 0.197126
vt 0.390413 0.197126
vt 0.033195 0.197126
vt 0.017664 0.197126
vt 0.048726 0.197126
vt 0.095320 0.197126
vt 0.421475 0.197126
vt 0.204038 0.197126
vt 0.188507 0.197126
vt 0.374882 0.197126
vt 0.343819 0.197126
vt 0.328288 0.197126
vt 0.141914 0.197126
vt 0.002133 0.197126
vt 0.312757 0.197126
vt 0.437007 0.197126
vt 0.079789 0.197126
vt 0.483600 0.197126
vt 0.468069 0.197126
vt 0.499131 0.197126
vt 0.064258 0.197126
vt 0.359351 0.197126
vt 0.452538 0.197126
vt 0.250632 0.197126
vt 0.110851 0.229625
vt 0.095320 0.229625
vt 0.281695 0.229625
vt 0.266163 0.229625
vt 0.219570 0.229625
vt 0.204038 0.229625
vt 0.405944 0.229625
vt 0.188507 0.229625
vt 0.172976 0.229625
vt 0.328288 0.229625
vt 0.312757 0.229625
vt 0.141914 0.229625
vt 0.126382 0.229625
vt 0.297226 0.229625
vt 0.079789 0.229625
vt 0.017664 0.229625
vt 0.002133 0.229625
vt 0.421475 0.229625
vt 0.437007 0.229625
vt 0.468069 0.229625
vt 0.452538 0.229625
vt 0.499131 0.229625
vt 0.483600 0.229625
vt 0.157445 0.229625
vt 0.235101 0.229625
vt 0.048726 0.229625
vt 0.033195 0.229625
vt 0.359351 0.229625
vt 0.343819 0.229625
vt 0.064258 0.229625
vt 0.250632 0.229625
vt 0.266163 0.262124
vt 0.250632 0.262124
vt 0.468069 0.262124
vt 0.452538 0.262124
vt 0.297226 0.262124
vt 0.281695 0.262124
vt 0.499131 0.262124
vt 0.483600 0.262124
vt 0.437007 0.262124
vt 0.421475 0.262124
vt 0.359351 0.262124
vt 0.343819 0.262124
vt 0.328288 0.262124
vt 0.312757 0.262124
vt 0.219570 0.262124
vt 0.204038 0.262124
vt 0.017664 0.262124
vt 0.002133 0.262124
vt 0.064258 0.262124
vt 0.048726 0.262124
vt 0.095320 0.262124
vt 0.079789 0.262124
vt 0.172976 0.262124
vt 0.157445 0.262124
vt 0.033195 0.262124
vt 0.188507 0.262124
vt 0.235101 0.262124
vt 0.405944 0.262124
vt 0.110851 0.262124
vt 0.357882 0.579101
vt 0.346024 0.579101
vt 0.346024 0.567013
vt 0.357882 0.567013
vt 0.061423 0.579101
vt 0.049564 0.579101
vt 0.049564 0.567013
vt 0.061423 0.567013
vt 0.033195 0.294623
vt 0.017664 0.294623
vt 0.191865 0.579101
vt 0.180006 0.579101
vt 0.180006 0.567013
vt 0.191865 0.567013
vt 0.188507 0.294623
vt 0.172976 0.294623
vt 0.405944 0.294623
vt 0.390413 0.294623
vt 0.064258 0.294623
vt 0.048726 0.294623
vt 0.334166 0.579101
vt 0.322307 0.579101
vt 0.322307 0.567013
vt 0.334166 0.567013
vt 0.374882 0.294623
vt 0.359351 0.294623
vt 0.310449 0.579101
vt 0.298590 0.579101
vt 0.298590 0.567013
vt 0.310449 0.567013
vt 0.421475 0.294623
vt 0.168148 0.579101
vt 0.168148 0.567013
vt 0.110851 0.294623
vt 0.095320 0.294623
vt 0.263015 0.579101
vt 0.251157 0.579101
vt 0.251157 0.567013
vt 0.239298 0.579101
vt 0.227440 0.579101
vt 0.227440 0.567013
vt 0.239298 0.567013
vt 0.215582 0.579101
vt 0.215582 0.567013
vt 0.108856 0.579101
vt 0.096998 0.579101
vt 0.096998 0.567013
vt 0.108856 0.567013
vt 0.235101 0.294623
vt 0.219570 0.294623
vt 0.132573 0.579101
vt 0.120714 0.579101
vt 0.120714 0.567013
vt 0.132573 0.567013
vt 0.085139 0.579101
vt 0.073281 0.579101
vt 0.073281 0.567013
vt 0.085139 0.567013
vt 0.025847 0.579101
vt 0.013989 0.579101
vt 0.013989 0.567013
vt 0.025847 0.567013
vt 0.468069 0.294623
vt 0.452538 0.294623
vt 0.079789 0.294623
vt 0.312757 0.294623
vt 0.297226 0.294623
vt 0.204038 0.294623
vt 0.156290 0.579101
vt 0.156290 0.567013
vt 0.381599 0.579101
vt 0.369741 0.579101
vt 0.369741 0.567013
vt 0.381599 0.567013
vt 0.157445 0.294623
vt 0.012115 0.420452
vt 0.022105 0.420452
vt 0.161957 0.390427
vt 0.171947 0.390427
vt 0.171947 0.420452
vt 0.161957 0.420452
vt 0.151968 0.420452
vt 0.092031 0.390427
vt 0.102020 0.390427
vt 0.201915 0.390427
vt 0.191926 0.390427
vt 0.181936 0.420452
vt 0.191926 0.420452
vt 0.181936 0.390427
vt 0.141978 0.390427
vt 0.131989 0.390427
vt 0.112010 0.420452
vt 0.121999 0.420452
vt 0.151968 0.390427
vt 0.141978 0.420452
vt 0.261852 0.390427
vt 0.251863 0.390427
vt 0.002126 0.420452
vt 0.241873 0.390427
vt 0.241873 0.420452
vt 0.022105 0.390427
vt 0.032094 0.390427
vt 0.032094 0.420452
vt 0.211905 0.390427
vt 0.052073 0.390427
vt 0.062063 0.390427
vt 0.062063 0.420452
vt 0.052073 0.420452
vt 0.211905 0.420452
vt 0.042084 0.390427
vt 0.042084 0.420452
vt 0.112010 0.390427
vt 0.201915 0.420452
vt 0.082042 0.390427
vt 0.072052 0.390427
vt 0.271842 0.420452
vt 0.281831 0.420452
vt 0.251863 0.420452
vt 0.261852 0.420452
vt 0.271842 0.390427
vt 0.281831 0.390427
vt 0.131989 0.420452
vt 0.121999 0.390427
vt 0.301810 0.420452
vt 0.311800 0.420452
vt 0.082042 0.420452
vt 0.321789 0.420452
vt 0.301810 0.390427
vt 0.311800 0.390427
vt 0.291821 0.390427
vt 0.291821 0.420452
vt 0.072052 0.420452
vt 0.321789 0.390427
vt 0.061423 0.510340
vt 0.049564 0.510340
vt 0.049564 0.484964
vt 0.061423 0.484964
vt 0.156290 0.510340
vt 0.144431 0.510340
vt 0.144431 0.484964
vt 0.156290 0.484964
vt 0.073281 0.510340
vt 0.073281 0.484964
vt 0.322307 0.510340
vt 0.310449 0.510340
vt 0.310449 0.484964
vt 0.322307 0.484964
vt 0.369741 0.510340
vt 0.357882 0.510340
vt 0.357882 0.484964
vt 0.369741 0.484964
vt 0.239298 0.510340
vt 0.227440 0.510340
vt 0.227440 0.484964
vt 0.239298 0.484964
vt 0.298590 0.510340
vt 0.298590 0.484964
vt 0.215582 0.510340
vt 0.215582 0.484964
vt 0.085139 0.510340
vt 0.085139 0.484964
vt 0.120714 0.484964
vt 0.132573 0.510340
vt 0.132573 0.484964
vt 0.168148 0.510340
vt 0.168148 0.484964
vt 0.025847 0.510340
vt 0.013989 0.510340
vt 0.013989 0.484964
vt 0.025847 0.484964
vt 0.251157 0.510340
vt 0.251157 0.484964
vt 0.002131 0.510340
vt 0.002131 0.484964
vt 0.286732 0.510340
vt 0.286732 0.484964
vt 0.180006 0.510340
vt 0.180006 0.484964
vt 0.037706 0.510340
vt 0.037706 0.484964
vt 0.346024 0.510340
vt 0.334166 0.510340
vt 0.334166 0.484964
vt 0.346024 0.484964
vt 0.191865 0.510340
vt 0.191865 0.484964
vt 0.203723 0.510340
vt 0.203723 0.484964
vt 0.381599 0.484964
vt 0.381599 0.510340
vt 0.997470 0.130526
vt 0.995951 0.130526
vt 0.995951 0.117686
vt 0.997470 0.117686
vt 0.997470 0.271767
vt 0.995951 0.271767
vt 0.995951 0.258927
vt 0.997470 0.258927
vt 0.722163 0.158931
vt 0.722163 0.155504
vt 0.733266 0.155504
vt 0.733266 0.158931
vt 0.744369 0.155504
vt 0.744369 0.158931
vt 0.997470 0.220406
vt 0.995951 0.220406
vt 0.995951 0.207566
vt 0.997470 0.207566
vt 0.777677 0.158931
vt 0.777677 0.155504
vt 0.788780 0.155504
vt 0.788780 0.158931
vt 0.997470 0.310287
vt 0.995951 0.310287
vt 0.995951 0.297447
vt 0.997470 0.297447
vt 0.997470 0.246087
vt 0.995951 0.246087
vt 0.995951 0.233246
vt 0.997470 0.233246
vt 0.810986 0.158931
vt 0.810986 0.155504
vt 0.822089 0.155504
vt 0.822089 0.158931
vt 0.933118 0.158931
vt 0.933118 0.155504
vt 0.944221 0.155504
vt 0.944221 0.158931
vt 0.766574 0.158931
vt 0.766574 0.155504
vt 0.866500 0.158931
vt 0.866500 0.155504
vt 0.877603 0.155504
vt 0.877603 0.158931
vt 0.899809 0.158931
vt 0.899809 0.155504
vt 0.910912 0.155504
vt 0.910912 0.158931
vt 0.844295 0.158931
vt 0.844295 0.155504
vt 0.855397 0.155504
vt 0.855397 0.158931
vt 0.888706 0.158931
vt 0.888706 0.155504
vt 0.711060 0.158931
vt 0.711060 0.155504
vt 0.677751 0.158931
vt 0.677751 0.155504
vt 0.688854 0.155504
vt 0.688854 0.158931
vt 0.699957 0.155504
vt 0.699957 0.158931
vt 0.799883 0.158931
vt 0.799883 0.155504
vt 0.922015 0.158931
vt 0.922015 0.155504
vt 0.600031 0.158931
vt 0.600031 0.155504
vt 0.611134 0.155504
vt 0.611134 0.158931
vt 0.622237 0.155504
vt 0.622237 0.158931
vt 0.755471 0.155504
vt 0.755471 0.158931
vt 0.633340 0.158931
vt 0.633340 0.155504
vt 0.644443 0.155504
vt 0.644443 0.158931
vt 0.655546 0.155504
vt 0.655546 0.158931
vt 0.995951 0.194726
vt 0.997470 0.194726
vt 0.997470 0.413008
vt 0.995951 0.413008
vt 0.995951 0.400168
vt 0.997470 0.400168
vt 0.995951 0.040645
vt 0.997470 0.040645
vt 0.037706 0.544453
vt 0.025847 0.544453
vt 0.096998 0.544453
vt 0.085139 0.544453
vt 0.168148 0.544453
vt 0.156290 0.544453
vt 0.334166 0.544453
vt 0.322307 0.544453
vt 0.310449 0.544453
vt 0.298590 0.544453
vt 0.061423 0.544453
vt 0.049564 0.544453
vt 0.013989 0.544453
vt 0.002131 0.544453
vt 0.369741 0.544453
vt 0.357882 0.544453
vt 0.144431 0.544453
vt 0.132573 0.544453
vt 0.073281 0.544453
vt 0.191865 0.544453
vt 0.180006 0.544453
vt 0.239298 0.544453
vt 0.227440 0.544453
vt 0.346024 0.544453
vt 0.215582 0.544453
vt 0.203723 0.544453
vt 0.286732 0.544453
vt 0.251157 0.544453
vt 0.381599 0.544453
vt 0.447164 0.346838
vt 0.449544 0.346838
vt 0.449544 0.354587
vt 0.447164 0.354587
vt 0.447164 0.463062
vt 0.449544 0.463062
vt 0.449544 0.470810
vt 0.447164 0.470810
vt 0.447164 0.478558
vt 0.449544 0.478558
vt 0.449544 0.486307
vt 0.447164 0.486307
vt 0.447164 0.385580
vt 0.449544 0.385580
vt 0.449544 0.362335
vt 0.447164 0.362335
vt 0.447164 0.370083
vt 0.449544 0.370083
vt 0.449544 0.377831
vt 0.447164 0.377831
vt 0.449544 0.494055
vt 0.447164 0.494055
vt 0.447164 0.455314
vt 0.449544 0.455314
vt 0.449544 0.408824
vt 0.447164 0.408824
vt 0.447164 0.300349
vt 0.449544 0.300349
vt 0.449544 0.308097
vt 0.447164 0.308097
vt 0.449544 0.517300
vt 0.447164 0.517300
vt 0.449544 0.416573
vt 0.447164 0.416573
vt 0.449544 0.315845
vt 0.447164 0.315845
vt 0.447164 0.540544
vt 0.449544 0.540544
vt 0.449544 0.548292
vt 0.447164 0.548292
vt 0.449544 0.424321
vt 0.447164 0.424321
vt 0.449544 0.323594
vt 0.447164 0.323594
vt 0.447164 0.532796
vt 0.449544 0.532796
vt 0.449544 0.432069
vt 0.447164 0.432069
vt 0.447164 0.525048
vt 0.449544 0.525048
vt 0.449544 0.439817
vt 0.447164 0.439817
vt 0.449544 0.447565
vt 0.447164 0.447565
vt 0.144431 0.567013
vt 0.203723 0.567013
vt 0.002131 0.567013
vt 0.286732 0.567013
vt 0.037706 0.567013
vt 0.037706 0.579101
vt 0.286732 0.579101
vt 0.144431 0.579101
vt 0.437007 0.294623
vt 0.266163 0.294623
vt 0.250632 0.294623
vt 0.343819 0.294623
vt 0.328288 0.294623
vt 0.281695 0.294623
vt 0.483600 0.294623
vt 0.002133 0.294623
vt 0.499131 0.294623
vt 0.203723 0.579101
vt 0.274874 0.579101
vt 0.002131 0.579101
vt 0.588928 0.158931
vt 0.588928 0.155504
vt 0.997470 0.323127
vt 0.995951 0.323127
vt 0.997470 0.335967
vt 0.995951 0.335967
vt 0.833192 0.155504
vt 0.833192 0.158931
vt 0.997470 0.092006
vt 0.995951 0.092006
vt 0.995951 0.079166
vt 0.997470 0.079166
vt 0.997470 0.361647
vt 0.995951 0.361647
vt 0.995951 0.348807
vt 0.997470 0.348807
vt 0.995951 0.181886
vt 0.997470 0.181886
vt 0.997470 0.143366
vt 0.995951 0.143366
vt 0.997470 0.027805
vt 0.995951 0.027805
vt 0.995951 0.014965
vt 0.997470 0.014965
vt 0.666648 0.158931
vt 0.666648 0.155504
vt 0.997470 0.387327
vt 0.995951 0.387327
vt 0.995951 0.374487
vt 0.997470 0.374487
vt 0.995951 0.104846
vt 0.997470 0.104846
vt 0.997470 0.169046
vt 0.995951 0.169046
vt 0.995951 0.156206
vt 0.997470 0.156206
vt 0.995951 0.002125
vt 0.997470 0.002125
vt 0.995951 0.284607
vt 0.997470 0.284607
vt 0.610923 0.058093
vt 0.621505 0.077747
vt 0.618261 0.079898
vt 0.604084 0.062704
vt 0.672823 0.091026
vt 0.650664 0.093243
vt 0.649876 0.089432
vt 0.671218 0.082944
vt 0.672828 0.099239
vt 0.650696 0.097137
vt 0.598251 0.068537
vt 0.615531 0.082673
vt 0.598353 0.122087
vt 0.615595 0.107855
vt 0.618336 0.110617
vt 0.604226 0.127911
vt 0.621591 0.112749
vt 0.611109 0.132502
vt 0.663447 0.068450
vt 0.646219 0.082606
vt 0.643449 0.079877
vt 0.657610 0.062606
vt 0.668058 0.075306
vt 0.648362 0.085852
vt 0.618554 0.054895
vt 0.625104 0.076272
vt 0.643328 0.135534
vt 0.636712 0.114220
vt 0.640288 0.112688
vt 0.650965 0.132345
vt 0.640226 0.077697
vt 0.650732 0.058037
vt 0.636622 0.076233
vt 0.643111 0.054871
vt 0.657824 0.127697
vt 0.643522 0.110531
vt 0.646273 0.107782
vt 0.663630 0.121812
vt 0.588934 0.091174
vt 0.611116 0.093328
vt 0.611145 0.097222
vt 0.588931 0.099421
vt 0.634994 0.053249
vt 0.632804 0.075501
vt 0.628919 0.075531
vt 0.626691 0.053245
vt 0.590540 0.107536
vt 0.611932 0.101032
vt 0.613449 0.104612
vt 0.593715 0.115204
vt 0.626944 0.137248
vt 0.629007 0.114969
vt 0.632896 0.114975
vt 0.635230 0.137198
vt 0.618786 0.135671
vt 0.625198 0.114201
vt 0.671269 0.107299
vt 0.649928 0.100954
vt 0.648435 0.104549
vt 0.668167 0.114923
vt 0.468217 0.346838
vt 0.468217 0.339090
vt 0.473011 0.339090
vt 0.630904 0.095232
vt 0.457082 0.463062
vt 0.457082 0.470810
vt 0.457082 0.385580
vt 0.457082 0.393328
vt 0.457082 0.331342
vt 0.457082 0.339090
vt 0.457082 0.354587
vt 0.457082 0.362335
vt 0.457082 0.532796
vt 0.457082 0.540544
vt 0.457082 0.308097
vt 0.457082 0.315845
vt 0.457082 0.323594
vt 0.457082 0.509551
vt 0.457082 0.517300
vt 0.457082 0.494055
vt 0.457082 0.501803
vt 0.457082 0.424321
vt 0.457082 0.432069
vt 0.457082 0.486307
vt 0.457082 0.377831
vt 0.457082 0.346838
vt 0.457082 0.525048
vt 0.457082 0.370083
vt 0.457082 0.478558
vt 0.468217 0.385580
vt 0.468217 0.393328
vt 0.457082 0.408824
vt 0.457082 0.416573
vt 0.457082 0.548292
vt 0.457082 0.447565
vt 0.457082 0.455314
vt 0.457082 0.439817
vt 0.457082 0.401076
vt 0.457082 0.300349
vt 0.468217 0.532796
vt 0.468217 0.540544
vt 0.468217 0.315845
vt 0.468217 0.323594
vt 0.468217 0.354587
vt 0.468217 0.362335
vt 0.468217 0.432069
vt 0.468217 0.439817
vt 0.468217 0.370083
vt 0.468217 0.377831
vt 0.468217 0.408824
vt 0.468217 0.416573
vt 0.468217 0.494055
vt 0.468217 0.501803
vt 0.468217 0.300349
vt 0.468217 0.308097
vt 0.468217 0.486307
vt 0.468217 0.548292
vt 0.468217 0.517300
vt 0.468217 0.525048
vt 0.468217 0.331342
vt 0.468217 0.447565
vt 0.468217 0.455314
vt 0.468217 0.509551
vt 0.468217 0.401076
vt 0.468217 0.478558
vt 0.468217 0.424321
vt 0.468217 0.463062
vt 0.468217 0.470810
vt 0.481302 0.540544
vt 0.481302 0.548292
vt 0.473011 0.548292
vt 0.473011 0.540544
vt 0.481302 0.408824
vt 0.481302 0.416573
vt 0.473011 0.416573
vt 0.473011 0.408824
vt 0.481302 0.300349
vt 0.481302 0.308097
vt 0.473011 0.308097
vt 0.473011 0.300349
vt 0.481302 0.525048
vt 0.481302 0.532796
vt 0.473011 0.532796
vt 0.473011 0.525048
vt 0.481302 0.501803
vt 0.481302 0.509551
vt 0.473011 0.509551
vt 0.473011 0.501803
vt 0.481302 0.470810
vt 0.481302 0.478558
vt 0.473011 0.478558
vt 0.473011 0.470810
vt 0.481302 0.393328
vt 0.481302 0.401076
vt 0.473011 0.401076
vt 0.473011 0.393328
vt 0.481302 0.315845
vt 0.481302 0.323594
vt 0.473011 0.323594
vt 0.473011 0.315845
vt 0.481302 0.439817
vt 0.481302 0.447565
vt 0.473011 0.447565
vt 0.473011 0.439817
vt 0.481302 0.331342
vt 0.481302 0.339090
vt 0.473011 0.331342
vt 0.481302 0.486307
vt 0.481302 0.494055
vt 0.473011 0.494055
vt 0.473011 0.486307
vt 0.481302 0.432069
vt 0.473011 0.432069
vt 0.481302 0.370083
vt 0.473011 0.370083
vt 0.473011 0.362335
vt 0.481302 0.463062
vt 0.473011 0.463062
vt 0.481302 0.517300
vt 0.473011 0.517300
vt 0.481302 0.377831
vt 0.473011 0.377831
vt 0.481302 0.385580
vt 0.473011 0.385580
vt 0.481302 0.455314
vt 0.473011 0.455314
vt 0.481302 0.424321
vt 0.473011 0.424321
vt 0.491009 0.393328
vt 0.491009 0.401076
vt 0.880085 0.085516
vt 0.888868 0.080845
vt 0.890185 0.082811
vt 0.882477 0.089114
vt 0.491009 0.408824
vt 0.491009 0.416573
vt 0.882537 0.061167
vt 0.890203 0.067492
vt 0.888888 0.069460
vt 0.880130 0.064746
vt 0.491009 0.525048
vt 0.491009 0.532796
vt 0.905939 0.054098
vt 0.903046 0.063623
vt 0.900726 0.063154
vt 0.901703 0.053256
vt 0.491009 0.300349
vt 0.491009 0.308097
vt 0.898360 0.063146
vt 0.897391 0.053256
vt 0.491009 0.370083
vt 0.889115 0.094579
vt 0.893822 0.085805
vt 0.896005 0.086720
vt 0.893104 0.096235
vt 0.491009 0.486307
vt 0.491009 0.494055
vt 0.891852 0.084493
vt 0.885529 0.092172
vt 0.491009 0.377831
vt 0.491009 0.385580
vt 0.916560 0.061210
vt 0.908876 0.067516
vt 0.907198 0.065845
vt 0.913514 0.058155
vt 0.491009 0.339090
vt 0.491009 0.346838
vt 0.905879 0.096261
vt 0.903015 0.086728
vt 0.905202 0.085821
vt 0.909878 0.094617
vt 0.893159 0.054090
vt 0.896039 0.063612
vt 0.893849 0.064510
vt 0.889172 0.055739
vt 0.491009 0.501803
vt 0.491009 0.509551
vt 0.921456 0.073026
vt 0.911540 0.074000
vt 0.911086 0.071677
vt 0.920611 0.068785
vt 0.491009 0.517300
vt 0.898325 0.087192
vt 0.897332 0.097079
vt 0.491009 0.540544
vt 0.491009 0.548292
vt 0.920604 0.081589
vt 0.911075 0.078688
vt 0.911545 0.076368
vt 0.921448 0.077350
vt 0.913475 0.092219
vt 0.907176 0.084515
vt 0.908848 0.082839
vt 0.916538 0.089170
vt 0.491009 0.315845
vt 0.491009 0.323594
vt 0.900693 0.087191
vt 0.901643 0.097091
vt 0.491009 0.424321
vt 0.491009 0.432069
vt 0.918957 0.064795
vt 0.910186 0.069488
vt 0.887983 0.071647
vt 0.878465 0.068731
vt 0.491009 0.463062
vt 0.491009 0.470810
vt 0.909925 0.055757
vt 0.905235 0.064524
vt 0.491009 0.331342
vt 0.887973 0.078653
vt 0.878436 0.081522
vt 0.491009 0.447565
vt 0.491009 0.455314
vt 0.491009 0.478558
vt 0.910172 0.080876
vt 0.918942 0.085579
vt 0.885590 0.058130
vt 0.891876 0.065817
vt 0.491009 0.439817
vt 0.899527 0.075167
s 1
usemtl brass_goblets_03
f 543/1/1 544/2/1 510/3/2 509/4/2
f 475/5/3 476/6/3 442/7/4 441/8/4
f 746/9/5 747/10/5 713/11/6 712/12/6
f 441/8/4 442/7/4 408/13/7 407/14/7
f 644/15/8 645/16/8 612/17/9 611/18/9
f 678/19/10 679/20/10 645/16/8 644/15/8
f 373/21/11 374/22/11 341/23/12 340/24/12
f 306/25/13 307/26/13 273/27/14 272/28/14
f 204/29/15 205/30/15 171/31/16 170/32/16
f 136/33/17 137/34/17 103/35/18 102/36/18
f 102/36/18 103/35/18 70/37/19 69/38/19
f 1017/39/20 1018/40/20 984/41/21 983/42/21
f 611/18/9 612/17/9 578/43/22 577/44/22
f 407/14/7 408/13/7 374/22/11 373/21/11
f 1051/45/23 1052/46/23 1018/40/20 1017/39/20
f 915/47/24 916/48/24 883/49/25 882/50/25
f 712/12/6 713/11/6 679/20/10 678/19/10
f 69/38/19 70/37/19 36/51/26 35/52/26
f 949/53/27 950/54/27 916/48/24 915/47/24
f 882/50/25 883/49/25 849/55/28 848/56/28
f 1/57/29 2/58/29 1052/46/23 1051/45/23
f 170/32/16 171/31/16 137/34/17 136/33/17
f 272/28/14 273/27/14 239/59/30 238/60/30
f 238/60/30 239/59/30 205/30/15 204/29/15
f 814/61/31 815/62/31 781/63/32 780/64/32
f 340/24/12 341/23/12 307/26/13 306/25/13
f 848/56/28 849/55/28 815/62/31 814/61/31
f 509/4/2 510/3/2 476/6/3 475/5/3
f 577/44/22 578/43/22 544/2/1 543/1/1
f 983/42/21 984/41/21 950/54/27 949/53/27
f 320/65/33 321/66/34 287/67/35 286/68/36
f 35/52/26 36/51/26 2/69/29 1/70/29
f 950/71/37 951/72/38 917/73/39 916/74/40
f 408/75/41 409/76/42 375/77/43 374/78/44
f 679/79/45 680/80/46 646/81/47 645/82/48
f 2/83/49 3/84/50 1053/85/51 1052/86/52
f 849/87/53 850/88/54 816/89/55 815/90/56
f 1555/91/57 1554/92/58 1557/93/59 1558/94/60
f 171/95/61 172/96/62 138/97/63 137/98/64
f 984/99/65 985/100/66 951/72/38 950/71/37
f 442/101/67 443/102/68 409/76/42 408/75/41
f 1052/86/52 1053/85/51 1019/103/69 1018/104/70
f 103/105/71 104/106/72 71/107/73 70/108/74
f 273/109/75 274/110/76 240/111/77 239/112/78
f 374/78/44 375/77/43 342/113/79 341/114/80
f 137/98/64 138/97/63 104/106/72 103/105/71
f 883/115/81 884/116/82 850/88/54 849/87/53
f 916/74/40 917/73/39 884/116/82 883/115/81
f 544/117/83 545/118/84 511/119/85 510/120/86
f 1018/104/70 1019/103/69 985/100/66 984/99/65
f 713/121/87 714/122/88 680/80/46 679/79/45
f 578/123/89 579/124/90 545/118/84 544/117/83
f 781/125/91 782/126/92 748/127/93 747/128/94
f 36/129/95 37/130/96 3/131/50 2/132/49
f 612/133/97 613/134/98 579/124/90 578/123/89
f 307/135/99 308/136/100 274/110/76 273/109/75
f 815/90/56 816/89/55 782/126/92 781/125/91
f 341/114/80 342/113/79 308/136/100 307/135/99
f 747/128/94 748/127/93 714/122/88 713/121/87
f 476/137/101 477/138/102 443/102/68 442/101/67
f 205/139/103 206/140/104 172/96/62 171/95/61
f 70/108/74 71/107/73 37/130/96 36/129/95
f 645/82/48 646/81/47 613/134/98 612/133/97
f 510/120/86 511/119/85 477/138/102 476/137/101
f 409/76/42 410/141/105 376/142/106 375/77/43
f 545/118/84 546/143/107 512/144/108 511/119/85
f 782/126/92 783/145/109 749/146/110 748/127/93
f 443/102/68 444/147/111 410/141/105 409/76/42
f 202/148/112 1226/149/112 1219/150/112 168/151/112
f 917/73/39 918/152/113 885/153/114 884/116/82
f 104/106/72 105/154/115 72/155/116 71/107/73
f 850/88/54 851/156/117 817/157/118 816/89/55
f 274/110/76 275/158/119 241/159/120 240/111/77
f 172/96/62 173/160/121 139/161/122 138/97/63
f 206/140/104 207/162/123 173/160/121 172/96/62
f 748/127/93 749/146/110 715/163/124 714/122/88
f 951/72/38 952/164/125 918/152/113 917/73/39
f 579/124/90 580/165/126 546/143/107 545/118/84
f 308/136/100 309/166/127 275/158/119 274/110/76
f 37/130/96 38/167/128 4/168/129 3/131/50
f 884/116/82 885/153/114 851/156/117 850/88/54
f 985/100/66 986/169/130 952/164/125 951/72/38
f 3/84/50 4/170/129 1054/171/131 1053/85/51
f 714/122/88 715/163/124 681/172/132 680/80/46
f 1019/103/69 1020/173/133 986/169/130 985/100/66
f 646/81/47 647/174/134 614/175/135 613/134/98
f 680/80/46 681/172/132 647/174/134 646/81/47
f 138/97/63 139/161/122 105/154/115 104/106/72
f 816/89/55 817/157/118 783/145/109 782/126/92
f 342/113/79 343/176/136 309/166/127 308/136/100
f 511/119/85 512/144/108 478/177/137 477/138/102
f 1053/85/51 1054/171/131 1020/173/133 1019/103/69
f 240/111/77 241/159/120 207/162/123 206/140/104
f 71/107/73 72/155/116 38/167/128 37/130/96
f 613/134/98 614/175/135 580/165/126 579/124/90
f 477/138/102 478/177/137 444/147/111 443/102/68
f 1153/178/138 582/179/139 548/180/140 1149/181/141
f 1205/182/142 1022/183/143 988/184/144 1201/185/145
f 1117/186/146 277/187/147 243/188/148 1113/189/149
f 1097/190/150 107/191/151 73/192/152 1093/193/153
f 1105/194/154 175/195/155 141/196/156 1101/197/157
f 1133/198/158 412/199/159 378/200/160 1129/201/161
f 1185/202/162 853/203/163 819/204/164 1181/205/165
f 1165/206/166 683/207/167 649/208/168 1161/209/169
f 1113/189/149 243/188/148 209/210/170 1109/211/171
f 1101/197/157 141/196/156 107/191/151 1097/190/150
f 1157/212/172 615/213/173 582/179/139 1153/178/138
f 1089/214/174 40/215/175 6/216/176 1086/217/177
f 1173/218/178 751/219/179 717/220/180 1169/221/181
f 1141/222/182 480/223/183 446/224/184 1137/225/185
f 366/226/186 367/227/187 334/228/188 333/229/189
f 1149/181/141 548/180/140 514/230/190 1145/231/191
f 1109/211/171 209/210/170 175/195/155 1105/194/154
f 1145/231/191 514/230/190 480/223/183 1141/222/182
f 1201/185/145 988/184/144 954/232/192 1197/233/193
f 1125/234/194 344/235/195 311/236/196 1121/237/197
f 1209/238/198 1056/239/199 1022/183/143 1205/182/142
f 1189/240/200 886/241/201 853/203/163 1185/202/162
f 1197/233/193 954/232/192 920/242/202 1193/243/203
f 1181/205/165 819/204/164 785/244/204 1177/245/205
f 1169/221/181 717/220/180 683/207/167 1165/206/166
f 1129/201/161 378/200/160 344/235/195 1125/234/194
f 1121/237/197 311/236/196 277/187/147 1117/186/146
f 1137/225/185 446/224/184 412/199/159 1133/198/158
f 1161/209/169 649/208/168 615/213/173 1157/212/172
f 1093/193/153 73/192/152 40/215/175 1089/214/174
f 1250/246/206 1257/247/207 1255/248/208 1248/249/209
f 1086/250/177 6/251/176 1056/239/199 1209/238/198
f 4/252/210 1085/253/211 1210/254/212 1054/255/213
f 918/256/214 1194/257/215 1190/258/216 885/259/217
f 139/260/218 1102/261/219 1098/262/220 105/263/221
f 546/264/222 1150/265/223 1146/266/224 512/267/225
f 715/268/226 1170/269/227 1166/270/228 681/271/229
f 330/272/230 331/273/231 297/274/232 296/275/233
f 986/276/234 1202/277/235 1198/278/236 952/279/237
f 851/280/238 1186/281/239 1182/282/240 817/283/241
f 410/284/242 1134/285/243 1130/286/244 376/287/245
f 241/288/246 1114/289/247 1110/290/248 207/291/249
f 105/263/221 1098/262/220 1094/292/250 72/293/251
f 275/294/252 1118/295/253 1114/289/247 241/288/246
f 38/296/254 1090/297/255 1085/298/211 4/299/210
f 512/267/225 1146/266/224 1142/300/256 478/301/257
f 72/293/251 1094/292/250 1090/297/255 38/296/254
f 952/279/237 1198/278/236 1194/257/215 918/256/214
f 444/302/258 1138/303/259 1134/285/243 410/284/242
f 817/283/241 1182/282/240 1178/304/260 783/305/261
f 749/306/262 1174/307/263 1170/269/227 715/268/226
f 207/291/249 1110/290/248 1106/308/264 173/309/265
f 309/310/266 1122/311/267 1118/295/253 275/294/252
f 478/301/257 1142/300/256 1138/303/259 444/302/258
f 647/312/268 1162/313/269 1158/314/270 614/315/271
f 783/305/261 1178/304/260 1174/307/263 749/306/262
f 1054/255/213 1210/254/212 1206/316/272 1020/317/273
f 343/318/274 1126/319/275 1122/311/267 309/310/266
f 1020/317/273 1206/316/272 1202/277/235 986/276/234
f 580/320/276 1154/321/277 1150/265/223 546/264/222
f 173/309/265 1106/308/264 1102/261/219 139/260/218
f 376/287/245 1130/286/244 1126/319/275 343/318/274
f 614/315/271 1158/314/270 1154/321/277 580/320/276
f 1193/243/203 920/242/202 886/241/201 1189/240/200
f 1022/183/143 1023/322/278 989/323/279 988/184/144
f 582/179/139 583/324/280 549/325/281 548/180/140
f 988/184/144 989/323/279 955/326/282 954/232/192
f 751/219/179 752/327/283 718/328/284 717/220/180
f 6/251/176 7/329/285 1057/330/286 1056/239/199
f 378/200/160 379/331/287 345/332/288 344/235/195
f 819/204/164 820/333/289 786/334/290 785/244/204
f 412/199/159 413/335/291 379/331/287 378/200/160
f 107/191/151 108/336/292 74/337/293 73/192/152
f 717/220/180 718/328/284 684/338/294 683/207/167
f 920/242/202 921/339/295 887/340/296 886/241/201
f 954/232/192 955/326/282 921/339/295 920/242/202
f 141/196/156 142/341/297 108/336/292 107/191/151
f 1056/239/199 1057/330/286 1023/322/278 1022/183/143
f 1343/342/298 1350/343/299 1348/344/300 1341/345/301
f 615/213/173 616/346/302 583/324/280 582/179/139
f 40/215/175 41/347/303 7/348/285 6/216/176
f 73/192/152 74/337/293 41/347/303 40/215/175
f 446/224/184 447/349/304 413/335/291 412/199/159
f 649/208/168 650/350/305 616/346/302 615/213/173
f 886/241/201 887/340/296 854/351/306 853/203/163
f 209/210/170 210/352/307 176/353/308 175/195/155
f 344/235/195 345/332/288 312/354/309 311/236/196
f 277/187/147 278/355/310 244/356/311 243/188/148
f 311/236/196 312/354/309 278/355/310 277/187/147
f 175/195/155 176/353/308 142/341/297 141/196/156
f 243/188/148 244/356/311 210/352/307 209/210/170
f 785/244/204 786/334/290 752/327/283 751/219/179
f 683/207/167 684/338/294 650/350/305 649/208/168
f 480/223/183 481/357/312 447/349/304 446/224/184
f 514/230/190 515/358/313 481/357/312 480/223/183
f 548/180/140 549/325/281 515/358/313 514/230/190
f 718/359/314 719/360/315 685/361/316 684/362/317
f 616/363/318 617/364/319 584/365/320 583/366/321
f 481/367/322 482/368/323 448/369/324 447/370/325
f 684/362/317 685/361/316 651/371/326 650/372/327
f 1348/344/300 1355/373/328 1353/374/329 1346/375/330
f 345/376/331 346/377/332 313/378/333 312/379/334
f 786/380/335 787/381/336 753/382/337 752/383/338
f 549/384/339 550/385/340 516/386/341 515/387/342
f 278/388/343 279/389/344 245/390/345 244/391/346
f 244/391/346 245/390/345 211/392/347 210/393/348
f 820/394/349 821/395/350 787/381/336 786/380/335
f 989/396/351 990/397/352 956/398/353 955/399/354
f 921/400/355 922/401/356 888/402/357 887/403/358
f 1023/404/359 1024/405/360 990/397/352 989/396/351
f 108/406/361 109/407/362 75/408/363 74/409/364
f 7/410/365 8/411/366 1058/412/367 1057/413/368
f 41/414/369 42/415/370 8/416/366 7/417/365
f 312/379/334 313/378/333 279/389/344 278/388/343
f 854/418/371 855/419/372 821/395/350 820/394/349
f 447/370/325 448/369/324 414/420/373 413/421/374
f 176/422/375 177/423/376 143/424/377 142/425/378
f 887/403/358 888/402/357 855/419/372 854/418/371
f 955/399/354 956/398/353 922/401/356 921/400/355
f 74/409/364 75/408/363 42/415/370 41/414/369
f 1057/413/368 1058/412/367 1024/405/360 1023/404/359
f 210/393/348 211/392/347 177/423/376 176/422/375
f 379/426/379 380/427/380 346/377/332 345/376/331
f 413/421/374 414/420/373 380/427/380 379/426/379
f 142/425/378 143/424/377 109/407/362 108/406/361
f 583/366/321 584/365/320 550/385/340 549/384/339
f 515/387/342 516/386/341 482/368/323 481/367/322
f 650/372/327 651/371/326 617/364/319 616/363/318
f 550/385/340 551/428/381 517/429/382 516/386/341
f 1375/430/383 1216/431/384 1223/432/385 1368/433/386
f 75/408/363 76/434/387 43/435/388 42/415/370
f 109/407/362 110/436/389 76/434/387 75/408/363
f 1319/437/390 1272/438/391 1279/439/392 1312/440/393
f 177/423/376 178/441/394 144/442/395 143/424/377
f 211/392/347 212/443/396 178/441/394 177/423/376
f 245/390/345 246/444/397 212/443/396 211/392/347
f 279/389/344 280/445/398 246/444/397 245/390/345
f 313/378/333 314/446/399 280/445/398 279/389/344
f 346/377/332 347/447/400 314/446/399 313/378/333
f 380/427/380 381/448/401 347/447/400 346/377/332
f 414/420/373 415/449/402 381/448/401 380/427/380
f 448/369/324 449/450/403 415/449/402 414/420/373
f 1253/451/404 1260/452/405 1259/453/406 1252/454/407
f 8/411/366 9/455/408 1059/456/409 1058/412/367
f 482/368/323 483/457/410 449/450/403 448/369/324
f 584/365/320 585/458/411 551/428/381 550/385/340
f 617/364/319 618/459/412 585/458/411 584/365/320
f 651/371/326 652/460/413 618/459/412 617/364/319
f 685/361/316 686/461/414 652/460/413 651/371/326
f 719/360/315 720/462/415 686/461/414 685/361/316
f 753/382/337 754/463/416 720/462/415 719/360/315
f 787/381/336 788/464/417 754/463/416 753/382/337
f 821/395/350 822/465/418 788/464/417 787/381/336
f 1221/466/419 1370/467/420 1377/468/421 1214/469/422
f 855/419/372 856/470/423 822/465/418 821/395/350
f 922/401/356 923/471/424 889/472/425 888/402/357
f 956/398/353 957/473/426 923/471/424 922/401/356
f 990/397/352 991/474/427 957/473/426 956/398/353
f 1024/405/360 1025/475/428 991/474/427 990/397/352
f 516/386/341 517/429/382 483/457/410 482/368/323
f 938/476/429 939/477/430 905/478/431 904/479/432
f 1025/475/428 1026/480/433 992/481/434 991/474/427
f 178/441/394 179/482/435 145/483/436 144/442/395
f 517/429/382 518/484/437 484/485/438 483/457/410
f 788/464/417 789/486/439 755/487/440 754/463/416
f 754/463/416 755/487/440 721/488/441 720/462/415
f 110/436/389 111/489/442 77/490/443 76/434/387
f 957/473/426 958/491/444 924/492/445 923/471/424
f 1059/456/409 1060/493/446 1026/480/433 1025/475/428
f 889/472/425 890/494/447 857/495/448 856/470/423
f 923/471/424 924/492/445 890/494/447 889/472/425
f 314/446/399 315/496/449 281/497/450 280/445/398
f 280/445/398 281/497/450 247/498/451 246/444/397
f 347/447/400 348/499/452 315/496/449 314/446/399
f 551/428/381 552/500/453 518/484/437 517/429/382
f 9/455/408 10/501/454 1060/493/446 1059/456/409
f 43/435/388 44/502/455 10/503/454 9/504/408
f 856/470/423 857/495/448 823/505/456 822/465/418
f 991/474/427 992/481/434 958/491/444 957/473/426
f 449/450/403 450/506/457 416/507/458 415/449/402
f 144/442/395 145/483/436 111/489/442 110/436/389
f 720/462/415 721/488/441 687/508/459 686/461/414
f 686/461/414 687/508/459 653/509/460 652/460/413
f 381/448/401 382/510/461 348/499/452 347/447/400
f 822/465/418 823/505/456 789/486/439 788/464/417
f 76/434/387 77/490/443 44/502/455 43/435/388
f 212/443/396 213/511/462 179/482/435 178/441/394
f 415/449/402 416/507/458 382/510/461 381/448/401
f 483/457/410 484/485/438 450/506/457 449/450/403
f 246/444/397 247/498/451 213/511/462 212/443/396
f 618/459/412 619/512/463 586/513/464 585/458/411
f 585/458/411 586/513/464 552/500/453 551/428/381
f 552/514/465 553/515/465 519/516/466 518/517/466
f 518/517/466 519/516/466 485/518/467 484/519/467
f 348/520/468 349/521/468 316/522/469 315/523/469
f 450/524/470 451/525/470 417/526/471 416/527/471
f 44/528/472 45/529/472 11/530/473 10/531/473
f 789/532/474 790/533/474 756/534/475 755/535/475
f 111/536/476 112/537/476 78/538/477 77/539/477
f 247/540/478 248/541/478 214/542/479 213/543/479
f 857/544/480 858/545/480 824/546/481 823/547/481
f 890/548/482 891/549/482 858/545/480 857/544/480
f 416/527/471 417/526/471 383/550/483 382/551/483
f 179/552/484 180/553/484 146/554/485 145/555/485
f 315/523/469 316/522/469 282/556/486 281/557/486
f 992/558/487 993/559/487 959/560/488 958/561/488
f 1060/562/489 1061/563/489 1027/564/490 1026/565/490
f 721/566/491 722/567/491 688/568/492 687/569/492
f 10/570/473 11/571/473 1061/563/489 1060/562/489
f 77/539/477 78/538/477 45/529/472 44/528/472
f 145/555/485 146/554/485 112/537/476 111/536/476
f 653/572/493 654/573/493 620/574/494 619/575/494
f 586/576/495 587/577/495 553/515/465 552/514/465
f 958/561/488 959/560/488 925/578/496 924/579/496
f 619/575/494 620/574/494 587/577/495 586/576/495
f 281/557/486 282/556/486 248/541/478 247/540/478
f 823/547/481 824/546/481 790/533/474 789/532/474
f 213/543/479 214/542/479 180/553/484 179/552/484
f 382/551/483 383/550/483 349/521/468 348/520/468
f 924/579/496 925/578/496 891/549/482 890/548/482
f 359/580/497 360/581/497 327/582/498 326/583/498
f 484/519/467 485/518/467 451/525/470 450/524/470
f 755/535/475 756/534/475 722/567/491 721/566/491
f 1026/565/490 1027/564/490 993/559/487 992/558/487
f 620/584/499 621/585/500 588/586/501 587/587/502
f 519/588/503 520/589/504 486/590/505 485/591/506
f 451/592/507 452/593/508 418/594/509 417/595/510
f 688/596/511 689/597/512 655/598/513 654/599/514
f 1027/600/515 1028/601/516 994/602/517 993/603/518
f 180/604/519 181/605/520 147/606/521 146/607/522
f 790/608/523 791/609/524 757/610/525 756/611/526
f 824/612/527 825/613/528 791/609/524 790/608/523
f 858/614/529 859/615/530 825/613/528 824/612/527
f 891/616/531 892/617/532 859/615/530 858/614/529
f 925/618/533 926/619/534 892/617/532 891/616/531
f 282/620/535 283/621/536 249/622/537 248/623/538
f 383/624/539 384/625/540 350/626/541 349/627/542
f 654/599/514 655/598/513 621/585/500 620/584/499
f 587/587/502 588/586/501 554/628/543 553/629/544
f 45/630/545 46/631/546 12/632/547 11/633/548
f 1061/634/549 1062/635/550 1028/601/516 1027/600/515
f 146/607/522 147/606/521 113/636/551 112/637/552
f 112/637/552 113/636/551 79/638/553 78/639/554
f 993/603/518 994/602/517 960/640/555 959/641/556
f 756/611/526 757/610/525 723/642/557 722/643/558
f 214/644/559 215/645/560 181/605/520 180/604/519
f 316/646/561 317/647/562 283/621/536 282/620/535
f 1559/648/563 1561/649/564 1564/650/565 1562/651/566
f 959/641/556 960/640/555 926/619/534 925/618/533
f 78/639/554 79/638/553 46/631/546 45/630/545
f 349/627/542 350/626/541 317/647/562 316/646/561
f 722/643/558 723/642/557 689/597/512 688/596/511
f 417/595/510 418/594/509 384/625/540 383/624/539
f 485/591/506 486/590/505 452/593/508 451/592/507
f 11/652/548 12/653/547 1062/635/550 1061/634/549
f 553/629/544 554/628/543 520/589/504 519/588/503
f 554/628/543 555/654/567 521/655/568 520/589/504
f 621/585/500 622/656/569 589/657/570 588/586/501
f 215/645/560 216/658/571 182/659/572 181/605/520
f 878/660/573 879/661/574 845/662/575 844/663/576
f 452/593/508 453/664/577 419/665/578 418/594/509
f 283/621/536 284/666/579 250/667/580 249/622/537
f 791/609/524 792/668/581 758/669/582 757/610/525
f 825/613/528 826/670/583 792/668/581 791/609/524
f 723/642/557 724/671/584 690/672/585 689/597/512
f 1062/635/550 1063/673/586 1029/674/587 1028/601/516
f 926/619/534 927/675/588 893/676/589 892/617/532
f 588/586/501 589/657/570 555/654/567 554/628/543
f 757/610/525 758/669/582 724/671/584 723/642/557
f 655/598/513 656/677/590 622/656/569 621/585/500
f 79/638/553 80/678/591 47/679/592 46/631/546
f 892/617/532 893/676/589 860/680/593 859/615/530
f 12/653/547 13/681/594 1063/673/586 1062/635/550
f 689/597/512 690/672/585 656/677/590 655/598/513
f 113/636/551 114/682/595 80/678/591 79/638/553
f 147/606/521 148/683/596 114/682/595 113/636/551
f 384/625/540 385/684/597 351/685/598 350/626/541
f 1028/601/516 1029/674/587 995/686/599 994/602/517
f 859/615/530 860/680/593 826/670/583 825/613/528
f 960/640/555 961/687/600 927/675/588 926/619/534
f 317/647/562 318/688/601 284/666/579 283/621/536
f 350/626/541 351/685/598 318/688/601 317/647/562
f 994/602/517 995/686/599 961/687/600 960/640/555
f 418/594/509 419/665/578 385/684/597 384/625/540
f 181/605/520 182/659/572 148/683/596 147/606/521
f 486/590/505 487/689/602 453/664/577 452/593/508
f 520/589/504 521/655/568 487/689/602 486/590/505
f 46/631/546 47/679/592 13/690/594 12/632/547
f 555/654/567 556/691/603 522/692/604 521/655/568
f 521/655/568 522/692/604 488/693/605 487/689/602
f 318/688/601 319/694/606 285/695/607 284/666/579
f 419/665/578 420/696/608 386/697/609 385/684/597
f 1248/698/209 1418/699/610 1417/700/611 1241/701/612
f 284/666/579 285/695/607 251/702/613 250/667/580
f 995/686/599 996/703/614 962/704/615 961/687/600
f 826/670/583 827/705/616 793/706/617 792/668/581
f 860/680/593 861/707/618 827/705/616 826/670/583
f 893/676/589 894/708/619 861/707/618 860/680/593
f 792/668/581 793/706/617 759/709/620 758/669/582
f 961/687/600 962/704/615 928/710/621 927/675/588
f 724/671/584 725/711/622 691/712/623 690/672/585
f 656/677/590 657/713/624 623/714/625 622/656/569
f 1063/673/586 1064/715/626 1030/716/627 1029/674/587
f 927/675/588 928/710/621 894/708/619 893/676/589
f 622/656/569 623/714/625 590/717/628 589/657/570
f 13/681/594 14/718/629 1064/715/626 1063/673/586
f 1029/674/587 1030/716/627 996/703/614 995/686/599
f 114/682/595 115/719/630 81/720/631 80/678/591
f 182/659/572 183/721/632 149/722/633 148/683/596
f 216/658/571 217/723/634 183/721/632 182/659/572
f 250/667/580 251/702/613 217/723/634 216/658/571
f 690/672/585 691/712/623 657/713/624 656/677/590
f 487/689/602 488/693/605 454/724/635 453/664/577
f 758/669/582 759/709/620 725/711/622 724/671/584
f 385/684/597 386/697/609 352/725/636 351/685/598
f 80/678/591 81/720/631 48/726/637 47/679/592
f 453/664/577 454/724/635 420/696/608 419/665/578
f 148/683/596 149/722/633 115/719/630 114/682/595
f 589/657/570 590/717/628 556/691/603 555/654/567
f 47/679/592 48/726/637 14/727/629 13/690/594
f 556/728/638 557/729/639 523/730/640 522/731/641
f 251/732/642 252/733/643 218/734/644 217/735/645
f 657/736/646 658/737/647 624/738/648 623/739/649
f 14/740/650 15/741/651 1065/742/652 1064/743/653
f 725/744/654 726/745/655 692/746/656 691/747/657
f 962/748/658 963/749/659 929/750/660 928/751/661
f 793/752/662 794/753/663 760/754/664 759/755/665
f 319/756/666 320/65/33 286/68/36 285/757/667
f 861/758/668 862/759/669 828/760/670 827/761/671
f 894/762/672 895/763/673 862/759/669 861/758/668
f 928/751/661 929/750/660 895/763/673 894/762/672
f 1030/764/674 1031/765/675 997/766/676 996/767/677
f 522/731/641 523/730/640 489/768/678 488/769/679
f 115/770/680 116/771/681 82/772/682 81/773/683
f 1064/743/653 1065/742/652 1031/765/675 1030/764/674
f 590/774/684 591/775/685 557/729/639 556/728/638
f 454/776/686 455/777/687 421/778/688 420/779/689
f 420/779/689 421/778/688 387/780/690 386/781/691
f 386/781/691 387/780/690 353/782/692 352/783/693
f 149/784/694 150/785/695 116/771/681 115/770/680
f 691/747/657 692/746/656 658/737/647 657/736/646
f 217/735/645 218/734/644 184/786/696 183/787/697
f 996/767/677 997/766/676 963/749/659 962/748/658
f 285/757/667 286/68/36 252/733/643 251/732/642
f 623/739/649 624/738/648 591/775/685 590/774/684
f 81/773/683 82/772/682 49/788/698 48/789/699
f 759/755/665 760/754/664 726/745/655 725/744/654
f 183/787/697 184/786/696 150/785/695 149/784/694
f 827/761/671 828/760/670 794/753/663 793/752/662
f 488/769/679 489/768/678 455/777/687 454/776/686
f 830/790/700 847/791/701 813/792/702 796/793/703
f 48/789/699 49/788/698 15/794/651 14/795/650
f 591/775/685 592/796/704 558/797/705 557/729/639
f 624/738/648 625/798/706 592/796/704 591/775/685
f 82/772/682 83/799/707 50/800/708 49/788/698
f 997/766/676 998/801/709 964/802/710 963/749/659
f 828/760/670 829/803/711 795/804/712 794/753/663
f 455/777/687 456/805/713 422/806/714 421/778/688
f 794/753/663 795/804/712 761/807/715 760/754/664
f 353/782/692 354/808/716 321/66/34 320/65/33
f 862/759/669 863/809/717 829/803/711 828/760/670
f 726/745/655 727/810/718 693/811/719 692/746/656
f 760/754/664 761/807/715 727/810/718 726/745/655
f 252/733/643 253/812/720 219/813/721 218/734/644
f 387/780/690 388/814/722 354/808/716 353/782/692
f 1031/765/675 1032/815/723 998/801/709 997/766/676
f 557/729/639 558/797/705 524/816/724 523/730/640
f 15/741/651 16/817/725 1066/818/726 1065/742/652
f 401/819/727 402/820/728 368/821/729 367/227/187
f 963/749/659 964/802/710 930/822/730 929/750/660
f 116/771/681 117/823/731 83/799/707 82/772/682
f 929/750/660 930/822/730 896/824/732 895/763/673
f 489/768/678 490/825/733 456/805/713 455/777/687
f 692/746/656 693/811/719 659/826/734 658/737/647
f 895/763/673 896/824/732 863/809/717 862/759/669
f 286/68/36 287/67/35 253/812/720 252/733/643
f 421/778/688 422/806/714 388/814/722 387/780/690
f 184/786/696 185/827/735 151/828/736 150/785/695
f 150/785/695 151/828/736 117/823/731 116/771/681
f 523/730/640 524/816/724 490/825/733 489/768/678
f 658/737/647 659/826/734 625/798/706 624/738/648
f 218/734/644 219/813/721 185/827/735 184/786/696
f 49/788/698 50/800/708 16/829/725 15/794/651
f 1065/742/652 1066/818/726 1032/815/723 1031/765/675
f 16/817/725 17/830/737 1067/831/738 1066/818/726
f 1066/818/726 1067/831/738 1033/832/739 1032/815/723
f 490/825/733 491/833/740 457/834/741 456/805/713
f 354/808/716 355/835/742 322/836/743 321/66/34
f 524/816/724 525/837/744 491/833/740 490/825/733
f 592/796/704 593/838/745 559/839/746 558/797/705
f 998/801/709 999/840/747 965/841/748 964/802/710
f 829/803/711 830/790/700 796/793/703 795/804/712
f 456/805/713 457/834/741 423/842/749 422/806/714
f 253/812/720 254/843/750 220/844/751 219/813/721
f 219/813/721 220/844/751 186/845/752 185/827/735
f 964/802/710 965/841/748 931/846/753 930/822/730
f 761/807/715 762/847/754 728/848/755 727/810/718
f 1032/815/723 1033/832/739 999/840/747 998/801/709
f 625/798/706 626/849/756 593/838/745 592/796/704
f 185/827/735 186/845/752 152/850/757 151/828/736
f 50/800/708 51/851/758 17/852/737 16/829/725
f 83/799/707 84/853/759 51/851/758 50/800/708
f 117/823/731 118/854/760 84/853/759 83/799/707
f 896/824/732 897/855/761 864/856/762 863/809/717
f 287/67/35 288/857/763 254/843/750 253/812/720
f 727/810/718 728/848/755 694/858/764 693/811/719
f 151/828/736 152/850/757 118/854/760 117/823/731
f 422/806/714 423/842/749 389/859/765 388/814/722
f 693/811/719 694/858/764 660/860/766 659/826/734
f 321/66/34 322/836/743 288/857/763 287/67/35
f 388/814/722 389/859/765 355/835/742 354/808/716
f 930/822/730 931/846/753 897/855/761 896/824/732
f 863/809/717 864/856/762 830/790/700 829/803/711
f 1177/245/205 785/244/204 751/219/179 1173/218/178
f 659/826/734 660/860/766 626/849/756 625/798/706
f 558/797/705 559/839/746 525/837/744 524/816/724
f 643/861/767 627/862/768 594/863/769 610/864/770
f 982/865/771 966/866/772 932/867/773 948/868/774
f 677/869/775 661/870/776 627/862/768 643/861/767
f 610/864/770 594/863/769 560/871/777 576/872/778
f 853/203/163 854/351/306 820/333/289 819/204/164
f 948/868/774 932/867/773 898/873/779 914/874/780
f 372/875/781 356/876/782 323/877/783 339/878/784
f 1084/879/785 1068/880/786 1034/881/787 1050/882/788
f 576/872/778 560/871/777 526/883/789 542/884/790
f 474/885/791 458/886/792 424/887/793 440/888/794
f 237/889/795 221/890/796 187/891/797 203/892/798
f 745/893/799 729/894/800 695/895/801 711/896/802
f 711/896/802 695/895/801 661/870/776 677/869/775
f 135/897/803 119/898/804 85/899/805 101/900/806
f 305/901/807 289/902/808 255/903/809 271/904/810
f 847/791/701 831/905/811 797/906/812 813/792/702
f 68/907/813 52/908/814 18/909/815 34/910/816
f 101/900/806 85/899/805 52/908/814 68/907/813
f 169/911/817 153/912/818 119/898/804 135/897/803
f 1016/913/819 1000/914/820 966/866/772 982/865/771
f 203/892/798 187/891/797 153/912/818 169/911/817
f 542/884/790 526/883/789 492/915/821 508/916/822
f 1050/882/788 1034/881/787 1000/914/820 1016/913/819
f 881/917/823 865/918/824 831/905/811 847/791/701
f 34/919/816 18/920/815 1068/880/786 1084/879/785
f 271/904/810 255/903/809 221/890/796 237/889/795
f 779/921/825 763/922/826 729/894/800 745/893/799
f 440/888/794 424/887/793 390/923/827 406/924/828
f 813/792/702 797/906/812 763/922/826 779/921/825
f 508/916/822 492/915/821 458/886/792 474/885/791
f 339/878/784 323/877/783 289/902/808 305/901/807
f 914/874/780 898/873/779 865/918/824 881/917/823
f 831/925/829 832/926/829 798/927/830 797/928/830
f 1068/929/831 1069/930/831 1035/931/832 1034/932/832
f 661/933/833 662/934/833 628/935/834 627/936/834
f 255/937/835 256/938/835 222/939/836 221/940/836
f 865/941/837 866/942/837 832/926/829 831/925/829
f 458/943/838 459/944/838 425/945/839 424/946/839
f 695/947/840 696/948/840 662/934/833 661/933/833
f 187/949/841 188/950/841 154/951/842 153/952/842
f 424/946/839 425/945/839 391/953/843 390/954/843
f 85/955/844 86/956/844 53/957/845 52/958/845
f 1000/959/846 1001/960/846 967/961/847 966/962/847
f 966/962/847 967/961/847 933/963/848 932/964/848
f 627/936/834 628/935/834 595/965/849 594/966/849
f 289/967/850 290/968/850 256/938/835 255/937/835
f 153/952/842 154/951/842 120/969/851 119/970/851
f 119/970/851 120/969/851 86/956/844 85/955/844
f 52/958/845 53/957/845 19/971/852 18/972/852
f 898/973/853 899/974/853 866/942/837 865/941/837
f 18/975/852 19/976/852 1069/930/831 1068/929/831
f 560/977/854 561/978/854 527/979/855 526/980/855
f 763/981/856 764/982/856 730/983/857 729/984/857
f 323/985/858 324/986/858 290/968/850 289/967/850
f 390/954/843 391/953/843 357/987/859 356/988/859
f 492/989/860 493/990/860 459/944/838 458/943/838
f 1034/932/832 1035/931/832 1001/960/846 1000/959/846
f 356/988/859 357/987/859 324/986/858 323/985/858
f 221/940/836 222/939/836 188/950/841 187/949/841
f 375/77/43 376/142/106 343/176/136 342/113/79
f 932/964/848 933/963/848 899/974/853 898/973/853
f 729/984/857 730/983/857 696/948/840 695/947/840
f 526/980/855 527/979/855 493/990/860 492/989/860
f 594/966/849 595/965/849 561/978/854 560/977/854
f 561/991/861 562/992/862 528/993/863 527/994/864
f 866/995/865 867/996/866 833/997/867 832/998/868
f 493/999/869 494/1000/870 460/1001/871 459/1002/872
f 967/1003/873 968/1004/874 934/1005/875 933/1006/876
f 730/1007/877 731/1008/878 697/1009/879 696/1010/880
f 391/1011/881 392/1012/882 358/1013/883 357/1014/884
f 425/1015/885 426/1016/886 392/1012/882 391/1011/881
f 764/1017/887 765/1018/888 731/1008/878 730/1007/877
f 222/1019/889 223/1020/890 189/1021/891 188/1022/892
f 256/1023/893 257/1024/894 223/1020/890 222/1019/889
f 628/1025/895 629/1026/896 596/1027/897 595/1028/898
f 696/1010/880 697/1009/879 663/1029/899 662/1030/900
f 290/1031/901 291/1032/902 257/1024/894 256/1023/893
f 1035/1033/903 1036/1034/904 1002/1035/905 1001/1036/906
f 1069/1037/907 1070/1038/908 1036/1034/904 1035/1033/903
f 595/1028/898 596/1027/897 562/992/862 561/991/861
f 840/1039/909 841/1040/910 807/1041/911 806/1042/912
f 832/998/868 833/997/867 799/1043/913 798/1044/914
f 527/994/864 528/993/863 494/1000/870 493/999/869
f 188/1022/892 189/1021/891 155/1045/915 154/1046/916
f 1001/1036/906 1002/1035/905 968/1004/874 967/1003/873
f 324/1047/917 325/1048/918 291/1032/902 290/1031/901
f 357/1014/884 358/1013/883 325/1048/918 324/1047/917
f 933/1006/876 934/1005/875 900/1049/919 899/1050/920
f 120/1051/921 121/1052/922 87/1053/923 86/1054/924
f 798/1044/914 799/1043/913 765/1018/888 764/1017/887
f 86/1054/924 87/1053/923 54/1055/925 53/1056/926
f 459/1002/872 460/1001/871 426/1016/886 425/1015/885
f 154/1046/916 155/1045/915 121/1052/922 120/1051/921
f 662/1030/900 663/1029/899 629/1026/896 628/1025/895
f 19/1057/927 20/1058/928 1070/1038/908 1069/1037/907
f 53/1056/926 54/1055/925 20/1059/928 19/1060/927
f 155/1045/915 156/1061/929 122/1062/930 121/1052/922
f 460/1001/871 461/1063/931 427/1064/932 426/1016/886
f 494/1000/870 495/1065/933 461/1063/931 460/1001/871
f 596/1027/897 597/1066/934 563/1067/935 562/992/862
f 731/1008/878 732/1068/936 698/1069/937 697/1009/879
f 629/1026/896 630/1070/938 597/1066/934 596/1027/897
f 663/1029/899 664/1071/939 630/1070/938 629/1026/896
f 392/1012/882 393/1072/940 359/580/941 358/1013/883
f 799/1043/913 800/1073/942 766/1074/943 765/1018/888
f 257/1024/894 258/1075/944 224/1076/945 223/1020/890
f 223/1020/890 224/1076/945 190/1077/946 189/1021/891
f 1070/1038/908 1071/1078/947 1037/1079/948 1036/1034/904
f 1036/1034/904 1037/1079/948 1003/1080/949 1002/1035/905
f 189/1021/891 190/1077/946 156/1061/929 155/1045/915
f 426/1016/886 427/1064/932 393/1072/940 392/1012/882
f 1556/1081/950 1559/648/563 1513/1082/951 1512/1083/952
f 87/1053/923 88/1084/953 55/1085/954 54/1055/925
f 934/1005/875 935/1086/955 901/1087/956 900/1049/919
f 121/1052/922 122/1062/930 88/1084/953 87/1053/923
f 358/1013/883 359/580/941 326/583/957 325/1048/918
f 900/1049/919 901/1087/956 868/1088/958 867/996/866
f 20/1058/928 21/1089/959 1071/1078/947 1070/1038/908
f 833/997/867 834/1090/960 800/1073/942 799/1043/913
f 867/996/866 868/1088/958 834/1090/960 833/997/867
f 291/1032/902 292/1091/961 258/1075/944 257/1024/894
f 968/1004/874 969/1092/962 935/1086/955 934/1005/875
f 54/1055/925 55/1085/954 21/1093/959 20/1059/928
f 528/993/863 529/1094/963 495/1065/933 494/1000/870
f 765/1018/888 766/1074/943 732/1068/936 731/1008/878
f 697/1009/879 698/1069/937 664/1071/939 663/1029/899
f 1002/1035/905 1003/1080/949 969/1092/962 968/1004/874
f 562/992/862 563/1067/935 529/1094/963 528/993/863
f 597/1066/964 598/1095/964 564/1096/965 563/1067/965
f 156/1061/966 157/1097/966 123/1098/967 122/1062/967
f 630/1070/968 631/1099/968 598/1095/964 597/1066/964
f 698/1069/969 699/1100/969 665/1101/970 664/1071/970
f 766/1074/971 767/1102/971 733/1103/972 732/1068/972
f 495/1065/973 496/1104/973 462/1105/974 461/1063/974
f 868/1088/975 869/1106/975 835/1107/976 834/1090/976
f 393/1072/977 394/1108/977 360/581/497 359/580/497
f 292/1091/978 293/1109/978 259/1110/979 258/1075/979
f 901/1087/980 902/1111/980 869/1106/975 868/1088/975
f 55/1085/981 56/1112/981 22/1113/982 21/1093/982
f 190/1077/983 191/1114/983 157/1097/966 156/1061/966
f 1037/1079/984 1038/1115/984 1004/1116/985 1003/1080/985
f 427/1064/986 428/1117/986 394/1108/977 393/1072/977
f 88/1084/987 89/1118/987 56/1112/981 55/1085/981
f 21/1089/982 22/1119/982 1072/1120/988 1071/1078/988
f 935/1086/989 936/1121/989 902/1111/980 901/1087/980
f 1071/1078/988 1072/1120/988 1038/1115/984 1037/1079/984
f 122/1062/967 123/1098/967 89/1118/987 88/1084/987
f 461/1063/974 462/1105/974 428/1117/986 427/1064/986
f 1003/1080/985 1004/1116/985 970/1122/990 969/1092/990
f 732/1068/972 733/1103/972 699/1100/969 698/1069/969
f 258/1075/979 259/1110/979 225/1123/991 224/1076/991
f 326/583/498 327/582/498 293/1109/978 292/1091/978
f 834/1090/976 835/1107/976 801/1124/992 800/1073/992
f 969/1092/990 970/1122/990 936/1121/989 935/1086/989
f 563/1067/965 564/1096/965 530/1125/993 529/1094/993
f 224/1076/991 225/1123/991 191/1114/983 190/1077/983
f 800/1073/992 801/1124/992 767/1102/971 766/1074/971
f 780/64/32 781/63/32 747/10/5 746/9/5
f 529/1094/993 530/1125/993 496/1104/973 495/1065/973
f 664/1071/970 665/1101/970 631/1099/968 630/1070/968
f 564/1126/994 565/1127/995 531/1128/996 530/1129/997
f 631/1130/998 632/1131/999 599/1132/1000 598/1133/1001
f 665/1134/1002 666/1135/1003 632/1131/999 631/1130/998
f 699/1136/1004 700/1137/1005 666/1135/1003 665/1134/1002
f 1072/1138/1006 1073/1139/1007 1039/1140/1008 1038/1141/1009
f 1004/1142/1010 1005/1143/1011 971/1144/1012 970/1145/1013
f 801/1146/1014 802/1147/1015 768/1148/1016 767/1149/1017
f 496/1150/1018 497/1151/1019 463/1152/1020 462/1153/1021
f 394/1154/1022 395/1155/1023 361/1156/1024 360/1157/1025
f 327/1158/1026 328/1159/1027 294/1160/1028 293/1161/1029
f 936/1162/1030 937/1163/1031 903/1164/1032 902/1165/1033
f 191/1166/1034 192/1167/1035 158/1168/1036 157/1169/1037
f 259/1170/1038 260/1171/1039 226/1172/1040 225/1173/1041
f 835/1174/1042 836/1175/1043 802/1147/1015 801/1146/1014
f 733/1176/1044 734/1177/1045 700/1137/1005 699/1136/1004
f 123/1178/1046 124/1179/1047 90/1180/1048 89/1181/1049
f 56/1182/1050 57/1183/1051 23/1184/1052 22/1185/1053
f 22/1186/1053 23/1187/1052 1073/1139/1007 1072/1138/1006
f 239/112/78 240/111/77 206/140/104 205/139/103
f 462/1153/1021 463/1152/1020 429/1188/1054 428/1189/1055
f 767/1149/1017 768/1148/1016 734/1177/1045 733/1176/1044
f 428/1189/1055 429/1188/1054 395/1155/1023 394/1154/1022
f 293/1161/1029 294/1160/1028 260/1171/1039 259/1170/1038
f 360/1157/1025 361/1156/1024 328/1159/1027 327/1158/1026
f 530/1129/997 531/1128/996 497/1151/1019 496/1150/1018
f 89/1181/1049 90/1180/1048 57/1183/1051 56/1182/1050
f 225/1173/1041 226/1172/1040 192/1167/1035 191/1166/1034
f 869/1190/1056 870/1191/1057 836/1175/1043 835/1174/1042
f 970/1145/1013 971/1144/1012 937/1163/1031 936/1162/1030
f 157/1169/1037 158/1168/1036 124/1179/1047 123/1178/1046
f 902/1165/1033 903/1164/1032 870/1191/1057 869/1190/1056
f 598/1133/1001 599/1132/1000 565/1127/995 564/1126/994
f 361/1156/1024 362/1192/1058 329/1193/1059 328/1159/1027
f 1073/1139/1007 1074/1194/1060 1040/1195/1061 1039/1140/1008
f 1039/1140/1008 1040/1195/1061 1006/1196/1062 1005/1143/1011
f 666/1135/1003 667/1197/1063 633/1198/1064 632/1131/999
f 836/1175/1043 837/1199/1065 803/1200/1066 802/1147/1015
f 768/1148/1016 769/1201/1067 735/1202/1068 734/1177/1045
f 937/1163/1031 938/1203/1069 904/1204/1070 903/1164/1032
f 328/1159/1027 329/1193/1059 295/1205/1071 294/1160/1028
f 192/1167/1035 193/1206/1072 159/1207/1073 158/1168/1036
f 903/1164/1032 904/1204/1070 871/1208/1074 870/1191/1057
f 260/1171/1039 261/1209/1075 227/1210/1076 226/1172/1040
f 734/1177/1045 735/1202/1068 701/1211/1077 700/1137/1005
f 700/1137/1005 701/1211/1077 667/1197/1063 666/1135/1003
f 565/1127/995 566/1212/1078 532/1213/1079 531/1128/996
f 294/1160/1028 295/1205/1071 261/1209/1075 260/1171/1039
f 599/1132/1000 600/1214/1080 566/1212/1078 565/1127/995
f 57/1183/1051 58/1215/1081 24/1216/1082 23/1184/1052
f 971/1144/1012 972/1217/1083 938/1203/1069 937/1163/1031
f 124/1179/1047 125/1218/1084 91/1219/1085 90/1180/1048
f 158/1168/1036 159/1207/1073 125/1218/1084 124/1179/1047
f 23/1187/1052 24/1220/1082 1074/1194/1060 1073/1139/1007
f 337/1221/1086 338/1222/1087 304/1223/1088 303/1224/1089
f 395/1155/1023 396/1225/1090 362/1192/1058 361/1156/1024
f 870/1191/1057 871/1208/1074 837/1199/1065 836/1175/1043
f 90/1180/1048 91/1219/1085 58/1215/1081 57/1183/1051
f 226/1172/1040 227/1210/1076 193/1206/1072 192/1167/1035
f 531/1128/996 532/1213/1079 498/1226/1091 497/1151/1019
f 429/1188/1054 430/1227/1092 396/1225/1090 395/1155/1023
f 463/1152/1020 464/1228/1093 430/1227/1092 429/1188/1054
f 497/1151/1019 498/1226/1091 464/1228/1093 463/1152/1020
f 632/1131/999 633/1198/1064 600/1214/1080 599/1132/1000
f 1005/1143/1011 1006/1196/1062 972/1217/1083 971/1144/1012
f 24/1229/1094 25/1230/1095 1075/1231/1096 1074/1232/1097
f 633/1233/1098 634/1234/1099 601/1235/1100 600/1236/1101
f 667/1237/1102 668/1238/1103 634/1234/1099 633/1233/1098
f 362/1239/1104 363/1240/1105 330/272/230 329/1241/1106
f 329/1241/1106 330/272/230 296/275/233 295/1242/1107
f 125/1243/1108 126/1244/1109 92/1245/1110 91/1246/1111
f 904/479/432 905/478/431 872/1247/1112 871/1248/1113
f 1006/1249/1114 1007/1250/1115 973/1251/1116 972/1252/1117
f 972/1252/1117 973/1251/1116 939/477/430 938/476/429
f 58/1253/1118 59/1254/1119 25/1255/1095 24/1256/1094
f 464/1257/1120 465/1258/1121 431/1259/1122 430/1260/1123
f 769/1261/1124 770/1262/1125 736/1263/1126 735/1264/1127
f 295/1242/1107 296/275/233 262/1265/1128 261/1266/1129
f 837/1267/1130 838/1268/1131 804/1269/1132 803/1270/1133
f 1074/1232/1097 1075/1231/1096 1041/1271/1134 1040/1272/1135
f 498/1273/1136 499/1274/1137 465/1258/1121 464/1257/1120
f 566/1275/1138 567/1276/1139 533/1277/1140 532/1278/1141
f 227/1279/1142 228/1280/1143 194/1281/1144 193/1282/1145
f 1038/1141/1009 1039/1140/1008 1005/1143/1011 1004/1142/1010
f 159/1283/1146 160/1284/1147 126/1244/1109 125/1243/1108
f 600/1236/1101 601/1235/1100 567/1276/1139 566/1275/1138
f 91/1246/1111 92/1245/1110 59/1254/1119 58/1253/1118
f 396/1285/1148 397/1286/1149 363/1240/1105 362/1239/1104
f 532/1278/1141 533/1277/1140 499/1274/1137 498/1273/1136
f 430/1260/1123 431/1259/1122 397/1286/1149 396/1285/1148
f 1040/1272/1135 1041/1271/1134 1007/1250/1115 1006/1249/1114
f 803/1270/1133 804/1269/1132 770/1262/1125 769/1261/1124
f 871/1248/1113 872/1247/1112 838/1268/1131 837/1267/1130
f 701/1287/1150 702/1288/1151 668/1238/1103 667/1237/1102
f 735/1264/1127 736/1263/1126 702/1288/1151 701/1287/1150
f 193/1282/1145 194/1281/1144 160/1284/1147 159/1283/1146
f 261/1266/1129 262/1265/1128 228/1280/1143 227/1279/1142
f 25/1230/1095 26/1289/1152 1076/1290/1153 1075/1231/1096
f 634/1234/1099 635/1291/1154 602/1292/1155 601/1235/1100
f 533/1277/1140 534/1293/1156 500/1294/1157 499/1274/1137
f 770/1262/1125 771/1295/1158 737/1296/1159 736/1263/1126
f 296/275/233 297/274/232 263/1297/1160 262/1265/1128
f 804/1269/1132 805/1298/1161 771/1295/1158 770/1262/1125
f 702/1288/1151 703/1299/1162 669/1300/1163 668/1238/1103
f 499/1274/1137 500/1294/1157 466/1301/1164 465/1258/1121
f 872/1247/1112 873/1302/1165 839/1303/1166 838/1268/1131
f 973/1251/1116 974/1304/1167 940/1305/1168 939/477/430
f 351/685/598 352/725/636 319/694/606 318/688/601
f 838/1268/1131 839/1303/1166 805/1298/1161 804/1269/1132
f 92/1245/1110 93/1306/1169 60/1307/1170 59/1254/1119
f 1075/1231/1096 1076/1290/1153 1042/1308/1171 1041/1271/1134
f 601/1235/1100 602/1292/1155 568/1309/1172 567/1276/1139
f 59/1254/1119 60/1307/1170 26/1310/1152 25/1255/1095
f 567/1276/1139 568/1309/1172 534/1293/1156 533/1277/1140
f 431/1259/1122 432/1311/1173 398/1312/1174 397/1286/1149
f 126/1244/1109 127/1313/1175 93/1306/1169 92/1245/1110
f 1007/1250/1115 1008/1314/1176 974/1304/1167 973/1251/1116
f 194/1281/1144 195/1315/1177 161/1316/1178 160/1284/1147
f 465/1258/1121 466/1301/1164 432/1311/1173 431/1259/1122
f 363/1240/1105 364/1317/1179 331/273/231 330/272/230
f 228/1280/1143 229/1318/1180 195/1315/1177 194/1281/1144
f 262/1265/1128 263/1297/1160 229/1318/1180 228/1280/1143
f 736/1263/1126 737/1296/1159 703/1299/1162 702/1288/1151
f 397/1286/1149 398/1312/1174 364/1317/1179 363/1240/1105
f 905/478/431 906/1319/1181 873/1302/1165 872/1247/1112
f 160/1284/1147 161/1316/1178 127/1313/1175 126/1244/1109
f 668/1238/1103 669/1300/1163 635/1291/1154 634/1234/1099
f 1041/1271/1134 1042/1308/1171 1008/1314/1176 1007/1250/1115
f 939/477/430 940/1305/1168 906/1319/1181 905/478/431
f 127/1313/1175 128/1320/1182 94/1321/1183 93/1306/1169
f 974/1304/1167 975/1322/1184 941/1323/1185 940/1305/1168
f 466/1301/1164 467/1324/1186 433/1325/1187 432/1311/1173
f 1180/1326/1188 1176/1327/1189 1174/307/263 1178/304/260
f 534/1293/1156 535/1328/1190 501/1329/1191 500/1294/1157
f 364/1317/1179 365/1330/1192 332/1331/1193 331/273/231
f 906/1319/1181 907/1332/1194 874/1333/1195 873/1302/1165
f 737/1296/1159 738/1334/1196 704/1335/1197 703/1299/1162
f 263/1297/1160 264/1336/1198 230/1337/1199 229/1318/1180
f 93/1306/1169 94/1321/1183 61/1338/1200 60/1307/1170
f 669/1300/1163 670/1339/1201 636/1340/1202 635/1291/1154
f 635/1291/1154 636/1340/1202 603/1341/1203 602/1292/1155
f 26/1289/1152 27/1342/1204 1077/1343/1205 1076/1290/1153
f 568/1309/1172 569/1344/1206 535/1328/1190 534/1293/1156
f 1042/1308/1171 1043/1345/1207 1009/1346/1208 1008/1314/1176
f 1076/1290/1153 1077/1343/1205 1043/1345/1207 1042/1308/1171
f 60/1307/1170 61/1338/1200 27/1347/1204 26/1310/1152
f 398/1312/1174 399/1348/1209 365/1330/1192 364/1317/1179
f 873/1302/1165 874/1333/1195 840/1039/909 839/1303/1166
f 161/1316/1178 162/1349/1210 128/1320/1182 127/1313/1175
f 432/1311/1173 433/1325/1187 399/1348/1209 398/1312/1174
f 940/1305/1168 941/1323/1185 907/1332/1194 906/1319/1181
f 331/273/231 332/1331/1193 298/1350/1211 297/274/232
f 805/1298/1161 806/1042/912 772/1351/1212 771/1295/1158
f 195/1315/1177 196/1352/1213 162/1349/1210 161/1316/1178
f 297/274/232 298/1350/1211 264/1336/1198 263/1297/1160
f 229/1318/1180 230/1337/1199 196/1352/1213 195/1315/1177
f 839/1303/1166 840/1039/909 806/1042/912 805/1298/1161
f 602/1292/1155 603/1341/1203 569/1344/1206 568/1309/1172
f 500/1294/1157 501/1329/1191 467/1324/1186 466/1301/1164
f 1008/1314/1176 1009/1346/1208 975/1322/1184 974/1304/1167
f 703/1299/1162 704/1335/1197 670/1339/1201 669/1300/1163
f 332/1331/1193 333/229/189 299/1353/1214 298/1350/1211
f 772/1351/1212 773/1354/1215 739/1355/1216 738/1334/1196
f 196/1352/1213 197/1356/1217 163/1357/1218 162/1349/1210
f 61/1338/1200 62/1358/1219 28/1359/1220 27/1347/1204
f 535/1328/1190 536/1360/1221 502/1361/1222 501/1329/1191
f 467/1324/1186 468/1362/1223 434/1363/1224 433/1325/1187
f 569/1344/1206 570/1364/1225 536/1360/1221 535/1328/1190
f 433/1325/1187 434/1363/1224 400/1365/1226 399/1348/1209
f 1043/1345/1207 1044/1366/1227 1010/1367/1228 1009/1346/1208
f 603/1341/1203 604/1368/1229 570/1364/1225 569/1344/1206
f 941/1323/1185 942/1369/1230 908/1370/1231 907/1332/1194
f 399/1348/1209 400/1365/1226 366/226/186 365/1330/1192
f 636/1340/1202 637/1371/1232 604/1368/1229 603/1341/1203
f 128/1320/1182 129/1372/1233 95/1373/1234 94/1321/1183
f 738/1334/1196 739/1355/1216 705/1374/1235 704/1335/1197
f 27/1342/1204 28/1375/1220 1078/1376/1236 1077/1343/1205
f 94/1321/1183 95/1373/1234 62/1358/1219 61/1338/1200
f 365/1330/1192 366/226/186 333/229/189 332/1331/1193
f 501/1329/1191 502/1361/1222 468/1362/1223 467/1324/1186
f 230/1337/1199 231/1377/1237 197/1356/1217 196/1352/1213
f 975/1322/1184 976/1378/1238 942/1369/1230 941/1323/1185
f 874/1333/1195 875/1379/1239 841/1040/910 840/1039/909
f 704/1335/1197 705/1374/1235 671/1380/1240 670/1339/1201
f 298/1350/1211 299/1353/1214 265/1381/1241 264/1336/1198
f 162/1349/1210 163/1357/1218 129/1372/1233 128/1320/1182
f 1009/1346/1208 1010/1367/1228 976/1378/1238 975/1322/1184
f 907/1332/1194 908/1370/1231 875/1379/1239 874/1333/1195
f 1077/1343/1205 1078/1376/1236 1044/1366/1227 1043/1345/1207
f 806/1042/912 807/1041/911 773/1354/1215 772/1351/1212
f 670/1339/1201 671/1380/1240 637/1371/1232 636/1340/1202
f 264/1336/1198 265/1381/1241 231/1377/1237 230/1337/1199
f 1127/1382/1242 1123/1383/1243 1124/1384/1244 1128/1385/1245
f 942/1369/1230 943/1386/1246 909/1387/1247 908/1370/1231
f 468/1362/1223 469/1388/1248 435/1389/1249 434/1363/1224
f 62/1358/1219 63/1390/1250 29/1391/1251 28/1359/1220
f 807/1041/911 808/1392/1252 774/1393/1253 773/1354/1215
f 95/1373/1234 96/1394/1254 63/1390/1250 62/1358/1219
f 1086/250/177 1209/238/198 1211/1395/1255 1088/1396/1256
f 637/1371/1232 638/1397/1257 605/1398/1258 604/1368/1229
f 333/229/189 334/228/188 300/1399/1259 299/1353/1214
f 570/1364/1225 571/1400/1260 537/1401/1261 536/1360/1221
f 908/1370/1231 909/1387/1247 876/1402/1262 875/1379/1239
f 231/1377/1237 232/1403/1263 198/1404/1264 197/1356/1217
f 163/1357/1218 164/1405/1265 130/1406/1266 129/1372/1233
f 28/1375/1220 29/1407/1251 1079/1408/1267 1078/1376/1236
f 129/1372/1233 130/1406/1266 96/1394/1254 95/1373/1234
f 604/1368/1229 605/1398/1258 571/1400/1260 570/1364/1225
f 197/1356/1217 198/1404/1264 164/1405/1265 163/1357/1218
f 976/1378/1238 977/1409/1268 943/1386/1246 942/1369/1230
f 536/1360/1221 537/1401/1261 503/1410/1269 502/1361/1222
f 502/1361/1222 503/1410/1269 469/1388/1248 468/1362/1223
f 1078/1376/1236 1079/1408/1267 1045/1411/1270 1044/1366/1227
f 434/1363/1224 435/1389/1249 401/819/727 400/1365/1226
f 299/1353/1214 300/1399/1259 266/1412/1271 265/1381/1241
f 265/1381/1241 266/1412/1271 232/1403/1263 231/1377/1237
f 875/1379/1239 876/1402/1262 842/1413/1272 841/1040/910
f 705/1374/1235 706/1414/1273 672/1415/1274 671/1380/1240
f 773/1354/1215 774/1393/1253 740/1416/1275 739/1355/1216
f 1044/1366/1227 1045/1411/1270 1011/1417/1276 1010/1367/1228
f 671/1380/1240 672/1415/1274 638/1397/1257 637/1371/1232
f 841/1040/910 842/1413/1272 808/1392/1252 807/1041/911
f 1010/1367/1228 1011/1417/1276 977/1409/1268 976/1378/1238
f 400/1365/1226 401/819/727 367/227/187 366/226/186
f 739/1355/1216 740/1416/1275 706/1414/1273 705/1374/1235
f 672/1415/1274 673/1418/1277 639/1419/1278 638/1397/1257
f 537/1401/1261 538/1420/1279 504/1421/1280 503/1410/1269
f 638/1397/1257 639/1419/1278 606/1422/1281 605/1398/1258
f 300/1399/1259 301/1423/1282 267/1424/1283 266/1412/1271
f 909/1387/1247 910/1425/1284 877/1426/1285 876/1402/1262
f 96/1394/1254 97/1427/1286 64/1428/1287 63/1390/1250
f 130/1406/1266 131/1429/1288 97/1427/1286 96/1394/1254
f 266/1412/1271 267/1424/1283 233/1430/1289 232/1403/1263
f 943/1386/1246 944/1431/1290 910/1425/1284 909/1387/1247
f 469/1388/1248 470/1432/1291 436/1433/1292 435/1389/1249
f 876/1402/1262 877/1426/1285 843/1434/1293 842/1413/1272
f 774/1393/1253 775/1435/1294 741/1436/1295 740/1416/1275
f 406/924/828 390/923/827 356/876/782 372/875/781
f 367/227/187 368/821/729 335/1437/1296 334/228/188
f 63/1390/1250 64/1428/1287 30/1438/1297 29/1391/1251
f 740/1416/1275 741/1436/1295 707/1439/1298 706/1414/1273
f 977/1409/1268 978/1440/1299 944/1431/1290 943/1386/1246
f 232/1403/1263 233/1430/1289 199/1441/1300 198/1404/1264
f 706/1414/1273 707/1439/1298 673/1418/1277 672/1415/1274
f 1079/1408/1267 1080/1442/1301 1046/1443/1302 1045/1411/1270
f 29/1407/1251 30/1444/1297 1080/1442/1301 1079/1408/1267
f 164/1405/1265 165/1445/1303 131/1429/1288 130/1406/1266
f 198/1404/1264 199/1441/1300 165/1445/1303 164/1405/1265
f 334/228/188 335/1437/1296 301/1423/1282 300/1399/1259
f 842/1413/1272 843/1434/1293 809/1446/1304 808/1392/1252
f 1011/1417/1276 1012/1447/1305 978/1440/1299 977/1409/1268
f 1045/1411/1270 1046/1443/1302 1012/1447/1305 1011/1417/1276
f 503/1410/1269 504/1421/1280 470/1432/1291 469/1388/1248
f 435/1389/1249 436/1433/1292 402/820/728 401/819/727
f 808/1392/1252 809/1446/1304 775/1435/1294 774/1393/1253
f 571/1400/1260 572/1448/1306 538/1420/1279 537/1401/1261
f 605/1398/1258 606/1422/1281 572/1448/1306 571/1400/1260
f 267/1424/1283 268/1449/1307 234/1450/1308 233/1430/1289
f 639/1419/1278 640/1451/1309 607/1452/1310 606/1422/1281
f 504/1421/1280 505/1453/1311 471/1454/1312 470/1432/1291
f 910/1425/1284 911/1455/1313 878/660/573 877/1426/1285
f 436/1433/1292 437/1456/1314 403/1457/1315 402/820/728
f 741/1436/1295 742/1458/1316 708/1459/1317 707/1439/1298
f 470/1432/1291 471/1454/1312 437/1456/1314 436/1433/1292
f 335/1437/1296 336/1460/1318 302/1461/1319 301/1423/1282
f 673/1418/1277 674/1462/1320 640/1451/1309 639/1419/1278
f 233/1430/1289 234/1450/1308 200/1463/1321 199/1441/1300
f 64/1428/1287 65/1464/1322 31/1465/1323 30/1438/1297
f 944/1431/1290 945/1466/1324 911/1455/1313 910/1425/1284
f 978/1440/1299 979/1467/1325 945/1466/1324 944/1431/1290
f 1046/1443/1302 1047/1468/1326 1013/1469/1327 1012/1447/1305
f 301/1423/1282 302/1461/1319 268/1449/1307 267/1424/1283
f 30/1444/1297 31/1470/1323 1081/1471/1328 1080/1442/1301
f 402/820/728 403/1457/1315 369/1472/1329 368/821/729
f 538/1420/1279 539/1473/1330 505/1453/1311 504/1421/1280
f 131/1429/1288 132/1474/1331 98/1475/1332 97/1427/1286
f 802/1147/1015 803/1200/1066 769/1201/1067 768/1148/1016
f 809/1446/1304 810/1476/1333 776/1477/1334 775/1435/1294
f 199/1441/1300 200/1463/1321 166/1478/1335 165/1445/1303
f 572/1448/1306 573/1479/1336 539/1473/1330 538/1420/1279
f 368/821/729 369/1472/1329 336/1460/1318 335/1437/1296
f 843/1434/1293 844/663/576 810/1476/1333 809/1446/1304
f 606/1422/1281 607/1452/1310 573/1479/1336 572/1448/1306
f 707/1439/1298 708/1459/1317 674/1462/1320 673/1418/1277
f 97/1427/1286 98/1475/1332 65/1464/1322 64/1428/1287
f 165/1445/1303 166/1478/1335 132/1474/1331 131/1429/1288
f 1080/1442/1301 1081/1471/1328 1047/1468/1326 1046/1443/1302
f 775/1435/1294 776/1477/1334 742/1458/1316 741/1436/1295
f 1012/1447/1305 1013/1469/1327 979/1467/1325 978/1440/1299
f 607/1452/1310 608/1480/1337 574/1481/1338 573/1479/1336
f 1047/1468/1326 1048/1482/1339 1014/1483/1340 1013/1469/1327
f 674/1462/1320 675/1484/1341 641/1485/1342 640/1451/1309
f 31/1470/1323 32/1486/1343 1082/1487/1344 1081/1471/1328
f 979/1467/1325 980/1488/1345 946/1489/1346 945/1466/1324
f 810/1476/1333 811/1490/1347 777/1491/1348 776/1477/1334
f 742/1458/1316 743/1492/1349 709/1493/1350 708/1459/1317
f 505/1453/1311 506/1494/1351 472/1495/1352 471/1454/1312
f 65/1464/1322 66/1496/1353 32/1497/1343 31/1465/1323
f 166/1478/1335 167/1498/1354 133/1499/1355 132/1474/1331
f 234/1450/1308 235/1500/1356 201/1501/1357 200/1463/1321
f 403/1457/1315 404/1502/1358 370/1503/1359 369/1472/1329
f 776/1477/1334 777/1491/1348 743/1492/1349 742/1458/1316
f 640/1451/1309 641/1485/1342 608/1480/1337 607/1452/1310
f 1081/1471/1328 1082/1487/1344 1048/1482/1339 1047/1468/1326
f 132/1474/1331 133/1499/1355 99/1504/1360 98/1475/1332
f 471/1454/1312 472/1495/1352 438/1505/1361 437/1456/1314
f 539/1473/1330 540/1506/1362 506/1494/1351 505/1453/1311
f 98/1475/1332 99/1504/1360 66/1496/1353 65/1464/1322
f 945/1466/1324 946/1489/1346 912/1507/1363 911/1455/1313
f 1013/1469/1327 1014/1483/1340 980/1488/1345 979/1467/1325
f 708/1459/1317 709/1493/1350 675/1484/1341 674/1462/1320
f 268/1449/1307 269/1508/1364 235/1500/1356 234/1450/1308
f 336/1460/1318 337/1221/1086 303/1224/1089 302/1461/1319
f 437/1456/1314 438/1505/1361 404/1502/1358 403/1457/1315
f 369/1472/1329 370/1503/1359 337/1221/1086 336/1460/1318
f 200/1463/1321 201/1501/1357 167/1498/1354 166/1478/1335
f 877/1426/1285 878/660/573 844/663/576 843/1434/1293
f 911/1455/1313 912/1507/1363 879/661/574 878/660/573
f 844/663/576 845/662/575 811/1490/1347 810/1476/1333
f 573/1479/1336 574/1481/1338 540/1506/1362 539/1473/1330
f 302/1461/1319 303/1224/1089 269/1508/1364 268/1449/1307
f 276/1509/1365 5/1510/1366 39/1511/1367 310/1512/1368
f 1380/1513/1369 1387/1514/1370 1386/1515/1371 1379/1516/1372
f 99/1504/1360 100/1517/1373 67/1518/1374 66/1496/1353
f 1303/1519/1375 1310/1520/1376 1309/1521/1377 1302/1522/1378
f 438/1505/1361 439/1523/1379 405/1524/1380 404/1502/1358
f 912/1507/1363 913/1525/1381 880/1526/1382 879/661/574
f 167/1498/1354 168/1527/1383 134/1528/1384 133/1499/1355
f 1219/1529/1385 1226/1530/1386 1225/1531/1387 1218/1532/1388
f 845/662/575 846/1533/1389 812/1534/1390 811/1490/1347
f 1233/1535/1391 1240/1536/1392 1239/1537/1393 1232/1538/1394
f 946/1489/1346 947/1539/1395 913/1525/1381 912/1507/1363
f 1310/1520/1376 1317/1540/1396 1316/1541/1397 1309/1521/1377
f 269/1508/1364 270/1542/1398 236/1543/1399 235/1500/1356
f 1261/1544/1400 1268/1545/1401 1267/1546/1402 1260/452/405
f 1275/1547/1403 1282/1548/1404 1281/1549/1405 1274/1550/1406
f 1282/1548/1404 1289/1551/1407 1288/1552/1408 1281/1549/1405
f 1352/1553/1409 1359/1554/1410 1358/1555/1411 1351/1556/1412
f 540/1506/1362 541/1557/1413 507/1558/1414 506/1494/1351
f 1338/1559/1415 1345/1560/1416 1344/1561/1417 1337/1562/1418
f 1366/1563/1419 1373/1564/1420 1372/1565/1421 1365/1566/1422
f 1401/1567/1423 1408/1568/1424 1407/1569/1425 1400/1570/1426
f 1048/1482/1339 1049/1571/1427 1015/1572/1428 1014/1483/1340
f 235/1500/1356 236/1543/1399 202/1573/1429 201/1501/1357
f 709/1493/1350 710/1574/1430 676/1575/1431 675/1484/1341
f 303/1224/1089 304/1223/1088 270/1542/1398 269/1508/1364
f 472/1495/1352 473/1576/1432 439/1523/1379 438/1505/1361
f 1317/1540/1396 1324/1577/1433 1323/1578/1434 1316/1541/1397
f 818/1579/1435 547/1580/1436 581/1581/1437 852/1582/1438
f 547/1580/1436 276/1509/1365 310/1512/1368 581/1581/1437
f 404/1502/1358 405/1524/1380 371/1583/1439 370/1503/1359
f 352/783/693 353/782/692 320/65/33 319/756/666
f 1268/1545/1401 1275/1547/1403 1274/1550/1406 1267/1546/1402
f 17/830/737 34/919/816 1084/879/785 1067/831/738
f 626/849/756 643/861/767 610/864/770 593/838/745
f 491/833/740 508/916/822 474/885/791 457/834/741
f 355/835/742 372/875/781 339/878/784 322/836/743
f 965/841/748 982/865/771 948/868/774 931/846/753
f 728/848/755 745/893/799 711/896/802 694/858/764
f 559/839/746 576/872/778 542/884/790 525/837/744
f 389/859/765 406/924/828 372/875/781 355/835/742
f 288/857/763 305/901/807 271/904/810 254/843/750
f 254/843/750 271/904/810 237/889/795 220/844/751
f 220/844/751 237/889/795 203/892/798 186/845/752
f 186/845/752 203/892/798 169/911/817 152/850/757
f 897/855/761 914/874/780 881/917/823 864/856/762
f 1033/832/739 1050/882/788 1016/913/819 999/840/747
f 152/850/757 169/911/817 135/897/803 118/854/760
f 51/851/758 68/907/813 34/910/816 17/852/737
f 694/858/764 711/896/802 677/869/775 660/860/766
f 423/842/749 440/888/794 406/924/828 389/859/765
f 118/854/760 135/897/803 101/900/806 84/853/759
f 457/834/741 474/885/791 440/888/794 423/842/749
f 762/847/754 779/921/825 745/893/799 728/848/755
f 999/840/747 1016/913/819 982/865/771 965/841/748
f 687/569/492 688/568/492 654/573/493 653/572/493
f 864/856/762 881/917/823 847/791/701 830/790/700
f 322/836/743 339/878/784 305/901/807 288/857/763
f 1067/831/738 1084/879/785 1050/882/788 1033/832/739
f 525/837/744 542/884/790 508/916/822 491/833/740
f 796/793/703 813/792/702 779/921/825 762/847/754
f 931/846/753 948/868/774 914/874/780 897/855/761
f 84/853/759 101/900/806 68/907/813 51/851/758
f 660/860/766 677/869/775 643/861/767 626/849/756
f 593/838/745 610/864/770 576/872/778 559/839/746
f 1212/1584/1440 1208/1585/1441 1206/316/272 1210/254/212
f 1151/1586/1442 1147/1587/1443 1148/1588/1444 1152/1589/1445
f 1149/181/141 1145/231/191 1147/1587/1443 1151/1586/1442
f 1156/1590/1446 1152/1589/1445 1150/265/223 1154/321/277
f 1179/1591/1447 1175/1592/1448 1176/1327/1189 1180/1326/1188
f 1137/225/185 1133/198/158 1135/1593/1449 1139/1594/1450
f 1144/1595/1451 1140/1596/1452 1138/303/259 1142/300/256
f 1143/1597/1453 1139/1594/1450 1140/1596/1452 1144/1595/1451
f 1161/209/169 1157/212/172 1159/1598/1454 1163/1599/1455
f 1172/1600/1456 1168/1601/1457 1166/270/228 1170/269/227
f 1159/1598/1454 1155/1602/1458 1156/1590/1446 1160/1603/1459
f 1113/189/149 1109/211/171 1111/1604/1460 1115/1605/1461
f 248/623/538 249/622/537 215/645/560 214/644/559
f 1088/1396/1256 1211/1395/1255 1212/1584/1440 1087/1606/1462
f 1117/186/146 1113/189/149 1115/1605/1461 1119/1607/1463
f 1124/1384/1244 1120/1608/1464 1118/295/253 1122/311/267
f 1207/1609/1465 1203/1610/1466 1204/1611/1467 1208/1585/1441
f 1129/201/161 1125/234/194 1127/1382/1242 1131/1612/1468
f 1128/1385/1245 1124/1384/1244 1122/311/267 1126/319/275
f 1195/1613/1469 1191/1614/1470 1192/1615/1471 1196/1616/1472
f 1133/198/158 1129/201/161 1131/1612/1468 1135/1593/1449
f 1132/1617/1473 1128/1385/1245 1126/319/275 1130/286/244
f 1199/1618/1474 1195/1613/1469 1196/1616/1472 1200/1619/1475
f 1173/218/178 1169/221/181 1171/1620/1476 1175/1592/1448
f 1136/1621/1477 1132/1617/1473 1130/286/244 1134/285/243
f 1131/1612/1468 1127/1382/1242 1128/1385/1245 1132/1617/1473
f 1185/202/162 1181/205/165 1183/1622/1478 1187/1623/1479
f 1108/1624/1480 1104/1625/1481 1102/261/219 1106/308/264
f 1119/1607/1463 1115/1605/1461 1116/1626/1482 1120/1608/1464
f 1189/240/200 1185/202/162 1187/1623/1479 1191/1614/1470
f 1112/1627/1483 1108/1624/1480 1106/308/264 1110/290/248
f 1107/1628/1484 1103/1629/1485 1104/1625/1481 1108/1624/1480
f 1145/231/191 1141/222/182 1143/1597/1453 1147/1587/1443
f 1168/1601/1457 1164/1630/1486 1162/313/269 1166/270/228
f 1115/1605/1461 1111/1604/1460 1112/1627/1483 1116/1626/1482
f 1165/206/166 1161/209/169 1163/1599/1455 1167/1631/1487
f 1148/1588/1444 1144/1595/1451 1142/300/256 1146/266/224
f 1171/1620/1476 1167/1631/1487 1168/1601/1457 1172/1600/1456
f 899/1050/920 900/1049/919 867/996/866 866/995/865
f 1116/1626/1482 1112/1627/1483 1110/290/248 1114/289/247
f 1203/1610/1466 1199/1618/1474 1200/1619/1475 1204/1611/1467
f 1201/185/145 1197/233/193 1199/1618/1474 1203/1610/1466
f 1096/1632/1488 1092/1633/1489 1090/297/255 1094/292/250
f 1211/1395/1255 1207/1609/1465 1208/1585/1441 1212/1584/1440
f 1209/238/198 1205/182/142 1207/1609/1465 1211/1395/1255
f 1184/1634/1490 1180/1326/1188 1178/304/260 1182/282/240
f 1155/1602/1458 1151/1586/1442 1152/1589/1445 1156/1590/1446
f 1105/194/154 1101/197/157 1103/1629/1485 1107/1628/1484
f 1092/1633/1489 1087/1635/1462 1085/298/211 1090/297/255
f 1111/1604/1460 1107/1628/1484 1108/1624/1480 1112/1627/1483
f 1169/221/181 1165/206/166 1167/1631/1487 1171/1620/1476
f 1176/1327/1189 1172/1600/1456 1170/269/227 1174/307/263
f 1095/1636/1491 1091/1637/1492 1092/1633/1489 1096/1632/1488
f 1097/190/150 1093/193/153 1095/1636/1491 1099/1638/1493
f 1208/1585/1441 1204/1611/1467 1202/277/235 1206/316/272
f 1099/1638/1493 1095/1636/1491 1096/1632/1488 1100/1639/1494
f 1205/182/142 1201/185/145 1203/1610/1466 1207/1609/1465
f 1204/1611/1467 1200/1619/1475 1198/278/236 1202/277/235
f 1191/1614/1470 1187/1623/1479 1188/1640/1495 1192/1615/1471
f 1157/212/172 1153/178/138 1155/1602/1458 1159/1598/1454
f 1140/1596/1452 1136/1621/1477 1134/285/243 1138/303/259
f 752/383/338 753/382/337 719/360/315 718/359/314
f 1109/211/171 1105/194/154 1107/1628/1484 1111/1604/1460
f 1196/1616/1472 1192/1615/1471 1190/258/216 1194/257/215
f 1167/1631/1487 1163/1599/1455 1164/1630/1486 1168/1601/1457
f 1153/178/138 1149/181/141 1151/1586/1442 1155/1602/1458
f 1120/1608/1464 1116/1626/1482 1114/289/247 1118/295/253
f 1147/1587/1443 1143/1597/1453 1144/1595/1451 1148/1588/1444
f 1197/233/193 1193/243/203 1195/1613/1469 1199/1618/1474
f 1164/1630/1486 1160/1603/1459 1158/314/270 1162/313/269
f 1103/1629/1485 1099/1638/1493 1100/1639/1494 1104/1625/1481
f 1089/214/174 1086/217/177 1088/1641/1256 1091/1637/1492
f 1104/1625/1481 1100/1639/1494 1098/262/220 1102/261/219
f 1123/1383/1243 1119/1607/1463 1120/1608/1464 1124/1384/1244
f 1181/205/165 1177/245/205 1179/1591/1447 1183/1622/1478
f 1188/1640/1495 1184/1634/1490 1182/282/240 1186/281/239
f 1135/1593/1449 1131/1612/1468 1132/1617/1473 1136/1621/1477
f 1121/237/197 1117/186/146 1119/1607/1463 1123/1383/1243
f 1152/1589/1445 1148/1588/1444 1146/266/224 1150/265/223
f 1187/1623/1479 1183/1622/1478 1184/1634/1490 1188/1640/1495
f 1177/245/205 1173/218/178 1175/1592/1448 1179/1591/1447
f 1192/1615/1471 1188/1640/1495 1186/281/239 1190/258/216
f 1183/1622/1478 1179/1591/1447 1180/1326/1188 1184/1634/1490
f 1101/197/157 1097/190/150 1099/1638/1493 1103/1629/1485
f 1200/1619/1475 1196/1616/1472 1194/257/215 1198/278/236
f 1139/1594/1450 1135/1593/1449 1136/1621/1477 1140/1596/1452
f 1093/193/153 1089/214/174 1091/1637/1492 1095/1636/1491
f 1100/1639/1494 1096/1632/1488 1094/292/250 1098/262/220
f 1163/1599/1455 1159/1598/1454 1160/1603/1459 1164/1630/1486
f 1141/222/182 1137/225/185 1139/1594/1450 1143/1597/1453
f 1087/1606/1462 1212/1584/1440 1210/254/212 1085/253/211
f 1175/1592/1448 1171/1620/1476 1172/1600/1456 1176/1327/1189
f 1193/243/203 1189/240/200 1191/1614/1470 1195/1613/1469
f 1160/1603/1459 1156/1590/1446 1154/321/277 1158/314/270
f 1091/1637/1492 1088/1641/1256 1087/1635/1462 1092/1633/1489
f 1125/234/194 1121/237/197 1123/1383/1243 1127/1382/1242
f 681/271/229 1166/270/228 1162/313/269 647/312/268
f 1376/1642/1496 1383/1643/1497 1381/1644/1498 1374/1645/1499
f 1320/1646/1500 1327/1647/1501 1325/1648/1502 1318/1649/1503
f 1369/1650/1504 1376/1642/1496 1374/1645/1499 1367/1651/1505
f 1222/1652/1506 1229/1653/1507 1227/1654/1508 1220/1655/1509
f 716/1656/1510 445/1657/1511 513/1658/1512 784/1659/1513
f 1271/1660/1514 1278/1661/1515 1276/1662/1516 1269/1663/1517
f 1229/1653/1507 1236/1664/1518 1234/1665/1519 1227/1654/1508
f 1278/1661/1515 1285/1666/1520 1283/1667/1521 1276/1662/1516
f 1362/1668/1522 1369/1650/1504 1367/1651/1505 1360/1669/1523
f 1341/345/301 1348/344/300 1346/375/330 1339/1670/1524
f 1327/1647/1501 1334/1671/1525 1332/1672/1526 1325/1648/1502
f 1313/1673/1527 1320/1646/1500 1318/1649/1503 1311/1674/1528
f 1397/1675/1529 1404/1676/1530 1402/1677/1531 1395/1678/1532
f 1264/1679/1533 1271/1660/1514 1269/1663/1517 1262/1680/1534
f 1404/1676/1530 987/1681/1535 1055/1682/1536 1402/1677/1531
f 1257/247/207 1264/1679/1533 1262/1680/1534 1255/248/208
f 1243/1683/1537 1250/246/206 1248/249/209 1241/1684/612
f 1306/1685/1538 1313/1673/1527 1311/1674/1528 1304/1686/1539
f 771/1295/1158 772/1351/1212 738/1334/1196 737/1296/1159
f 1390/1687/1540 1397/1675/1529 1395/1678/1532 1388/1688/1541
f 1383/1643/1497 1390/1687/1540 1388/1688/1541 1381/1644/1498
f 1355/373/328 1362/1668/1522 1360/1669/1523 1353/374/329
f 1236/1664/1518 1243/1683/1537 1241/1684/612 1234/1665/1519
f 174/1689/1542 1215/1690/1543 1213/1691/1544 242/1692/1545
f 1299/1693/1546 1306/1685/1538 1304/1686/1539 1297/1694/1547
f 1285/1666/1520 1292/1695/1548 1290/1696/1549 1283/1667/1521
f 716/1656/1510 784/1659/1513 1055/1697/1536 987/1698/1535
f 445/1657/1511 174/1689/1542 242/1692/1545 513/1658/1512
f 1215/1690/1543 1222/1652/1506 1220/1655/1509 1213/1691/1544
f 1292/1695/1548 1299/1693/1546 1297/1694/1547 1290/1696/1549
f 371/1699/112 1261/1700/112 1254/1701/112 338/1702/112
f 744/1703/112 1338/1704/112 1331/1705/112 710/1706/112
f 407/1707/1550 1319/1708/1550 1312/1709/1550 441/1710/1550
f 441/1710/1550 1312/1709/1550 1305/1711/1550 475/1712/1550
f 609/1713/112 1310/1714/112 1303/1715/112 575/1716/112
f 577/1717/1550 1284/1718/1550 1277/1719/1550 611/1720/1550
f 846/1721/112 1359/1722/112 1352/1723/112 812/1724/112
f 676/1725/112 1324/1726/112 1317/1727/112 642/1728/112
f 678/1729/1550 1263/1730/1550 1256/1731/1550 712/1732/1550
f 1051/1733/1550 208/1734/1550 1403/1735/1550 1/1736/1550
f 543/1737/1550 1291/1738/1550 1284/1718/1550 577/1717/1550
f 1058/412/367 1059/456/409 1025/475/428 1024/405/360
f 848/1739/1550 1228/1740/1550 1221/1741/1550 882/1742/1550
f 949/1743/1550 1021/1744/1550 750/1745/1550 983/1746/1550
f 780/1747/1550 1242/1748/1550 1235/1749/1550 814/1750/1550
f 915/1751/1550 1214/1752/1550 1021/1744/1550 949/1743/1550
f 373/1753/1550 1326/1754/1550 1319/1708/1550 407/1707/1550
f 272/1755/1550 1347/1756/1550 1340/1757/1550 306/1758/1550
f 306/1758/1550 1340/1757/1550 1333/1759/1550 340/1760/1550
f 644/1761/1550 1270/1762/1550 1263/1730/1550 678/1729/1550
f 882/1742/1550 1221/1741/1550 1214/1752/1550 915/1751/1550
f 1017/1763/1550 479/1764/1550 208/1734/1550 1051/1733/1550
f 35/1765/1550 1396/1766/1550 1389/1767/1550 69/1768/1550
f 69/1768/1550 1389/1767/1550 1382/1769/1550 102/1770/1550
f 814/1750/1550 1235/1749/1550 1228/1740/1550 848/1739/1550
f 475/1712/1550 1305/1711/1550 1298/1771/1550 509/1772/1550
f 136/1773/1550 1375/1774/1550 1368/1775/1550 170/1776/1550
f 710/1706/112 1331/1705/112 1324/1726/112 676/1725/112
f 509/1772/1550 1298/1771/1550 1291/1738/1550 543/1737/1550
f 170/1776/1550 1368/1775/1550 1361/1777/1550 204/1778/1550
f 575/1716/112 1303/1715/112 1296/1779/112 541/1780/112
f 33/1781/112 818/1782/112 1408/1783/112 1083/1784/112
f 168/151/112 1219/150/112 5/1785/112 134/1786/112
f 1392/1787/1551 1399/1788/1552 1397/1675/1529 1390/1687/1540
f 1357/1789/1553 1364/1790/1554 1362/1668/1522 1355/373/328
f 1315/1791/1555 1322/1792/1556 1320/1646/1500 1313/1673/1527
f 1217/1793/1557 1224/1794/1558 1222/1652/1506 1215/1690/1543
f 1231/1795/1559 1238/1796/1560 1236/1664/1518 1229/1653/1507
f 795/804/712 796/793/703 762/847/754 761/807/715
f 1378/1797/1561 1385/1798/1562 1383/1643/1497 1376/1642/1496
f 1406/1799/1563 919/1800/1564 987/1681/1535 1404/1676/1530
f 648/1801/1565 377/1802/1566 445/1657/1511 716/1656/1510
f 1350/343/299 1357/1789/1553 1355/373/328 1348/344/300
f 1329/1803/1567 1336/1804/1568 1334/1671/1525 1327/1647/1501
f 1224/1794/1558 1231/1795/1559 1229/1653/1507 1222/1652/1506
f 1322/1792/1556 1329/1803/1567 1327/1647/1501 1320/1646/1500
f 1364/1790/1554 1371/1805/1569 1369/1650/1504 1362/1668/1522
f 1301/1806/1570 1308/1807/1571 1306/1685/1538 1299/1693/1546
f 1252/454/407 1259/453/406 1257/247/207 1250/246/206
f 1273/1808/1572 1280/1809/1573 1278/1661/1515 1271/1660/1514
f 377/1802/1566 106/1810/1574 174/1689/1542 445/1657/1511
f 1371/1805/1569 1378/1797/1561 1376/1642/1496 1369/1650/1504
f 1385/1798/1562 1392/1787/1551 1390/1687/1540 1383/1643/1497
f 1280/1809/1573 1287/1811/1575 1285/1666/1520 1278/1661/1515
f 1287/1811/1575 1294/1812/1576 1292/1695/1548 1285/1666/1520
f 1245/1813/1577 1252/454/407 1250/246/206 1243/1683/1537
f 1336/1804/1568 1343/342/298 1341/345/301 1334/1671/1525
f 1399/1788/1552 1406/1799/1563 1404/1676/1530 1397/1675/1529
f 1259/453/406 1266/1814/1578 1264/1679/1533 1257/247/207
f 1266/1814/1578 1273/1808/1572 1271/1660/1514 1264/1679/1533
f 648/1801/1565 716/1656/1510 987/1698/1535 919/1815/1564
f 1238/1796/1560 1245/1813/1577 1243/1683/1537 1236/1664/1518
f 1308/1807/1571 1315/1791/1555 1313/1673/1527 1306/1685/1538
f 1294/1812/1576 1301/1806/1570 1299/1693/1546 1292/1695/1548
f 1334/1671/1525 1341/345/301 1339/1670/1524 1332/1672/1526
f 1361/1816/1579 1230/1817/1580 1237/1818/1581 1354/1819/1582
f 1256/1820/1583 1335/1821/1584 1342/1822/1585 1249/1823/1586
f 1242/1824/1587 1349/1825/1588 1356/1826/1589 1235/1827/1590
f 1326/1828/1591 1265/1829/1592 1272/438/391 1319/437/390
f 1354/1819/1582 1237/1818/1581 1244/1830/1593 1347/1831/1594
f 1340/1832/1595 1251/1833/1596 1258/1834/1597 1333/1835/1598
f 1235/1827/1590 1356/1826/1589 1363/1836/1599 1228/1837/1600
f 1263/1838/1601 1328/1839/1602 1335/1821/1584 1256/1820/1583
f 1249/1823/1586 1342/1822/1585 1349/1825/1588 1242/1824/1587
f 1333/1835/1598 1258/1834/1597 1265/1829/1592 1326/1828/1591
f 1347/1831/1594 1244/1830/1593 1251/1833/1596 1340/1832/1595
f 143/424/377 144/442/395 110/436/389 109/407/362
f 1312/440/393 1279/439/392 1286/1840/1603 1305/1841/1604
f 1403/1842/1605 140/1843/1606 411/1844/1607 1396/1845/1608
f 1214/469/422 1377/468/421 1384/1846/1609 1021/1847/1610
f 1305/1841/1604 1286/1840/1603 1293/1848/1611 1298/1849/1612
f 1396/1845/1608 411/1844/1607 682/1850/1613 1389/1851/1614
f 208/1852/1615 1405/1853/1616 140/1854/1606 1403/1855/1605
f 1298/1849/1612 1293/1848/1611 1300/1856/1617 1291/1857/1618
f 1389/1851/1614 682/1850/1613 953/1858/1619 1382/1859/1620
f 479/1860/1621 1398/1861/1622 1405/1853/1616 208/1852/1615
f 1291/1857/1618 1300/1856/1617 1307/1862/1623 1284/1863/1624
f 1382/1859/1620 953/1858/1619 1216/431/384 1375/430/383
f 750/1864/1625 1391/1865/1626 1398/1861/1622 479/1860/1621
f 1284/1863/1624 1307/1862/1623 1314/1866/1627 1277/1867/1628
f 1277/1867/1628 1314/1866/1627 1321/1868/1629 1270/1869/1630
f 42/415/370 43/435/388 9/504/408 8/416/366
f 1368/433/386 1223/432/385 1230/1817/1580 1361/1816/1579
f 1021/1847/1610 1384/1846/1609 1391/1865/1626 750/1864/1625
f 1270/1869/1630 1321/1868/1629 1328/1839/1602 1263/1838/1601
f 1228/1837/1600 1363/1836/1599 1370/467/420 1221/466/419
f 1225/1531/1387 1232/1538/1394 1231/1795/1559 1224/1794/1558
f 249/622/537 250/667/580 216/658/571 215/645/560
f 1218/1532/1388 1225/1531/1387 1224/1794/1558 1217/1793/1557
f 1323/1578/1434 1330/1870/1631 1329/1803/1567 1322/1792/1556
f 1316/1541/1397 1323/1578/1434 1322/1792/1556 1315/1791/1555
f 581/1581/1437 310/1512/1368 377/1802/1566 648/1801/1565
f 1267/1546/1402 1274/1550/1406 1273/1808/1572 1266/1814/1578
f 1295/1871/1632 1302/1522/1378 1301/1806/1570 1294/1812/1576
f 852/1582/1438 581/1581/1437 648/1801/1565 919/1815/1564
f 1407/1569/1425 852/1872/1438 919/1800/1564 1406/1799/1563
f 1365/1566/1422 1372/1565/1421 1371/1805/1569 1364/1790/1554
f 310/1512/1368 39/1511/1367 106/1810/1574 377/1802/1566
f 1337/1562/1418 1344/1561/1417 1343/342/298 1336/1804/1568
f 1400/1570/1426 1407/1569/1425 1406/1799/1563 1399/1788/1552
f 1379/1516/1372 1386/1515/1371 1385/1798/1562 1378/1797/1561
f 1372/1565/1421 1379/1516/1372 1378/1797/1561 1371/1805/1569
f 1274/1550/1406 1281/1549/1405 1280/1809/1573 1273/1808/1572
f 1288/1552/1408 1295/1871/1632 1294/1812/1576 1287/1811/1575
f 1260/452/405 1267/1546/1402 1266/1814/1578 1259/453/406
f 1358/1555/1411 1365/1566/1422 1364/1790/1554 1357/1789/1553
f 1309/1521/1377 1316/1541/1397 1315/1791/1555 1308/1807/1571
f 1239/1537/1393 1246/1873/1633 1245/1813/1577 1238/1796/1560
f 1281/1549/1405 1288/1552/1408 1287/1811/1575 1280/1809/1573
f 1246/1873/1633 1253/451/404 1252/454/407 1245/1813/1577
f 1344/1561/1417 1351/1556/1412 1350/343/299 1343/342/298
f 1386/1515/1371 1393/1874/1634 1392/1787/1551 1385/1798/1562
f 1302/1522/1378 1309/1521/1377 1308/1807/1571 1301/1806/1570
f 1232/1538/1394 1239/1537/1393 1238/1796/1560 1231/1795/1559
f 1330/1870/1631 1337/1562/1418 1336/1804/1568 1329/1803/1567
f 39/1511/1367 1218/1532/1388 1217/1793/1557 106/1810/1574
f 1393/1874/1634 1400/1570/1426 1399/1788/1552 1392/1787/1551
f 106/1810/1574 1217/1793/1557 1215/1690/1543 174/1689/1542
f 1359/1554/1410 1366/1563/1419 1365/1566/1422 1358/1555/1411
f 1394/1875/1635 1401/1567/1423 1400/1570/1426 1393/1874/1634
f 1240/1536/1392 1247/1876/1636 1246/1873/1633 1239/1537/1393
f 1324/1577/1433 1331/1877/1637 1330/1870/1631 1323/1578/1434
f 1331/1877/1637 1338/1559/1415 1337/1562/1418 1330/1870/1631
f 1373/1564/1420 1380/1513/1369 1379/1516/1372 1372/1565/1421
f 1345/1560/1416 1352/1553/1409 1351/1556/1412 1344/1561/1417
f 980/1488/1345 981/1878/1638 947/1539/1395 946/1489/1346
f 608/1480/1337 609/1879/1639 575/1880/1640 574/1481/1338
f 370/1503/1359 371/1583/1439 338/1222/1087 337/1221/1086
f 777/1491/1348 778/1881/1641 744/1882/1642 743/1492/1349
f 5/1510/1366 1219/1529/1385 1218/1532/1388 39/1511/1367
f 675/1484/1341 676/1575/1431 642/1883/1643 641/1485/1342
f 879/661/574 880/1526/1382 846/1533/1389 845/662/575
f 574/1481/1338 575/1880/1640 541/1557/1413 540/1506/1362
f 1082/1487/1344 1083/1884/1644 1049/1571/1427 1048/1482/1339
f 66/1496/1353 67/1518/1374 33/1885/1645 32/1497/1343
f 1014/1483/1340 1015/1572/1428 981/1878/1638 980/1488/1345
f 743/1492/1349 744/1882/1642 710/1574/1430 709/1493/1350
f 1387/1514/1370 1394/1875/1635 1393/1874/1634 1386/1515/1371
f 32/1486/1343 33/1886/1645 1083/1884/1644 1082/1487/1344
f 1226/1530/1386 1233/1535/1391 1232/1538/1394 1225/1531/1387
f 811/1490/1347 812/1534/1390 778/1881/1641 777/1491/1348
f 1289/1551/1407 1296/1887/1646 1295/1871/1632 1288/1552/1408
f 1247/1876/1636 1254/1888/1647 1253/451/404 1246/1873/1633
f 1254/1888/1647 1261/1544/1400 1260/452/405 1253/451/404
f 133/1499/1355 134/1528/1384 100/1517/1373 99/1504/1360
f 506/1494/1351 507/1558/1414 473/1576/1432 472/1495/1352
f 641/1485/1342 642/1883/1643 609/1879/1639 608/1480/1337
f 1408/1568/1424 818/1889/1435 852/1872/1438 1407/1569/1425
f 201/1501/1357 202/1573/1429 168/1527/1383 167/1498/1354
f 1296/1887/1646 1303/1519/1375 1302/1522/1378 1295/1871/1632
f 1/1890/1550 1403/1891/1550 1396/1766/1550 35/1765/1550
f 880/1892/112 1366/1893/112 1359/1722/112 846/1721/112
f 913/1894/112 1373/1895/112 1366/1893/112 880/1892/112
f 712/1732/1550 1256/1731/1550 1249/1896/1550 746/1897/1550
f 270/1898/112 1240/1899/112 1233/1900/112 236/1901/112
f 981/1902/112 1387/1903/112 1380/1904/112 947/1905/112
f 541/1780/112 1296/1779/112 1289/1906/112 507/1907/112
f 611/1720/1550 1277/1719/1550 1270/1762/1550 644/1761/1550
f 371/1699/112 405/1908/112 1268/1909/112 1261/1700/112
f 102/1770/1550 1382/1769/1550 1375/1774/1550 136/1773/1550
f 100/1910/112 276/1911/112 547/1912/112 67/1913/112
f 238/1914/1550 1354/1915/1550 1347/1756/1550 272/1755/1550
f 1049/1916/112 1401/1917/112 1394/1918/112 1015/1919/112
f 134/1786/112 5/1785/112 276/1911/112 100/1910/112
f 1083/1784/112 1408/1783/112 1401/1917/112 1049/1916/112
f 340/1760/1550 1333/1759/1550 1326/1754/1550 373/1753/1550
f 338/1702/112 1254/1701/112 1247/1920/112 304/1921/112
f 304/1921/112 1247/1920/112 1240/1899/112 270/1898/112
f 204/1778/1550 1361/1777/1550 1354/1915/1550 238/1914/1550
f 746/1897/1550 1249/1896/1550 1242/1748/1550 780/1747/1550
f 236/1901/112 1233/1900/112 1226/149/112 202/148/112
f 947/1905/112 1380/1904/112 1373/1895/112 913/1894/112
f 473/1922/112 1282/1923/112 1275/1924/112 439/1925/112
f 1015/1919/112 1394/1918/112 1387/1903/112 981/1902/112
f 67/1913/112 547/1912/112 818/1926/112 33/1927/112
f 642/1728/112 1317/1727/112 1310/1714/112 609/1713/112
f 812/1724/112 1352/1723/112 1345/1928/112 778/1929/112
f 983/1746/1550 750/1745/1550 479/1764/1550 1017/1763/1550
f 507/1907/112 1289/1906/112 1282/1923/112 473/1922/112
f 439/1925/112 1275/1924/112 1268/1909/112 405/1908/112
f 778/1929/112 1345/1928/112 1338/1704/112 744/1703/112
f 1269/1930/1517 1421/1931/1648 1420/1932/1649 1262/1933/1534
f 1339/1934/1524 1431/1935/1650 1430/1936/1651 1332/1937/1526
f 1346/1938/330 1432/1939/1652 1431/1935/1650 1339/1934/1524
f 1255/1940/208 1419/1941/1653 1418/699/610 1248/698/209
f 242/1942/1545 1409/1943/1654 1410/1944/1655 513/1945/1512
f 513/1945/1512 1410/1944/1655 1411/1946/1656 784/1947/1513
f 1318/1948/1503 1428/1949/1657 1427/1950/1658 1311/1951/1528
f 1325/1952/1502 1429/1953/1659 1428/1949/1657 1318/1948/1503
f 1276/1954/1516 1422/1955/1660 1421/1931/1648 1269/1930/1517
f 1388/1956/1541 1438/1957/1661 1437/1958/1662 1381/1959/1498
f 1311/1951/1528 1427/1950/1658 1426/1960/1663 1304/1961/1539
f 1304/1961/1539 1426/1960/1663 1425/1962/1664 1297/1963/1547
f 1374/1964/1499 1436/1965/1665 1435/1966/1666 1367/1967/1505
f 1234/1968/1519 1416/1969/1667 1415/1970/1668 1227/1971/1508
f 1290/1972/1549 1424/1973/1669 1423/1974/1670 1283/1975/1521
f 1220/1976/1509 1414/1977/1671 1413/1978/1672 1213/1979/1544
f 1402/1980/1531 1440/1981/1673 1439/1982/1674 1395/1983/1532
f 1055/1984/1536 1412/1985/1675 1440/1981/1673 1402/1980/1531
f 1353/1986/329 1433/1987/1676 1432/1939/1652 1346/1938/330
f 1367/1967/1505 1435/1966/1666 1434/1988/1677 1360/1989/1523
f 784/1947/1513 1411/1946/1656 1412/1985/1675 1055/1984/1536
f 1262/1933/1534 1420/1932/1649 1419/1941/1653 1255/1940/208
f 1241/701/612 1417/700/611 1416/1969/1667 1234/1968/1519
f 1395/1983/1532 1439/1982/1674 1438/1957/1661 1388/1956/1541
f 1381/1959/1498 1437/1958/1662 1436/1965/1665 1374/1964/1499
f 1332/1937/1526 1430/1936/1651 1429/1953/1659 1325/1952/1502
f 1283/1975/1521 1423/1974/1670 1422/1955/1660 1276/1954/1516
f 1360/1989/1523 1434/1988/1677 1433/1987/1676 1353/1986/329
f 1213/1979/1544 1413/1978/1672 1409/1943/1654 242/1942/1545
f 1512/1083/952 1480/1990/1678 1479/1991/1679 1511/1992/1680
f 1227/1971/1508 1415/1970/1668 1414/1977/1671 1220/1976/1509
f 1297/1963/1547 1425/1962/1664 1424/1973/1669 1290/1972/1549
f 1425/1962/1664 1426/1960/1663 1441/1993/112
f 1409/1943/1654 1413/1978/1672 1441/1993/112
f 1439/1982/1674 1440/1981/1673 1441/1993/112
f 1426/1960/1663 1427/1950/1658 1441/1993/112
f 1412/1985/1675 1411/1946/1656 1441/1993/112
f 1440/1981/1673 1412/1985/1675 1441/1993/112
f 1427/1950/1658 1428/1949/1657 1441/1993/112
f 1419/1941/1653 1420/1932/1649 1441/1993/112
f 1428/1949/1657 1429/1953/1659 1441/1993/112
f 1416/1969/1667 1417/700/611 1441/1993/112
f 1429/1953/1659 1430/1936/1651 1441/1993/112
f 1413/1978/1672 1414/1977/1671 1441/1993/112
f 1430/1936/1651 1431/1935/1650 1441/1993/112
f 1411/1946/1656 1410/1944/1655 1441/1993/112
f 1431/1935/1650 1432/1939/1652 1441/1993/112
f 1417/700/611 1418/699/610 1441/1993/112
f 1432/1939/1652 1433/1987/1676 1441/1993/112
f 1414/1977/1671 1415/1970/1668 1441/1993/112
f 1433/1987/1676 1434/1988/1677 1441/1993/112
f 1410/1944/1655 1409/1943/1654 1441/1993/112
f 1434/1988/1677 1435/1966/1666 1441/1993/112
f 1421/1931/1648 1422/1955/1660 1441/1993/112
f 1435/1966/1666 1436/1965/1665 1441/1993/112
f 1422/1955/1660 1423/1974/1670 1441/1993/112
f 1420/1932/1649 1421/1931/1648 1441/1993/112
f 1436/1965/1665 1437/1958/1662 1441/1993/112
f 1423/1974/1670 1424/1973/1669 1441/1993/112
f 1418/699/610 1419/1941/1653 1441/1993/112
f 1437/1958/1662 1438/1957/1661 1441/1993/112
f 1424/1973/1669 1425/1962/1664 1441/1993/112
f 1415/1970/1668 1416/1969/1667 1441/1993/112
f 1438/1957/1661 1439/1982/1674 1441/1993/112
f 1351/1556/1412 1358/1555/1411 1357/1789/1553 1350/343/299
f 1335/1821/1584 1463/1994/1681 1464/1995/1682 1342/1822/1585
f 1265/1829/1592 1453/1996/1683 1454/1997/1684 1272/438/391
f 1216/431/384 1446/1998/1685 1447/1999/1686 1223/432/385
f 1237/1818/1581 1449/2000/1687 1450/2001/1688 1244/1830/1593
f 1398/1861/1622 1472/2002/1689 1473/2003/1690 1405/1853/1616
f 411/1844/1607 1443/2004/1691 1444/2005/1692 682/1850/1613
f 953/1858/1619 1445/2006/1693 1446/1998/1685 1216/431/384
f 1377/468/421 1469/2007/1694 1470/2008/1695 1384/1846/1609
f 1363/1836/1599 1467/2009/1696 1468/2010/1697 1370/467/420
f 1300/1856/1617 1458/2011/1698 1459/2012/1699 1307/1862/1623
f 1356/1826/1589 1466/2013/1700 1467/2009/1696 1363/1836/1599
f 1258/1834/1597 1452/2014/1701 1453/1996/1683 1265/1829/1592
f 1230/1817/1580 1448/2015/1702 1449/2000/1687 1237/1818/1581
f 1384/1846/1609 1470/2008/1695 1471/2016/1703 1391/1865/1626
f 1251/1833/1596 1451/2017/1704 1452/2014/1701 1258/1834/1597
f 1349/1825/1588 1465/2018/1705 1466/2013/1700 1356/1826/1589
f 1453/1996/1683 1485/2019/1706 1486/2020/1707 1454/1997/1684
f 1244/1830/1593 1450/2001/1688 1451/2017/1704 1251/1833/1596
f 1391/1865/1626 1471/2016/1703 1472/2002/1689 1398/1861/1622
f 1342/1822/1585 1464/1995/1682 1465/2018/1705 1349/1825/1588
f 1286/1840/1603 1456/2021/1708 1457/2022/1709 1293/1848/1611
f 682/1850/1613 1444/2005/1692 1445/2006/1693 953/1858/1619
f 1405/1853/1616 1473/2003/1690 1442/2023/1710 140/1854/1606
f 1321/1868/1629 1461/2024/1711 1462/2025/1712 1328/1839/1602
f 1307/1862/1623 1459/2012/1699 1460/2026/1713 1314/1866/1627
f 1223/432/385 1447/1999/1686 1448/2015/1702 1230/1817/1580
f 1272/438/391 1454/1997/1684 1455/2027/1714 1279/439/392
f 1279/439/392 1455/2027/1714 1456/2021/1708 1286/1840/1603
f 140/1843/1606 1442/2028/1710 1443/2004/1691 411/1844/1607
f 1293/1848/1611 1457/2022/1709 1458/2011/1698 1300/1856/1617
f 1314/1866/1627 1460/2026/1713 1461/2024/1711 1321/1868/1629
f 1328/1839/1602 1462/2025/1712 1463/1994/1681 1335/1821/1584
f 1472/2002/1689 1504/2029/1715 1505/2030/1716 1473/2003/1690
f 1444/2005/1692 1476/2031/1717 1477/2032/1718 1445/2006/1693
f 1449/2000/1687 1481/2033/1719 1482/2034/1720 1450/2001/1688
f 1459/2012/1699 1491/2035/1721 1492/2036/1722 1460/2026/1713
f 1451/2017/1704 1483/2037/1723 1484/2038/1724 1452/2014/1701
f 1447/1999/1686 1479/1991/1679 1480/1990/1678 1448/2015/1702
f 1456/2021/1708 1488/2039/1725 1489/2040/1726 1457/2022/1709
f 1467/2009/1696 1499/2041/1727 1500/2042/1728 1468/2010/1697
f 1442/2028/1710 1474/2043/1729 1475/2044/1730 1443/2004/1691
f 1466/2013/1700 1498/2045/1731 1499/2041/1727 1467/2009/1696
f 797/928/830 798/927/830 764/982/856 763/981/856
f 1473/2003/1690 1505/2030/1716 1474/2046/1729 1442/2023/1710
f 1470/2008/1695 1502/2047/1732 1503/2048/1733 1471/2016/1703
f 1446/1998/1685 1478/2049/1734 1479/1991/1679 1447/1999/1686
f 1461/2024/1711 1493/2050/1735 1494/2051/1736 1462/2025/1712
f 1460/2026/1713 1492/2036/1722 1493/2050/1735 1461/2024/1711
f 1468/2010/1697 1500/2042/1728 1501/2052/1737 1469/2007/1694
f 1454/1997/1684 1486/2020/1707 1487/2053/1738 1455/2027/1714
f 1452/2014/1701 1484/2038/1724 1485/2019/1706 1453/1996/1683
f 1465/2018/1705 1497/2054/1739 1498/2045/1731 1466/2013/1700
f 1455/2027/1714 1487/2053/1738 1488/2039/1725 1456/2021/1708
f 1448/2015/1702 1480/1990/1678 1481/2033/1719 1449/2000/1687
f 1458/2011/1698 1490/2055/1740 1491/2035/1721 1459/2012/1699
f 1457/2022/1709 1489/2040/1726 1490/2055/1740 1458/2011/1698
f 1471/2016/1703 1503/2048/1733 1504/2029/1715 1472/2002/1689
f 1450/2001/1688 1482/2034/1720 1483/2037/1723 1451/2017/1704
f 1463/1994/1681 1495/2056/1741 1496/2057/1742 1464/1995/1682
f 1445/2006/1693 1477/2032/1718 1478/2049/1734 1446/1998/1685
f 1464/1995/1682 1496/2057/1742 1497/2054/1739 1465/2018/1705
f 1443/2004/1691 1475/2044/1730 1476/2031/1717 1444/2005/1692
f 1462/2025/1712 1494/2051/1736 1495/2056/1741 1463/1994/1681
f 1469/2007/1694 1501/2052/1737 1502/2047/1732 1470/2008/1695
f 1631/2058/1743 1538/2059/1744 1506/2060/1745 1537/2061/1746
f 1580/2062/1747 1583/2063/1748 1521/2064/1749 1520/2065/1750
f 1538/2066/1744 1541/2067/1751 1507/2068/1752 1506/2069/1745
f 1625/2070/1753 1628/2071/1754 1536/2072/1755 1535/2073/1756
f 1616/2074/1757 1619/2075/1758 1533/2076/1759 1532/2077/1760
f 885/259/217 1190/258/216 1186/281/239 851/280/238
f 1604/2078/1761 1607/2079/1762 1529/2080/1763 1528/2081/1764
f 1574/2082/1765 1577/2083/1766 1519/2084/1767 1518/2085/1768
f 1544/2086/1769 1547/2087/1770 1509/2088/1771 1508/2089/1772
f 1592/2090/1773 1595/2091/1774 1525/2092/1775 1524/2093/1776
f 1550/2094/1777 1553/2095/1778 1511/1992/1680 1510/2096/1779
f 1553/2095/1778 1556/1081/950 1512/1083/952 1511/1992/1680
f 1610/2097/1780 1613/2098/1781 1531/2099/1782 1530/2100/1783
f 1607/2079/1762 1610/2097/1780 1530/2100/1783 1529/2080/1763
f 1589/2101/1784 1592/2090/1773 1524/2093/1776 1523/2102/1785
f 1562/651/566 1565/2103/1786 1515/2104/1787 1514/2105/1788
f 1559/648/563 1562/651/566 1514/2105/1788 1513/1082/951
f 1601/2106/1789 1604/2078/1761 1528/2081/1764 1527/2107/1790
f 1622/2108/1791 1625/2070/1753 1535/2073/1756 1534/2109/1792
f 1547/2087/1770 1550/2094/1777 1510/2096/1779 1509/2088/1771
f 1565/2103/1786 1568/2110/1793 1516/2111/1794 1515/2104/1787
f 1571/2112/1795 1574/2082/1765 1518/2085/1768 1517/2113/1796
f 1568/2110/1793 1571/2112/1795 1517/2113/1796 1516/2111/1794
f 1595/2091/1774 1598/2114/1797 1526/2115/1798 1525/2092/1775
f 1583/2063/1748 1586/2116/1799 1522/2117/1800 1521/2064/1749
f 1586/2116/1799 1589/2101/1784 1523/2102/1785 1522/2117/1800
f 1619/2075/1758 1622/2108/1791 1534/2109/1792 1533/2076/1759
f 1598/2114/1797 1601/2106/1789 1527/2107/1790 1526/2115/1798
f 1577/2083/1766 1580/2062/1747 1520/2065/1750 1519/2084/1767
f 1613/2098/1781 1616/2074/1757 1532/2077/1760 1531/2099/1782
f 1541/2067/1751 1544/2086/1769 1508/2089/1772 1507/2068/1752
f 1574/2082/1765 1576/2118/1801 1579/2119/1802 1577/2083/1766
f 1564/2120/565 1563/2121/1803 1566/2122/1804 1567/2123/1805
f 1580/2062/1747 1582/2124/1806 1585/2125/1807 1583/2063/1748
f 1546/2126/1808 1545/2127/1809 1548/2128/1810 1549/2129/1811
f 1625/2070/1753 1627/2130/1812 1630/2131/1813 1628/2071/1754
f 1624/2132/1814 1623/2133/1815 1626/2134/1816 1627/2135/1812
f 1538/2066/1744 1539/2136/1817 1543/2137/1818 1541/2067/1751
f 1627/2135/1812 1626/2134/1816 1629/2138/1819 1630/2139/1813
f 1562/651/566 1564/650/565 1567/2140/1805 1565/2103/1786
f 1573/2141/1820 1572/2142/1821 1575/2143/1822 1576/2144/1801
f 1610/2097/1780 1612/2145/1823 1615/2146/1824 1613/2098/1781
f 1567/2123/1805 1566/2122/1804 1569/2147/1825 1570/2148/1826
f 1568/2110/1793 1570/2149/1826 1573/2150/1820 1571/2112/1795
f 1615/2151/1824 1614/2152/1827 1617/2153/1828 1618/2154/1829
f 1553/2095/1778 1555/2155/57 1558/2156/60 1556/1081/950
f 1585/2157/1807 1584/2158/1830 1587/2159/1831 1588/2160/1832
f 1571/2112/1795 1573/2150/1820 1576/2118/1801 1574/2082/1765
f 1633/2161/1833 1632/2162/1834 1540/2163/1835 1539/2164/1817
f 1616/2074/1757 1618/2165/1829 1621/2166/1836 1619/2075/1758
f 1570/2148/1826 1569/2147/1825 1572/2142/1821 1573/2141/1820
f 1565/2103/1786 1567/2140/1805 1570/2149/1826 1568/2110/1793
f 1606/2167/1837 1605/2168/1838 1608/2169/1839 1609/2170/1840
f 1622/2108/1791 1624/2171/1814 1627/2130/1812 1625/2070/1753
f 1576/2144/1801 1575/2143/1822 1578/2172/1841 1579/2173/1802
f 1631/2058/1743 1633/2174/1833 1539/2175/1817 1538/2059/1744
f 1600/2176/1842 1599/2177/1843 1602/2178/1844 1603/2179/1845
f 325/1048/918 326/583/957 292/1091/961 291/1032/902
f 1591/2180/1846 1590/2181/1847 1593/2182/1848 1594/2183/1849
f 1544/2086/1769 1546/2184/1808 1549/2185/1811 1547/2087/1770
f 1579/2173/1802 1578/2172/1841 1581/2186/1850 1582/2187/1806
f 1586/2116/1799 1588/2188/1832 1591/2189/1846 1589/2101/1784
f 1588/2160/1832 1587/2159/1831 1590/2181/1847 1591/2180/1846
f 1619/2075/1758 1621/2166/1836 1624/2171/1814 1622/2108/1791
f 1612/2190/1823 1611/2191/1851 1614/2152/1827 1615/2151/1824
f 1541/2067/1751 1543/2137/1818 1546/2184/1808 1544/2086/1769
f 1549/2129/1811 1548/2128/1810 1551/2192/1852 1552/2193/1853
f 1577/2083/1766 1579/2119/1802 1582/2124/1806 1580/2062/1747
f 1630/2139/1813 1629/2138/1819 1632/2162/1834 1633/2161/1833
f 1601/2106/1789 1603/2194/1845 1606/2195/1837 1604/2078/1761
f 1621/2196/1836 1620/2197/1854 1623/2133/1815 1624/2132/1814
f 1613/2098/1781 1615/2146/1824 1618/2165/1829 1616/2074/1757
f 1370/467/420 1468/2010/1697 1469/2007/1694 1377/468/421
f 1550/2094/1777 1552/2198/1853 1555/2155/57 1553/2095/1778
f 1558/94/60 1557/93/59 1560/2199/1855 1561/2200/564
f 1556/1081/950 1558/2156/60 1561/649/564 1559/648/563
f 1603/2179/1845 1602/2178/1844 1605/2168/1838 1606/2167/1837
f 1595/2091/1774 1597/2201/1856 1600/2202/1842 1598/2114/1797
f 1552/2193/1853 1551/2192/1852 1554/92/58 1555/91/57
f 1607/2079/1762 1609/2203/1840 1612/2145/1823 1610/2097/1780
f 1594/2183/1849 1593/2182/1848 1596/2204/1857 1597/2205/1856
f 1604/2078/1761 1606/2195/1837 1609/2203/1840 1607/2079/1762
f 1618/2154/1829 1617/2153/1828 1620/2197/1854 1621/2196/1836
f 1628/2071/1754 1630/2131/1813 1633/2174/1833 1631/2058/1743
f 1582/2187/1806 1581/2186/1850 1584/2158/1830 1585/2157/1807
f 1598/2114/1797 1600/2202/1842 1603/2194/1845 1601/2106/1789
f 1543/2206/1818 1542/2207/1858 1545/2127/1809 1546/2126/1808
f 1547/2087/1770 1549/2185/1811 1552/2198/1853 1550/2094/1777
f 1561/2200/564 1560/2199/1855 1563/2121/1803 1564/2120/565
f 1592/2090/1773 1594/2208/1849 1597/2201/1856 1595/2091/1774
f 1597/2205/1856 1596/2204/1857 1599/2177/1843 1600/2176/1842
f 1589/2101/1784 1591/2189/1846 1594/2208/1849 1592/2090/1773
f 1539/2164/1817 1540/2163/1835 1542/2207/1858 1543/2206/1818
f 1583/2063/1748 1585/2125/1807 1588/2188/1832 1586/2116/1799
f 1609/2170/1840 1608/2169/1839 1611/2191/1851 1612/2190/1823
f 1628/2071/1754 1631/2058/1743 1537/2061/1746 1536/2072/1755
f 1506/2060/1745 1474/2046/1729 1505/2030/1716 1537/2061/1746
f 1515/2104/1787 1483/2037/1723 1482/2034/1720 1514/2105/1788
f 652/460/413 653/509/460 619/512/463 618/459/412
f 1530/2100/1783 1498/2045/1731 1497/2054/1739 1529/2080/1763
f 1514/2105/1788 1482/2034/1720 1481/2033/1719 1513/1082/951
f 1518/2085/1768 1486/2020/1707 1485/2019/1706 1517/2113/1796
f 1508/2089/1772 1476/2031/1717 1475/2044/1730 1507/2068/1752
f 1511/1992/1680 1479/1991/1679 1478/2049/1734 1510/2096/1779
f 1529/2080/1763 1497/2054/1739 1496/2057/1742 1528/2081/1764
f 1525/2092/1775 1493/2050/1735 1492/2036/1722 1524/2093/1776
f 1527/2107/1790 1495/2056/1741 1494/2051/1736 1526/2115/1798
f 1507/2068/1752 1475/2044/1730 1474/2043/1729 1506/2069/1745
f 1536/2072/1755 1504/2029/1715 1503/2048/1733 1535/2073/1756
f 1521/2064/1749 1489/2040/1726 1488/2039/1725 1520/2065/1750
f 1509/2088/1771 1477/2032/1718 1476/2031/1717 1508/2089/1772
f 1520/2065/1750 1488/2039/1725 1487/2053/1738 1519/2084/1767
f 1517/2113/1796 1485/2019/1706 1484/2038/1724 1516/2111/1794
f 1534/2109/1792 1502/2047/1732 1501/2052/1737 1533/2076/1759
f 1533/2076/1759 1501/2052/1737 1500/2042/1728 1532/2077/1760
f 1531/2099/1782 1499/2041/1727 1498/2045/1731 1530/2100/1783
f 1528/2081/1764 1496/2057/1742 1495/2056/1741 1527/2107/1790
f 1526/2115/1798 1494/2051/1736 1493/2050/1735 1525/2092/1775
f 1513/1082/951 1481/2033/1719 1480/1990/1678 1512/1083/952
f 1532/2077/1760 1500/2042/1728 1499/2041/1727 1531/2099/1782
f 1510/2096/1779 1478/2049/1734 1477/2032/1718 1509/2088/1771
f 1535/2073/1756 1503/2048/1733 1502/2047/1732 1534/2109/1792
f 1523/2102/1785 1491/2035/1721 1490/2055/1740 1522/2117/1800
f 1524/2093/1776 1492/2036/1722 1491/2035/1721 1523/2102/1785
f 1537/2061/1746 1505/2030/1716 1504/2029/1715 1536/2072/1755
f 1522/2117/1800 1490/2055/1740 1489/2040/1726 1521/2064/1749
f 1516/2111/1794 1484/2038/1724 1483/2037/1723 1515/2104/1787
f 1519/2084/1767 1487/2053/1738 1486/2020/1707 1518/2085/1768
f 1578/2172/1841 1634/2209/1550 1581/2186/1850
f 1554/92/58 1634/2209/1550 1557/93/59
f 1611/2191/1851 1634/2209/1550 1614/2152/1827
f 1587/2159/1831 1634/2209/1550 1590/2181/1847
f 1563/2121/1803 1634/2209/1550 1566/2122/1804
f 1540/2163/1835 1634/2209/1550 1542/2207/1858
f 1620/2197/1854 1634/2209/1550 1623/2133/1815
f 1596/2204/1857 1634/2209/1550 1599/2177/1843
f 1572/2142/1821 1634/2209/1550 1575/2143/1822
f 1548/2128/1810 1634/2209/1550 1551/2192/1852
f 1629/2138/1819 1634/2209/1550 1632/2162/1834
f 1605/2168/1838 1634/2209/1550 1608/2169/1839
f 1581/2186/1850 1634/2209/1550 1584/2158/1830
f 1557/93/59 1634/2209/1550 1560/2199/1855
f 1614/2152/1827 1634/2209/1550 1617/2153/1828
f 1590/2181/1847 1634/2209/1550 1593/2182/1848
f 1566/2122/1804 1634/2209/1550 1569/2147/1825
f 1542/2207/1858 1634/2209/1550 1545/2127/1809
f 1632/2162/1834 1634/2209/1550 1540/2163/1835
f 1623/2133/1815 1634/2209/1550 1626/2134/1816
f 1599/2177/1843 1634/2209/1550 1602/2178/1844
f 1575/2143/1822 1634/2209/1550 1578/2172/1841
f 1551/2192/1852 1634/2209/1550 1554/92/58
f 1608/2169/1839 1634/2209/1550 1611/2191/1851
f 1584/2158/1830 1634/2209/1550 1587/2159/1831
f 1560/2199/1855 1634/2209/1550 1563/2121/1803
f 1617/2153/1828 1634/2209/1550 1620/2197/1854
f 1593/2182/1848 1634/2209/1550 1596/2204/1857
f 1569/2147/1825 1634/2209/1550 1572/2142/1821
f 1545/2127/1809 1634/2209/1550 1548/2128/1810
f 1626/2134/1816 1634/2209/1550 1629/2138/1819
f 1602/2178/1844 1634/2209/1550 1605/2168/1838
f 888/402/357 889/472/425 856/470/423 855/419/372
